time,L1AccX_filtered,L2AccX_filtered,L3AccX_filtered,,,, ,,,,,,
0,0.000874172,0.001723045,0.000959597,,-1.47878E-05,,0,0,0,,0.307232887,0.696762686,1
0.005,0.001118652,0.002447296,0.000571684,,,,0,0,0,,0.026804239,0.060788392,0.087244041
0.01,0.001357605,0.003158546,0.000177567,,,,0,0,0,,,,
0.015,0.001589699,0.003853672,-0.000221143,,,,0,0,0,,,,
0.02,0.001813978,0.004529624,-0.00062303,,,,0,0,0,,,,
0.025,0.002029513,0.005183114,-0.001026769,,,,0,0,0,,,,
0.03,0.002235275,0.005811305,-0.001430831,,,,0,0,0,,,,
0.035,0.002430315,0.0064116,-0.001833519,,,,0,0,0,,,,
0.04,0.002614049,0.006981338,-0.002233588,,,,0,0,0,,,,
0.045,0.002785454,0.00751793,-0.002629483,,,,0,0,0,,,,
0.05,0.002943888,0.008019304,-0.003019641,,,,0,0,0,,,,
0.055,0.00308888,0.008483505,-0.003402736,,,,0,0,0,,,,
0.06,0.00321978,0.008908535,-0.003777277,,,,0,0,0,,,,
0.065,0.00333613,0.0092929,-0.004141903,,,,0,0,0,,,,
0.07,0.003437554,0.009635454,-0.004495209,,,,0.764715085,2.143494072,-1,,,,
0.075,0.003523813,0.009934768,-0.00483604,,,,0.728656787,2.054318859,-1,,,,
0.08,0.003594637,0.010190114,-0.005163101,,,,0.696216565,1.973642154,-1,,,,
0.085,0.003650018,0.010401087,-0.005475086,,,,0.666659393,1.899712135,-1,,,,
0.09,0.003689823,0.010567158,-0.005771002,,,,0.639373048,1.831078437,-1,,,,
0.095,0.003714163,0.010688125,-0.006049822,,,,0.613929361,1.766684228,-1,,,,
0.1,0.003723144,0.010764391,-0.00631055,,,,0.58998731,1.705776908,-1,,,,
0.105,0.003717048,0.01079629,-0.006552201,,,,0.567297606,1.647734856,-1,,,,
0.11,0.003696213,0.010784383,-0.006774063,,,,0.545641964,1.592011005,-1,,,,
0.115,0.003660922,0.010729668,-0.006975367,,,,0.524835746,1.538222716,-1,,,,
0.12,0.003611754,0.010633248,-0.00715544,,,,0.504756382,1.48603699,-1,,,,
0.125,0.003549231,0.010496433,-0.007313759,,,,0.485281419,1.43516244,-1,,,,
0.13,0.003473975,0.010320836,-0.007449813,,,,0.466317038,1.385381887,-1,,,,
0.135,0.003386627,0.010108243,-0.007563191,,,,0.447777544,1.336505079,-1,,,,
0.14,0.003287992,0.009860613,-0.007653676,,,,0.429596415,1.288350011,-1,,,,
0.145,0.003178792,0.009579935,-0.007720975,,,,0.411708631,1.24076747,-1,,,,
0.15,0.00305994,0.00926866,-0.007765053,,,,0.39406561,1.193637787,-1,,,,
0.155,0.002932367,0.008929194,-0.007785805,,,,0.376629878,1.146855573,-1,,,,
0.16,0.002796841,0.008564093,-0.007783266,,,,0.35934034,1.100321353,-1,,,,
0.165,0.002654519,0.008175922,-0.007757682,,,,0.342179388,1.053913024,-1,,,,
0.17,0.002506242,0.007767629,-0.00770926,,,,0.325095074,1.007571334,-1,,,,
0.175,0.002353114,0.007341898,-0.007638158,,,,0.308073431,0.961213053,-1,,,,
0.18,0.002196118,0.006901685,-0.007544885,,,,0.291073814,0.914750166,-1,,,,
0.185,0.002036299,0.006449859,-0.007429864,,,,0.274069435,0.868099233,-1,,,,
0.19,0.001874602,0.005989416,-0.007293633,,,,0.257018971,0.821184231,-1,,,,
0.195,0.001712164,0.005523191,-0.007136698,,,,0.239909795,0.77391405,-1,,,,
0.2,0.001549937,0.005054224,-0.006959878,,,,0.222696046,0.72619436,-1,,,,
0.205,0.001388827,0.004585301,-0.006763703,,,,0.205335333,0.677927587,-1,,,,
0.21,0.001229945,0.00411924,-0.00654907,,,,0.187804532,0.628980947,-1,,,,
0.215,0.001074118,0.003658725,-0.006316793,,,,0.17004164,0.579206142,-1,,,,
0.22,0.000922224,0.003206461,-0.006067654,,,,0.1519902,0.528451448,-1,,,,
0.225,0.000775096,0.002764969,-0.005802638,,,,0.133576544,0.476502111,-1,,,,
0.23,0.000633615,0.00233656,-0.00552265,,,,0.114730258,0.423086686,-1,,,,
0.235,0.000498402,0.001923615,-0.005228692,,,,0.0953205,0.367895965,-1,,,,
0.24,0.000370168,0.001528145,-0.004921793,,,,0.075209981,0.310485305,-1,,,,
0.245,0.000249645,0.001152127,-0.004602962,,,,0.054235711,0.250301226,-1,,,,
0.25,0.000137272,0.000797297,-0.004273262,,,,0,0,0,,,,
0.255,3.36E-05,0.000465357,-0.003933701,,,,0,0,0,,,,
0.26,-6.10E-05,0.00015753,-0.003585536,,,,0,0,0,,,,
0.265,-0.000146208,-0.000124955,-0.003229712,,,,0,0,0,,,,
0.27,-0.000221685,-0.000380998,-0.002867291,,,,0,0,0,,,,
0.275,-0.000287227,-0.000609922,-0.002499531,,,,0,0,0,,,,
0.28,-0.000342761,-0.000811202,-0.002127401,,,,0,0,0,,,,
0.285,-0.000388217,-0.000984397,-0.001752049,,,,0,0,0,,,,
0.29,-0.00042355,-0.001129309,-0.001374552,,,,0,0,0,,,,
0.295,-0.000448943,-0.001246122,-0.000996008,,,,0,0,0,,,,
0.3,-0.000464555,-0.001335092,-0.000617468,,,,0,0,0,,,,
0.305,-0.000470655,-0.001396586,-0.000239875,,,,0,0,0,,,,
0.31,-0.000467432,-0.001431377,0.000135488,,,,0,0,0,,,,
0.315,-0.000455368,-0.001440326,0.00050781,,,,0,0,0,,,,
0.32,-0.000434864,-0.00142435,0.000876084,,,,0,0,0,,,,
0.325,-0.000406371,-0.001384613,0.001239239,,,,0,0,0,,,,
0.33,-0.000370449,-0.001322652,0.00159631,,,,0,0,0,,,,
0.335,-0.000327733,-0.001239858,0.001946453,,,,0,0,0,,,,
0.34,-0.00027881,-0.001137741,0.002288837,,,,0,0,0,,,,
0.345,-0.000224341,-0.001018305,0.002622341,,,,0,0,0,,,,
0.35,-0.000165129,-0.000883344,0.002946334,,,,0,0,0,,,,
0.355,-0.000101765,-0.000734556,0.003259967,,,,0,0,0,,,,
0.36,-3.51E-05,-0.000574316,0.00356224,,,,0,0,0,,,,
0.365,3.41E-05,-0.000404559,0.003852588,,,,0,0,0,,,,
0.37,0.000105103,-0.000227267,0.004130237,,,,0,0,0,,,,
0.375,0.000177011,-4.48E-05,0.004394464,,,,0.040280551,-0.010189554,1,,,,
0.38,0.00024908,0.000140618,0.004644471,,,,0.053629373,0.030276358,1,,,,
0.385,0.000320534,0.000327098,0.004879786,,,,0.065686029,0.067031269,1,,,,
0.39,0.000390551,0.000512284,0.005099819,,,,0.076581417,0.100451375,1,,,,
0.395,0.00045827,0.000694014,0.005303715,,,,0.086405531,0.130854407,1,,,,
0.4,0.000523168,0.000870361,0.005491179,,,,0.095274287,0.15850162,1,,,,
0.405,0.000584377,0.001039289,0.005661581,,,,0.103217919,0.183568759,1,,,,
0.41,0.000641214,0.001198784,0.00581443,,,,0.110279727,0.206173956,1,,,,
0.415,0.000693053,0.00134701,0.005949338,,,,0.116492452,0.226413481,1,,,,
0.42,0.000739262,0.001482286,0.006065835,,,,0.121873007,0.244366393,1,,,,
0.425,0.000779234,0.001602977,0.006163634,,,,0.12642444,0.260070054,1,,,,
0.43,0.000812481,0.001707442,0.006242255,,,,0.130158226,0.273529645,1,,,,
0.435,0.000838509,0.001794406,0.006301569,,,,0.133063446,0.284755457,1,,,,
0.44,0.000856872,0.001862728,0.006341267,,,,0.135126344,0.293746968,1,,,,
0.445,0.000867314,0.001911079,0.006361064,,,,0.136347295,0.300433766,1,,,,
0.45,0.000869372,0.001938673,0.006360911,,,,0.136674206,0.304779208,1,,,,
0.455,0.000862842,0.00194478,0.006340539,,,,0.136083376,0.306721486,1,,,,
0.46,0.000847573,0.001928658,0.006300131,,,,0.134532608,0.306129751,1,,,,
0.465,0.000823368,0.001889888,0.006239451,,,,0.131961606,0.302893385,1,,,,
0.47,0.000790148,0.001828258,0.006158613,,,,0.128299712,0.296861895,1,,,,
0.475,0.000747955,0.001743558,0.006057748,,,,0.123470744,0.287822837,1,,,,
0.48,0.000696919,0.001635895,0.005937005,,,,0.117385558,0.275542127,1,,,,
0.485,0.000636984,0.001505532,0.005796554,,,,0.109890071,0.259728854,1,,,,
0.49,0.000568486,0.001352731,0.005636672,,,,0.100854958,0.239987596,1,,,,
0.495,0.000491582,0.001178174,0.005457814,,,,0.09006942,0.215869215,1,,,,
0.5,0.000406576,0.000982456,0.005260235,,,,0.0772923,0.186770363,1,,,,
0.505,0.000313825,0.000766449,0.005044392,,,,0.062212698,0.151940742,1,,,,
0.51,0.000213737,0.000531143,0.004811104,,,,0.044425864,0.110399424,1,,,,
0.515,0.000106718,0.000277657,0.0045606,,,,0.023400091,0.060881612,1,,,,
0.52,-6.69E-06,7.24E-06,0.004293717,,,,0,0,0,,,,
0.525,-0.00012584,-0.000278691,0.004011288,,,,0,0,0,,,,
0.53,-0.000250348,-0.000578677,0.003713992,,,,0,0,0,,,,
0.535,-0.00037947,-0.000891214,0.003402776,,,,0,0,0,,,,
0.54,-0.000512607,-0.001214547,0.003078571,,,,0,0,0,,,,
0.545,-0.000649029,-0.001547004,0.00274247,,,,0,0,0,,,,
0.55,-0.000788141,-0.001886749,0.002395387,,,,0,0,0,,,,
0.555,-0.000929041,-0.002232004,0.002038695,,,,0,0,0,,,,
0.56,-0.00107114,-0.002580751,0.001673485,,,,0,0,0,,,,
0.565,-0.001213674,-0.002931227,0.001300949,,,,0,0,0,,,,
0.57,-0.001355746,-0.003281385,0.0009226,,,,0,0,0,,,,
0.575,-0.001496696,-0.003629286,0.000539743,,,,0,0,0,,,,
0.58,-0.001635823,-0.003973014,0.000153743,,,,0,0,0,,,,
0.585,-0.00177232,-0.004310778,-0.000233707,,,,0,0,0,,,,
0.59,-0.001905406,-0.004640509,-0.000621323,,,,0,0,0,,,,
0.595,-0.002034462,-0.004960457,-0.001007399,,,,0,0,0,,,,
0.6,-0.002158659,-0.005268848,-0.001390388,,,,0,0,0,,,,
0.605,-0.002277377,-0.005563943,-0.00176862,,,,0,0,0,,,,
0.61,-0.002390013,-0.005843959,-0.002140604,,,,0,0,0,,,,
0.615,-0.002495827,-0.006107555,-0.00250462,,,,0,0,0,,,,
0.62,-0.002594226,-0.00635307,-0.002858934,,,,0,0,0,,,,
0.625,-0.0026848,-0.00657907,-0.003202065,,,,0,0,0,,,,
0.63,-0.002766954,-0.00678442,-0.003532257,,,,0,0,0,,,,
0.635,-0.002840142,-0.006967977,-0.003847957,,,,0,0,0,,,,
0.64,-0.002904032,-0.00712836,-0.004147606,,,,0,0,0,,,,
0.645,-0.002958188,-0.007264906,-0.004429598,,,,-0.667823098,-1.640082264,-1,,,,
0.65,-0.003002213,-0.007376851,-0.00469254,,,,-0.639784123,-1.572037775,-1,,,,
0.655,-0.003035947,-0.0074632,-0.004934906,,,,-0.615198547,-1.51232867,-1,,,,
0.66,-0.003059036,-0.00752356,-0.005155351,,,,-0.593371139,-1.4593692,-1,,,,
0.665,-0.003071304,-0.007557644,-0.00535262,,,,-0.5737945,-1.411952379,-1,,,,
0.67,-0.003072704,-0.00756488,-0.005525437,,,,-0.556101487,-1.369100786,-1,,,,
0.675,-0.003063136,-0.007545176,-0.005672625,,,,-0.539985625,-1.330103105,-1,,,,
0.68,-0.003042495,-0.007498688,-0.005793248,,,,-0.52517953,-1.294384095,-1,,,,
0.685,-0.003010799,-0.007425319,-0.005886409,,,,-0.511483112,-1.261434554,-1,,,,
0.69,-0.002968223,-0.007325204,-0.005951131,,,,-0.498766266,-1.230892816,-1,,,,
0.695,-0.002914754,-0.007198912,-0.005986786,,,,-0.486864592,-1.202466891,-1,,,,
0.7,-0.002850663,-0.007046847,-0.005993023,,,,-0.475663646,-1.175841842,-1,,,,
0.705,-0.002776174,-0.006869444,-0.005969029,,,,-0.46509646,-1.150847737,-1,,,,
0.71,-0.002691533,-0.006667507,-0.005914728,,,,-0.455056131,-1.127271998,-1,,,,
0.715,-0.002597,-0.006442027,-0.005830014,,,,-0.445453547,-1.10497624,-1,,,,
0.72,-0.002493087,-0.006193671,-0.005714736,,,,-0.43625585,-1.083807049,-1,,,,
0.725,-0.002380026,-0.005923455,-0.005568988,,,,-0.427371312,-1.063650182,-1,,,,
0.73,-0.002258306,-0.005632737,-0.005393285,,,,-0.418725597,-1.044398194,-1,,,,
0.735,-0.002128426,-0.005322509,-0.005188029,,,,-0.410257064,-1.025921309,-1,,,,
0.74,-0.001990838,-0.004993916,-0.004953532,,,,-0.401902701,-1.008152402,-1,,,,
0.745,-0.001846191,-0.004648586,-0.004690896,,,,-0.393568989,-0.990980338,-1,,,,
0.75,-0.001694995,-0.004287957,-0.004401003,,,,-0.385138328,-0.974313749,-1,,,,
0.755,-0.001537866,-0.003913136,-0.004084638,,,,0,0,0,,,,
0.76,-0.001375375,-0.003525943,-0.003743299,,,,0,0,0,,,,
0.765,-0.001208307,-0.003127989,-0.003378356,,,,0,0,0,,,,
0.77,-0.001037174,-0.002720652,-0.002991169,,,,0,0,0,,,,
0.775,-0.000862746,-0.00230553,-0.002583474,,,,0,0,0,,,,
0.78,-0.000685628,-0.001884643,-0.002157127,,,,0,0,0,,,,
0.785,-0.00050659,-0.001459305,-0.001713963,,,,0,0,0,,,,
0.79,-0.00032633,-0.001031196,-0.00125587,,,,0,0,0,,,,
0.795,-0.00014559,-0.00060228,-0.00078523,,,,0,0,0,,,,
0.8,3.50E-05,-0.00017405,-0.000304147,,,,0,0,0,,,,
0.805,0.000214676,0.000252037,0.000185094,,,,0,0,0,,,,
0.81,0.00039278,0.000674026,0.000679973,,,,0,0,0,,,,
0.815,0.00056866,0.001090381,0.001178095,,,,0,0,0,,,,
0.82,0.000741578,0.001499768,0.001676927,,,,0,0,0,,,,
0.825,0.000910897,0.001900427,0.002173937,,,,0,0,0,,,,
0.83,0.001075919,0.002290812,0.002666475,,,,0,0,0,,,,
0.835,0.001236088,0.002669791,0.003151977,,,,0,0,0,,,,
0.84,0.001390678,0.003035809,0.003627956,,,,0,0,0,,,,
0.845,0.00153919,0.003387396,0.004091637,,,,0,0,0,,,,
0.85,0.001681158,0.003723518,0.004540497,,,,0.370258448,0.820068238,1,,,,
0.855,0.001815954,0.004043022,0.004972203,,,,0.365221201,0.813124943,1,,,,
0.86,0.001943084,0.004344537,0.005384048,,,,0.36089651,0.80692757,1,,,,
0.865,0.00206214,0.004627188,0.005773774,,,,0.357156309,0.80141488,1,,,,
0.87,0.00217264,0.004890153,0.006139156,,,,0.35389878,0.796551355,1,,,,
0.875,0.002274193,0.005132222,0.006477899,,,,0.351069548,0.792266496,1,,,,
0.88,0.002366515,0.005352718,0.006787859,,,,0.348639309,0.788572313,1,,,,
0.885,0.002449172,0.005551148,0.007067298,,,,0.346550056,0.785469745,1,,,,
0.89,0.002521986,0.005726636,0.007314307,,,,0.34480183,0.782936237,1,,,,
0.895,0.002584767,0.005878654,0.007526982,,,,0.343400188,0.781010856,1,,,,
0.9,0.002637146,0.006007015,0.00770414,,,,0.342302378,0.779712592,1,,,,
0.905,0.002679076,0.006111153,0.007844383,,,,0.341527976,0.779048286,1,,,,
0.91,0.00271045,0.006190812,0.007946348,,,,0.341093757,0.77907643,1,,,,
0.915,0.002731141,0.006245938,0.008009301,,,,0.340996127,0.779835533,1,,,,
0.92,0.002741146,0.006276423,0.008032469,,,,0.341258251,0.781381512,1,,,,
0.925,0.002740511,0.006282217,0.008015105,,,,0.34191825,0.783797193,1,,,,
0.93,0.002729256,0.006263613,0.007957008,,,,0.343000291,0.787181911,1,,,,
0.935,0.002707473,0.006220715,0.007858073,,,,0.344546736,0.79163366,1,,,,
0.94,0.002675382,0.006153879,0.007718309,,,,0.346627983,0.797309241,1,,,,
0.945,0.002633144,0.006063411,0.007537891,,,,0.349321045,0.804390873,1,,,,
0.95,0.002580892,0.005949942,0.007317683,,,,0.352692477,0.813091006,1,,,,
0.955,0.00251899,0.005813987,0.007058119,,,,0.356892482,0.8237303,1,,,,
0.96,0.002447732,0.005656164,0.006760191,,,,0.362080354,0.836687099,1,,,,
0.965,0.002367394,0.005477329,0.006425209,,,,0.368453957,0.852474739,1,,,,
0.97,0.002278425,0.005278303,0.006054372,,,,0.37632729,0.871816762,1,,,,
0.975,0.00218125,0.005059925,0.005649366,,,,0.38610528,0.895662416,1,,,,
0.98,0.002076242,0.004823222,0.005211895,,,,0.398366156,0.92542577,1,,,,
0.985,0.001964005,0.004569333,0.004744022,,,,0.413995793,0.963176943,1,,,,
0.99,0.001844919,0.004299334,0.004247795,,,,0,0,0,,,,
0.995,0.001719627,0.004014354,0.003725482,,,,0,0,0,,,,
1,0.001588567,0.003715847,0.003179731,,,,0,0,0,,,,
1.005,0.001452457,0.003405003,0.002612903,,,,0,0,0,,,,
1.01,0.001311865,0.003083167,0.002027905,,,,0,0,0,,,,
1.015,0.001167456,0.002751862,0.00142754,,,,0,0,0,,,,
1.02,0.001019781,0.002412555,0.000814733,,,,0,0,0,,,,
1.025,0.000869666,0.002066614,0.00019257,,,,0,0,0,,,,
1.03,0.000717631,0.001715742,-0.000435881,,,,0,0,0,,,,
1.035,0.00056439,0.001361498,-0.001067347,,,,0,0,0,,,,
1.04,0.000410764,0.001005323,-0.001698792,,,,0,0,0,,,,
1.045,0.000257286,0.000648941,-0.002326893,,,,0,0,0,,,,
1.05,0.000104669,0.000294,-0.002948356,,,,0,0,0,,,,
1.055,-4.63E-05,-5.80E-05,-0.003560242,,,,0,0,0,,,,
1.06,-0.000194942,-0.000405422,-0.004159085,,,,0,0,0,,,,
1.065,-0.00034073,-0.000746573,-0.004741977,,,,-0.07185406,-0.157439159,-1,,,,
1.07,-0.000482829,-0.001079992,-0.005305802,,,,-0.091000149,-0.203549176,-1,,,,
1.075,-0.000620698,-0.001404066,-0.0058476,,,,-0.106145785,-0.240109736,-1,,,,
1.08,-0.000753668,-0.001717232,-0.006364494,,,,-0.118417536,-0.269814372,-1,,,,
1.085,-0.000881092,-0.002018058,-0.006853766,,,,-0.128555868,-0.294445074,-1,,,,
1.09,-0.001002449,-0.002305173,-0.007312942,,,,-0.137078692,-0.315218322,-1,,,,
1.095,-0.001117175,-0.002577035,-0.007739316,,,,-0.144350557,-0.332979705,-1,,,,
1.1,-0.001224657,-0.002832366,-0.008130755,,,,-0.150620373,-0.348352109,-1,,,,
1.105,-0.00132447,-0.003070093,-0.008485302,,,,-0.156089853,-0.361813071,-1,,,,
1.11,-0.001416087,-0.003288806,-0.008800712,,,,-0.160905914,-0.373697762,-1,,,,
1.115,-0.001499139,-0.003487423,-0.009075503,,,,-0.165185257,-0.384267777,-1,,,,
1.12,-0.001573224,-0.00366511,-0.009308155,,,,-0.169015696,-0.39375253,-1,,,,
1.125,-0.001637932,-0.003820722,-0.009497297,,,,-0.172463012,-0.402295766,-1,,,,
1.13,-0.001693027,-0.003953431,-0.009641874,,,,-0.175591066,-0.41002726,-1,,,,
1.135,-0.00173825,-0.00406273,-0.009741159,,,,-0.178443863,-0.417068432,-1,,,,
1.14,-0.001773338,-0.004147824,-0.009794538,,,,-0.181053756,-0.42348342,-1,,,,
1.145,-0.001798188,-0.004208054,-0.009801419,,,,-0.183462027,-0.429331108,-1,,,,
1.15,-0.00181259,-0.004243384,-0.009762104,,,,-0.185676198,-0.434679206,-1,,,,
1.155,-0.001816516,-0.004253305,-0.00967651,,,,-0.187724266,-0.439549506,-1,,,,
1.16,-0.001810035,-0.004237582,-0.009544907,,,,-0.189633607,-0.443962627,-1,,,,
1.165,-0.001793052,-0.004196374,-0.009368207,,,,-0.191397563,-0.447937767,-1,,,,
1.17,-0.001765663,-0.004129769,-0.009147138,,,,-0.193029017,-0.451482099,-1,,,,
1.175,-0.001728072,-0.004037743,-0.008882651,,,,-0.194544609,-0.454565084,-1,,,,
1.18,-0.00168045,-0.003920915,-0.008576321,,,,-0.195940621,-0.457179153,-1,,,,
1.185,-0.001622997,-0.003779752,-0.008229613,,,,-0.197214204,-0.459286753,-1,,,,
1.19,-0.001556065,-0.003614602,-0.007844137,,,,-0.198372984,-0.460803066,-1,,,,
1.195,-0.001479913,-0.003426342,-0.00742202,,,,-0.199394949,-0.461645442,-1,,,,
1.2,-0.001394898,-0.003215947,-0.006965477,,,,-0.200258792,-0.461697943,-1,,,,
1.205,-0.001301629,-0.002984166,-0.006476638,,,,-0.200972979,-0.460758457,-1,,,,
1.21,-0.001200413,-0.002732128,-0.005958092,,,,-0.201476081,-0.458557532,-1,,,,
1.215,-0.001091812,-0.002461176,-0.005412638,,,,-0.201715287,-0.454709099,-1,,,,
1.22,-0.000976399,-0.002172503,-0.004842789,,,,-0.201619064,-0.448605704,-1,,,,
1.225,-0.000854774,-0.001867445,-0.00425163,,,,0,0,0,,,,
1.23,-0.00072757,-0.001547683,-0.003642208,,,,0,0,0,,,,
1.235,-0.000595423,-0.001214782,-0.003017551,,,,0,0,0,,,,
1.24,-0.0004589,-0.000870182,-0.002380805,,,,0,0,0,,,,
1.245,-0.000318921,-0.000515813,-0.001735286,,,,0,0,0,,,,
1.25,-0.000176127,-0.000153667,-0.001084317,,,,0,0,0,,,,
1.255,-3.12E-05,0.000214671,-0.000431039,,,,0,0,0,,,,
1.26,0.000114892,0.000587279,0.00022124,,,,0,0,0,,,,
1.265,0.000261549,0.000961891,0.000869097,,,,0,0,0,,,,
1.27,0.000407967,0.001336784,0.001509398,,,,0,0,0,,,,
1.275,0.000553313,0.001710043,0.002138986,,,,0,0,0,,,,
1.28,0.000696832,0.002079356,0.002754617,,,,0,0,0,,,,
1.285,0.000837817,0.002442901,0.003353278,,,,0,0,0,,,,
1.29,0.00097538,0.002798827,0.003932213,,,,0,0,0,,,,
1.295,0.001108815,0.003144878,0.004488446,,,,0.24703753,0.700660811,1,,,,
1.3,0.001237378,0.003479157,0.005019179,,,,0.246530007,0.693172432,1,,,,
1.305,0.001360346,0.003800025,0.005522264,,,,0.246338432,0.6881282,1,,,,
1.31,0.001477051,0.004105507,0.005994979,,,,0.246381368,0.684824315,1,,,,
1.315,0.001586935,0.00439371,0.006435118,,,,0.246605452,0.682770642,1,,,,
1.32,0.001689297,0.004663197,0.006840809,,,,0.246944047,0.681673383,1,,,,
1.325,0.001783522,0.00491231,0.00721015,,,,0.24736268,0.68130477,1,,,,
1.33,0.001869135,0.005139376,0.007541444,,,,0.24784843,0.681484262,1,,,,
1.335,0.001945627,0.005343188,0.007833331,,,,0.24837804,0.682109276,1,,,,
1.34,0.002012424,0.005522568,0.008084648,,,,0.248919155,0.683093185,1,,,,
1.345,0.002069199,0.005676038,0.008294267,,,,0.249473344,0.684332705,1,,,,
1.35,0.002115663,0.005802776,0.00846141,,,,0.250036688,0.685793115,1,,,,
1.355,0.002151433,0.005902098,0.008585741,,,,0.250582105,0.68743025,1,,,,
1.36,0.002176338,0.00597298,0.008666636,,,,0.251116853,0.689192427,1,,,,
1.365,0.00219017,0.006014759,0.008704089,,,,0.251625362,0.691026774,1,,,,
1.37,0.002192737,0.006027399,0.008698364,,,,0.252086193,0.692934771,1,,,,
1.375,0.002183947,0.006010281,0.008649683,,,,0.252488655,0.694855691,1,,,,
1.38,0.002163898,0.005963187,0.008558633,,,,0.25283223,0.696745243,1,,,,
1.385,0.002132538,0.005886458,0.008426011,,,,0.253089818,0.698605474,1,,,,
1.39,0.002089995,0.005780148,0.008252889,,,,0.253244062,0.700378743,1,,,,
1.395,0.00203654,0.005644403,0.008040257,,,,0.253292877,0.702017749,1,,,,
1.4,0.001972311,0.005479999,0.007789648,,,,0.253196404,0.703497664,1,,,,
1.405,0.001897552,0.005287623,0.007502679,,,,0.252916577,0.704764708,1,,,,
1.41,0.001812757,0.005067765,0.007180872,,,,0.252442439,0.705731191,1,,,,
1.415,0.001718124,0.004821568,0.006826311,,,,0.251691451,0.706321206,1,,,,
1.42,0.001614062,0.004550235,0.00644107,,,,0.250589117,0.706440952,1,,,,
1.425,0.001501287,0.00425479,0.006027256,,,,0.24908293,0.705924791,1,,,,
1.43,0.001380215,0.003936656,0.005587116,,,,0.247035311,0.704595329,1,,,,
1.435,0.001251365,0.003597549,0.005123238,,,,0.244252727,0.702202207,1,,,,
1.44,0.001115432,0.003238855,0.004638067,,,,0.240495067,0.69831995,1,,,,
1.445,0.000973195,0.002862236,0.00413411,,,,0,0,0,,,,
1.45,0.000825107,0.002469771,0.003614255,,,,0,0,0,,,,
1.455,0.000672053,0.002063164,0.003081204,,,,0,0,0,,,,
1.46,0.000514748,0.001644254,0.002537526,,,,0,0,0,,,,
1.465,0.000353866,0.001215351,0.001986236,,,,0,0,0,,,,
1.47,0.000190339,0.000778512,0.001430137,,,,0,0,0,,,,
1.475,2.50E-05,0.000335706,0.000871839,,,,0,0,0,,,,
1.48,-0.000141466,-0.000110772,0.000314199,,,,0,0,0,,,,
1.485,-0.000308147,-0.000558632,-0.000239885,,,,0,0,0,,,,
1.49,-0.000474164,-0.001005923,-0.000787872,,,,0,0,0,,,,
1.495,-0.000638937,-0.001450341,-0.001327174,,,,0,0,0,,,,
1.5,-0.000801468,-0.001889562,-0.001854915,,,,0,0,0,,,,
1.505,-0.00096107,-0.002321629,-0.002368957,,,,0,0,0,,,,
1.51,-0.00111689,-0.002744471,-0.002866862,,,,0,0,0,,,,
1.515,-0.001268228,-0.003155774,-0.003346175,,,,0,0,0,,,,
1.52,-0.001414218,-0.003553794,-0.003804932,,,,0,0,0,,,,
1.525,-0.001554255,-0.003936545,-0.004241096,,,,0,0,0,,,,
1.53,-0.00168769,-0.004302128,-0.0046527,,,,-0.362733507,-0.924652011,-1,,,,
1.535,-0.001813852,-0.004648952,-0.005038001,,,,-0.360034112,-0.922776949,-1,,,,
1.54,-0.001932194,-0.00497533,-0.005395472,,,,-0.358113982,-0.922130485,-1,,,,
1.545,-0.002042122,-0.005279674,-0.005723573,,,,-0.356791401,-0.922443653,-1,,,,
1.55,-0.002143087,-0.005560693,-0.006021048,,,,-0.355932596,-0.923542479,-1,,,,
1.555,-0.002234623,-0.00581715,-0.006286973,,,,-0.355437004,-0.92527045,-1,,,,
1.56,-0.002316383,-0.006047743,-0.006520151,,,,-0.355265244,-0.927546449,-1,,,,
1.565,-0.002387909,-0.006251575,-0.006719919,,,,-0.355347862,-0.930305104,-1,,,,
1.57,-0.002448993,-0.006427849,-0.006885825,,,,-0.355657184,-0.933490137,-1,,,,
1.575,-0.002499314,-0.006575731,-0.007017158,,,,-0.356171803,-0.937093289,-1,,,,
1.58,-0.00253878,-0.006694778,-0.007113827,,,,-0.35687969,-0.941093807,-1,,,,
1.585,-0.002567138,-0.006784583,-0.007175762,,,,-0.357751225,-0.945486063,-1,,,,
1.59,-0.002584324,-0.006844878,-0.007202921,,,,-0.358788285,-0.950292053,-1,,,,
1.595,-0.002590325,-0.006875418,-0.007195605,,,,-0.359987186,-0.955502424,-1,,,,
1.6,-0.00258507,-0.006876501,-0.00715426,,,,-0.361332925,-0.96117576,-1,,,,
1.605,-0.002568752,-0.00684823,-0.00707947,,,,-0.362845184,-0.967336478,-1,,,,
1.61,-0.002541467,-0.006790915,-0.006971665,,,,-0.364542403,-0.974073649,-1,,,,
1.615,-0.00250335,-0.006705114,-0.006832002,,,,-0.366415245,-0.981427459,-1,,,,
1.62,-0.002454701,-0.006591629,-0.006661364,,,,-0.368498307,-0.989531433,-1,,,,
1.625,-0.00239576,-0.006450936,-0.006460712,,,,-0.37081981,-0.998486884,-1,,,,
1.63,-0.002326931,-0.006284094,-0.006231458,,,,-0.373416744,-1.008446892,-1,,,,
1.635,-0.002248537,-0.006092211,-0.005974934,,,,-0.376328274,-1.019628087,-1,,,,
1.64,-0.00216092,-0.005876262,-0.005692463,,,,-0.379610801,-1.032288115,-1,,,,
1.645,-0.0020647,-0.005637506,-0.005385646,,,,-0.383370839,-1.046764876,-1,,,,
1.65,-0.001960328,-0.005377553,-0.005056192,,,,-0.387708312,-1.063557908,-1,,,,
1.655,-0.001848252,-0.005097629,-0.004705686,,,,-0.392769975,-1.083291421,-1,,,,
1.66,-0.001729251,-0.00479916,-0.004335826,,,,0,0,0,,,,
1.665,-0.001603698,-0.004484091,-0.003948725,,,,0,0,0,,,,
1.67,-0.001472296,-0.004153862,-0.003546042,,,,0,0,0,,,,
1.675,-0.001335782,-0.0038101,-0.003129701,,,,0,0,0,,,,
1.68,-0.001194585,-0.003454808,-0.002701728,,,,0,0,0,,,,
1.685,-0.001049498,-0.003089739,-0.002264061,,,,0,0,0,,,,
1.69,-0.000901251,-0.002716524,-0.001818625,,,,0,0,0,,,,
1.695,-0.000750535,-0.002337207,-0.001367421,,,,0,0,0,,,,
1.7,-0.000597975,-0.001953602,-0.000912491,,,,0,0,0,,,,
1.705,-0.000444321,-0.001567375,-0.000455676,,,,0,0,0,,,,
1.71,-0.00029023,-0.001180426,1.05E-06,,,,0,0,0,,,,
1.715,-0.000136411,-0.000794642,0.000455681,,,,0,0,0,,,,
1.72,1.65E-05,-0.000411659,0.000906446,,,,0,0,0,,,,
1.725,0.000167776,-3.31E-05,0.001351562,,,,0,0,0,,,,
1.73,0.000316808,0.000339206,0.001789175,,,,0,0,0,,,,
1.735,0.000462972,0.000703671,0.002217586,,,,0,0,0,,,,
1.74,0.000605591,0.001058975,0.002635271,,,,0,0,0,,,,
1.745,0.000744186,0.001403398,0.00304053,,,,0,0,0,,,,
1.75,0.000878228,0.00173557,0.003431828,,,,0,0,0,,,,
1.755,0.001007095,0.00205454,0.003807954,,,,0,0,0,,,,
1.76,0.001130318,0.002358778,0.004167363,,,,0,0,0,,,,
1.765,0.001247515,0.002647122,0.004508742,,,,0.276687996,0.587108824,1,,,,
1.77,0.001358107,0.002918912,0.004831173,,,,0.28111326,0.604182985,1,,,,
1.775,0.001461788,0.003172972,0.005133491,,,,0.284755198,0.618092367,1,,,,
1.78,0.00155825,0.003408422,0.00541449,,,,0.287792493,0.629499989,1,,,,
1.785,0.001647025,0.003624795,0.005673534,,,,0.290299596,0.638895372,1,,,,
1.79,0.001727915,0.003821438,0.005909771,,,,0.29238266,0.64663053,1,,,,
1.795,0.001800767,0.003997705,0.006122356,,,,0.2941298,0.652968397,1,,,,
1.8,0.001865199,0.004153424,0.006310793,,,,0.295556982,0.658146146,1,,,,
1.805,0.001921083,0.004288163,0.00647465,,,,0.296708464,0.662300331,1,,,,
1.81,0.001968387,0.004401699,0.006613333,,,,0.297639135,0.665579497,1,,,,
1.815,0.002006939,0.004494001,0.006726558,,,,0.298360524,0.668098181,1,,,,
1.82,0.002036708,0.004565154,0.00681428,,,,0.298888156,0.669939349,1,,,,
1.825,0.002057622,0.004615166,0.006876138,,,,0.299240981,0.671185752,1,,,,
1.83,0.002069828,0.00464417,0.006912068,,,,0.299451268,0.671892949,1,,,,
1.835,0.002073311,0.004652655,0.006922234,,,,0.299514717,0.672131998,1,,,,
1.84,0.002068129,0.004640899,0.006906783,,,,0.299434498,0.671933504,1,,,,
1.845,0.002054433,0.004609219,0.006865827,,,,0.299225835,0.671327584,1,,,,
1.85,0.002032363,0.004558211,0.006799632,,,,0.298893063,0.670361352,1,,,,
1.855,0.002002054,0.00448861,0.006708745,,,,0.29842451,0.669068547,1,,,,
1.86,0.001963798,0.004400846,0.00659347,,,,0.297839779,0.667455212,1,,,,
1.865,0.001917803,0.004295725,0.00645426,,,,0.297137643,0.665564311,1,,,,
1.87,0.001864292,0.00417414,0.006291898,,,,0.296300417,0.663415091,1,,,,
1.875,0.001803696,0.004036691,0.006106888,,,,0.295354282,0.661006197,1,,,,
1.88,0.001736137,0.003884259,0.005899988,,,,0.294261156,0.658350298,1,,,,
1.885,0.001662053,0.003717865,0.005672029,,,,0.293026202,0.655473462,1,,,,
1.89,0.001581725,0.003538366,0.005423914,,,,0.291620644,0.652363827,1,,,,
1.895,0.001495588,0.003346582,0.005156479,,,,0.290040549,0.649005292,1,,,,
1.9,0.001403993,0.0031436,0.004870576,,,,0.288260178,0.645426632,1,,,,
1.905,0.001307328,0.002930454,0.004567513,,,,0.286223135,0.641586414,1,,,,
1.91,0.001206062,0.002708003,0.004248038,,,,0,0,0,,,,
1.915,0.001100626,0.002477365,0.003913392,,,,0,0,0,,,,
1.92,0.000991302,0.002239485,0.003564735,,,,0,0,0,,,,
1.925,0.000878582,0.001995354,0.003203199,,,,0,0,0,,,,
1.93,0.000762966,0.001745958,0.002830014,,,,0,0,0,,,,
1.935,0.000644793,0.001492401,0.002446452,,,,0,0,0,,,,
1.94,0.000524576,0.001235541,0.002053822,,,,0,0,0,,,,
1.945,0.000402796,0.000976358,0.001653284,,,,0,0,0,,,,
1.95,0.00027986,0.000715889,0.001246323,,,,0,0,0,,,,
1.955,0.000156195,0.000455064,0.000834246,,,,0,0,0,,,,
1.96,3.23E-05,0.000194637,0.000418312,,,,0,0,0,,,,
1.965,-9.15E-05,-6.43E-05,1.07E-07,,,,0,0,0,,,,
1.97,-0.000214646,-0.000321059,-0.0004191,,,,0,0,0,,,,
1.975,-0.000336804,-0.000574824,-0.000837987,,,,0,0,0,,,,
1.98,-0.000457451,-0.000824597,-0.001254998,,,,0,0,0,,,,
1.985,-0.00057622,-0.001069611,-0.001668813,,,,0,0,0,,,,
1.99,-0.000692609,-0.001309274,-0.00207809,,,,0,0,0,,,,
1.995,-0.000806406,-0.001542719,-0.002481389,,,,0,0,0,,,,
2,-0.000917091,-0.001769208,-0.002877219,,,,0,0,0,,,,
2.005,-0.001024327,-0.001988233,-0.003264398,,,,0,0,0,,,,
2.01,-0.001127748,-0.002198974,-0.00364144,,,,0,0,0,,,,
2.015,-0.001227069,-0.002400831,-0.004006986,,,,0,0,0,,,,
2.02,-0.001321831,-0.002593382,-0.004359976,,,,0,0,0,,,,
2.025,-0.001411738,-0.002775832,-0.004698911,,,,-0.300439329,-0.590739443,-1,,,,
2.03,-0.001496424,-0.002947666,-0.005022608,,,,-0.297937535,-0.586879485,-1,,,,
2.035,-0.001575663,-0.003108529,-0.005329893,,,,-0.295627442,-0.5832255,-1,,,,
2.04,-0.001649148,-0.003257858,-0.005619587,,,,-0.293464286,-0.579732564,-1,,,,
2.045,-0.001716615,-0.003395142,-0.005890519,,,,-0.291419957,-0.576374042,-1,,,,
2.05,-0.00177787,-0.003520023,-0.00614163,,,,-0.289478494,-0.573141438,-1,,,,
2.055,-0.001832543,-0.003632099,-0.00637194,,,,-0.287595725,-0.570014644,-1,,,,
2.06,-0.001880572,-0.003730904,-0.006580497,,,,-0.285779568,-0.56696385,-1,,,,
2.065,-0.001921565,-0.003816139,-0.006766379,,,,-0.283987201,-0.563985427,-1,,,,
2.07,-0.001955449,-0.003887508,-0.006928843,,,,-0.282218647,-0.561061583,-1,,,,
2.075,-0.001982095,-0.003944697,-0.007067016,,,,-0.280471225,-0.558184213,-1,,,,
2.08,-0.002001319,-0.00398731,-0.007180287,,,,-0.278724051,-0.555313407,-1,,,,
2.085,-0.002013028,-0.004015344,-0.007267957,,,,-0.27697297,-0.552472211,-1,,,,
2.09,-0.002017166,-0.004028506,-0.007329607,,,,-0.275207897,-0.549621052,-1,,,,
2.095,-0.002013635,-0.004026543,-0.007364699,,,,-0.273417108,-0.546735625,-1,,,,
2.1,-0.002002317,-0.004009368,-0.007372893,,,,-0.271578217,-0.543798471,-1,,,,
2.105,-0.001983188,-0.003977003,-0.007354017,,,,-0.269674153,-0.540793329,-1,,,,
2.11,-0.001956233,-0.003929105,-0.007307811,,,,-0.267690729,-0.537658266,-1,,,,
2.115,-0.001921565,-0.003865892,-0.007234218,,,,-0.265621603,-0.534389741,-1,,,,
2.12,-0.001879124,-0.003787388,-0.007133339,,,,-0.263428435,-0.530941801,-1,,,,
2.125,-0.001829081,-0.003693497,-0.007005122,,,,-0.26110623,-0.527256601,-1,,,,
2.13,-0.001771473,-0.003584318,-0.006849895,,,,-0.258613102,-0.523266034,-1,,,,
2.135,-0.001706455,-0.003460265,-0.006668066,,,,-0.255914596,-0.518930855,-1,,,,
2.14,-0.001634169,-0.003321241,-0.006459979,,,,-0.252968112,-0.514125738,-1,,,,
2.145,-0.001554729,-0.003167473,-0.006226156,,,,-0.249709213,-0.508736542,-1,,,,
2.15,-0.001468416,-0.00299941,-0.005967347,,,,-0.246075155,-0.502637015,-1,,,,
2.155,-0.001375351,-0.002817386,-0.005684287,,,,-0.24195665,-0.495644646,-1,,,,
2.16,-0.001275962,-0.002621625,-0.00537768,,,,-0.237270008,-0.487501119,-1,,,,
2.165,-0.001170479,-0.002412764,-0.005048668,,,,-0.231839188,-0.477901151,-1,,,,
2.17,-0.001059163,-0.002191294,-0.004698244,,,,-0.225438073,-0.466407013,-1,,,,
2.175,-0.000942382,-0.001957671,-0.004327475,,,,0,0,0,,,,
2.18,-0.000820454,-0.001712483,-0.003937762,,,,0,0,0,,,,
2.185,-0.000693824,-0.001456643,-0.003530465,,,,0,0,0,,,,
2.19,-0.000562854,-0.001190703,-0.003106924,,,,0,0,0,,,,
2.195,-0.000427938,-0.000915311,-0.002668607,,,,0,0,0,,,,
2.2,-0.000289649,-0.000631553,-0.002217315,,,,0,0,0,,,,
2.205,-0.000148448,-0.000340401,-0.001754624,,,,0,0,0,,,,
2.21,-4.82E-06,-4.24E-05,-0.00128213,,,,0,0,0,,,,
2.215,0.000140689,0.000261134,-0.000801932,,,,0,0,0,,,,
2.22,0.000287686,0.000569064,-0.000315756,,,,0,0,0,,,,
2.225,0.000435513,0.000880688,0.000174545,,,,0,0,0,,,,
2.23,0.000583507,0.001194637,0.00066686,,,,0,0,0,,,,
2.235,0.000731325,0.001509499,0.00115923,,,,0,0,0,,,,
2.24,0.000878241,0.001824511,0.001649743,,,,0,0,0,,,,
2.245,0.001023668,0.002138286,0.002136333,,,,0,0,0,,,,
2.25,0.001166988,0.002449212,0.002616779,,,,0,0,0,,,,
2.255,0.001307693,0.002756392,0.003089269,,,,0,0,0,,,,
2.26,0.001445148,0.003058538,0.003551658,,,,0,0,0,,,,
2.265,0.001578758,0.003353973,0.004001835,,,,0,0,0,,,,
2.27,0.001708008,0.003641658,0.004437955,,,,0.384863714,0.82057113,1,,,,
2.275,0.001832141,0.003920289,0.004857974,,,,0.377140896,0.806980246,1,,,,
2.28,0.001950761,0.004188358,0.005260003,,,,0.370866853,0.796265297,1,,,,
2.285,0.00206329,0.004444579,0.005642157,,,,0.365691596,0.787744608,1,,,,
2.29,0.002169077,0.004687929,0.006002708,,,,0.361349807,0.780969062,1,,,,
2.295,0.002267658,0.004916934,0.006339923,,,,0.357679096,0.775551009,1,,,,
2.3,0.002358665,0.005130321,0.006652024,,,,0.354578547,0.771242109,1,,,,
2.305,0.002441444,0.005327129,0.006937671,,,,0.351911124,0.767855445,1,,,,
2.31,0.002515664,0.005506194,0.007195323,,,,0.349624901,0.765246347,1,,,,
2.315,0.002580919,0.005666192,0.00742364,,,,0.347662158,0.763263345,1,,,,
2.32,0.002636736,0.005806387,0.007621403,,,,0.34596464,0.761852833,1,,,,
2.325,0.002682837,0.005925793,0.007787553,,,,0.344503205,0.760931371,1,,,,
2.33,0.002718898,0.006023409,0.007921092,,,,0.34324787,0.760426547,1,,,,
2.335,0.002744698,0.006098554,0.008021114,,,,0.342184127,0.760312513,1,,,,
2.34,0.002759924,0.006150682,0.0080871,,,,0.341274898,0.760554685,1,,,,
2.345,0.002764501,0.00617894,0.008118346,,,,0.34052521,0.761108276,1,,,,
2.35,0.002758205,0.00618286,0.008114423,,,,0.339913906,0.761959209,1,,,,
2.355,0.00274098,0.006162325,0.008075344,,,,0.339425738,0.763103658,1,,,,
2.36,0.002712752,0.006116789,0.008000805,,,,0.339059856,0.764521713,1,,,,
2.365,0.002673552,0.006046066,0.007890871,,,,0.338815772,0.766210215,1,,,,
2.37,0.002623386,0.005950287,0.00774589,,,,0.338681047,0.768186355,1,,,,
2.375,0.002562398,0.005829423,0.007566214,,,,0.338663233,0.770454431,1,,,,
2.38,0.002490788,0.005683545,0.007352313,,,,0.338776068,0.773028137,1,,,,
2.385,0.00240865,0.005513167,0.007104994,,,,0.339008076,0.775956612,1,,,,
2.39,0.002316258,0.005318587,0.006825166,,,,0.339370172,0.779261153,1,,,,
2.395,0.002214013,0.005100275,0.006513653,,,,0.33990339,0.783012995,1,,,,
2.4,0.002102124,0.00485905,0.006171881,,,,0.340597022,0.787288325,1,,,,
2.405,0.001981002,0.00459563,0.005801161,,,,0.34148366,0.792191424,1,,,,
2.41,0.001851219,0.004310841,0.005402732,,,,0.342645002,0.797900262,1,,,,
2.415,0.001713174,0.004005779,0.004978413,,,,0.344120628,0.804629778,1,,,,
2.42,0.001567308,0.003681621,0.004529946,,,,0.345988307,0.812729642,1,,,,
2.425,0.001414355,0.00333949,0.004059026,,,,0,0,0,,,,
2.43,0.001254804,0.002980772,0.00356775,,,,0,0,0,,,,
2.435,0.00108928,0.00260691,0.003058249,,,,0,0,0,,,,
2.44,0.000918541,0.002219408,0.002532582,,,,0,0,0,,,,
2.445,0.000743186,0.001819836,0.001993078,,,,0,0,0,,,,
2.45,0.000563966,0.001409925,0.001442216,,,,0,0,0,,,,
2.455,0.000381758,0.000991474,0.000882178,,,,0,0,0,,,,
2.46,0.00019719,0.000566172,0.000315559,,,,0,0,0,,,,
2.465,1.10E-05,0.000135942,-0.000255015,,,,0,0,0,,,,
2.47,-0.000175822,-0.000297305,-0.000827199,,,,0,0,0,,,,
2.475,-0.000362595,-0.000731678,-0.001398248,,,,0,0,0,,,,
2.48,-0.000548497,-0.001165259,-0.001965634,,,,0,0,0,,,,
2.485,-0.000732741,-0.001595985,-0.002526805,,,,0,0,0,,,,
2.49,-0.000914474,-0.002021954,-0.003079162,,,,0,0,0,,,,
2.495,-0.001092823,-0.002441181,-0.003620164,,,,0,0,0,,,,
2.5,-0.001267133,-0.002851697,-0.004147325,,,,0,0,0,,,,
2.505,-0.001436585,-0.003251653,-0.004658177,,,,-0.308400591,-0.698052775,-1,,,,
2.51,-0.001600377,-0.003639144,-0.005150337,,,,-0.310732496,-0.70658374,-1,,,,
2.515,-0.001757833,-0.004012341,-0.005621514,,,,-0.312697463,-0.713747318,-1,,,,
2.52,-0.00190825,-0.004369487,-0.006069482,,,,-0.314400737,-0.719910952,-1,,,,
2.525,-0.002050922,-0.004708883,-0.006492088,,,,-0.315911041,-0.72532636,-1,,,,
2.53,-0.002185243,-0.00502888,-0.006887449,,,,-0.317279014,-0.7301513,-1,,,,
2.535,-0.002310556,-0.005327986,-0.007253509,,,,-0.318543246,-0.734539052,-1,,,,
2.54,-0.002426268,-0.005604804,-0.007588611,,,,-0.319724896,-0.738581073,-1,,,,
2.545,-0.002531959,-0.005857888,-0.007891111,,,,-0.320862128,-0.742340106,-1,,,,
2.55,-0.002627092,-0.006086117,-0.008159398,,,,-0.321971317,-0.745902766,-1,,,,
2.555,-0.002711245,-0.006288346,-0.008392337,,,,-0.323061955,-0.749296138,-1,,,,
2.56,-0.002784053,-0.006463651,-0.008588634,,,,-0.324155499,-0.752582016,-1,,,,
2.565,-0.002845225,-0.006611099,-0.00874729,,,,-0.32526935,-0.755788197,-1,,,,
2.57,-0.002894314,-0.006730023,-0.008867508,,,,-0.32639546,-0.758953223,-1,,,,
2.575,-0.002931315,-0.006819829,-0.008948666,,,,-0.327570049,-0.762105664,-1,,,,
2.58,-0.002955963,-0.006880118,-0.008990289,,,,-0.328795114,-0.765283267,-1,,,,
2.585,-0.002968107,-0.006910517,-0.008991966,,,,-0.330084304,-0.768521296,-1,,,,
2.59,-0.002967841,-0.006910938,-0.008953724,,,,-0.331464476,-0.771850736,-1,,,,
2.595,-0.002955149,-0.006881365,-0.008875548,,,,-0.332953989,-0.775317226,-1,,,,
2.6,-0.00293001,-0.006821942,-0.008757668,,,,-0.334565063,-0.778967949,-1,,,,
2.605,-0.002892662,-0.006733039,-0.008600661,,,,-0.336330127,-0.782851313,-1,,,,
2.61,-0.002843158,-0.006614916,-0.008404991,,,,-0.338270205,-0.787022316,-1,,,,
2.615,-0.002781831,-0.006468292,-0.008171532,,,,-0.340429513,-0.791564158,-1,,,,
2.62,-0.002708966,-0.0062939,-0.007901313,,,,-0.342850086,-0.796563766,-1,,,,
2.625,-0.002624874,-0.006092511,-0.007595444,,,,-0.345585353,-0.802127073,-1,,,,
2.63,-0.002529952,-0.00586511,-0.007255151,,,,-0.34871112,-0.80840633,-1,,,,
2.635,-0.002424757,-0.00561295,-0.006881956,,,,-0.352335368,-0.815603757,-1,,,,
2.64,-0.002309706,-0.005337135,-0.006477589,,,,-0.35656871,-0.823938513,-1,,,,
2.645,-0.002185307,-0.005039004,-0.006043641,,,,-0.361587808,-0.833769554,-1,,,,
2.65,-0.002052173,-0.004720096,-0.005582122,,,,-0.367633074,-0.845573902,-1,,,,
2.655,-0.00191095,-0.004381861,-0.005095108,,,,-0.375055856,-0.860013312,-1,,,,
2.66,-0.001762248,-0.004025926,-0.004584604,,,,-0.384383874,-0.878140309,-1,,,,
2.665,-0.001606796,-0.003654131,-0.004052965,,,,0,0,0,,,,
2.67,-0.001445319,-0.003268179,-0.003502592,,,,0,0,0,,,,
2.675,-0.001278526,-0.002869918,-0.002935786,,,,0,0,0,,,,
2.68,-0.001107302,-0.002461296,-0.002355119,,,,0,0,0,,,,
2.685,-0.00093222,-0.002044262,-0.001763211,,,,0,0,0,,,,
2.69,-0.000754193,-0.001620706,-0.001162667,,,,0,0,0,,,,
2.695,-0.000574061,-0.00119276,-0.000556057,,,,0,0,0,,,,
2.7,-0.000392551,-0.000762348,5.38E-05,,,,0,0,0,,,,
2.705,-0.000210497,-0.000331574,0.000664247,,,,0,0,0,,,,
2.71,-2.88E-05,9.77E-05,0.001272711,,,,0,0,0,,,,
2.715,0.000151873,0.000523308,0.001876335,,,,0,0,0,,,,
2.72,0.000330534,0.000943357,0.00247252,,,,0,0,0,,,,
2.725,0.000506556,0.001355975,0.003058645,,,,0,0,0,,,,
2.73,0.00067913,0.001759271,0.003632181,,,,0,0,0,,,,
2.735,0.000847444,0.002151327,0.004190516,,,,0,0,0,,,,
2.74,0.001010866,0.002530503,0.004731217,,,,0.213658778,0.534852406,1,,,,
2.745,0.001168662,0.002895091,0.005252067,,,,0.222514704,0.5512289,1,,,,
2.75,0.001320118,0.003243424,0.005750641,,,,0.229560207,0.564010792,1,,,,
2.755,0.001464642,0.003574051,0.006224858,,,,0.235289238,0.57415786,1,,,,
2.76,0.00160159,0.003885598,0.006672779,,,,0.240018388,0.582305869,1,,,,
2.765,0.0017304,0.004176601,0.007092251,,,,0.243984554,0.588896382,1,,,,
2.77,0.001850648,0.004445965,0.007481628,,,,0.247358989,0.594251023,1,,,,
2.775,0.001961795,0.004692606,0.007839246,,,,0.250252991,0.598604194,1,,,,
2.78,0.002063339,0.004915507,0.008163668,,,,0.252746568,0.602119896,1,,,,
2.785,0.002155067,0.005113741,0.008453296,,,,0.25493806,0.604940565,1,,,,
2.79,0.002236441,0.005286668,0.008707151,,,,0.256851054,0.607163975,1,,,,
2.795,0.002307209,0.005433658,0.008924268,,,,0.258532066,0.608863194,1,,,,
2.8,0.002367228,0.005554173,0.009103502,,,,0.26003482,0.610113861,1,,,,
2.805,0.002416195,0.00564787,0.009244417,,,,0.261368061,0.61094928,1,,,,
2.81,0.002453916,0.005714611,0.009346347,,,,0.262553506,0.61142724,1,,,,
2.815,0.002480511,0.005754122,0.009408939,,,,0.263633425,0.611559067,1,,,,
2.82,0.002495794,0.005766549,0.00943202,,,,0.264608682,0.611379998,1,,,,
2.825,0.002499744,0.00575206,0.009415639,,,,0.265488511,0.610904888,1,,,,
2.83,0.002492501,0.005710833,0.009359935,,,,0.266294671,0.610135978,1,,,,
2.835,0.002474114,0.005643123,0.009265094,,,,0.267036058,0.609073471,1,,,,
2.84,0.002444709,0.005549742,0.009131874,,,,0.26771168,0.607733117,1,,,,
2.845,0.002404588,0.00543114,0.008960865,,,,0.268343295,0.606095519,1,,,,
2.85,0.002353894,0.005287902,0.008752713,,,,0.268933103,0.604144286,1,,,,
2.855,0.002292932,0.005121105,0.008508667,,,,0.26948198,0.601869291,1,,,,
2.86,0.002222143,0.004931601,0.008229648,,,,0.27001684,0.599248113,1,,,,
2.865,0.002141795,0.004720278,0.007917079,,,,0.270528464,0.596214587,1,,,,
2.87,0.002052277,0.004488353,0.007572263,,,,0.271025584,0.59273611,1,,,,
2.875,0.001954045,0.004237088,0.007196909,,,,0.27151171,0.588737187,1,,,,
2.88,0.001847601,0.003967499,0.006792574,,,,0.272003108,0.584093655,1,,,,
2.885,0.001733472,0.003681069,0.006360992,,,,0.272515913,0.578694196,1,,,,
2.89,0.001612058,0.00337925,0.005904285,,,,0.273031863,0.572338605,1,,,,
2.895,0.001484091,0.003063332,0.005424236,,,,0.273603759,0.564749132,1,,,,
2.9,0.001350194,0.002734844,0.004923005,,,,0.274262238,0.555523269,1,,,,
2.905,0.001210801,0.002395382,0.004402805,,,,0.275006806,0.544058034,1,,,,
2.91,0.001066621,0.002046389,0.003865785,,,,0,0,0,,,,
2.915,0.00091834,0.001689432,0.003314349,,,,0,0,0,,,,
2.92,0.000766524,0.001326242,0.002750737,,,,0,0,0,,,,
2.925,0.00061186,0.000958338,0.002177492,,,,0,0,0,,,,
2.93,0.000455021,0.00058722,0.001596774,,,,0,0,0,,,,
2.935,0.000296681,0.000214632,0.001011161,,,,0,0,0,,,,
2.94,0.000137592,-0.000157725,0.000423178,,,,0,0,0,,,,
2.945,-2.17E-05,-0.000528502,-0.000164915,,,,0,0,0,,,,
2.95,-0.000180443,-0.000896115,-0.000750644,,,,0,0,0,,,,
2.955,-0.000338058,-0.001258859,-0.001331563,,,,0,0,0,,,,
2.96,-0.000493831,-0.001615388,-0.001905284,,,,0,0,0,,,,
2.965,-0.000647194,-0.001964291,-0.002469543,,,,0,0,0,,,,
2.97,-0.000797424,-0.002304043,-0.003022051,,,,0,0,0,,,,
2.975,-0.000943973,-0.002633305,-0.003560524,,,,0,0,0,,,,
2.98,-0.001086253,-0.002950981,-0.004083026,,,,0,0,0,,,,
2.985,-0.001223592,-0.003255515,-0.004587255,,,,-0.266737382,-0.709686857,-1,,,,
2.99,-0.001355552,-0.003545856,-0.005071283,,,,-0.267299621,-0.699203083,-1,,,,
2.995,-0.001481664,-0.003821027,-0.005533325,,,,-0.267770943,-0.690548215,-1,,,,
3,-0.001601288,-0.004079873,-0.005971506,,,,-0.268154733,-0.683223559,-1,,,,
3.005,-0.001714081,-0.004321358,-0.006384123,,,,-0.268491207,-0.676891395,-1,,,,
3.01,-0.001819591,-0.004544701,-0.006769567,,,,-0.268789925,-0.671342965,-1,,,,
3.015,-0.001917266,-0.004749023,-0.007126524,,,,-0.269032451,-0.666386975,-1,,,,
3.02,-0.00200691,-0.00493355,-0.00745359,,,,-0.269254155,-0.661902516,-1,,,,
3.025,-0.002088161,-0.005097703,-0.007749476,,,,-0.269458297,-0.657812526,-1,,,,
3.03,-0.002160572,-0.005240872,-0.008013289,,,,-0.269623615,-0.654022558,-1,,,,
3.035,-0.002224007,-0.005362503,-0.008243908,,,,-0.269775793,-0.650480721,-1,,,,
3.04,-0.002278215,-0.005462252,-0.00844057,,,,-0.269912484,-0.647142532,-1,,,,
3.045,-0.002322998,-0.005539843,-0.008602658,,,,-0.27003254,-0.643968713,-1,,,,
3.05,-0.002358106,-0.005594933,-0.00872963,,,,-0.270126725,-0.640913008,-1,,,,
3.055,-0.002383514,-0.005627328,-0.008821047,,,,-0.27020757,-0.637943373,-1,,,,
3.06,-0.002399062,-0.005637088,-0.008876669,,,,-0.270266072,-0.635045425,-1,,,,
3.065,-0.00240471,-0.00562412,-0.008896455,,,,-0.270299788,-0.632175357,-1,,,,
3.07,-0.002400486,-0.005588511,-0.00888041,,,,-0.270312522,-0.629307807,-1,,,,
3.075,-0.002386341,-0.005530509,-0.00882869,,,,-0.270293914,-0.626424609,-1,,,,
3.08,-0.002362393,-0.005450328,-0.008741646,,,,-0.27024578,-0.623489907,-1,,,,
3.085,-0.002328776,-0.005348126,-0.008619661,,,,-0.270170233,-0.620456688,-1,,,,
3.09,-0.002285518,-0.005224557,-0.008463423,,,,-0.27004647,-0.617310116,-1,,,,
3.095,-0.002232864,-0.005079976,-0.008273591,,,,-0.269878428,-0.613998873,-1,,,,
3.1,-0.002171041,-0.004914841,-0.008051011,,,,-0.269660724,-0.610462549,-1,,,,
3.105,-0.002100159,-0.004729897,-0.007796657,,,,-0.269366579,-0.606657083,-1,,,,
3.11,-0.002020583,-0.004525828,-0.007511562,,,,-0.268996405,-0.602514968,-1,,,,
3.115,-0.001932591,-0.004303265,-0.007196996,,,,-0.268527475,-0.597925152,-1,,,,
3.12,-0.001836574,-0.004063125,-0.006854295,,,,-0.267944983,-0.5927853,-1,,,,
3.125,-0.001732799,-0.003806352,-0.006484765,,,,-0.267210765,-0.586968341,-1,,,,
3.13,-0.00162167,-0.003533577,-0.006089962,,,,-0.266285671,-0.580229681,-1,,,,
3.135,-0.001503713,-0.003246063,-0.005671483,,,,-0.265135854,-0.572348197,-1,,,,
3.14,-0.001379203,-0.002944834,-0.005231069,,,,-0.263656068,-0.562950734,-1,,,,
3.145,-0.001248672,-0.002630849,-0.004770457,,,,-0.261751029,-0.551487871,-1,,,,
3.15,-0.001112712,-0.002305185,-0.004291386,,,,0,0,0,,,,
3.155,-0.000971666,-0.001969211,-0.003795898,,,,0,0,0,,,,
3.16,-0.000826162,-0.001624009,-0.00328592,,,,0,0,0,,,,
3.165,-0.000676841,-0.001270736,-0.002763451,,,,0,0,0,,,,
3.17,-0.000524091,-0.000910832,-0.002230489,,,,0,0,0,,,,
3.175,-0.000368557,-0.000545506,-0.001689277,,,,0,0,0,,,,
3.18,-0.000210889,-0.000176049,-0.001141764,,,,0,0,0,,,,
3.185,-5.16E-05,0.000196224,-0.000590192,,,,0,0,0,,,,
3.19,0.000108689,0.000569801,-3.68E-05,,,,0,0,0,,,,
3.195,0.000269307,0.000943525,0.000516481,,,,0,0,0,,,,
3.2,0.000429707,0.001315962,0.001067402,,,,0,0,0,,,,
3.205,0.000589286,0.001685581,0.001613695,,,,0,0,0,,,,
3.21,0.000747319,0.002051158,0.002153382,,,,0,0,0,,,,
3.215,0.000903294,0.002411447,0.002684354,,,,0,0,0,,,,
3.22,0.001056583,0.002764861,0.003204446,,,,0,0,0,,,,
3.225,0.001206573,0.00311014,0.003711677,,,,0,0,0,,,,
3.23,0.001352629,0.003446196,0.004204134,,,,0,0,0,,,,
3.235,0.001494263,0.003771405,0.004679765,,,,0.319303036,0.805896215,1,,,,
3.24,0.001630805,0.004084625,0.005136765,,,,0.317477047,0.795174474,1,,,,
3.245,0.001761811,0.004384761,0.005573445,,,,0.316108076,0.786723586,1,,,,
3.25,0.00188661,0.004670468,0.005987909,,,,0.315069873,0.779983106,1,,,,
3.255,0.00200474,0.00494054,0.006378629,,,,0.314290139,0.774545787,1,,,,
3.26,0.002115777,0.005194129,0.006744033,,,,0.313725795,0.770181453,1,,,,
3.265,0.002219251,0.005429989,0.007082622,,,,0.31333755,0.766663766,1,,,,
3.27,0.002314654,0.005647098,0.007393105,,,,0.313082792,0.763833053,1,,,,
3.275,0.002401601,0.005844602,0.007674166,,,,0.312946176,0.761594474,1,,,,
3.28,0.002479741,0.006021681,0.007924754,,,,0.312910732,0.759857207,1,,,,
3.285,0.00254867,0.006177372,0.008143671,,,,0.3129633,0.75854878,1,,,,
3.29,0.002608107,0.006310992,0.008330132,,,,0.313093074,0.757610131,1,,,,
3.295,0.00265771,0.006422024,0.008483354,,,,0.313285305,0.757014695,1,,,,
3.3,0.002697286,0.006509735,0.008602553,,,,0.313544813,0.75672131,1,,,,
3.305,0.002726619,0.006573602,0.008687196,,,,0.313866399,0.756700162,1,,,,
3.31,0.002745549,0.006613367,0.008736961,,,,0.314245348,0.756941267,1,,,,
3.315,0.002753898,0.006628668,0.008751468,,,,0.314678444,0.757434955,1,,,,
3.32,0.002751574,0.006619091,0.008730583,,,,0.315164948,0.75814993,1,,,,
3.325,0.002738523,0.006584704,0.008674316,,,,0.31570475,0.759103451,1,,,,
3.33,0.002714776,0.006525437,0.008582798,,,,0.316304353,0.760292427,1,,,,
3.335,0.002680334,0.006441104,0.008456125,,,,0.316969541,0.76170871,1,,,,
3.34,0.00263531,0.006332091,0.008294918,,,,0.317701799,0.763369941,1,,,,
3.345,0.002579779,0.006198647,0.008099586,,,,0.318507476,0.765304242,1,,,,
3.35,0.002513895,0.006040893,0.007870654,,,,0.319401014,0.767521196,1,,,,
3.355,0.00243796,0.005859348,0.007609058,,,,0.320402324,0.770049164,1,,,,
3.36,0.002352088,0.005654782,0.007315722,,,,0.321511369,0.772962994,1,,,,
3.365,0.002256602,0.005427477,0.006991646,,,,0.322756919,0.77628029,1,,,,
3.37,0.002151857,0.005178268,0.006637883,,,,0.324178152,0.780108354,1,,,,
3.375,0.002038215,0.0049081,0.006255893,,,,0.325807277,0.784556345,1,,,,
3.38,0.001916047,0.004617821,0.005847026,,,,0.32769598,0.789772623,1,,,,
3.385,0.001785838,0.004308285,0.005412634,,,,0.329938836,0.795968328,1,,,,
3.39,0.001648001,0.003980804,0.00495453,,,,0.332625136,0.803467492,1,,,,
3.395,0.001503085,0.003636461,0.004474423,,,,0.335928306,0.81272171,1,,,,
3.4,0.001351685,0.003276399,0.003973923,,,,0,0,0,,,,
3.405,0.001194308,0.002902039,0.00345514,,,,0,0,0,,,,
3.41,0.001031534,0.002514838,0.002920092,,,,0,0,0,,,,
3.415,0.000864076,0.002116152,0.002370634,,,,0,0,0,,,,
3.42,0.000692608,0.001707451,0.001809034,,,,0,0,0,,,,
3.425,0.00051764,0.001290556,0.001237567,,,,0,0,0,,,,
3.43,0.000340066,0.000866856,0.00065829,,,,0,0,0,,,,
3.435,0.000160511,0.000438014,7.36E-05,,,,0,0,0,,,,
3.44,-2.04E-05,5.91E-06,-0.000514161,,,,0,0,0,,,,
3.445,-0.000201717,-0.000427795,-0.00110269,,,,0,0,0,,,,
3.45,-0.000382851,-0.000861506,-0.001689657,,,,0,0,0,,,,
3.455,-0.000563039,-0.00129322,-0.002272567,,,,0,0,0,,,,
3.46,-0.000741533,-0.001721192,-0.002849095,,,,0,0,0,,,,
3.465,-0.000917547,-0.002143837,-0.003416895,,,,0,0,0,,,,
3.47,-0.001090368,-0.002559222,-0.003973592,,,,0,0,0,,,,
3.475,-0.001259296,-0.002965627,-0.00451688,,,,-0.278797697,-0.656565249,-1,,,,
3.48,-0.001423557,-0.003361388,-0.005044495,,,,-0.282200104,-0.666347706,-1,,,,
3.485,-0.001582474,-0.003744807,-0.005554172,,,,-0.284916275,-0.674233119,-1,,,,
3.49,-0.001735402,-0.004114149,-0.006043744,,,,-0.287140187,-0.680728551,-1,,,,
3.495,-0.001881596,-0.00446788,-0.006511144,,,,-0.288980808,-0.686189635,-1,,,,
3.5,-0.002020438,-0.004804552,-0.006954381,,,,-0.290527342,-0.69086701,-1,,,,
3.505,-0.002151352,-0.005122449,-0.007371312,,,,-0.291854656,-0.694916943,-1,,,,
3.51,-0.002273743,-0.005420311,-0.007760272,,,,-0.292997804,-0.698469283,-1,,,,
3.515,-0.002387016,-0.005696823,-0.008119512,,,,-0.293985198,-0.701621399,-1,,,,
3.52,-0.002490715,-0.005950682,-0.008447267,,,,-0.294854539,-0.704450585,-1,,,,
3.525,-0.002584373,-0.006180672,-0.008742118,,,,-0.295623267,-0.706999361,-1,,,,
3.53,-0.002667476,-0.006385828,-0.009002638,,,,-0.296299366,-0.709328592,-1,,,,
3.535,-0.002739748,-0.00656514,-0.009227603,,,,-0.296907872,-0.711467564,-1,,,,
3.54,-0.002800729,-0.006717717,-0.00941579,,,,-0.297450212,-0.713452309,-1,,,,
3.545,-0.00285012,-0.0068428,-0.009566423,,,,-0.297929605,-0.715293492,-1,,,,
3.55,-0.00288778,-0.006939852,-0.00967845,,,,-0.298372119,-0.717041655,-1,,,,
3.555,-0.002913441,-0.007008245,-0.009751261,,,,-0.298775848,-0.718701373,-1,,,,
3.56,-0.002926897,-0.007047646,-0.009784434,,,,-0.299138101,-0.720291596,-1,,,,
3.565,-0.002928161,-0.007057815,-0.009777498,,,,-0.299479622,-0.721842662,-1,,,,
3.57,-0.002917079,-0.007038616,-0.009730333,,,,-0.299792341,-0.723368427,-1,,,,
3.575,-0.002893716,-0.006989937,-0.009642847,,,,-0.300089348,-0.724883138,-1,,,,
3.58,-0.002858099,-0.006912025,-0.009515303,,,,-0.300368707,-0.726411478,-1,,,,
3.585,-0.002810327,-0.006805095,-0.009347965,,,,-0.300635178,-0.727976102,-1,,,,
3.59,-0.002750578,-0.006669407,-0.009141233,,,,-0.300897961,-0.729596057,-1,,,,
3.595,-0.002679095,-0.006505629,-0.008895947,,,,-0.301159014,-0.731302549,-1,,,,
3.6,-0.002596166,-0.006314353,-0.008612742,,,,-0.301433173,-0.733140842,-1,,,,
3.605,-0.002502053,-0.006096281,-0.008292677,,,,-0.301718414,-0.735140288,-1,,,,
3.61,-0.002397168,-0.005852287,-0.007936895,,,,-0.302028423,-0.737352243,-1,,,,
3.615,-0.002281913,-0.005583449,-0.007546734,,,,-0.302370917,-0.739849687,-1,,,,
3.62,-0.002156744,-0.005290815,-0.007123651,,,,-0.302758194,-0.742711154,-1,,,,
3.625,-0.002022198,-0.004975496,-0.006669146,,,,-0.303216963,-0.746046951,-1,,,,
3.63,-0.00187882,-0.004638974,-0.006185174,,,,-0.303761826,-0.750015235,-1,,,,
3.635,-0.001727166,-0.004282637,-0.005673406,,,,-0.304432032,-0.754861729,-1,,,,
3.64,-0.001567955,-0.003907914,-0.005136009,,,,-0.305286628,-0.760885261,-1,,,,
3.645,-0.001401822,-0.003516461,-0.004575001,,,,-0.306409047,-0.76862514,-1,,,,
3.65,-0.001229446,-0.003110006,-0.00399265,,,,0,0,0,,,,
3.655,-0.001051534,-0.002690151,-0.003391396,,,,0,0,0,,,,
3.66,-0.000868853,-0.002258739,-0.002773521,,,,0,0,0,,,,
3.665,-0.000682239,-0.001817796,-0.00214171,,,,0,0,0,,,,
3.67,-0.000492422,-0.001369009,-0.001498528,,,,0,0,0,,,,
3.675,-0.000300277,-0.000914439,-0.00084646,,,,0,0,0,,,,
3.68,-0.000106595,-0.000456035,-0.000188467,,,,0,0,0,,,,
3.685,8.77E-05,4.13E-06,0.000472819,,,,0,0,0,,,,
3.69,0.000281831,0.000464206,0.001134641,,,,0,0,0,,,,
3.695,0.000474973,0.000922056,0.001794226,,,,0,0,0,,,,
3.7,0.000666264,0.001375746,0.002448617,,,,0,0,0,,,,
3.705,0.000854844,0.00182323,0.003095213,,,,0,0,0,,,,
3.71,0.00103987,0.002262662,0.003731206,,,,0,0,0,,,,
3.715,0.001220604,0.002691942,0.004353753,,,,0,0,0,,,,
3.72,0.001396098,0.003109355,0.004960342,,,,0.281451888,0.626842871,1,,,,
3.725,0.001565686,0.00351292,0.005548246,,,,0.282194779,0.633158666,1,,,,
3.73,0.00172861,0.003900978,0.006114898,,,,0.282688336,0.637946552,1,,,,
3.735,0.001884147,0.004271758,0.006657887,,,,0.282994744,0.641608687,1,,,,
3.74,0.002031541,0.004623646,0.00717477,,,,0.28315066,0.644431202,1,,,,
3.745,0.002170261,0.00495513,0.007663293,,,,0.283202101,0.646605892,1,,,,
3.75,0.002299549,0.005264764,0.008121317,,,,0.283149712,0.648264776,1,,,,
3.755,0.002418869,0.00555113,0.008546773,,,,0.283015538,0.649500111,1,,,,
3.76,0.002527648,0.005813001,0.00893775,,,,0.282805802,0.65038752,1,,,,
3.765,0.002625374,0.006049251,0.009292555,,,,0.282524489,0.650978214,1,,,,
3.77,0.002711648,0.006258764,0.009609514,,,,0.28218364,0.651309136,1,,,,
3.775,0.002786082,0.006440731,0.009887156,,,,0.281788021,0.651424059,1,,,,
3.78,0.002848304,0.006594338,0.010124273,,,,0.281334138,0.651339353,1,,,,
3.785,0.002898018,0.006718814,0.010319631,,,,0.280825742,0.651071144,1,,,,
3.79,0.002934968,0.006813748,0.010472417,,,,0.28025701,0.650637617,1,,,,
3.795,0.002959029,0.006878694,0.010581854,,,,0.27963239,0.650046272,1,,,,
3.8,0.002969977,0.006913253,0.010647355,,,,0.278940356,0.649292956,1,,,,
3.805,0.002967749,0.00691734,0.010668546,,,,0.278177441,0.648386451,1,,,,
3.81,0.002952374,0.006890994,0.010645249,,,,0.277341977,0.647330438,1,,,,
3.815,0.002923928,0.006834297,0.010577516,,,,0.276428643,0.646115445,1,,,,
3.82,0.002882436,0.006747493,0.01046543,,,,0.275424496,0.644741126,1,,,,
3.825,0.002828099,0.006631001,0.010309424,,,,0.274321723,0.64319797,1,,,,
3.83,0.002761128,0.006485309,0.010110131,,,,0.273105031,0.641466409,1,,,,
3.835,0.002681724,0.00631104,0.009868341,,,,0.271750227,0.639523974,1,,,,
3.84,0.00259023,0.00610892,0.009584957,,,,0.270239084,0.637344546,1,,,,
3.845,0.002487072,0.005879894,0.009261182,,,,0.268547978,0.634896674,1,,,,
3.85,0.002372605,0.0056249,0.008898281,,,,0.266636389,0.632133376,1,,,,
3.855,0.00224731,0.005345071,0.008497742,,,,0.264459619,0.628998965,1,,,,
3.86,0.002111874,0.005041648,0.008061308,,,,0.261976551,0.625413117,1,,,,
3.865,0.001966685,0.004715937,0.007590671,,,,0.259092401,0.621280602,1,,,,
3.87,0.001812485,0.004369249,0.007087877,,,,0.255716173,0.61643971,1,,,,
3.875,0.001649781,0.00400319,0.006555061,,,,0.251680456,0.610702234,1,,,,
3.88,0.001479325,0.003619253,0.00599441,,,,0.246784154,0.603771256,1,,,,
3.885,0.001301839,0.003219164,0.005408386,,,,0.240707533,0.595217009,1,,,,
3.89,0.001118118,0.002804571,0.004799347,,,,0.232972865,0.584365168,1,,,,
3.895,0.000928845,0.002377339,0.004169906,,,,0,0,0,,,,
3.9,0.00073494,0.001939206,0.003522749,,,,0,0,0,,,,
3.905,0.00053723,0.001492123,0.002860636,,,,0,0,0,,,,
3.91,0.000336527,0.001037965,0.00218635,,,,0,0,0,,,,
3.915,0.000133615,0.000578682,0.001502781,,,,0,0,0,,,,
3.92,-7.06E-05,0.000116155,0.000812926,,,,0,0,0,,,,
3.925,-0.000275172,-0.000347565,0.000119532,,,,0,0,0,,,,
3.93,-0.000479271,-0.00081053,-0.0005742,,,,0,0,0,,,,
3.935,-0.000681992,-0.001270779,-0.001265473,,,,0,0,0,,,,
3.94,-0.000882441,-0.001726439,-0.001951396,,,,0,0,0,,,,
3.945,-0.001079788,-0.002175392,-0.002628843,,,,0,0,0,,,,
3.95,-0.001273163,-0.002615932,-0.003295075,,,,0,0,0,,,,
3.955,-0.00146177,-0.003046168,-0.003947245,,,,0,0,0,,,,
3.96,-0.00164477,-0.003464162,-0.00458243,,,,-0.358929635,-0.755966263,-1,,,,
3.965,-0.001821408,-0.003868239,-0.005198027,,,,-0.350403834,-0.744174611,-1,,,,
3.97,-0.00199083,-0.004256822,-0.005791479,,,,-0.343751608,-0.735014769,-1,,,,
3.975,-0.002152344,-0.004628045,-0.006360134,,,,-0.338411748,-0.727664762,-1,,,,
3.98,-0.002305259,-0.004980399,-0.006901567,,,,-0.334019635,-0.721633121,-1,,,,
3.985,-0.002448757,-0.005312552,-0.007413648,,,,-0.330303885,-0.716590876,-1,,,,
3.99,-0.002582471,-0.005622924,-0.007894046,,,,-0.327141673,-0.712299391,-1,,,,
3.995,-0.002705658,-0.005910286,-0.008340661,,,,-0.324393712,-0.708611222,-1,,,,
4,-0.002817708,-0.006173506,-0.008751789,,,,-0.321957914,-0.705399309,-1,,,,
4.005,-0.002918311,-0.006411364,-0.009125555,,,,-0.319795449,-0.702572506,-1,,,,
4.01,-0.003006858,-0.006622848,-0.009460307,,,,-0.317839353,-0.700066867,-1,,,,
4.015,-0.00308295,-0.006807176,-0.009754851,,,,-0.316042705,-0.697824716,-1,,,,
4.02,-0.003146268,-0.006963469,-0.010007847,,,,-0.3143801,-0.695800886,-1,,,,
4.025,-0.003196572,-0.007091033,-0.010218087,,,,-0.312834652,-0.693968745,-1,,,,
4.03,-0.003233469,-0.007189377,-0.010384869,,,,-0.311363499,-0.692293505,-1,,,,
4.035,-0.003256966,-0.007258094,-0.010507501,,,,-0.309965823,-0.69075359,-1,,,,
4.04,-0.003266801,-0.007296834,-0.010585303,,,,-0.30861667,-0.689336336,-1,,,,
4.045,-0.003262937,-0.007305363,-0.010618093,,,,-0.307299758,-0.688010838,-1,,,,
4.05,-0.003245385,-0.007283668,-0.010605768,,,,-0.306001896,-0.68676482,-1,,,,
4.055,-0.003214162,-0.007231825,-0.010548325,,,,-0.30470831,-0.685589953,-1,,,,
4.06,-0.003169302,-0.007149866,-0.010445995,,,,-0.303398793,-0.684460094,-1,,,,
4.065,-0.00311105,-0.007038285,-0.010299376,,,,-0.302062002,-0.683370019,-1,,,,
4.07,-0.003039626,-0.006897406,-0.010108909,,,,-0.300687846,-0.682309653,-1,,,,
4.075,-0.002955188,-0.006727748,-0.009875465,,,,-0.299245465,-0.681258812,-1,,,,
4.08,-0.002858226,-0.006529998,-0.009600149,,,,-0.297727251,-0.680197587,-1,,,,
4.085,-0.002748929,-0.006304982,-0.009284016,,,,-0.296092707,-0.679122222,-1,,,,
4.09,-0.002627875,-0.006053402,-0.008928424,,,,-0.294326854,-0.677992169,-1,,,,
4.095,-0.002495479,-0.005776425,-0.008534946,,,,-0.292383699,-0.676796845,-1,,,,
4.1,-0.00235218,-0.005475028,-0.008105205,,,,-0.290206162,-0.675495311,-1,,,,
4.105,-0.002198643,-0.005150453,-0.007640974,,,,-0.287743778,-0.674057116,-1,,,,
4.11,-0.0020355,-0.004803947,-0.0071443,,,,-0.284912454,-0.672416703,-1,,,,
4.115,-0.001863348,-0.00443691,-0.006617198,,,,-0.281591764,-0.670511964,-1,,,,
4.12,-0.001682938,-0.00405071,-0.006061876,,,,-0.277626526,-0.668227157,-1,,,,
4.125,-0.001494927,-0.00364699,-0.005480793,,,,-0.272757403,-0.665412811,-1,,,,
4.13,-0.00130012,-0.00322725,-0.004876256,,,,-0.266622642,-0.661829502,-1,,,,
4.135,-0.001099315,-0.002793165,-0.004250858,,,,0,0,0,,,,
4.14,-0.000893286,-0.002346597,-0.003607253,,,,0,0,0,,,,
4.145,-0.000682828,-0.00188912,-0.002948061,,,,0,0,0,,,,
4.15,-0.000468942,-0.001422657,-0.00227605,,,,0,0,0,,,,
4.155,-0.000252395,-0.000949179,-0.001594081,,,,0,0,0,,,,
4.16,-3.41E-05,-0.000470403,-0.000905006,,,,0,0,0,,,,
4.165,0.000185087,1.17E-05,-0.000211597,,,,0,0,0,,,,
4.17,0.000404208,0.000495095,0.000483118,,,,0,0,0,,,,
4.175,0.000622474,0.000977917,0.001176283,,,,0,0,0,,,,
4.18,0.000838802,0.0014583,0.001865046,,,,0,0,0,,,,
4.185,0.001052473,0.001934061,0.002546443,,,,0,0,0,,,,
4.19,0.001262504,0.002403501,0.003217719,,,,0,0,0,,,,
4.195,0.001468053,0.002864644,0.003876042,,,,0,0,0,,,,
4.2,0.00166828,0.003315562,0.004518623,,,,0.369201042,0.733754836,1,,,,
4.205,0.00186231,0.003754366,0.005142815,,,,0.362118822,0.730021533,1,,,,
4.21,0.002049417,0.004179395,0.005745968,,,,0.356670345,0.727361308,1,,,,
4.215,0.002228757,0.004588816,0.006325639,,,,0.352337098,0.725431236,1,,,,
4.22,0.002399589,0.004980873,0.00687928,,,,0.348813961,0.724039933,1,,,,
4.225,0.00256117,0.005354019,0.007404645,,,,0.34588692,0.723062235,1,,,,
4.23,0.002712907,0.005706701,0.007899494,,,,0.34342801,0.722413535,1,,,,
4.235,0.002854018,0.006037347,0.008361741,,,,0.341318685,0.722020339,1,,,,
4.24,0.002984085,0.006344541,0.008789469,,,,0.339506831,0.721834362,1,,,,
4.245,0.003102412,0.006627158,0.009180771,,,,0.337925028,0.721851951,1,,,,
4.25,0.003208482,0.006883707,0.009534054,,,,0.336528628,0.722012607,1,,,,
4.255,0.003301924,0.007113195,0.009847736,,,,0.335297765,0.722317844,1,,,,
4.26,0.003382339,0.007314711,0.010120489,,,,0.334207085,0.722762672,1,,,,
4.265,0.003449214,0.00748719,0.010351175,,,,0.333219543,0.723317883,1,,,,
4.27,0.003502354,0.007629707,0.01053856,,,,0.332337006,0.723980037,1,,,,
4.275,0.003541613,0.007741906,0.010681984,,,,0.331550138,0.724762927,1,,,,
4.28,0.003566592,0.007823025,0.010780775,,,,0.330828917,0.725645937,1,,,,
4.285,0.003577281,0.007872538,0.010834217,,,,0.33018367,0.726636579,1,,,,
4.29,0.003573584,0.0078903,0.010842154,,,,0.329600924,0.727742894,1,,,,
4.295,0.003555417,0.007876099,0.010804511,,,,0.329067868,0.728963947,1,,,,
4.3,0.00352294,0.007829736,0.010721128,,,,0.328597833,0.730308922,1,,,,
4.305,0.00347618,0.007751369,0.010592334,,,,0.328178816,0.73179043,1,,,,
4.31,0.003415235,0.007641203,0.010418705,,,,0.327798404,0.733411969,1,,,,
4.315,0.00334044,0.007499571,0.010200598,,,,0.32747496,0.735208982,1,,,,
4.32,0.003252061,0.007326754,0.009938771,,,,0.327209586,0.737189195,1,,,,
4.325,0.003150246,0.007123616,0.009634496,,,,0.326975705,0.73938641,1,,,,
4.33,0.003035621,0.006890678,0.009288597,,,,0.326811564,0.741842671,1,,,,
4.335,0.002908555,0.006628774,0.008902404,,,,0.326715672,0.744604856,1,,,,
4.34,0.002769438,0.006338808,0.008477593,,,,0.326677379,0.747713141,1,,,,
4.345,0.002618862,0.006022097,0.008015574,,,,0.326721682,0.751299488,1,,,,
4.35,0.002457491,0.005679507,0.007518167,,,,0.326873682,0.755437667,1,,,,
4.355,0.002285832,0.005312553,0.006987405,,,,0.327136105,0.760304181,1,,,,
4.36,0.002104616,0.004922646,0.006425271,,,,0.327552798,0.766138169,1,,,,
4.365,0.001914565,0.004511158,0.005833922,,,,0.328178087,0.77326342,1,,,,
4.37,0.001716404,0.004079642,0.005215761,,,,0.329080226,0.782175715,1,,,,
4.375,0.001511009,0.003630119,0.00457329,,,,0.330398665,0.793765295,1,,,,
4.38,0.001299099,0.00316405,0.003908915,,,,0,0,0,,,,
4.385,0.001081555,0.002683253,0.003225373,,,,0,0,0,,,,
4.39,0.00085924,0.002189913,0.002525433,,,,0,0,0,,,,
4.395,0.000633053,0.00168591,0.001811827,,,,0,0,0,,,,
4.4,0.000404007,0.00117311,0.001087532,,,,0,0,0,,,,
4.405,0.000172871,0.000653813,0.000355402,,,,0,0,0,,,,
4.41,-5.93E-05,0.00013013,-0.000381485,,,,0,0,0,,,,
4.415,-0.000291592,-0.000395925,-0.001120241,,,,0,0,0,,,,
4.42,-0.000523075,-0.000922055,-0.001857707,,,,0,0,0,,,,
4.425,-0.000752842,-0.001445969,-0.00259083,,,,0,0,0,,,,
4.43,-0.000979819,-0.001965674,-0.003316656,,,,0,0,0,,,,
4.435,-0.001203258,-0.002478927,-0.0040321,,,,0,0,0,,,,
4.44,-0.001422098,-0.002983423,-0.004734096,,,,-0.300394941,-0.630199144,-1,,,,
4.445,-0.001635419,-0.003477043,-0.005419769,,,,-0.3017507,-0.64154822,-1,,,,
4.45,-0.001842372,-0.003957812,-0.006086197,,,,-0.302713242,-0.650293109,-1,,,,
4.455,-0.002042106,-0.004423426,-0.006730434,,,,-0.303413729,-0.657227398,-1,,,,
4.46,-0.002233808,-0.004871946,-0.007349753,,,,-0.303929691,-0.662872081,-1,,,,
4.465,-0.002416568,-0.005301521,-0.007941531,,,,-0.304295019,-0.667569178,-1,,,,
4.47,-0.002589728,-0.005710058,-0.00850298,,,,-0.304567065,-0.67153605,-1,,,,
4.475,-0.00275247,-0.006095718,-0.009031703,,,,-0.304756433,-0.674924562,-1,,,,
4.48,-0.002904199,-0.006457023,-0.009525469,,,,-0.304887795,-0.677869349,-1,,,,
4.485,-0.003044156,-0.00679208,-0.009981851,,,,-0.304969101,-0.68044299,-1,,,,
4.49,-0.003171739,-0.00709921,-0.010398794,,,,-0.305010234,-0.682695531,-1,,,,
4.495,-0.003286442,-0.007377356,-0.010774456,,,,-0.305021648,-0.684707971,-1,,,,
4.5,-0.003387786,-0.007624919,-0.011106951,,,,-0.305014939,-0.686499697,-1,,,,
4.505,-0.003475242,-0.007840708,-0.011394571,,,,-0.304991023,-0.688109137,-1,,,,
4.51,-0.003548509,-0.008023768,-0.011636024,,,,-0.304958934,-0.689562663,-1,,,,
4.515,-0.003607187,-0.008173118,-0.011830027,,,,-0.304917874,-0.690879053,-1,,,,
4.52,-0.003651039,-0.008287777,-0.01197529,,,,-0.304881044,-0.692073149,-1,,,,
4.525,-0.003679778,-0.008367365,-0.012071206,,,,-0.304839308,-0.693167344,-1,,,,
4.53,-0.003693258,-0.008411147,-0.012117048,,,,-0.304798462,-0.69415813,-1,,,,
4.535,-0.003691402,-0.008418859,-0.012112133,,,,-0.304768996,-0.695076482,-1,,,,
4.54,-0.003674211,-0.008390221,-0.012056386,,,,-0.304752321,-0.695915113,-1,,,,
4.545,-0.003641657,-0.008325252,-0.011949752,,,,-0.304747524,-0.696688262,-1,,,,
4.55,-0.003593923,-0.008223975,-0.011792141,,,,-0.304772713,-0.697411469,-1,,,,
4.555,-0.00353116,-0.00808671,-0.011584207,,,,-0.30482539,-0.69808059,-1,,,,
4.56,-0.003453541,-0.007913807,-0.011326423,,,,-0.304910125,-0.698703051,-1,,,,
4.565,-0.003361232,-0.007705811,-0.011019486,,,,-0.305026161,-0.699289502,-1,,,,
4.57,-0.003254798,-0.007463526,-0.010664523,,,,-0.305198687,-0.699846228,-1,,,,
4.575,-0.00313448,-0.007187758,-0.010262835,,,,-0.305420461,-0.700367751,-1,,,,
4.58,-0.003000804,-0.006879599,-0.009815604,,,,-0.305717707,-0.700883953,-1,,,,
4.585,-0.002854398,-0.00654011,-0.009324593,,,,-0.30611499,-0.701382934,-1,,,,
4.59,-0.002695649,-0.006170722,-0.008791704,,,,-0.30661283,-0.701880077,-1,,,,
4.595,-0.002525315,-0.005772839,-0.008218737,,,,-0.307263154,-0.702399811,-1,,,,
4.6,-0.002344148,-0.005348034,-0.00760804,,,,-0.308114539,-0.702944994,-1,,,,
4.605,-0.002152622,-0.004898082,-0.006962099,,,,-0.309191468,-0.703535282,-1,,,,
4.61,-0.001951651,-0.004424665,-0.006283182,,,,-0.310615022,-0.704207636,-1,,,,
4.615,-0.001742114,-0.003929865,-0.005574133,,,,-0.312535335,-0.705018093,-1,,,,
4.62,-0.001524811,-0.003415717,-0.004837941,,,,-0.315177717,-0.706027097,-1,,,,
4.625,-0.001300651,-0.002884451,-0.004077338,,,,0,0,0,,,,
4.63,-0.001070585,-0.002338043,-0.003295512,,,,0,0,0,,,,
4.635,-0.0008355,-0.001779172,-0.002495811,,,,0,0,0,,,,
4.64,-0.000596431,-0.001209951,-0.001681485,,,,0,0,0,,,,
4.645,-0.000354278,-0.000632898,-0.000855838,,,,0,0,0,,,,
4.65,-0.00011016,-5.05E-05,-2.26E-05,,,,0,0,0,,,,
4.655,0.000134945,0.000534593,0.000814876,,,,0,0,0,,,,
4.66,0.000380007,0.001120068,0.001653076,,,,0,0,0,,,,
4.665,0.000623928,0.001703144,0.002488171,,,,0,0,0,,,,
4.67,0.000865668,0.002281186,0.003316686,,,,0,0,0,,,,
4.675,0.001104221,0.002851854,0.004135002,,,,0,0,0,,,,
4.68,0.001338653,0.003412516,0.004939493,,,,0.271010231,0.690863586,1,,,,
4.685,0.001567842,0.00396052,0.005726492,,,,0.273787566,0.691613746,1,,,,
4.69,0.001790913,0.004493521,0.006492656,,,,0.275836812,0.692092983,1,,,,
4.695,0.002006693,0.005009171,0.007234494,,,,0.27737842,0.692400941,1,,,,
4.7,0.002214476,0.005504775,0.00794859,,,,0.278599802,0.692547412,1,,,,
4.705,0.002413277,0.005978352,0.008631807,,,,0.279579592,0.692595667,1,,,,
4.71,0.002602056,0.006427643,0.009280949,,,,0.280365269,0.692563136,1,,,,
4.715,0.002780115,0.006850425,0.009892982,,,,0.28101891,0.692452976,1,,,,
4.72,0.002946774,0.00724475,0.010465039,,,,0.281582692,0.692281236,1,,,,
4.725,0.003101123,0.007608897,0.010994445,,,,0.282062711,0.692067411,1,,,,
4.73,0.003242432,0.007940943,0.011478627,,,,0.282475627,0.691802534,1,,,,
4.735,0.003370292,0.008239168,0.011915264,,,,0.282854992,0.691480094,1,,,,
4.74,0.003483784,0.008502388,0.012302189,,,,0.283184035,0.691128011,1,,,,
4.745,0.003582599,0.008729054,0.012637503,,,,0.283489483,0.690726152,1,,,,
4.75,0.003666201,0.008917966,0.012919395,,,,0.283774939,0.690277382,1,,,,
4.755,0.003734148,0.009068236,0.013146502,,,,0.28404117,0.689783198,1,,,,
4.76,0.003786109,0.009179092,0.013317394,,,,0.284298041,0.689255878,1,,,,
4.765,0.003821957,0.009249649,0.013431226,,,,0.284557595,0.688667467,1,,,,
4.77,0.003841316,0.009279472,0.013487056,,,,0.284815034,0.688028004,1,,,,
4.775,0.003844073,0.009268435,0.013484519,,,,0.285073036,0.687338951,1,,,,
4.78,0.003830282,0.009216201,0.013423366,,,,0.285344397,0.686579016,1,,,,
4.785,0.003799777,0.00912286,0.013303487,,,,0.285622646,0.685749504,1,,,,
4.79,0.00375276,0.00898872,0.013125263,,,,0.285918832,0.684841121,1,,,,
4.795,0.003689305,0.008814283,0.01288925,,,,0.286231179,0.683847579,1,,,,
4.8,0.003609803,0.008599924,0.012596179,,,,0.286579185,0.682740632,1,,,,
4.805,0.003514275,0.008346682,0.012247134,,,,0.286946738,0.681521227,1,,,,
4.81,0.003403326,0.008055413,0.011843498,,,,0.287358145,0.680154905,1,,,,
4.815,0.003277291,0.007727273,0.011386821,,,,0.287814403,0.678615466,1,,,,
4.82,0.003136678,0.007363591,0.010878876,,,,0.288327426,0.676870582,1,,,,
4.825,0.002981976,0.006965904,0.010321836,,,,0.288899787,0.674870588,1,,,,
4.83,0.002813958,0.006535779,0.009717949,,,,0.289562952,0.672547149,1,,,,
4.835,0.002633219,0.006075021,0.009069663,,,,0.290332657,0.669817729,1,,,,
4.84,0.002440551,0.005585692,0.008379861,,,,0.291240025,0.666561479,1,,,,
4.845,0.002236768,0.00506977,0.007651452,,,,0.292332516,0.662589336,1,,,,
4.85,0.002022629,0.004529436,0.006887401,,,,0.2936709,0.657640846,1,,,,
4.855,0.00179912,0.003967077,0.00609124,,,,0.295361856,0.651275728,1,,,,
4.86,0.00156725,0.003385264,0.005266351,,,,0.29759694,0.642810216,1,,,,
4.865,0.001327845,0.002786263,0.00441628,,,,0.300670469,0.630907337,1,,,,
4.87,0.001082,0.002172846,0.003544821,,,,0,0,0,,,,
4.875,0.00083086,0.001547822,0.002655846,,,,0,0,0,,,,
4.88,0.000575418,0.000913772,0.001753236,,,,0,0,0,,,,
4.885,0.000316701,0.000273547,0.000841081,,,,0,0,0,,,,
4.89,5.60E-05,-0.000369884,-7.66E-05,,,,0,0,0,,,,
4.895,-0.00020562,-0.001013762,-0.000995636,,,,0,0,0,,,,
4.9,-0.0004671,-0.001655244,-0.00191187,,,,0,0,0,,,,
4.905,-0.000727103,-0.002291236,-0.002821196,,,,0,0,0,,,,
4.91,-0.000984656,-0.002919129,-0.003719564,,,,0,0,0,,,,
4.915,-0.001238518,-0.003535888,-0.004602689,,,,-0.269085773,-0.768222232,-1,,,,
4.92,-0.001487625,-0.004138776,-0.005466745,,,,-0.272122647,-0.757082422,-1,,,,
4.925,-0.001730821,-0.004725124,-0.006307729,,,,-0.274396924,-0.749100667,-1,,,,
4.93,-0.001967157,-0.005292164,-0.007121675,,,,-0.276221073,-0.743106651,-1,,,,
4.935,-0.002195312,-0.005837331,-0.007904966,,,,-0.277712984,-0.738438489,-1,,,,
4.94,-0.002414481,-0.006358217,-0.00865404,,,,-0.279000406,-0.734710817,-1,,,,
4.945,-0.00262363,-0.00685232,-0.009365302,,,,-0.280143706,-0.731671047,-1,,,,
4.95,-0.002821771,-0.007317309,-0.01003549,,,,-0.281179183,-0.729143203,-1,,,,
4.955,-0.003007954,-0.007751241,-0.010661717,,,,-0.282126573,-0.727016212,-1,,,,
4.96,-0.003181501,-0.008151912,-0.011240803,,,,-0.283031473,-0.725207246,-1,,,,
4.965,-0.003341543,-0.008517533,-0.011770086,,,,-0.283901287,-0.723659403,-1,,,,
4.97,-0.003487259,-0.008846461,-0.012247303,,,,-0.284736895,-0.722319111,-1,,,,
4.975,-0.003618096,-0.00913714,-0.012670053,,,,-0.285562775,-0.721160362,-1,,,,
4.98,-0.003733311,-0.009388066,-0.013036312,,,,-0.286377872,-0.720147414,-1,,,,
4.985,-0.0038325,-0.009598196,-0.01334456,,,,-0.287195689,-0.719259081,-1,,,,
4.99,-0.003915073,-0.009766533,-0.013593233,,,,-0.28801634,-0.718484931,-1,,,,
4.995,-0.003980671,-0.009892103,-0.013781078,,,,-0.288850505,-0.717803239,-1,,,,
5,-0.004028982,-0.009974422,-0.013907297,,,,-0.289702754,-0.717207854,-1,,,,
5.005,-0.004059799,-0.010013152,-0.01397131,,,,-0.290581169,-0.716693849,-1,,,,
5.01,-0.004072914,-0.0100079,-0.013972596,,,,-0.291493005,-0.716252042,-1,,,,
5.015,-0.004068218,-0.009958652,-0.013911281,,,,-0.292440251,-0.715868821,-1,,,,
5.02,-0.004045734,-0.009865738,-0.013787674,,,,-0.293431177,-0.715547672,-1,,,,
5.025,-0.004005508,-0.00972942,-0.013602177,,,,-0.294475509,-0.715284053,-1,,,,
5.03,-0.003947669,-0.009550191,-0.013355672,,,,-0.295579951,-0.71506632,-1,,,,
5.035,-0.003872459,-0.009329041,-0.013049365,,,,-0.296754604,-0.71490384,-1,,,,
5.04,-0.003780254,-0.009066904,-0.012684579,,,,-0.298019688,-0.714797381,-1,,,,
5.045,-0.003671394,-0.008764751,-0.012262879,,,,-0.299390889,-0.714738448,-1,,,,
5.05,-0.003546346,-0.008424125,-0.011786378,,,,-0.300885162,-0.714733992,-1,,,,
5.055,-0.003405617,-0.008046582,-0.01125721,,,,-0.302527626,-0.714793585,-1,,,,
5.06,-0.003249862,-0.007633598,-0.010677655,,,,-0.30436107,-0.714913342,-1,,,,
5.065,-0.00307971,-0.007187165,-0.010050601,,,,-0.306420518,-0.715098028,-1,,,,
5.07,-0.002895801,-0.006709403,-0.009378878,,,,-0.308757768,-0.715373734,-1,,,,
5.075,-0.002699138,-0.006202204,-0.008665404,,,,-0.311484428,-0.715743204,-1,,,,
5.08,-0.002490516,-0.005667999,-0.007913633,,,,-0.314712122,-0.716232218,-1,,,,
5.085,-0.002270881,-0.005109384,-0.007127045,,,,-0.318628652,-0.71690076,-1,,,,
5.09,-0.002041152,-0.004528583,-0.006309091,,,,-0.323525446,-0.717786839,-1,,,,
5.095,-0.001802355,-0.003928272,-0.005463588,,,,-0.329884924,-0.718991201,-1,,,,
5.1,-0.001555617,-0.003311438,-0.004594563,,,,-0.338577762,-0.720729674,-1,,,,
5.105,-0.001301883,-0.002680572,-0.003705853,,,,0,0,0,,,,
5.11,-0.001042343,-0.002038513,-0.002801454,,,,0,0,0,,,,
5.115,-0.000778251,-0.001388374,-0.001885737,,,,0,0,0,,,,
5.12,-0.000510716,-0.000733034,-0.000962736,,,,0,0,0,,,,
5.125,-0.00024093,-7.53E-05,-3.65E-05,,,,0,0,0,,,,
5.13,2.98E-05,0.00058171,0.000888454,,,,0,0,0,,,,
5.135,0.000300523,0.001235017,0.001808055,,,,0,0,0,,,,
5.14,0.000569792,0.001881807,0.002718233,,,,0,0,0,,,,
5.145,0.000836506,0.002519193,0.003614746,,,,0,0,0,,,,
5.15,0.001099511,0.00314416,0.004493527,,,,0.244687879,0.69970881,1,,,,
5.155,0.001357532,0.003754064,0.005350756,,,,0.253708463,0.701594988,1,,,,
5.16,0.001609401,0.004346221,0.006182581,,,,0.260312139,0.702978365,1,,,,
5.165,0.001854049,0.00491775,0.00698517,,,,0.265426459,0.704027243,1,,,,
5.17,0.002090419,0.005466361,0.007755122,,,,0.269553404,0.704871069,1,,,,
5.175,0.002317291,0.005989594,0.008488939,,,,0.272977714,0.705576333,1,,,,
5.18,0.002533847,0.006485019,0.00918334,,,,0.275917852,0.706172178,1,,,,
5.185,0.002739084,0.00695064,0.009835388,,,,0.278492764,0.706697056,1,,,,
5.19,0.002932012,0.007384453,0.010442158,,,,0.280786068,0.707176976,1,,,,
5.195,0.003111872,0.007784348,0.011001091,,,,0.282869419,0.707597778,1,,,,
5.2,0.003277786,0.008148773,0.011509839,,,,0.284781249,0.707983191,1,,,,
5.205,0.003428993,0.00847623,0.011966202,,,,0.286556532,0.7083475,1,,,,
5.21,0.003564931,0.008765165,0.012368318,,,,0.28823085,0.708678789,1,,,,
5.215,0.003684943,0.009014525,0.01271454,,,,0.289821228,0.708993467,1,,,,
5.22,0.003788505,0.009223324,0.01300347,,,,0.291345719,0.709297169,1,,,,
5.225,0.0038752,0.009390672,0.013233905,,,,0.292823629,0.709591931,1,,,,
5.23,0.003944721,0.009515959,0.013405203,,,,0.294267943,0.709870565,1,,,,
5.235,0.003996726,0.009598852,0.013516618,,,,0.295689779,0.710151901,1,,,,
5.24,0.004030885,0.009638976,0.013567891,,,,0.297090012,0.710425502,1,,,,
5.245,0.00404722,0.009636384,0.013559138,,,,0.298486543,0.710692976,1,,,,
5.25,0.004045595,0.009591189,0.013490501,,,,0.299884727,0.710958687,1,,,,
5.255,0.004026012,0.009503815,0.01336253,,,,0.301291151,0.711228687,1,,,,
5.26,0.00398878,0.009374731,0.013176042,,,,0.302729727,0.71149825,1,,,,
5.265,0.003933981,0.00920471,0.012932088,,,,0.304203081,0.711772866,1,,,,
5.27,0.003861837,0.008994692,0.012631937,,,,0.305720074,0.712059537,1,,,,
5.275,0.003772908,0.008745707,0.012277229,,,,0.307309399,0.712351853,1,,,,
5.28,0.003667403,0.008459107,0.011869721,,,,0.3089713,0.712662695,1,,,,
5.285,0.003545903,0.008136275,0.011411463,,,,0.310731656,0.712991415,1,,,,
5.29,0.003408962,0.00777881,0.01090475,,,,0.312612622,0.713341478,1,,,,
5.295,0.003257284,0.007388405,0.010351942,,,,0.314654367,0.713721562,1,,,,
5.3,0.003091545,0.006967079,0.00975577,,,,0.316894001,0.714149577,1,,,,
5.305,0.002912574,0.006516795,0.009119083,,,,0.31939334,0.714632654,1,,,,
5.31,0.002721211,0.006039673,0.008444717,,,,0.322238214,0.715201304,1,,,,
5.315,0.002518252,0.005538,0.007736002,,,,0.325523648,0.715873622,1,,,,
5.32,0.002304674,0.00501418,0.006996218,,,,0.329417146,0.716698718,1,,,,
5.325,0.002081481,0.004470505,0.006228653,,,,0.334178294,0.717732184,1,,,,
5.33,0.00184968,0.003909607,0.005436973,,,,0.340204012,0.719077784,1,,,,
5.335,0.001610275,0.003334153,0.004624723,,,,0.34818852,0.720941027,1,,,,
5.34,0.00136455,0.002746531,0.003795549,,,,0,0,0,,,,
5.345,0.001113462,0.002149608,0.002953132,,,,0,0,0,,,,
5.35,0.000858244,0.001546219,0.002101392,,,,0,0,0,,,,
5.355,0.000600046,0.000938826,0.001243973,,,,0,0,0,,,,
5.36,0.000339958,0.000330219,0.000384675,,,,0,0,0,,,,
5.365,7.91E-05,-0.000276741,-0.0004726,,,,0,0,0,,,,
5.37,-0.000181109,-0.000879476,-0.001324222,,,,0,0,0,,,,
5.375,-0.000439789,-0.001475398,-0.002166519,,,,0,0,0,,,,
5.38,-0.000695649,-0.002061685,-0.002995801,,,,0,0,0,,,,
5.385,-0.00094747,-0.00263587,-0.003808569,,,,0,0,0,,,,
5.39,-0.001194284,-0.003195541,-0.004601413,,,,-0.259547283,-0.694469578,-1,,,,
5.395,-0.001434959,-0.003738264,-0.00537086,,,,-0.26717493,-0.69602719,-1,,,,
5.4,-0.001668358,-0.004261525,-0.006113812,,,,-0.272883447,-0.697032333,-1,,,,
5.405,-0.001893603,-0.004763457,-0.006827105,,,,-0.277365443,-0.697727277,-1,,,,
5.41,-0.002109614,-0.005241807,-0.007507863,,,,-0.28098734,-0.698175563,-1,,,,
5.415,-0.002315525,-0.005694411,-0.008153257,,,,-0.284000005,-0.698421675,-1,,,,
5.42,-0.002510376,-0.006119592,-0.008760751,,,,-0.286548041,-0.698523707,-1,,,,
5.425,-0.002693333,-0.006515738,-0.009327942,,,,-0.288738185,-0.698518313,-1,,,,
5.43,-0.002863641,-0.006880841,-0.009852545,,,,-0.290649863,-0.698382094,-1,,,,
5.435,-0.003020683,-0.007213851,-0.010332544,,,,-0.292346521,-0.698167917,-1,,,,
5.44,-0.003163636,-0.007513495,-0.010766174,,,,-0.293849583,-0.69787975,-1,,,,
5.445,-0.003292043,-0.007778258,-0.011151719,,,,-0.295204964,-0.697494075,-1,,,,
5.45,-0.003405429,-0.008007439,-0.011487851,,,,-0.296437395,-0.697035352,-1,,,,
5.455,-0.003503203,-0.008200444,-0.011773434,,,,-0.297551474,-0.69652097,-1,,,,
5.46,-0.003585052,-0.008356095,-0.012007502,,,,-0.298567702,-0.695906146,-1,,,,
5.465,-0.003650701,-0.008474228,-0.012189225,,,,-0.299502332,-0.695222874,-1,,,,
5.47,-0.003699851,-0.008554667,-0.012318317,,,,-0.3003536,-0.694467182,-1,,,,
5.475,-0.003732337,-0.008597074,-0.012394383,,,,-0.3011313,-0.69362665,-1,,,,
5.48,-0.003748197,-0.008601349,-0.012417316,,,,-0.301852407,-0.692689862,-1,,,,
5.485,-0.003747352,-0.008568081,-0.012387443,,,,-0.302512149,-0.691674712,-1,,,,
5.49,-0.003729884,-0.008497361,-0.012305156,,,,-0.303115574,-0.690552904,-1,,,,
5.495,-0.003695856,-0.008389655,-0.01217102,,,,-0.303660358,-0.689314034,-1,,,,
5.5,-0.003645632,-0.008245751,-0.011985934,,,,-0.304159205,-0.687952295,-1,,,,
5.505,-0.003579364,-0.008066605,-0.011750975,,,,-0.304601472,-0.686462674,-1,,,,
5.51,-0.003497472,-0.007852848,-0.011467415,,,,-0.304992162,-0.684796711,-1,,,,
5.515,-0.003400403,-0.007605856,-0.011136559,,,,-0.30533694,-0.682962858,-1,,,,
5.52,-0.003288597,-0.007326841,-0.010760279,,,,-0.305623756,-0.680915541,-1,,,,
5.525,-0.003162658,-0.007017147,-0.010340269,,,,-0.30585836,-0.678623271,-1,,,,
5.53,-0.003023253,-0.006678212,-0.00987851,,,,-0.306043362,-0.676034287,-1,,,,
5.535,-0.002870845,-0.006311837,-0.009377209,,,,-0.306151314,-0.673104033,-1,,,,
5.54,-0.002706318,-0.005919578,-0.008838734,,,,-0.306188426,-0.669731415,-1,,,,
5.545,-0.002530425,-0.005503351,-0.008265467,,,,-0.306144224,-0.665824649,-1,,,,
5.55,-0.002344034,-0.005065069,-0.007659978,,,,-0.306010532,-0.661238028,-1,,,,
5.555,-0.002147803,-0.004606701,-0.007025042,,,,-0.305735183,-0.655754211,-1,,,,
5.56,-0.001942858,-0.00413029,-0.006363409,,,,-0.305317182,-0.649068738,-1,,,,
5.565,-0.001730097,-0.003638114,-0.00567796,,,,-0.304703986,-0.640743061,-1,,,,
5.57,-0.001510373,-0.003132219,-0.004971772,,,,-0.30378973,-0.630000622,-1,,,,
5.575,-0.001284717,-0.002614809,-0.004247783,,,,0,0,0,,,,
5.58,-0.001054249,-0.002088282,-0.003509274,,,,0,0,0,,,,
5.585,-0.000819845,-0.001554857,-0.002759225,,,,0,0,0,,,,
5.59,-0.000582694,-0.001016718,-0.00200091,,,,0,0,0,,,,
5.595,-0.000343768,-0.000476409,-0.001237603,,,,0,0,0,,,,
5.6,-0.000104083,6.39E-05,-0.000472345,,,,0,0,0,,,,
5.605,0.00013514,0.000602004,0.000291574,,,,0,0,0,,,,
5.61,0.000373106,0.001135479,0.001050944,,,,0,0,0,,,,
5.615,0.000608648,0.001662136,0.001802613,,,,0,0,0,,,,
5.62,0.000840707,0.002179889,0.002543601,,,,0,0,0,,,,
5.625,0.001068343,0.002686407,0.003270757,,,,0,0,0,,,,
5.63,0.001290667,0.003179706,0.003981057,,,,0,0,0,,,,
5.635,0.001506545,0.003657839,0.004671881,,,,0.322470764,0.782947777,1,,,,
5.64,0.001715141,0.004118654,0.005340104,,,,0.321181237,0.771268403,1,,,,
5.645,0.001915655,0.004560426,0.005983145,,,,0.320175267,0.762212093,1,,,,
5.65,0.002107226,0.004981504,0.00659856,,,,0.319346349,0.754937975,1,,,,
5.655,0.00228891,0.005380021,0.007183654,,,,0.318627487,0.748925396,1,,,,
5.66,0.002460148,0.005754399,0.007736198,,,,0.318004766,0.743827775,1,,,,
5.665,0.002620097,0.006103327,0.008254066,,,,0.317431013,0.739432821,1,,,,
5.67,0.002768097,0.006425332,0.008735137,,,,0.31689223,0.735573145,1,,,,
5.675,0.002903632,0.006719117,0.009177586,,,,0.316382917,0.732122464,1,,,,
5.68,0.003026059,0.006983635,0.009579641,,,,0.315884368,0.729008074,1,,,,
5.685,0.003134945,0.007217928,0.009939735,,,,0.315395244,0.726169,1,,,,
5.69,0.003229976,0.007421022,0.010256496,,,,0.31491999,0.723543647,1,,,,
5.695,0.003310639,0.007592234,0.010528775,,,,0.314437283,0.721093724,1,,,,
5.7,0.00337672,0.007730963,0.010755465,,,,0.313953924,0.718793901,1,,,,
5.705,0.003427876,0.007836658,0.010935802,,,,0.313454468,0.716605702,1,,,,
5.71,0.003464067,0.007908986,0.011069204,,,,0.312946349,0.714503603,1,,,,
5.715,0.003485058,0.00794782,0.011155078,,,,0.312419001,0.71248446,1,,,,
5.72,0.003490771,0.007953027,0.011193345,,,,0.311861293,0.710513887,1,,,,
5.725,0.003481432,0.007924677,0.011183821,,,,0.311291836,0.708584046,1,,,,
5.73,0.003457039,0.007863014,0.011126572,,,,0.310701179,0.706687907,1,,,,
5.735,0.003417581,0.007768385,0.011022073,,,,0.310067003,0.704802554,1,,,,
5.74,0.003363481,0.007641189,0.010870795,,,,0.309405188,0.702909838,1,,,,
5.745,0.003294927,0.007482138,0.01067339,,,,0.308704793,0.701008606,1,,,,
5.75,0.003212084,0.007291782,0.010430841,,,,0.307941047,0.699059891,1,,,,
5.755,0.003115566,0.007071074,0.010144245,,,,0.307126473,0.697052782,1,,,,
5.76,0.00300573,0.00682099,0.00981479,,,,0.306244976,0.694970594,1,,,,
5.765,0.002883111,0.006542589,0.009443926,,,,0.305287349,0.692782719,1,,,,
5.77,0.002748293,0.006237028,0.00903335,,,,0.304238487,0.690444661,1,,,,
5.775,0.002601936,0.005905709,0.008584646,,,,0.303091778,0.687938549,1,,,,
5.78,0.002444506,0.005549913,0.008099866,,,,0.301795832,0.685185727,1,,,,
5.785,0.002276824,0.005171181,0.007581128,,,,0.300327904,0.682112429,1,,,,
5.79,0.002099669,0.004771191,0.007030586,,,,0.298647766,0.678633418,1,,,,
5.795,0.001913641,0.004351431,0.006450513,,,,0.296664899,0.674586715,1,,,,
5.8,0.001719652,0.003913771,0.005843538,,,,0.294282574,0.669760408,1,,,,
5.805,0.001518637,0.003460116,0.00521215,,,,0.291364823,0.663855701,1,,,,
5.81,0.001311372,0.002992271,0.004558888,,,,0.287651796,0.656359865,1,,,,
5.815,0.001098799,0.002512131,0.003886719,,,,0,0,0,,,,
5.82,0.000881826,0.002021839,0.003198554,,,,0,0,0,,,,
5.825,0.000661279,0.001523242,0.002497008,,,,0,0,0,,,,
5.83,0.000438234,0.001018457,0.00178542,,,,0,0,0,,,,
5.835,0.000213603,0.000509656,0.001066734,,,,0,0,0,,,,
5.84,-1.17E-05,-1.12E-06,0.000343881,,,,0,0,0,,,,
5.845,-0.000236542,-0.000511793,-0.000379989,,,,0,0,0,,,,
5.85,-0.000460064,-0.001020129,-0.001101688,,,,0,0,0,,,,
5.855,-0.000681265,-0.00152404,-0.001818237,,,,0,0,0,,,,
5.86,-0.000899241,-0.002021498,-0.002526575,,,,0,0,0,,,,
5.865,-0.001113075,-0.002510408,-0.003223471,,,,0,0,0,,,,
5.87,-0.001321918,-0.002988702,-0.003906002,,,,0,0,0,,,,
5.875,-0.001524846,-0.003454401,-0.004571363,,,,-0.333564865,-0.755661141,-1,,,,
5.88,-0.001720949,-0.003905532,-0.005216413,,,,-0.329910436,-0.748700728,-1,,,,
5.885,-0.001909354,-0.00434017,-0.005838529,,,,-0.327026605,-0.743367054,-1,,,,
5.89,-0.002089383,-0.004756432,-0.006435004,,,,-0.324690255,-0.739149806,-1,,,,
5.895,-0.002260138,-0.00515272,-0.007003158,,,,-0.322731173,-0.73577082,-1,,,,
5.9,-0.002420946,-0.005527237,-0.007540512,,,,-0.321058587,-0.733005522,-1,,,,
5.905,-0.002571199,-0.005878377,-0.008044614,,,,-0.319617471,-0.730722037,-1,,,,
5.91,-0.002710215,-0.006204692,-0.008513333,,,,-0.318349464,-0.728820507,-1,,,,
5.915,-0.0028374,-0.006504903,-0.008944486,,,,-0.31722341,-0.727252841,-1,,,,
5.92,-0.002952232,-0.006777489,-0.00933618,,,,-0.316214186,-0.72593821,-1,,,,
5.925,-0.003054129,-0.007021288,-0.009686667,,,,-0.315292074,-0.72484043,-1,,,,
5.93,-0.003142648,-0.007235363,-0.009994336,,,,-0.31444288,-0.723946337,-1,,,,
5.935,-0.003217569,-0.00741869,-0.010257812,,,,-0.31367009,-0.723223405,-1,,,,
5.94,-0.003278492,-0.007570356,-0.010475801,,,,-0.312958555,-0.722651744,-1,,,,
5.945,-0.00332507,-0.007689796,-0.010647295,,,,-0.312292455,-0.722230049,-1,,,,
5.95,-0.003357383,-0.007776492,-0.010771463,,,,-0.311692386,-0.721953192,-1,,,,
5.955,-0.003375185,-0.00782982,-0.010847638,,,,-0.311144706,-0.721799475,-1,,,,
5.96,-0.003378168,-0.007849593,-0.010875467,,,,-0.310622818,-0.721770649,-1,,,,
5.965,-0.003366628,-0.007835757,-0.010854712,,,,-0.310153633,-0.721876147,-1,,,,
5.97,-0.003340479,-0.007788128,-0.010785408,,,,-0.309722107,-0.722098596,-1,,,,
5.975,-0.003299722,-0.007706854,-0.010667709,,,,-0.309318735,-0.722446945,-1,,,,
5.98,-0.003244765,-0.007592477,-0.010502089,,,,-0.308963757,-0.722949159,-1,,,,
5.985,-0.003175723,-0.007445224,-0.010289197,,,,-0.308646382,-0.723596169,-1,,,,
5.99,-0.003092891,-0.007265613,-0.010029782,,,,-0.30837075,-0.724403871,-1,,,,
5.995,-0.002996798,-0.007054621,-0.009724987,,,,-0.308154495,-0.725411825,-1,,,,
6,-0.002887637,-0.00681289,-0.009376162,,,,-0.307976462,-0.726618198,-1,,,,
6.005,-0.002765925,-0.006541302,-0.008984636,,,,-0.30785057,-0.728054273,-1,,,,
6.01,-0.002632247,-0.006241206,-0.008552154,,,,-0.307787575,-0.729781729,-1,,,,
6.015,-0.002487224,-0.005913794,-0.008080615,,,,-0.307801275,-0.73184948,-1,,,,
6.02,-0.002331383,-0.005560261,-0.00757199,,,,-0.307895614,-0.734319629,-1,,,,
6.025,-0.002165513,-0.005182313,-0.007028376,,,,-0.308110046,-0.737341354,-1,,,,
6.03,-0.0019904,-0.004781494,-0.006452361,,,,-0.308476316,-0.741045615,-1,,,,
6.035,-0.001806705,-0.004359428,-0.005846317,,,,-0.309033027,-0.745670824,-1,,,,
6.04,-0.001615262,-0.003917986,-0.005212897,,,,-0.309858717,-0.751594813,-1,,,,
6.045,-0.001416925,-0.003459052,-0.00455504,,,,-0.311067551,-0.759389921,-1,,,,
6.05,-0.001212414,-0.002984619,-0.003875566,,,,0,0,0,,,,
6.055,-0.00100278,-0.002496715,-0.003177496,,,,0,0,0,,,,
6.06,-0.000788986,-0.0019975,-0.002463894,,,,0,0,0,,,,
6.065,-0.000571813,-0.001489213,-0.001738065,,,,0,0,0,,,,
6.07,-0.000352386,-0.00097411,-0.001003134,,,,0,0,0,,,,
6.075,-0.000131641,-0.000454239,-0.000262396,,,,0,0,0,,,,
6.08,8.95E-05,6.78E-05,0.000480625,,,,0,0,0,,,,
6.085,0.000310108,0.000589885,0.00122272,,,,0,0,0,,,,
6.09,0.000529117,0.001109734,0.001960492,,,,0,0,0,,,,
6.095,0.000745551,0.001624924,0.002690493,,,,0,0,0,,,,
6.1,0.000958539,0.002133037,0.003409541,,,,0,0,0,,,,
6.105,0.001166966,0.002632035,0.004114307,,,,0,0,0,,,,
6.11,0.001369946,0.003119486,0.004801563,,,,0.285312554,0.649681374,1,,,,
6.115,0.001566703,0.003593078,0.00546816,,,,0.286513695,0.657090786,1,,,,
6.12,0.001756243,0.004050904,0.006111062,,,,0.287387595,0.662880517,1,,,,
6.125,0.00193774,0.004490831,0.006727239,,,,0.288043933,0.667559232,1,,,,
6.13,0.002110541,0.004910655,0.007313887,,,,0.288566256,0.671415296,1,,,,
6.135,0.002273685,0.005308578,0.007868307,,,,0.28896753,0.674678468,1,,,,
6.14,0.002426523,0.005682801,0.008387916,,,,0.28928795,0.677498613,1,,,,
6.145,0.002568357,0.00603148,0.008870336,,,,0.289544548,0.679960757,1,,,,
6.15,0.00269852,0.006352933,0.009313317,,,,0.289748581,0.682134283,1,,,,
6.155,0.00281641,0.006645894,0.009714785,,,,0.289909654,0.684100995,1,,,,
6.16,0.002921583,0.006908842,0.010072853,,,,0.290045289,0.6858873,1,,,,
6.165,0.003013541,0.007140489,0.010385787,,,,0.290160121,0.687525098,1,,,,
6.17,0.003091812,0.007339913,0.0106522,,,,0.290251046,0.689051387,1,,,,
6.175,0.003156179,0.007506172,0.010870805,,,,0.290335354,0.690489069,1,,,,
6.18,0.003206273,0.007638152,0.011040534,,,,0.290409264,0.691828146,1,,,,
6.185,0.003241745,0.007735455,0.011160608,,,,0.290463117,0.693103385,1,,,,
6.19,0.003262637,0.007797684,0.011230529,,,,0.290515018,0.694329173,1,,,,
6.195,0.003268807,0.007824245,0.011249815,,,,0.290565427,0.695499937,1,,,,
6.2,0.003260136,0.007815098,0.011218345,,,,0.290607566,0.696635515,1,,,,
6.205,0.003236893,0.007770439,0.011136396,,,,0.290658947,0.697751667,1,,,,
6.21,0.003199037,0.007690173,0.011004149,,,,0.29071186,0.698843079,1,,,,
6.215,0.003146763,0.007574684,0.010822223,,,,0.290768619,0.699919407,1,,,,
6.22,0.003080422,0.007424689,0.010591543,,,,0.290837908,0.701001646,1,,,,
6.225,0.003000151,0.00724067,0.010313128,,,,0.290906022,0.702082798,1,,,,
6.23,0.002906363,0.007023322,0.00998808,,,,0.290983128,0.703170407,1,,,,
6.235,0.002799564,0.006773963,0.00961805,,,,0.291073992,0.704296929,1,,,,
6.24,0.002680255,0.006493641,0.009204772,,,,0.291180995,0.705464666,1,,,,
6.245,0.002548922,0.006183443,0.008749845,,,,0.291310533,0.706691693,1,,,,
6.25,0.002406237,0.005844929,0.008255589,,,,0.291467599,0.707996594,1,,,,
6.255,0.002252853,0.005479831,0.007724293,,,,0.291658113,0.709428223,1,,,,
6.26,0.002089453,0.005089525,0.007158237,,,,0.291894927,0.71100259,1,,,,
6.265,0.001916758,0.004675901,0.006560077,,,,0.292185207,0.712781438,1,,,,
6.27,0.001735661,0.004241014,0.005932683,,,,0.29255911,0.714855977,1,,,,
6.275,0.001546909,0.003786749,0.005278734,,,,0.293045517,0.717359351,1,,,,
6.28,0.00135145,0.003315089,0.004601259,,,,0.293713102,0.72047438,1,,,,
6.285,0.001150225,0.002828561,0.0039035,,,,0,0,0,,,,
6.29,0.000944047,0.002329249,0.003188422,,,,0,0,0,,,,
6.295,0.000733958,0.001819279,0.002459437,,,,0,0,0,,,,
6.3,0.000520837,0.001301349,0.00171985,,,,0,0,0,,,,
6.305,0.00030568,0.000777704,0.000972966,,,,0,0,0,,,,
6.31,8.95E-05,0.000250677,0.000222227,,,,0,0,0,,,,
6.315,-0.000126687,-0.000277112,-0.000528977,,,,0,0,0,,,,
6.32,-0.000341967,-0.000803173,-0.001277291,,,,0,0,0,,,,
6.325,-0.000555313,-0.001325355,-0.002019346,,,,0,0,0,,,,
6.33,-0.000765699,-0.001840956,-0.002751705,,,,0,0,0,,,,
6.335,-0.000972222,-0.002347652,-0.003471201,,,,0,0,0,,,,
6.34,-0.001174019,-0.002843316,-0.004174566,,,,0,0,0,,,,
6.345,-0.001370048,-0.003325502,-0.004858571,,,,-0.281985716,-0.684460958,-1,,,,
6.35,-0.001559426,-0.003792013,-0.005520379,,,,-0.282485326,-0.686911685,-1,,,,
6.355,-0.001741449,-0.004240741,-0.006156938,,,,-0.282843301,-0.688774267,-1,,,,
6.36,-0.001915079,-0.004669694,-0.006765425,,,,-0.28306856,-0.690229257,-1,,,,
6.365,-0.002079687,-0.005076788,-0.007343321,,,,-0.28320792,-0.691347688,-1,,,,
6.37,-0.002234553,-0.005460338,-0.007888018,,,,-0.283284464,-0.692231855,-1,,,,
6.375,-0.002378881,-0.005818509,-0.008397114,,,,-0.283297409,-0.69291772,-1,,,,
6.38,-0.002512179,-0.006149802,-0.008868526,,,,-0.283269028,-0.693441248,-1,,,,
6.385,-0.002633853,-0.006452677,-0.00930027,,,,-0.283201769,-0.693816077,-1,,,,
6.39,-0.002743222,-0.006725807,-0.009690416,,,,-0.283086102,-0.694067973,-1,,,,
6.395,-0.002839947,-0.006968023,-0.010037459,,,,-0.282934874,-0.694201858,-1,,,,
6.4,-0.002923691,-0.007178269,-0.010340017,,,,-0.282754917,-0.694222107,-1,,,,
6.405,-0.002993912,-0.007355692,-0.010596739,,,,-0.282531436,-0.69414682,-1,,,,
6.41,-0.003050391,-0.007499544,-0.010806786,,,,-0.28226626,-0.69396622,-1,,,,
6.415,-0.003093027,-0.007609299,-0.010969273,,,,-0.281971909,-0.693692159,-1,,,,
6.42,-0.003121563,-0.007684484,-0.01108365,,,,-0.281636736,-0.693317078,-1,,,,
6.425,-0.003135842,-0.007724942,-0.011149607,,,,-0.281251378,-0.69284431,-1,,,,
6.43,-0.003136002,-0.007730509,-0.011167042,,,,-0.280826586,-0.692261078,-1,,,,
6.435,-0.00312196,-0.007701337,-0.011136043,,,,-0.280347321,-0.691568497,-1,,,,
6.44,-0.003093798,-0.00763757,-0.01105688,,,,-0.279807473,-0.690752698,-1,,,,
6.445,-0.003051865,-0.007539677,-0.010930141,,,,-0.279215484,-0.689806086,-1,,,,
6.45,-0.002996171,-0.007408253,-0.010756546,,,,-0.278543978,-0.688720453,-1,,,,
6.455,-0.002927172,-0.007243957,-0.010537038,,,,-0.277798336,-0.687475629,-1,,,,
6.46,-0.002845266,-0.007047639,-0.010272747,,,,-0.276972283,-0.686052046,-1,,,,
6.465,-0.002750717,-0.006820304,-0.00996502,,,,-0.276037242,-0.68442449,-1,,,,
6.47,-0.002643963,-0.006563133,-0.009615388,,,,-0.274972013,-0.682565584,-1,,,,
6.475,-0.002525727,-0.00627729,-0.009225541,,,,-0.273775523,-0.680425217,-1,,,,
6.48,-0.002396418,-0.005964391,-0.008797365,,,,-0.272401768,-0.677974648,-1,,,,
6.485,-0.002256635,-0.005625723,-0.008332828,,,,-0.270812576,-0.675127756,-1,,,,
6.49,-0.002107144,-0.005262992,-0.007834132,,,,-0.268969656,-0.671802857,-1,,,,
6.495,-0.00194863,-0.004877975,-0.007303551,,,,-0.266805826,-0.667890916,-1,,,,
6.5,-0.001781777,-0.004472485,-0.006743577,,,,-0.264218408,-0.663221449,-1,,,,
6.505,-0.001607375,-0.004048287,-0.006156723,,,,-0.261076302,-0.657539166,-1,,,,
6.51,-0.001426266,-0.003607438,-0.005545573,,,,-0.257190103,-0.650507682,-1,,,,
6.515,-0.001239159,-0.003151986,-0.004912964,,,,-0.252222343,-0.641565045,-1,,,,
6.52,-0.001047044,-0.002683943,-0.00426168,,,,0,0,0,,,,
6.525,-0.000850764,-0.00220547,-0.003594474,,,,0,0,0,,,,
6.53,-0.000651169,-0.001718679,-0.002914382,,,,0,0,0,,,,
6.535,-0.00044921,-0.001225857,-0.002224363,,,,0,0,0,,,,
6.54,-0.00024572,-0.000729027,-0.001527285,,,,0,0,0,,,,
6.545,-4.16E-05,-0.000230473,-0.000826149,,,,0,0,0,,,,
6.55,0.000162289,0.000267559,-0.000124163,,,,0,0,0,,,,
6.555,0.000364938,0.000763031,0.000576008,,,,0,0,0,,,,
6.56,0.00056561,0.001253857,0.001271396,,,,0,0,0,,,,
6.565,0.000763407,0.001737692,0.001958865,,,,0,0,0,,,,
6.57,0.000957358,0.002212656,0.002635825,,,,0,0,0,,,,
6.575,0.001146679,0.002676821,0.003299498,,,,0,0,0,,,,
6.58,0.00133074,0.003128034,0.00394701,,,,0,0,0,,,,
6.585,0.001508671,0.003564626,0.004575808,,,,0.329705955,0.779015678,1,,,,
6.59,0.001679614,0.003984863,0.005183564,,,,0.324026925,0.768749698,1,,,,
6.595,0.001843078,0.004386839,0.005767555,,,,0.319559617,0.760606387,1,,,,
6.6,0.0019982,0.004769039,0.0063256,,,,0.315890991,0.753926668,1,,,,
6.605,0.002144449,0.005130174,0.006855748,,,,0.312795756,0.748302511,1,,,,
6.61,0.002281222,0.005468537,0.007355728,,,,0.310128606,0.743439182,1,,,,
6.615,0.002407932,0.005782869,0.007823602,,,,0.307777917,0.739156763,1,,,,
6.62,0.002524119,0.006072172,0.008257809,,,,0.305664512,0.735324766,1,,,,
6.625,0.002629466,0.006335327,0.008656641,,,,0.303751237,0.731845788,1,,,,
6.63,0.002723465,0.006571307,0.009018534,,,,0.301985317,0.728644737,1,,,,
6.635,0.002805736,0.006779355,0.009342375,,,,0.300323618,0.725656447,1,,,,
6.64,0.002876053,0.006958812,0.009626959,,,,0.29874986,0.722846374,1,,,,
6.645,0.00293419,0.007108982,0.009871284,,,,0.297244982,0.720167918,1,,,,
6.65,0.002979842,0.00722948,0.010074608,,,,0.295777477,0.71759415,1,,,,
6.655,0.003012969,0.007320053,0.010236367,,,,0.294339658,0.715102619,1,,,,
6.66,0.0030335,0.007380484,0.010355943,,,,0.292923622,0.712680997,1,,,,
6.665,0.003041378,0.007410584,0.010433069,,,,0.291513298,0.710297642,1,,,,
6.67,0.003036642,0.007410615,0.010467707,,,,0.290096247,0.707950181,1,,,,
6.675,0.00301936,0.007380718,0.010459905,,,,0.288660334,0.705619955,1,,,,
6.68,0.002989629,0.00732098,0.010409711,,,,0.287196163,0.703283732,1,,,,
6.685,0.002947708,0.007232003,0.010317711,,,,0.285693997,0.700930895,1,,,,
6.69,0.002893638,0.007114323,0.010184404,,,,0.284124442,0.698550718,1,,,,
6.695,0.002827796,0.006968349,0.010010315,,,,0.28248822,0.696116878,1,,,,
6.7,0.002750644,0.006795096,0.009796489,,,,0.280778527,0.693625644,1,,,,
6.705,0.002662359,0.006595374,0.009543848,,,,0.278960707,0.691060286,1,,,,
6.71,0.002563447,0.006369866,0.009253466,,,,0.277025605,0.688376273,1,,,,
6.715,0.00245431,0.006119821,0.008926641,,,,0.274942163,0.685568182,1,,,,
6.72,0.002335465,0.005846405,0.008564942,,,,0.272677232,0.682597153,1,,,,
6.725,0.002207358,0.005550588,0.008169694,,,,0.270188601,0.679411922,1,,,,
6.73,0.002070553,0.005233768,0.007742669,,,,0.267421086,0.675964308,1,,,,
6.735,0.001925601,0.004897364,0.007285634,,,,0.264301157,0.67219471,1,,,,
6.74,0.001773221,0.004542637,0.006800367,,,,0.260753732,0.667998832,1,,,,
6.745,0.001613957,0.00417117,0.006288938,,,,0.256634267,0.663255111,1,,,,
6.75,0.00144854,0.003784457,0.005753311,,,,0.251775044,0.657787722,1,,,,
6.755,0.001277601,0.003384006,0.005195708,,,,0.245895461,0.651307996,1,,,,
6.76,0.001101777,0.002971484,0.004618321,,,,0.238566548,0.643412126,1,,,,
6.765,0.000921852,0.002548472,0.004023409,,,,0,0,0,,,,
6.77,0.000738449,0.002116616,0.00341337,,,,0,0,0,,,,
6.775,0.000552416,0.001677657,0.002790578,,,,0,0,0,,,,
6.78,0.00036443,0.001233222,0.002157427,,,,0,0,0,,,,
6.785,0.000175309,0.000785071,0.001516339,,,,0,0,0,,,,
6.79,-1.43E-05,0.000334863,0.0008699,,,,0,0,0,,,,
6.795,-0.000203588,-0.000115601,0.000220562,,,,0,0,0,,,,
6.8,-0.000391872,-0.000564707,-0.00042925,,,,0,0,0,,,,
6.805,-0.000578524,-0.00101078,-0.001076872,,,,0,0,0,,,,
6.81,-0.000762726,-0.00145216,-0.001719945,,,,0,0,0,,,,
6.815,-0.00094373,-0.001887095,-0.002355952,,,,0,0,0,,,,
6.82,-0.001120949,-0.002314118,-0.002982429,,,,0,0,0,,,,
6.825,-0.001293663,-0.002731576,-0.003597061,,,,0,0,0,,,,
6.83,-0.001461202,-0.003137869,-0.00419742,,,,0,0,0,,,,
6.835,-0.001623002,-0.003531664,-0.004781261,,,,-0.339450666,-0.738647036,-1,,,,
6.84,-0.001778312,-0.003911405,-0.005346219,,,,-0.332629849,-0.731620809,-1,,,,
6.845,-0.001926769,-0.004275725,-0.005890207,,,,-0.327113974,-0.725903938,-1,,,,
6.85,-0.002067736,-0.004623427,-0.006411098,,,,-0.32252453,-0.721159934,-1,,,,
6.855,-0.002200575,-0.004953145,-0.00690685,,,,-0.318607627,-0.717135154,-1,,,,
6.86,-0.002324879,-0.005263552,-0.007375577,,,,-0.315213177,-0.713646128,-1,,,,
6.865,-0.002440234,-0.005553758,-0.007815404,,,,-0.312233883,-0.710616961,-1,,,,
6.87,-0.002546055,-0.005822533,-0.008224698,,,,-0.309562134,-0.707932699,-1,,,,
6.875,-0.002642069,-0.006068863,-0.008601762,,,,-0.307154438,-0.705537176,-1,,,,
6.88,-0.002727923,-0.006291958,-0.008945047,,,,-0.304964673,-0.703401318,-1,,,,
6.885,-0.002803315,-0.006491012,-0.009253343,,,,-0.302951553,-0.701477512,-1,,,,
6.89,-0.002867923,-0.006665146,-0.009525202,,,,-0.301087901,-0.699738025,-1,,,,
6.895,-0.002921582,-0.006813773,-0.009759597,,,,-0.299354811,-0.698161347,-1,,,,
6.9,-0.00296402,-0.006936325,-0.009955616,,,,-0.297723369,-0.696724815,-1,,,,
6.905,-0.002995054,-0.007032364,-0.010112328,,,,-0.296178475,-0.695424844,-1,,,,
6.91,-0.003014595,-0.007101424,-0.010229069,,,,-0.29470869,-0.694239509,-1,,,,
6.915,-0.003022521,-0.007143236,-0.01030526,,,,-0.293298899,-0.693164045,-1,,,,
6.92,-0.003018872,-0.007157709,-0.010340571,,,,-0.29194447,-0.692196676,-1,,,,
6.925,-0.003003657,-0.007144695,-0.010334643,,,,-0.290639677,-0.691334486,-1,,,,
6.93,-0.002976893,-0.007104082,-0.010287459,,,,-0.289371101,-0.690557522,-1,,,,
6.935,-0.002938648,-0.007036197,-0.010199096,,,,-0.288128264,-0.689884426,-1,,,,
6.94,-0.002889168,-0.006941094,-0.010069726,,,,-0.28691624,-0.689303181,-1,,,,
6.945,-0.00282845,-0.006818978,-0.009899801,,,,-0.285707818,-0.68879956,-1,,,,
6.95,-0.002756794,-0.006670424,-0.009689873,,,,-0.284502631,-0.688391286,-1,,,,
6.955,-0.002674445,-0.006495873,-0.009440579,,,,-0.283292484,-0.688080008,-1,,,,
6.96,-0.002581803,-0.006295714,-0.009152814,,,,-0.282077532,-0.687844653,-1,,,,
6.965,-0.002479161,-0.006070882,-0.008827531,,,,-0.280844171,-0.687721389,-1,,,,
6.97,-0.002366805,-0.005822109,-0.008465991,,,,-0.279566187,-0.687705572,-1,,,,
6.975,-0.002245296,-0.005550108,-0.008069377,,,,-0.278248984,-0.687798893,-1,,,,
6.98,-0.002114992,-0.005255977,-0.007639204,,,,-0.276860304,-0.688026736,-1,,,,
6.985,-0.00197626,-0.004940814,-0.007177093,,,,-0.275356627,-0.688414347,-1,,,,
6.99,-0.001829754,-0.00460554,-0.006684739,,,,-0.273721064,-0.688963289,-1,,,,
6.995,-0.001675984,-0.004251523,-0.00616406,,,,-0.271896076,-0.689727742,-1,,,,
7,-0.001515488,-0.003880104,-0.00561693,,,,-0.269807193,-0.690787311,-1,,,,
7.005,-0.001348922,-0.003492565,-0.005045538,,,,-0.267349442,-0.692208651,-1,,,,
7.01,-0.00117695,-0.003090294,-0.004452071,,,,-0.264360086,-0.694125152,-1,,,,
7.015,-0.001000105,-0.002674962,-0.003838792,,,,0,0,0,,,,
7.02,-0.000819186,-0.002248085,-0.003208284,,,,0,0,0,,,,
7.025,-0.000634772,-0.001811101,-0.002562841,,,,0,0,0,,,,
7.03,-0.00044761,-0.001365811,-0.001905204,,,,0,0,0,,,,
7.035,-0.000258428,-0.000914103,-0.001237977,,,,0,0,0,,,,
7.04,-6.80E-05,-0.000457467,-0.000563835,,,,0,0,0,,,,
7.045,0.000122924,2.19E-06,0.000114499,,,,0,0,0,,,,
7.05,0.000313671,0.000462898,0.000794219,,,,0,0,0,,,,
7.055,0.000503397,0.000922978,0.001472427,,,,0,0,0,,,,
7.06,0.000691451,0.001380637,0.002146502,,,,0,0,0,,,,
7.065,0.000877023,0.001833779,0.00281339,,,,0,0,0,,,,
7.07,0.001059464,0.002280682,0.00347036,,,,0,0,0,,,,
7.075,0.00123794,0.002719613,0.004114782,,,,0,0,0,,,,
7.08,0.001411721,0.003148444,0.004743642,,,,0.297602693,0.663718738,1,,,,
7.085,0.001580102,0.003565524,0.005354376,,,,0.29510471,0.665908391,1,,,,
7.09,0.00174246,0.003969129,0.005944385,,,,0.293127073,0.667710669,1,,,,
7.095,0.001897946,0.004357444,0.00651097,,,,0.291499683,0.669246479,1,,,,
7.1,0.002046102,0.004728698,0.007051618,,,,0.290160638,0.67058333,1,,,,
7.105,0.002186241,0.005081519,0.007564053,,,,0.289030369,0.671798439,1,,,,
7.11,0.002317712,0.005414092,0.008045941,,,,0.28805981,0.672897331,1,,,,
7.115,0.002440049,0.005724969,0.008494936,,,,0.287235682,0.673927204,1,,,,
7.12,0.002552636,0.006012776,0.008909231,,,,0.286515833,0.674892882,1,,,,
7.125,0.002655001,0.006276195,0.009286895,,,,0.285886862,0.675812056,1,,,,
7.13,0.002746682,0.006513905,0.009625944,,,,0.285341604,0.676702967,1,,,,
7.135,0.002827203,0.006724744,0.009925007,,,,0.284856536,0.6775556,1,,,,
7.14,0.002896287,0.006907765,0.010182534,,,,0.28443677,0.678393478,1,,,,
7.145,0.002953506,0.007062005,0.010397246,,,,0.284066184,0.67921884,1,,,,
7.15,0.002998701,0.007186591,0.010568119,,,,0.283749705,0.680025557,1,,,,
7.155,0.003031589,0.007280899,0.010694212,,,,0.283479437,0.680826061,1,,,,
7.16,0.003052051,0.007344365,0.010774825,,,,0.283257585,0.681622612,1,,,,
7.165,0.003059896,0.007376431,0.010809505,,,,0.283074603,0.682402313,1,,,,
7.17,0.003055201,0.007376931,0.01079787,,,,0.282944777,0.683183921,1,,,,
7.175,0.003037758,0.00734575,0.010739891,,,,0.282848073,0.683968716,1,,,,
7.18,0.003007725,0.007282714,0.010635616,,,,0.282797418,0.684747743,1,,,,
7.185,0.002965144,0.007188096,0.010485391,,,,0.282788123,0.685534393,1,,,,
7.19,0.002910169,0.007062226,0.010289683,,,,0.282823951,0.686340527,1,,,,
7.195,0.002842869,0.006905386,0.0100494,,,,0.282889427,0.687144135,1,,,,
7.2,0.002763584,0.006718294,0.009765228,,,,0.283002544,0.68798124,1,,,,
7.205,0.002672632,0.006501533,0.009438424,,,,0.283165038,0.688836782,1,,,,
7.21,0.002570196,0.006256024,0.009070442,,,,0.283359474,0.689715441,1,,,,
7.215,0.002456966,0.005982691,0.008662733,,,,0.283624813,0.690624036,1,,,,
7.22,0.002333192,0.005682583,0.008217006,,,,0.283946701,0.691563681,1,,,,
7.225,0.002199558,0.00535689,0.007735318,,,,0.284352658,0.692523589,1,,,,
7.23,0.002056668,0.005007099,0.00721966,,,,0.284870515,0.693536706,1,,,,
7.235,0.001904982,0.004634542,0.006672326,,,,0.285505004,0.694591692,1,,,,
7.24,0.001745224,0.004240797,0.006095664,,,,0.286305783,0.6957071,1,,,,
7.245,0.00157815,0.003827764,0.005492282,,,,0.287339658,0.696935205,1,,,,
7.25,0.001404284,0.003397075,0.004864767,,,,0.288664243,0.698301706,1,,,,
7.255,0.001224385,0.002950695,0.004215917,,,,0,0,0,,,,
7.26,0.001039366,0.002490672,0.003548697,,,,0,0,0,,,,
7.265,0.000849817,0.002019096,0.002865976,,,,0,0,0,,,,
7.27,0.000656745,0.001538074,0.002170961,,,,0,0,0,,,,
7.275,0.000460994,0.001049802,0.001466673,,,,0,0,0,,,,
7.28,0.000263387,0.000556509,0.000756332,,,,0,0,0,,,,
7.285,6.49E-05,6.04E-05,4.33E-05,,,,0,0,0,,,,
7.29,-0.000133763,-0.000436318,-0.000669353,,,,0,0,0,,,,
7.295,-0.000331565,-0.000931331,-0.001378251,,,,0,0,0,,,,
7.3,-0.000527723,-0.001422268,-0.002080184,,,,0,0,0,,,,
7.305,-0.000721124,-0.001906966,-0.002772008,,,,0,0,0,,,,
7.31,-0.000911034,-0.002383033,-0.003450454,,,,0,0,0,,,,
7.315,-0.001096474,-0.002848403,-0.004112482,,,,0,0,0,,,,
7.32,-0.00127654,-0.003300812,-0.004754908,,,,-0.268467782,-0.69419057,-1,,,,
7.325,-0.001450355,-0.003738137,-0.00537501,,,,-0.269832932,-0.695466071,-1,,,,
7.33,-0.001617359,-0.004158329,-0.005969683,,,,-0.27092878,-0.696574411,-1,,,,
7.335,-0.00177677,-0.004559424,-0.006536345,,,,-0.271829222,-0.697549479,-1,,,,
7.34,-0.001927806,-0.004939389,-0.007072493,,,,-0.272577994,-0.698394315,-1,,,,
7.345,-0.002069938,-0.005296433,-0.007575573,,,,-0.273238463,-0.699146223,-1,,,,
7.35,-0.002202431,-0.005628899,-0.00804346,,,,-0.273816435,-0.699810686,-1,,,,
7.355,-0.002324721,-0.005935069,-0.008473982,,,,-0.274336299,-0.700387259,-1,,,,
7.36,-0.002436211,-0.006213539,-0.008865131,,,,-0.274808255,-0.700896456,-1,,,,
7.365,-0.002536496,-0.006463206,-0.009215279,,,,-0.275249,-0.701357669,-1,,,,
7.37,-0.002624974,-0.006682739,-0.009522584,,,,-0.275657741,-0.701777847,-1,,,,
7.375,-0.002701312,-0.006871236,-0.009785844,,,,-0.276042808,-0.702160753,-1,,,,
7.38,-0.002765176,-0.007027972,-0.010003767,,,,-0.276413511,-0.702532527,-1,,,,
7.385,-0.002815951,-0.007152184,-0.010175524,,,,-0.276737723,-0.702881166,-1,,,,
7.39,-0.002853729,-0.00724333,-0.010300428,,,,-0.277049526,-0.703206715,-1,,,,
7.395,-0.002878121,-0.007301068,-0.010377974,,,,-0.277329739,-0.703515707,-1,,,,
7.4,-0.002889039,-0.007324997,-0.010408162,,,,-0.277574412,-0.703774368,-1,,,,
7.405,-0.002886617,-0.007314985,-0.010390728,,,,-0.277806949,-0.703991601,-1,,,,
7.41,-0.002870945,-0.007271392,-0.010326087,,,,-0.278028349,-0.704176879,-1,,,,
7.415,-0.002841995,-0.007194075,-0.010214629,,,,-0.278227884,-0.704291302,-1,,,,
7.42,-0.002800142,-0.007083574,-0.010056875,,,,-0.278430575,-0.704351375,-1,,,,
7.425,-0.002745588,-0.006940545,-0.00985399,,,,-0.27862701,-0.704338571,-1,,,,
7.43,-0.002678522,-0.006765583,-0.009606964,,,,-0.278810458,-0.704237352,-1,,,,
7.435,-0.0025993,-0.006559566,-0.009317186,,,,-0.278979131,-0.704028662,-1,,,,
7.44,-0.00250832,-0.006323725,-0.008986151,,,,-0.279131744,-0.703718993,-1,,,,
7.445,-0.002405912,-0.006059197,-0.008615573,,,,-0.279251514,-0.70328421,-1,,,,
7.45,-0.002292532,-0.005767452,-0.008207383,,,,-0.279325598,-0.702715167,-1,,,,
7.455,-0.002168771,-0.005450104,-0.007763446,,,,-0.27935676,-0.702021178,-1,,,,
7.46,-0.002035191,-0.005108632,-0.00728617,,,,-0.279322453,-0.701141011,-1,,,,
7.465,-0.001892401,-0.004744827,-0.006777698,,,,-0.279209917,-0.700064684,-1,,,,
7.47,-0.00174131,-0.004360453,-0.006240768,,,,-0.279021691,-0.698704617,-1,,,,
7.475,-0.001582456,-0.003957431,-0.005678015,,,,-0.278698852,-0.696974336,-1,,,,
7.48,-0.001416743,-0.003537669,-0.005092007,,,,-0.278228834,-0.69474949,-1,,,,
7.485,-0.001245166,-0.00310329,-0.004485966,,,,-0.277569279,-0.691777482,-1,,,,
7.49,-0.001068418,-0.002656424,-0.003862684,,,,0,0,0,,,,
7.495,-0.00088755,-0.002199141,-0.003225156,,,,0,0,0,,,,
7.5,-0.000703437,-0.00173374,-0.002576538,,,,0,0,0,,,,
7.505,-0.00051701,-0.001262524,-0.00191996,,,,0,0,0,,,,
7.51,-0.000329002,-0.000787738,-0.00125841,,,,0,0,0,,,,
7.515,-0.000140495,-0.000311647,-0.000594947,,,,0,0,0,,,,
7.52,4.79E-05,0.000163176,6.72E-05,,,,0,0,0,,,,
7.525,0.000235169,0.000634633,0.000724991,,,,0,0,0,,,,
7.53,0.00042055,0.001100384,0.001375639,,,,0,0,0,,,,
7.535,0.000603038,0.00155813,0.002015656,,,,0,0,0,,,,
7.54,0.000781981,0.002005783,0.002642511,,,,0,0,0,,,,
7.545,0.000956477,0.002441438,0.00325324,,,,0,0,0,,,,
7.55,0.001125585,0.002862956,0.003844883,,,,,,,,,,
7.555,0.001288729,0.003268474,0.004414932,,,,,,,,,,
7.56,0.001444906,0.003656425,0.00496083,,,,,,,,,,
7.565,0.001593391,0.004025003,0.005480254,,,,,,,,,,
7.57,0.001733523,0.004372583,0.005970719,,,,,,,,,,
7.575,0.001864611,0.004697783,0.006430469,,,,,,,,,,
7.58,0.001986026,0.004999202,0.006857346,,,,,,,,,,
7.585,0.002097452,0.005275485,0.007249634,,,,,,,,,,
7.59,0.002198462,0.005525484,0.00760601,,,,,,,,,,
7.595,0.002288557,0.00574828,0.007924808,,,,,,,,,,
7.6,0.002367504,0.005942907,0.008205025,,,,,,,,,,
7.605,0.002434878,0.00610867,0.008445762,,,,,,,,,,
7.61,0.00249043,0.006244925,0.00864616,,,,,,,,,,
7.615,0.00253397,0.006351336,0.008805704,,,,,,,,,,
7.62,0.002565432,0.006427582,0.008924043,,,,,,,,,,
7.625,0.002584502,0.006473657,0.009000915,,,,,,,,,,
7.63,0.002591237,0.006489675,0.00903622,,,,,,,,,,
7.635,0.002585597,0.006475882,0.009030178,,,,,,,,,,
7.64,0.002567483,0.006432656,0.008983205,,,,,,,,,,
7.645,0.002537145,0.006360497,0.008895627,,,,,,,,,,
7.65,0.002494725,0.00625997,0.008768549,,,,,,,,,,
7.655,0.002440515,0.006131696,0.008602729,,,,,,,,,,
7.66,0.002374937,0.005976651,0.0083993,,,,,,,,,,
7.665,0.002298391,0.005795647,0.008159603,,,,,,,,,,
7.67,0.002211387,0.005589857,0.007884968,,,,,,,,,,
7.675,0.002114414,0.005360458,0.007577023,,,,,,,,,,
7.68,0.002008047,0.005108699,0.007237374,,,,,,,,,,
7.685,0.001892844,0.004835994,0.00686797,,,,,,,,,,
7.69,0.001769296,0.004543831,0.00647058,,,,,,,,,,
7.695,0.001637985,0.004233784,0.006047282,,,,,,,,,,
7.7,0.001499545,0.003907522,0.005600244,,,,,,,,,,
7.705,0.001354549,0.003566716,0.005131473,,,,,,,,,,
7.71,0.001203807,0.003213127,0.004643349,,,,,,,,,,
7.715,0.001048094,0.002848564,0.004138199,,,,,,,,,,
7.72,0.000887971,0.002474675,0.00361833,,,,,,,,,,
7.725,0.000724335,0.00209324,0.003086299,,,,,,,,,,
7.73,0.000558001,0.001706145,0.002544522,,,,,,,,,,
7.735,0.000389642,0.001315015,0.001995506,,,,,,,,,,
7.74,0.000219954,0.00092158,0.001441625,,,,,,,,,,
7.745,5.01E-05,0.000527668,0.000885558,,,,,,,,,,
7.75,-0.000119444,0.000134894,0.000329608,,,,,,,,,,
7.755,-0.000287847,-0.000255125,-0.00022391,,,,,,,,,,
7.76,-0.000454265,-0.000640522,-0.000772444,,,,,,,,,,
7.765,-0.00061815,-0.001019747,-0.001313802,,,,,,,,,,
7.77,-0.000778844,-0.00139116,-0.001845821,,,,,,,,,,
7.775,-0.000935649,-0.001753255,-0.002366157,,,,,,,,,,
7.78,-0.001088009,-0.002104479,-0.002872774,,,,,,,,,,
7.785,-0.001235302,-0.002443623,-0.00336381,,,,,,,,,,
7.79,-0.001376707,-0.002769212,-0.003837177,,,,,,,,,,
7.795,-0.001511856,-0.003080037,-0.004291063,,,,,,,,,,
7.8,-0.0016401,-0.003375104,-0.004723949,,,,,,,,,,
7.805,-0.001760849,-0.003653271,-0.005134074,,,,,,,,,,
7.81,-0.001873651,-0.003913595,-0.005519932,,,,,,,,,,
7.815,-0.00197794,-0.004155312,-0.005880165,,,,,,,,,,
7.82,-0.002073404,-0.004377619,-0.006213538,,,,,,,,,,
7.825,-0.002159578,-0.00457982,-0.006518812,,,,,,,,,,
7.83,-0.002236143,-0.004761267,-0.006795129,,,,,,,,,,
7.835,-0.002302825,-0.004921503,-0.007041595,,,,,,,,,,
7.84,-0.002359464,-0.005060025,-0.00725746,,,,,,,,,,
7.845,-0.002405814,-0.005176551,-0.007442226,,,,,,,,,,
7.85,-0.002441943,-0.005270722,-0.007595354,,,,,,,,,,
7.855,-0.002467602,-0.005342611,-0.007716541,,,,,,,,,,
7.86,-0.002482894,-0.005391986,-0.007805712,,,,,,,,,,
7.865,-0.002487758,-0.005418837,-0.007862472,,,,,,,,,,
7.87,-0.002482193,-0.00542348,-0.007887113,,,,,,,,,,
7.875,-0.002466266,-0.005406088,-0.007879586,,,,,,,,,,
7.88,-0.00244014,-0.005366867,-0.00784017,,,,,,,,,,
7.885,-0.00240371,-0.005306473,-0.007769212,,,,,,,,,,
7.89,-0.002357296,-0.005225337,-0.007667163,,,,,,,,,,
7.895,-0.0023013,-0.005123864,-0.007534705,,,,,,,,,,
7.9,-0.002235659,-0.005002796,-0.007372355,,,,,,,,,,
7.905,-0.002160899,-0.004862729,-0.007181255,,,,,,,,,,
7.91,-0.002077419,-0.004704242,-0.00696203,,,,,,,,,,
7.915,-0.001985512,-0.004528099,-0.006715772,,,,,,,,,,
7.92,-0.00188556,-0.004335199,-0.006443637,,,,,,,,,,
7.925,-0.001778184,-0.00412618,-0.006146626,,,,,,,,,,
7.93,-0.001663629,-0.003901992,-0.005826158,,,,,,,,,,
7.935,-0.00154253,-0.003663603,-0.005483397,,,,,,,,,,
7.94,-0.001415493,-0.003411944,-0.005119826,,,,,,,,,,
7.945,-0.001282726,-0.003148005,-0.004736936,,,,,,,,,,
7.95,-0.001144952,-0.002872951,-0.004336196,,,,,,,,,,
7.955,-0.001002524,-0.002587806,-0.003919283,,,,,,,,,,
7.96,-0.000856012,-0.002293582,-0.003487576,,,,,,,,,,
7.965,-0.000705978,-0.001991534,-0.003042889,,,,,,,,,,
7.97,-0.000552927,-0.001682758,-0.002586796,,,,,,,,,,
7.975,-0.000397454,-0.001368285,-0.002120899,,,,,,,,,,
7.98,-0.000240249,-0.001049387,-0.001647175,,,,,,,,,,
7.985,-8.19E-05,-0.000727105,-0.001167106,,,,,,,,,,
7.99,7.71E-05,-0.000402587,-0.000682794,,,,,,,,,,
7.995,0.000236013,-7.68E-05,-0.000195791,,,,,,,,,,
8,0.000394194,0.000248937,0.000291882,,,,,,,,,,
8.005,0.000551032,0.000573697,0.000778527,,,,,,,,,,
8.01,0.000706017,0.00089623,0.001262507,,,,,,,,,,
8.015,0.000858536,0.00121546,0.00174185,,,,,,,,,,
8.02,0.00100801,0.0015302,0.002215102,,,,,,,,,,
8.025,0.001153955,0.001839357,0.002680385,,,,,,,,,,
8.03,0.001295909,0.002141753,0.003136064,,,,,,,,,,
8.035,0.001433308,0.002436476,0.003580551,,,,,,,,,,
8.04,0.001565633,0.002722269,0.004012031,,,,,,,,,,
8.045,0.001692508,0.002998252,0.004429121,,,,,,,,,,
8.05,0.001813431,0.003263415,0.004829988,,,,,,,,,,
8.055,0.001927818,0.003516818,0.005213324,,,,,,,,,,
8.06,0.00203536,0.003757528,0.005577635,,,,,,,,,,
8.065,0.002135493,0.003984834,0.005921416,,,,,,,,,,
8.07,0.002227898,0.004197791,0.006243497,,,,,,,,,,
8.075,0.002312099,0.004395632,0.006542343,,,,,,,,,,
8.08,0.002387818,0.00457767,0.006817066,,,,,,,,,,
8.085,0.002454753,0.004743162,0.00706629,,,,,,,,,,
8.09,0.002512832,0.004891357,0.007289039,,,,,,,,,,
8.095,0.002561636,0.005021666,0.007484389,,,,,,,,,,
8.1,0.002601081,0.0051334,0.007651412,,,,,,,,,,
8.105,0.002631012,0.005226165,0.007789439,,,,,,,,,,
8.11,0.002651383,0.005299286,0.00789775,,,,,,,,,,
8.115,0.002661982,0.00535255,0.00797588,,,,,,,,,,
8.12,0.002662732,0.005385379,0.008023191,,,,,,,,,,
8.125,0.002653719,0.00539766,0.008039407,,,,,,,,,,
8.13,0.002634823,0.005389234,0.008024345,,,,,,,,,,
8.135,0.002606059,0.005359988,0.007977624,,,,,,,,,,
8.14,0.002567429,0.00530974,0.007899311,,,,,,,,,,
8.145,0.002518975,0.005238731,0.007789448,,,,,,,,,,
8.15,0.002460894,0.005146943,0.007648276,,,,,,,,,,
8.155,0.002393154,0.005034399,0.007476085,,,,,,,,,,
8.16,0.002316055,0.004901387,0.007273317,,,,,,,,,,
8.165,0.002229902,0.004748319,0.007040645,,,,,,,,,,
8.17,0.002134934,0.004575305,0.006778532,,,,,,,,,,
8.175,0.002031481,0.004382923,0.006488028,,,,,,,,,,
8.18,0.001920048,0.004171722,0.006169951,,,,,,,,,,
8.185,0.00180092,0.003942174,0.005825373,,,,,,,,,,
8.19,0.00167458,0.003694937,0.005455394,,,,,,,,,,
8.195,0.001541323,0.003430899,0.005061345,,,,,,,,,,
8.2,0.001401648,0.003150915,0.004644662,,,,,,,,,,
8.205,0.001255989,0.002855865,0.004206564,,,,,,,,,,
8.21,0.00110474,0.002546988,0.003748841,,,,,,,,,,
8.215,0.000948518,0.002225301,0.003272949,,,,,,,,,,
8.22,0.000787874,0.001891985,0.00278068,,,,,,,,,,
8.225,0.000623334,0.001548272,0.00227396,,,,,,,,,,
8.23,0.000455526,0.001195516,0.001754787,,,,,,,,,,
8.235,0.00028498,0.000834918,0.001225092,,,,,,,,,,
8.24,0.000112464,0.000467823,0.000686993,,,,,,,,,,
8.245,-6.14E-05,9.58E-05,0.000142796,,,,,,,,,,
8.25,-0.000235861,-0.000279966,-0.000405384,,,,,,,,,,
8.255,-0.000410172,-0.00065786,-0.000955304,,,,,,,,,,
8.26,-0.000583676,-0.001036315,-0.001504646,,,,,,,,,,
8.265,-0.000755605,-0.001413786,-0.002051257,,,,,,,,,,
8.27,-0.000925357,-0.001788704,-0.002592582,,,,,,,,,,
8.275,-0.001092405,-0.002159282,-0.003126532,,,,,,,,,,
8.28,-0.001256081,-0.002523998,-0.003650599,,,,,,,,,,
8.285,-0.001415687,-0.002881149,-0.004162546,,,,,,,,,,
8.29,-0.001570725,-0.003229081,-0.004660247,,,,,,,,,,
8.295,-0.001720441,-0.003566169,-0.005141261,,,,,,,,,,
8.3,-0.00186433,-0.003890789,-0.005603516,,,,,,,,,,
8.305,-0.002001577,-0.004201481,-0.006044906,,,,,,,,,,
8.31,-0.002131708,-0.004496739,-0.006463441,,,,,,,,,,
8.315,-0.002254146,-0.004775125,-0.006856797,,,,,,,,,,
8.32,-0.002368187,-0.005035391,-0.007223228,,,,,,,,,,
8.325,-0.002473371,-0.005276271,-0.007561,,,,,,,,,,
8.33,-0.002569149,-0.005496247,-0.007867978,,,,,,,,,,
8.335,-0.002655043,-0.005694391,-0.008142952,,,,,,,,,,
8.34,-0.00273061,-0.00586953,-0.008384499,,,,,,,,,,
8.345,-0.002795597,-0.006020463,-0.008591031,,,,,,,,,,
8.35,-0.002849501,-0.006146361,-0.008761508,,,,,,,,,,
8.355,-0.002892328,-0.006246534,-0.008895125,,,,,,,,,,
8.36,-0.0029238,-0.006320017,-0.008990844,,,,,,,,,,
8.365,-0.002943775,-0.006366249,-0.009047873,,,,,,,,,,
8.37,-0.002952101,-0.006384859,-0.009066014,,,,,,,,,,
8.375,-0.002948701,-0.006375383,-0.009044676,,,,,,,,,,
8.38,-0.00293344,-0.006337552,-0.008983505,,,,,,,,,,
8.385,-0.00290614,-0.006271593,-0.008882904,,,,,,,,,,
8.39,-0.002866952,-0.006177491,-0.008742721,,,,,,,,,,
8.395,-0.00281586,-0.006055463,-0.008563235,,,,,,,,,,
8.4,-0.002753099,-0.005905848,-0.008345152,,,,,,,,,,
8.405,-0.002678754,-0.005729258,-0.008089243,,,,,,,,,,
8.41,-0.002593214,-0.005526167,-0.007796298,,,,,,,,,,
8.415,-0.002496729,-0.005297268,-0.007467453,,,,,,,,,,
8.42,-0.002389592,-0.005043441,-0.007104124,,,,,,,,,,
8.425,-0.002272242,-0.004765572,-0.006707514,,,,,,,,,,
8.43,-0.002145309,-0.004464713,-0.006279474,,,,,,,,,,
8.435,-0.002009198,-0.00414216,-0.005821701,,,,,,,,,,
8.44,-0.001864508,-0.003799184,-0.005336005,,,,,,,,,,
8.445,-0.001711924,-0.003437135,-0.00482452,,,,,,,,,,
8.45,-0.001551876,-0.003057754,-0.004289479,,,,,,,,,,
8.455,-0.001384975,-0.00266277,-0.003733205,,,,,,,,,,
8.46,-0.001211974,-0.002253744,-0.003158099,,,,,,,,,,
8.465,-0.001033486,-0.001832671,-0.002566707,,,,,,,,,,
8.47,-0.00085028,-0.001401452,-0.00196165,,,,,,,,,,
8.475,-0.00066312,-0.000962046,-0.001345629,,,,,,,,,,
8.48,-0.00047286,-0.000516453,-0.000721407,,,,,,,,,,
8.485,-0.000280285,-6.69E-05,-9.17E-05,,,,,,,,,,
8.49,-8.63E-05,0.000384654,0.000540396,,,,,,,,,,
8.495,0.000108293,0.000836092,0.00117212,,,,,,,,,,
8.5,0.000302543,0.001285383,0.001800481,,,,,,,,,,
8.505,0.000495599,0.001730218,0.002422396,,,,,,,,,,
8.51,0.00068653,0.002168693,0.003035094,,,,,,,,,,
8.515,0.000874505,0.002598543,0.003635773,,,,,,,,,,
8.52,0.001058813,0.003017808,0.004221443,,,,,,,,,,
8.525,0.001238507,0.003424261,0.004789477,,,,,,,,,,
8.53,0.001412767,0.003816011,0.00533723,,,,,,,,,,
8.535,0.00158091,0.004191204,0.005862013,,,,,,,,,,
8.54,0.001742217,0.004547894,0.006361364,,,,,,,,,,
8.545,0.001895872,0.004884305,0.006832982,,,,,,,,,,
8.55,0.002041274,0.00519879,0.007274359,,,,,,,,,,
8.555,0.002177843,0.005489752,0.007683503,,,,,,,,,,
8.56,0.002304704,0.005755732,0.008058479,,,,,,,,,,
8.565,0.002421408,0.005995531,0.008397314,,,,,,,,,,
8.57,0.002527313,0.006207933,0.008698365,,,,,,,,,,
8.575,0.002621867,0.006391817,0.008960154,,,,,,,,,,
8.58,0.002704649,0.006546299,0.009181322,,,,,,,,,,
8.585,0.002775306,0.006670643,0.00936085,,,,,,,,,,
8.59,0.002833408,0.006764157,0.009497811,,,,,,,,,,
8.595,0.002878882,0.006826168,0.009591355,,,,,,,,,,
8.6,0.002911284,0.006856547,0.009641016,,,,,,,,,,
8.605,0.002930586,0.00685499,0.009646682,,,,,,,,,,
8.61,0.002936779,0.006821359,0.009608031,,,,,,,,,,
8.615,0.002929738,0.006755823,0.009525252,,,,,,,,,,
8.62,0.002909494,0.006658734,0.009398863,,,,,,,,,,
8.625,0.002876195,0.006530312,0.009229075,,,,,,,,,,
8.63,0.002829918,0.006371334,0.009016848,,,,,,,,,,
8.635,0.002770779,0.006182659,0.008763209,,,,,,,,,,
8.64,0.002699095,0.005965061,0.008469125,,,,,,,,,,
8.645,0.002615186,0.005719526,0.008135796,,,,,,,,,,
8.65,0.002519371,0.005447397,0.007765104,,,,,,,,,,
8.655,0.002412048,0.005149971,0.0073585,,,,,,,,,,
8.66,0.002293845,0.004828444,0.006917811,,,,,,,,,,
8.665,0.002165167,0.004484602,0.006445233,,,,,,,,,,
8.67,0.00202663,0.004120104,0.005942877,,,,,,,,,,
8.675,0.001879022,0.003736409,0.005412905,,,,,,,,,,
8.68,0.001722975,0.003335505,0.004858074,,,,,,,,,,
8.685,0.001559198,0.002919465,0.004280897,,,,,,,,,,
8.69,0.001388547,0.002490009,0.003683887,,,,,,,,,,
8.695,0.001211802,0.002049099,0.003069808,,,,,,,,,,
8.7,0.001029637,0.001599285,0.002441738,,,,,,,,,,
8.705,0.00084296,0.001142432,0.001802367,,,,,,,,,,
8.71,0.000652681,0.000680589,0.00115454,,,,,,,,,,
8.715,0.000459635,0.000216228,0.000501508,,,,,,,,,,
8.72,0.000264689,-0.000248415,-0.000154019,,,,,,,,,,
8.725,6.88E-05,-0.000711473,-0.000808945,,,,,,,,,,
8.73,-0.000127139,-0.001170533,-0.001460188,,,,,,,,,,
8.735,-0.000322243,-0.001623199,-0.002104737,,,,,,,,,,
8.74,-0.000515579,-0.002067833,-0.002739851,,,,,,,,,,
8.745,-0.000706229,-0.002502262,-0.003362429,,,,,,,,,,
8.75,-0.00089332,-0.002924178,-0.003969514,,,,,,,,,,
8.755,-0.001075861,-0.003331949,-0.004558602,,,,,,,,,,
8.76,-0.001253013,-0.003723791,-0.005126905,,,,,,,,,,
8.765,-0.001424032,-0.004097509,-0.00567187,,,,,,,,,,
8.77,-0.001588036,-0.004451695,-0.006191077,,,,,,,,,,
8.775,-0.001744272,-0.004784807,-0.006682202,,,,,,,,,,
8.78,-0.001892066,-0.005095129,-0.007142938,,,,,,,,,,
8.785,-0.002030797,-0.005381325,-0.007571244,,,,,,,,,,
8.79,-0.002159782,-0.005642313,-0.007965378,,,,,,,,,,
8.795,-0.002278463,-0.005876771,-0.008323437,,,,,,,,,,
8.8,-0.002386232,-0.006083569,-0.008643815,,,,,,,,,,
8.805,-0.002482661,-0.006262032,-0.00892535,,,,,,,,,,
8.81,-0.002567217,-0.00641146,-0.009166669,,,,,,,,,,
8.815,-0.002639522,-0.006531121,-0.009366817,,,,,,,,,,
8.82,-0.002699222,-0.006620721,-0.009524879,,,,,,,,,,
8.825,-0.00274608,-0.006680019,-0.009640226,,,,,,,,,,
8.83,-0.002779883,-0.006708687,-0.009712307,,,,,,,,,,
8.835,-0.002800383,-0.006706683,-0.009740976,,,,,,,,,,
8.84,-0.002807527,-0.006674384,-0.009726154,,,,,,,,,,
8.845,-0.002801302,-0.006611724,-0.009667838,,,,,,,,,,
8.85,-0.002781726,-0.006519209,-0.009566498,,,,,,,,,,
8.855,-0.002748812,-0.006397327,-0.009422616,,,,,,,,,,
8.86,-0.002702974,-0.006246771,-0.00923687,,,,,,,,,,
8.865,-0.002644272,-0.006068244,-0.009010253,,,,,,,,,,
8.87,-0.002573066,-0.005862687,-0.008743671,,,,,,,,,,
8.875,-0.002489647,-0.005631007,-0.008438391,,,,,,,,,,
8.88,-0.002394418,-0.005374486,-0.008095854,,,,,,,,,,
8.885,-0.002287679,-0.005094214,-0.007717662,,,,,,,,,,
8.89,-0.002170032,-0.004791593,-0.007305309,,,,,,,,,,
8.895,-0.00204198,-0.00446806,-0.006860756,,,,,,,,,,
8.9,-0.001904141,-0.004125086,-0.006386053,,,,,,,,,,
8.905,-0.001757147,-0.003764281,-0.005883059,,,,,,,,,,
8.91,-0.001601647,-0.003387425,-0.005354262,,,,,,,,,,
8.915,-0.001438416,-0.002996123,-0.004801966,,,,,,,,,,
8.92,-0.00126812,-0.002592062,-0.004228355,,,,,,,,,,
8.925,-0.001091625,-0.002177134,-0.003636255,,,,,,,,,,
8.93,-0.000909658,-0.001753145,-0.003028238,,,,,,,,,,
8.935,-0.000723161,-0.00132187,-0.002406802,,,,,,,,,,
8.94,-0.000533067,-0.000885284,-0.001774629,,,,,,,,,,
8.945,-0.000340233,-0.000445377,-0.001134643,,,,,,,,,,
8.95,-0.000145451,-3.85E-06,-0.000489327,,,,,,,,,,
8.955,5.03E-05,0.000437241,0.000158325,,,,,,,,,,
8.96,0.000246156,0.000875887,0.000805404,,,,,,,,,,
8.965,0.000441311,0.0013105,0.00144941,,,,,,,,,,
8.97,0.000634909,0.001739148,0.002087487,,,,,,,,,,
8.975,0.000825995,0.002159809,0.002716714,,,,,,,,,,
8.98,0.001013732,0.002570892,0.003334633,,,,,,,,,,
8.985,0.001197198,0.002970664,0.003938644,,,,,,,,,,
8.99,0.001375556,0.003357343,0.004526048,,,,,,,,,,
8.995,0.001548026,0.003729482,0.005094399,,,,,,,,,,
9,0.001713801,0.004085581,0.005641274,,,,,,,,,,
9.005,0.001872087,0.004424144,0.006164184,,,,,,,,,,
9.01,0.002022253,0.004743756,0.006660924,,,,,,,,,,
9.015,0.002163572,0.00504328,0.00712956,,,,,,,,,,
9.02,0.002295176,0.005321373,0.0075679,,,,,,,,,,
9.025,0.002416694,0.005576791,0.007974072,,,,,,,,,,
9.03,0.002527491,0.005808625,0.00834646,,,,,,,,,,
9.035,0.002626918,0.006015989,0.008683455,,,,,,,,,,
9.04,0.002714727,0.006197876,0.008983548,,,,,,,,,,
9.045,0.002790592,0.006353694,0.009245416,,,,,,,,,,
9.05,0.002853959,0.006482819,0.009467931,,,,,,,,,,
9.055,0.002904593,0.006584606,0.009650074,,,,,,,,,,
9.06,0.002942282,0.006658674,0.009791093,,,,,,,,,,
9.065,0.002966629,0.006704839,0.009890332,,,,,,,,,,
9.07,0.002977622,0.006722779,0.009947257,,,,,,,,,,
9.075,0.002975155,0.006712465,0.009961526,,,,,,,,,,
9.08,0.002959188,0.006674014,0.009933008,,,,,,,,,,
9.085,0.002929814,0.006607614,0.009861774,,,,,,,,,,
9.09,0.002887179,0.006513468,0.00974804,,,,,,,,,,
9.095,0.002831344,0.006391871,0.009592093,,,,,,,,,,
9.1,0.002762507,0.006243386,0.009394595,,,,,,,,,,
9.105,0.002680982,0.00606851,0.009156365,,,,,,,,,,
9.11,0.002587061,0.005867864,0.008878211,,,,,,,,,,
9.115,0.002481202,0.005642272,0.008561177,,,,,,,,,,
9.12,0.002363877,0.005392639,0.008206581,,,,,,,,,,
9.125,0.002235594,0.005119739,0.007815605,,,,,,,,,,
9.13,0.002096917,0.004824808,0.007389928,,,,,,,,,,
9.135,0.001948348,0.004509037,0.006931323,,,,,,,,,,
9.14,0.001790504,0.004173429,0.006441493,,,,,,,,,,
9.145,0.001623954,0.003819408,0.005922345,,,,,,,,,,
9.15,0.00144948,0.003448392,0.005376195,,,,,,,,,,
9.155,0.001267719,0.003061748,0.00480504,,,,,,,,,,
9.16,0.001079599,0.002661012,0.00421128,,,,,,,,,,
9.165,0.000885855,0.002247831,0.003597299,,,,,,,,,,
9.17,0.000687404,0.001823699,0.002965514,,,,,,,,,,
9.175,0.000484925,0.001390283,0.002318634,,,,,,,,,,
9.18,0.000279384,0.000949411,0.001659494,,,,,,,,,,
9.185,7.17E-05,0.000502643,0.000990627,,,,,,,,,,
9.19,-0.000137377,5.17E-05,0.000314948,,,,,,,,,,
9.195,-0.000346772,-0.00040144,-0.000364631,,,,,,,,,,
9.2,-0.000555612,-0.000855,-0.001045384,,,,,,,,,,
9.205,-0.000762964,-0.001307251,-0.001724371,,,,,,,,,,
9.21,-0.000967978,-0.001756163,-0.002398574,,,,,,,,,,
9.215,-0.001169714,-0.002200026,-0.003065352,,,,,,,,,,
9.22,-0.001367415,-0.002637009,-0.003721645,,,,,,,,,,
9.225,-0.001560232,-0.003065284,-0.004364531,,,,,,,,,,
9.23,-0.001747213,-0.003483014,-0.004991274,,,,,,,,,,
9.235,-0.001927585,-0.003888451,-0.005599194,,,,,,,,,,
9.24,-0.002100584,-0.004279931,-0.006185455,,,,,,,,,,
9.245,-0.002265311,-0.004655608,-0.006747518,,,,,,,,,,
9.25,-0.002421055,-0.005013956,-0.007282772,,,,,,,,,,
9.255,-0.002567147,-0.005353467,-0.007788741,,,,,,,,,,
9.26,-0.002702855,-0.005672618,-0.008263073,,,,,,,,,,
9.265,-0.002827637,-0.005969909,-0.008703621,,,,,,,,,,
9.27,-0.002940928,-0.006244161,-0.009108194,,,,,,,,,,
9.275,-0.003042041,-0.006493846,-0.009474902,,,,,,,,,,
9.28,-0.003130664,-0.006717769,-0.009801928,,,,,,,,,,
9.285,-0.0032062,-0.00691503,-0.010087706,,,,,,,,,,
9.29,-0.003268413,-0.0070844,-0.010330635,,,,,,,,,,
9.295,-0.003316942,-0.007224938,-0.010529438,,,,,,,,,,
9.3,-0.003351603,-0.00733608,-0.01068294,,,,,,,,,,
9.305,-0.003372146,-0.007416929,-0.010790189,,,,,,,,,,
9.31,-0.003378529,-0.007466858,-0.010850514,,,,,,,,,,
9.315,-0.003370568,-0.007485673,-0.010863366,,,,,,,,,,
9.32,-0.003348183,-0.007472888,-0.01082831,,,,,,,,,,
9.325,-0.003311356,-0.007428197,-0.010745205,,,,,,,,,,
9.33,-0.003260311,-0.007351827,-0.010614235,,,,,,,,,,
9.335,-0.003195092,-0.007243752,-0.01043552,,,,,,,,,,
9.34,-0.003116,-0.00710402,-0.010209516,,,,,,,,,,
9.345,-0.003023304,-0.006933149,-0.009936997,,,,,,,,,,
9.35,-0.002917325,-0.006731618,-0.009618758,,,,,,,,,,
9.355,-0.002798487,-0.006499854,-0.009256014,,,,,,,,,,
9.36,-0.002667238,-0.006238684,-0.008850147,,,,,,,,,,
9.365,-0.002524009,-0.005949061,-0.008402619,,,,,,,,,,
9.37,-0.002369476,-0.005631747,-0.007915132,,,,,,,,,,
9.375,-0.002204304,-0.005287989,-0.007389607,,,,,,,,,,
9.38,-0.002029093,-0.004919178,-0.006828219,,,,,,,,,,
9.385,-0.001844557,-0.004526512,-0.00623313,,,,,,,,,,
9.39,-0.001651425,-0.00411153,-0.005606726,,,,,,,,,,
9.395,-0.001450514,-0.003675953,-0.004951679,,,,,,,,,,
9.4,-0.001242526,-0.003221373,-0.004270751,,,,,,,,,,
9.405,-0.001028415,-0.002749637,-0.003566808,,,,,,,,,,
9.41,-0.000809037,-0.002262706,-0.002842773,,,,,,,,,,
9.415,-0.000585272,-0.001762532,-0.002101867,,,,,,,,,,
9.42,-0.000358103,-0.001251211,-0.001347188,,,,,,,,,,
9.425,-0.000128566,-0.000730899,-0.000582077,,,,,,,,,,
9.43,0.000102499,-0.000203801,0.000189994,,,,,,,,,,
9.435,0.000334086,0.000327934,0.00096565,,,,,,,,,,
9.44,0.000565064,0.000862003,0.001741518,,,,,,,,,,
9.445,0.000794587,0.001396029,0.002513955,,,,,,,,,,
9.45,0.001021585,0.001927696,0.003279449,,,,,,,,,,
9.455,0.00124502,0.002454585,0.004034652,,,,,,,,,,
9.46,0.00146399,0.002974354,0.004775996,,,,,,,,,,
9.465,0.001677586,0.003484573,0.005500044,,,,,,,,,,
9.47,0.001884743,0.003982967,0.006203426,,,,,,,,,,
9.475,0.002084686,0.004467177,0.006882804,,,,,,,,,,
9.48,0.002276527,0.004934894,0.007534903,,,,,,,,,,
9.485,0.002459355,0.005383921,0.008156696,,,,,,,,,,
9.49,0.002632377,0.005812112,0.008745181,,,,,,,,,,
9.495,0.002794784,0.006217335,0.009297441,,,,,,,,,,
9.5,0.002945705,0.006597531,0.009810728,,,,,,,,,,
9.505,0.003084597,0.006950981,0.010282488,,,,,,,,,,
9.51,0.003210773,0.007275843,0.010710369,,,,,,,,,,
9.515,0.003323543,0.007570359,0.011092051,,,,,,,,,,
9.52,0.003422443,0.007833077,0.011425514,,,,,,,,,,
9.525,0.003507029,0.008062518,0.011709067,,,,,,,,,,
9.53,0.00357676,0.008257306,0.011941033,,,,,,,,,,
9.535,0.003631364,0.008416445,0.012120173,,,,,,,,,,
9.54,0.003670427,0.008538837,0.012245365,,,,,,,,,,
9.545,0.003693847,0.00862359,0.012315647,,,,,,,,,,
9.55,0.00370151,0.008670226,0.012330414,,,,,,,,,,
9.555,0.00369325,0.008678176,0.012289411,,,,,,,,,,
9.56,0.003669094,0.00864705,0.012192371,,,,,,,,,,
9.565,0.003629093,0.00857678,0.012039444,,,,,,,,,,
9.57,0.003573244,0.00846749,0.011831173,,,,,,,,,,
9.575,0.003501742,0.008319203,0.011568116,,,,,,,,,,
9.58,0.003414868,0.008132484,0.011251137,,,,,,,,,,
9.585,0.003312848,0.00790801,0.010881572,,,,,,,,,,
9.59,0.003196199,0.007646363,0.01046065,,,,,,,,,,
9.595,0.003065328,0.007348608,0.009990007,,,,,,,,,,
9.6,0.002920757,0.007015987,0.009471706,,,,,,,,,,
9.605,0.002763112,0.006649654,0.008907864,,,,,,,,,,
9.61,0.002592887,0.006250991,0.008300703,,,,,,,,,,
9.615,0.00241077,0.005821749,0.007652979,,,,,,,,,,
9.62,0.002217674,0.005363613,0.006967477,,,,,,,,,,
9.625,0.002014363,0.004878509,0.006246941,,,,,,,,,,
9.63,0.001801675,0.004368567,0.005494639,,,,,,,,,,
9.635,0.00158056,0.003835977,0.004713915,,,,,,,,,,
9.64,0.001351982,0.003283024,0.003907977,,,,,,,,,,
9.645,0.00111684,0.002712203,0.003080578,,,,,,,,,,
9.65,0.000876084,0.002126036,0.002235438,,,,,,,,,,
9.655,0.000630696,0.001527046,0.001376302,,,,,,,,,,
9.66,0.000381866,0.000917969,0.000506943,,,,,,,,,,
9.665,0.000130602,0.000301727,-0.000368538,,,,,,,,,,
9.67,-0.000121962,-0.000319115,-0.001246401,,,,,,,,,,
9.675,-0.000374639,-0.000941556,-0.002122586,,,,,,,,,,
9.68,-0.000626362,-0.001562667,-0.002993028,,,,,,,,,,
9.685,-0.000876013,-0.002179776,-0.00385379,,,,,,,,,,
9.69,-0.001122475,-0.002790022,-0.004700928,,,,,,,,,,
9.695,-0.001364767,-0.003390412,-0.005530452,,,,,,,,,,
9.7,-0.001601601,-0.003978296,-0.00633847,,,,,,,,,,
9.705,-0.001832014,-0.004550781,-0.007121377,,,,,,,,,,
9.71,-0.002054946,-0.005105164,-0.007875526,,,,,,,,,,
9.715,-0.002269294,-0.005638799,-0.008597311,,,,,,,,,,
9.72,-0.002474078,-0.006149088,-0.009283475,,,,,,,,,,
9.725,-0.002668499,-0.006633582,-0.009930683,,,,,,,,,,
9.73,-0.002851618,-0.007090087,-0.010535895,,,,,,,,,,
9.735,-0.003022662,-0.007516152,-0.0110963,,,,,,,,,,
9.74,-0.003180716,-0.007909805,-0.011609101,,,,,,,,,,
9.745,-0.003325063,-0.008269049,-0.012071924,,,,,,,,,,
9.75,-0.003455029,-0.008592075,-0.012482533,,,,,,,,,,
9.755,-0.003569838,-0.008877249,-0.012838887,,,,,,,,,,
9.76,-0.003668986,-0.009123163,-0.01313922,,,,,,,,,,
9.765,-0.003751985,-0.00932854,-0.013382009,,,,,,,,,,
9.77,-0.003818466,-0.009492291,-0.013565943,,,,,,,,,,
9.775,-0.003868089,-0.009613548,-0.013690057,,,,,,,,,,
9.78,-0.003900507,-0.009691596,-0.013753689,,,,,,,,,,
9.785,-0.003915496,-0.009725855,-0.013756407,,,,,,,,,,
9.79,-0.003912951,-0.009716017,-0.013697927,,,,,,,,,,
9.795,-0.003892762,-0.009662034,-0.013578566,,,,,,,,,,
9.8,-0.003855006,-0.009563981,-0.013398586,,,,,,,,,,
9.805,-0.003799916,-0.009422109,-0.013158644,,,,,,,,,,
9.81,-0.003727567,-0.009237108,-0.012859631,,,,,,,,,,
9.815,-0.003638336,-0.009009499,-0.012502888,,,,,,,,,,
9.82,-0.003532511,-0.008740355,-0.012089741,,,,,,,,,,
9.825,-0.003410476,-0.008430777,-0.011622007,,,,,,,,,,
9.83,-0.003272598,-0.008082051,-0.011101729,,,,,,,,,,
9.835,-0.003119553,-0.007695598,-0.010531026,,,,,,,,,,
9.84,-0.002951887,-0.007273244,-0.009912289,,,,,,,,,,
9.845,-0.002770393,-0.006816804,-0.009248331,,,,,,,,,,
9.85,-0.002575944,-0.006328226,-0.008541835,,,,,,,,,,
9.855,-0.002369163,-0.005809795,-0.007795871,,,,,,,,,,
9.86,-0.002151088,-0.005263689,-0.007013799,,,,,,,,,,
9.865,-0.001922577,-0.004692363,-0.006198966,,,,,,,,,,
9.87,-0.001684657,-0.00409833,-0.005354933,,,,,,,,,,
9.875,-0.001438287,-0.003484302,-0.004485469,,,,,,,,,,
9.88,-0.001184683,-0.002852917,-0.003594324,,,,,,,,,,
9.885,-0.000924908,-0.002207134,-0.002685358,,,,,,,,,,
9.89,-0.00066018,-0.001549875,-0.001762521,,,,,,,,,,
9.895,-0.000391658,-0.000884083,-0.000829945,,,,,,,,,,
9.9,-0.000120412,-0.000212834,0.000108407,,,,,,,,,,
9.905,0.000152214,0.000460965,0.001048259,,,,,,,,,,
9.91,0.000425179,0.001134196,0.001985653,,,,,,,,,,
9.915,0.000697128,0.001803818,0.002916306,,,,,,,,,,
9.92,0.000966872,0.002466725,0.003836229,,,,,,,,,,
9.925,0.001233173,0.003119959,0.004741394,,,,,,,,,,
9.93,0.001494777,0.00376049,0.005627818,,,,,,,,,,
9.935,0.001750524,0.004385495,0.006491585,,,,,,,,,,
9.94,0.001999157,0.004992119,0.007328945,,,,,,,,,,
9.945,0.002239696,0.005577609,0.008136073,,,,,,,,,,
9.95,0.00247084,0.006139377,0.008909506,,,,,,,,,,
9.955,0.002691739,0.006674866,0.00964589,,,,,,,,,,
9.96,0.002901179,0.007181621,0.010341967,,,,,,,,,,
9.965,0.003098247,0.00765722,0.010994572,,,,,,,,,,
9.97,0.003281931,0.00809959,0.011601039,,,,,,,,,,
9.975,0.003451542,0.008506809,0.012158604,,,,,,,,,,
9.98,0.003606168,0.008876934,0.012664716,,,,,,,,,,
9.985,0.003745054,0.009208257,0.013117301,,,,,,,,,,
9.99,0.003867703,0.009499416,0.013514234,,,,,,,,,,
9.995,0.003973386,0.009748927,0.013853774,,,,,,,,,,
10,0.004061633,0.009955747,0.014134549,,,,,,,,,,
10.005,0.004131826,0.010118994,0.014355236,,,,,,,,,,
10.01,0.004183759,0.010237779,0.014514787,,,,,,,,,,
10.015,0.004217036,0.010311673,0.014612523,,,,,,,,,,
10.02,0.004231518,0.010340439,0.014648037,,,,,,,,,,
10.025,0.004227035,0.010323805,0.014621029,,,,,,,,,,
10.03,0.004203641,0.010261884,0.014531536,,,,,,,,,,
10.035,0.004161365,0.010155005,0.014380113,,,,,,,,,,
10.04,0.004100238,0.010003542,0.014167198,,,,,,,,,,
10.045,0.004020572,0.009808179,0.013893752,,,,,,,,,,
10.05,0.003922627,0.009569826,0.013560985,,,,,,,,,,
10.055,0.003806888,0.00928946,0.013170247,,,,,,,,,,
10.06,0.003673699,0.008968386,0.012723115,,,,,,,,,,
10.065,0.00352383,0.00860797,0.012221567,,,,,,,,,,
10.07,0.003357692,0.008209906,0.011667692,,,,,,,,,,
10.075,0.003176108,0.007775938,0.011063785,,,,,,,,,,
10.08,0.002979772,0.007307908,0.010412472,,,,,,,,,,
10.085,0.002769456,0.006807943,0.009716489,,,,,,,,,,
10.09,0.002546155,0.00627826,0.008978767,,,,,,,,,,
10.095,0.002310812,0.005721215,0.008202489,,,,,,,,,,
10.1,0.002064484,0.005139183,0.007390871,,,,,,,,,,
10.105,0.001808139,0.00453485,0.006547368,,,,,,,,,,
10.11,0.001543062,0.003910816,0.005675614,,,,,,,,,,
10.115,0.001270287,0.003269817,0.004779186,,,,,,,,,,
10.12,0.000991002,0.002614589,0.003862094,,,,,,,,,,
10.125,0.000706467,0.001948102,0.002928103,,,,,,,,,,
10.13,0.000418022,0.001273127,0.001981159,,,,,,,,,,
10.135,0.000126779,0.000592661,0.00102529,,,,,,,,,,
10.14,-0.000165845,-9.03E-05,6.46E-05,,,,,,,,,,
10.145,-0.000458493,-0.000772731,-0.000896922,,,,,,,,,,
10.15,-0.000750107,-0.001451823,-0.001855216,,,,,,,,,,
10.155,-0.001039213,-0.002124539,-0.002806117,,,,,,,,,,
10.16,-0.001324628,-0.002787975,-0.003745679,,,,,,,,,,
10.165,-0.001605151,-0.003439305,-0.004669866,,,,,,,,,,
10.17,-0.001879417,-0.004075717,-0.005574777,,,,,,,,,,
10.175,-0.002146299,-0.004694461,-0.006456658,,,,,,,,,,
10.18,-0.00240457,-0.005292858,-0.007311759,,,,,,,,,,
10.185,-0.002653048,-0.005868442,-0.008136405,,,,,,,,,,
10.19,-0.002890583,-0.006418653,-0.008927181,,,,,,,,,,
10.195,-0.003116298,-0.006941261,-0.009680644,,,,,,,,,,
10.2,-0.00332902,-0.007434093,-0.010393686,,,,,,,,,,
10.205,-0.003527866,-0.007894991,-0.011063202,,,,,,,,,,
10.21,-0.003711968,-0.008322018,-0.011686379,,,,,,,,,,
10.215,-0.003880518,-0.008713406,-0.01226061,,,,,,,,,,
10.22,-0.004032626,-0.009067597,-0.012783576,,,,,,,,,,
10.225,-0.004167718,-0.009382923,-0.013252917,,,,,,,,,,
10.23,-0.004285203,-0.009658242,-0.013666718,,,,,,,,,,
10.235,-0.004384534,-0.009892454,-0.014023332,,,,,,,,,,
10.24,-0.004465297,-0.010084598,-0.014321087,,,,,,,,,,
10.245,-0.004527174,-0.010233711,-0.014558781,,,,,,,,,,
10.25,-0.004569837,-0.01033957,-0.01473552,,,,,,,,,,
10.255,-0.004593041,-0.01040163,-0.014850467,,,,,,,,,,
10.26,-0.004596722,-0.010419531,-0.014903144,,,,,,,,,,
10.265,-0.004580796,-0.010393513,-0.014893411,,,,,,,,,,
10.27,-0.004545286,-0.010323784,-0.014821324,,,,,,,,,,
10.275,-0.004490497,-0.01021047,-0.014687087,,,,,,,,,,
10.28,-0.004416539,-0.01005434,-0.014491377,,,,,,,,,,
10.285,-0.004323753,-0.009856222,-0.01423502,,,,,,,,,,
10.29,-0.004212626,-0.009616726,-0.013919047,,,,,,,,,,
10.295,-0.004083502,-0.009337134,-0.013544884,,,,,,,,,,
10.3,-0.003936953,-0.009018753,-0.013114203,,,,,,,,,,
10.305,-0.003773674,-0.008662852,-0.012628703,,,,,,,,,,
10.31,-0.003594325,-0.008270933,-0.012090478,,,,,,,,,,
10.315,-0.003399745,-0.007844974,-0.011501936,,,,,,,,,,
10.32,-0.003190766,-0.007386732,-0.010865476,,,,,,,,,,
10.325,-0.002968234,-0.006898083,-0.010183778,,,,,,,,,,
10.33,-0.002733196,-0.006381333,-0.009459816,,,,,,,,,,
10.335,-0.002486511,-0.005838719,-0.008696657,,,,,,,,,,
10.34,-0.002229296,-0.005272399,-0.007897527,,,,,,,,,,
10.345,-0.001962605,-0.004684912,-0.007065851,,,,,,,,,,
10.35,-0.001687625,-0.004078938,-0.006205169,,,,,,,,,,
10.355,-0.001405552,-0.003456792,-0.005318992,,,,,,,,,,
10.36,-0.001117543,-0.002821225,-0.004411198,,,,,,,,,,
10.365,-0.000824848,-0.002175173,-0.003485649,,,,,,,,,,
10.37,-0.00052875,-0.001521061,-0.002546209,,,,,,,,,,
10.375,-0.000230433,-0.000861671,-0.001596858,,,,,,,,,,
10.38,6.89E-05,-0.000199946,-0.000641683,,,,,,,,,,
10.385,0.000367795,0.000461417,0.000315214,,,,,,,,,,
10.39,0.00066515,0.001119831,0.001269998,,,,,,,,,,
10.395,0.000959662,0.00177222,0.002218534,,,,,,,,,,
10.4,0.001250107,0.00241597,0.003156729,,,,,,,,,,
10.405,0.001535227,0.00304857,0.004080942,,,,,,,,,,
10.41,0.001813896,0.003667228,0.004987015,,,,,,,,,,
10.415,0.002085028,0.004269344,0.005871118,,,,,,,,,,
10.42,0.002347411,0.00485271,0.006729768,,,,,,,,,,
10.425,0.002600064,0.005414722,0.007559269,,,,,,,,,,
10.43,0.002841865,0.005953043,0.008356026,,,,,,,,,,
10.435,0.003071875,0.006465623,0.009116938,,,,,,,,,,
10.44,0.003289076,0.006950401,0.009838909,,,,,,,,,,
10.445,0.003492687,0.007405277,0.010518583,,,,,,,,,,
10.45,0.003681788,0.007828566,0.011153529,,,,,,,,,,
10.455,0.003855696,0.008218717,0.011741056,,,,,,,,,,
10.46,0.004013768,0.008573992,0.012278532,,,,,,,,,,
10.465,0.004155386,0.00889304,0.012763994,,,,,,,,,,
10.47,0.004279861,0.009174795,0.01319558,,,,,,,,,,
10.475,0.004386822,0.009418,0.013571338,,,,,,,,,,
10.48,0.004475939,0.00962174,0.013889921,,,,,,,,,,
10.485,0.004546712,0.009785496,0.014150171,,,,,,,,,,
10.49,0.004599032,0.009908475,0.014350932,,,,,,,,,,
10.495,0.004632787,0.009990316,0.014491535,,,,,,,,,,
10.5,0.004647819,0.010031036,0.014571682,,,,,,,,,,
10.505,0.004644122,0.010030295,0.014590876,,,,,,,,,,
10.51,0.004621754,0.009988277,0.014549327,,,,,,,,,,
10.515,0.004580828,0.009905422,0.014447466,,,,,,,,,,
10.52,0.004521546,0.00978213,0.014285679,,,,,,,,,,
10.525,0.004444211,0.009618896,0.014064811,,,,,,,,,,
10.53,0.004349224,0.009416743,0.013785994,,,,,,,,,,
10.535,0.004237027,0.009176501,0.013450479,,,,,,,,,,
10.54,0.004108118,0.008899251,0.013059745,,,,,,,,,,
10.545,0.003963073,0.008586356,0.012615776,,,,,,,,,,
10.55,0.003802454,0.008239112,0.012120427,,,,,,,,,,
10.555,0.003627052,0.007859014,0.011575852,,,,,,,,,,
10.56,0.003437598,0.007447798,0.010984695,,,,,,,,,,
10.565,0.003234794,0.007007217,0.010349437,,,,,,,,,,
10.57,0.003019688,0.006539126,0.009672726,,,,,,,,,,
10.575,0.00279314,0.006045598,0.008957672,,,,,,,,,,
10.58,0.002556029,0.005528781,0.008207307,,,,,,,,,,
10.585,0.002309293,0.004990694,0.007424786,,,,,,,,,,
10.59,0.002054074,0.00443371,0.006613592,,,,,,,,,,
10.595,0.00179127,0.003860204,0.005777176,,,,,,,,,,
10.6,0.001522026,0.003272464,0.004918984,,,,,,,,,,
10.605,0.001247482,0.002672897,0.004042759,,,,,,,,,,
10.61,0.000968662,0.002064167,0.003152093,,,,,,,,,,
10.615,0.00068673,0.001448644,0.00225078,,,,,,,,,,
10.62,0.000402952,0.000828829,0.001342567,,,,,,,,,,
10.625,0.00011827,0.00020731,0.000431228,,,,,,,,,,
10.63,-0.000166193,-0.000413465,-0.000479465,,,,,,,,,,
10.635,-0.000449087,-0.00103104,-0.00138566,,,,,,,,,,
10.64,-0.000729509,-0.001642828,-0.002283743,,,,,,,,,,
10.645,-0.0010063,-0.002246366,-0.00317008,,,,,,,,,,
10.65,-0.001278254,-0.002839325,-0.004040926,,,,,,,,,,
10.655,-0.00154441,-0.003419302,-0.004892949,,,,,,,,,,
10.66,-0.001803759,-0.003983995,-0.005722642,,,,,,,,,,
10.665,-0.002055278,-0.004531188,-0.006526526,,,,,,,,,,
10.67,-0.002297983,-0.005058829,-0.007301651,,,,,,,,,,
10.675,-0.002531018,-0.005564784,-0.008044871,,,,,,,,,,
10.68,-0.002753461,-0.006047063,-0.008753172,,,,,,,,,,
10.685,-0.002964449,-0.006503886,-0.0094239,,,,,,,,,,
10.69,-0.003163136,-0.006933452,-0.010054561,,,,,,,,,,
10.695,-0.00334878,-0.007334105,-0.010642538,,,,,,,,,,
10.7,-0.003520731,-0.007704455,-0.011185717,,,,,,,,,,
10.705,-0.003678382,-0.008043174,-0.011682129,,,,,,,,,,
10.71,-0.003821109,-0.008348795,-0.01212967,,,,,,,,,,
10.715,-0.003948457,-0.00862037,-0.012526945,,,,,,,,,,
10.72,-0.004059916,-0.008857004,-0.012872623,,,,,,,,,,
10.725,-0.004155079,-0.009057617,-0.013165264,,,,,,,,,,
10.73,-0.004233629,-0.009221627,-0.013404048,,,,,,,,,,
10.735,-0.00429527,-0.009348579,-0.013588258,,,,,,,,,,
10.74,-0.004339873,-0.009438011,-0.013717311,,,,,,,,,,
10.745,-0.004367335,-0.009489601,-0.01379082,,,,,,,,,,
10.75,-0.004377572,-0.009503457,-0.013808813,,,,,,,,,,
10.755,-0.00437063,-0.009479482,-0.013771365,,,,,,,,,,
10.76,-0.004346492,-0.00941787,-0.013678771,,,,,,,,,,
10.765,-0.004305299,-0.00931903,-0.013531797,,,,,,,,,,
10.77,-0.004247232,-0.009183474,-0.013331121,,,,,,,,,,
10.775,-0.004172544,-0.009011684,-0.013077693,,,,,,,,,,
10.78,-0.004081648,-0.008804511,-0.012772742,,,,,,,,,,
10.785,-0.003974936,-0.008563006,-0.012417722,,,,,,,,,,
10.79,-0.003852753,-0.008288034,-0.012014091,,,,,,,,,,
10.795,-0.003715781,-0.007980711,-0.011563608,,,,,,,,,,
10.8,-0.003564478,-0.007642525,-0.011068355,,,,,,,,,,
10.805,-0.003399383,-0.007274703,-0.010530325,,,,,,,,,,
10.81,-0.003221232,-0.006878566,-0.009951772,,,,,,,,,,
10.815,-0.003030804,-0.006456008,-0.009335245,,,,,,,,,,
10.82,-0.0028288,-0.006008676,-0.008683143,,,,,,,,,,
10.825,-0.002616095,-0.005538141,-0.007998119,,,,,,,,,,
10.83,-0.002393558,-0.005046533,-0.007282905,,,,,,,,,,
10.835,-0.002161986,-0.004535814,-0.006540573,,,,,,,,,,
10.84,-0.001922373,-0.004007754,-0.005773887,,,,,,,,,,
10.845,-0.00167564,-0.00346459,-0.00498601,,,,,,,,,,
10.85,-0.001422609,-0.002908483,-0.004180092,,,,,,,,,,
10.855,-0.001164422,-0.002341408,-0.003359234,,,,,,,,,,
10.86,-0.000902153,-0.001765757,-0.002526625,,,,,,,,,,
10.865,-0.000636729,-0.001183829,-0.001685649,,,,,,,,,,
10.87,-0.000369278,-0.000597706,-0.000839419,,,,,,,,,,
10.875,-0.000100898,-9.71E-06,8.81E-06,,,,,,,,,,
10.88,0.000167451,0.000577836,0.000855606,,,,,,,,,,
10.885,0.000434734,0.001162743,0.001697704,,,,,,,,,,
10.89,0.000699876,0.001742828,0.002532007,,,,,,,,,,
10.895,0.000961842,0.002315715,0.003355225,,,,,,,,,,
10.9,0.001219541,0.002879286,0.004164247,,,,,,,,,,
10.905,0.001472006,0.003431322,0.004956036,,,,,,,,,,
10.91,0.001718175,0.003969706,0.00572753,,,,,,,,,,
10.915,0.001957118,0.00449231,0.006475838,,,,,,,,,,
10.92,0.002187904,0.004997252,0.007198134,,,,,,,,,,
10.925,0.002409705,0.005482508,0.007891634,,,,,,,,,,
10.93,0.002621633,0.005946234,0.00855365,,,,,,,,,,
10.935,0.002822837,0.006386629,0.009181791,,,,,,,,,,
10.94,0.003012426,0.006802035,0.009773626,,,,,,,,,,
10.945,0.00318969,0.007190691,0.010326974,,,,,,,,,,
10.95,0.003353944,0.007551241,0.010839679,,,,,,,,,,
10.955,0.003504423,0.007882196,0.011309826,,,,,,,,,,
10.96,0.003640649,0.008182283,0.011735573,,,,,,,,,,
10.965,0.003762127,0.008450334,0.012115313,,,,,,,,,,
10.97,0.003868311,0.008685375,0.012447583,,,,,,,,,,
10.975,0.003958789,0.008886281,0.01273107,,,,,,,,,,
10.98,0.004033202,0.009052376,0.012964722,,,,,,,,,,
10.985,0.004091132,0.009182839,0.01314761,,,,,,,,,,
10.99,0.004132438,0.009277175,0.013279058,,,,,,,,,,
10.995,0.004156928,0.00933491,0.013358435,,,,,,,,,,
11,0.004164485,0.009355852,0.013385408,,,,,,,,,,
11.005,0.004155202,0.009339775,0.013359802,,,,,,,,,,
11.01,0.004129058,0.00928681,0.01328158,,,,,,,,,,
11.015,0.004086073,0.009196887,0.013151063,,,,,,,,,,
11.02,0.004026411,0.009070494,0.012968685,,,,,,,,,,
11.025,0.003950363,0.008907887,0.012734971,,,,,,,,,,
11.03,0.003858107,0.00870956,0.012450797,,,,,,,,,,
11.035,0.003750015,0.008476348,0.012117171,,,,,,,,,,
11.04,0.003626612,0.008209089,0.011735238,,,,,,,,,,
11.045,0.003488485,0.007908598,0.011306282,,,,,,,,,,
11.05,0.00333602,0.007576119,0.010831948,,,,,,,,,,
11.055,0.003169897,0.007212859,0.010313901,,,,,,,,,,
11.06,0.002990779,0.006819947,0.009754079,,,,,,,,,,
11.065,0.002799347,0.006399057,0.00915463,,,,,,,,,,
11.07,0.002596322,0.005951675,0.00851764,,,,,,,,,,
11.075,0.002382614,0.005479377,0.007845569,,,,,,,,,,
11.08,0.002159051,0.004984118,0.00714085,,,,,,,,,,
11.085,0.001926657,0.004467827,0.006406207,,,,,,,,,,
11.09,0.0016863,0.003932375,0.005644367,,,,,,,,,,
11.095,0.001438969,0.00337977,0.004858193,,,,,,,,,,
11.1,0.001185636,0.002812349,0.004050811,,,,,,,,,,
11.105,0.000927343,0.002232147,0.003225314,,,,,,,,,,
11.11,0.000665101,0.001641449,0.002384865,,,,,,,,,,
11.115,0.000400054,0.00104266,0.001532812,,,,,,,,,,
11.12,0.000133313,0.000438165,0.000672373,,,,,,,,,,
11.125,-0.000133985,-0.000169703,-0.000192968,,,,,,,,,,
11.13,-0.000400708,-0.000778418,-0.001059811,,,,,,,,,,
11.135,-0.000665824,-0.001385531,-0.001924634,,,,,,,,,,
11.14,-0.00092814,-0.001988713,-0.002784018,,,,,,,,,,
11.145,-0.001186725,-0.002585378,-0.003634378,,,,,,,,,,
11.15,-0.001440398,-0.003173118,-0.004472288,,,,,,,,,,
11.155,-0.001688115,-0.003749529,-0.005294334,,,,,,,,,,
11.16,-0.001928787,-0.004312122,-0.006096986,,,,,,,,,,
11.165,-0.002161402,-0.004858516,-0.006877051,,,,,,,,,,
11.17,-0.002384922,-0.005386553,-0.007631228,,,,,,,,,,
11.175,-0.002598522,-0.00589382,-0.008356163,,,,,,,,,,
11.18,-0.002801215,-0.00637814,-0.009048799,,,,,,,,,,
11.185,-0.002992153,-0.006837604,-0.009706151,,,,,,,,,,
11.19,-0.003170653,-0.007270072,-0.010325308,,,,,,,,,,
11.195,-0.003335829,-0.007673568,-0.010903477,,,,,,,,,,
11.2,-0.003486847,-0.008046435,-0.011438165,,,,,,,,,,
11.205,-0.003623206,-0.008386874,-0.011926844,,,,,,,,,,
11.21,-0.003744219,-0.008693259,-0.012367243,,,,,,,,,,
11.215,-0.003849363,-0.008964319,-0.012757338,,,,,,,,,,
11.22,-0.003938268,-0.009198711,-0.013095206,,,,,,,,,,
11.225,-0.004010485,-0.009395125,-0.013379017,,,,,,,,,,
11.23,-0.004065714,-0.009552805,-0.013607383,,,,,,,,,,
11.235,-0.004103706,-0.009670806,-0.013779141,,,,,,,,,,
11.24,-0.004124217,-0.009748381,-0.01389317,,,,,,,,,,
11.245,-0.004127156,-0.009785038,-0.013948697,,,,,,,,,,
11.25,-0.004112477,-0.009780519,-0.013945232,,,,,,,,,,
11.255,-0.004080218,-0.009734444,-0.01388243,,,,,,,,,,
11.26,-0.004030624,-0.009647044,-0.013760193,,,,,,,,,,
11.265,-0.003963817,-0.009518485,-0.013578902,,,,,,,,,,
11.27,-0.003879994,-0.009349057,-0.013338795,,,,,,,,,,
11.275,-0.003779598,-0.00913921,-0.013040643,,,,,,,,,,
11.28,-0.003662977,-0.008889921,-0.012685594,,,,,,,,,,
11.285,-0.003530615,-0.008601912,-0.012274839,,,,,,,,,,
11.29,-0.003383038,-0.008276171,-0.011809721,,,,,,,,,,
11.295,-0.00322092,-0.007914093,-0.011292161,,,,,,,,,,
11.3,-0.003044902,-0.007517104,-0.010724081,,,,,,,,,,
11.305,-0.002855842,-0.007086607,-0.010107583,,,,,,,,,,
11.31,-0.002654449,-0.006624508,-0.009445282,,,,,,,,,,
11.315,-0.002441569,-0.006132646,-0.00873988,,,,,,,,,,
11.32,-0.002218165,-0.005612816,-0.007994012,,,,,,,,,,
11.325,-0.00198516,-0.005067367,-0.007210983,,,,,,,,,,
11.33,-0.001743513,-0.004498606,-0.006394171,,,,,,,,,,
11.335,-0.001494312,-0.003908814,-0.005546683,,,,,,,,,,
11.34,-0.001238671,-0.003300492,-0.004672324,,,,,,,,,,
11.345,-0.000977601,-0.002676403,-0.003774912,,,,,,,,,,
11.35,-0.000712285,-0.00203903,-0.002858137,,,,,,,,,,
11.355,-0.000443899,-0.001391224,-0.001926109,,,,,,,,,,
11.36,-0.000173527,-0.000735822,-0.00098296,,,,,,,,,,
11.365,9.77E-05,-7.56E-05,-3.28E-05,,,,,,,,,,
11.37,0.00036849,0.000586507,0.00092029,,,,,,,,,,
11.375,0.000637712,0.001247517,0.001871828,,,,,,,,,,
11.38,0.000904229,0.001904479,0.00281763,,,,,,,,,,
11.385,0.001166752,0.002554614,0.003753508,,,,,,,,,,
11.39,0.001424219,0.003194883,0.004675063,,,,,,,,,,
11.395,0.00167556,0.003822425,0.005578122,,,,,,,,,,
11.4,0.001919603,0.004434433,0.006458592,,,,,,,,,,
11.405,0.002155281,0.005028142,0.007312341,,,,,,,,,,
11.41,0.002381585,0.005600698,0.008135363,,,,,,,,,,
11.415,0.002597568,0.006149645,0.008923936,,,,,,,,,,
11.42,0.002802135,0.006672454,0.009674417,,,,,,,,,,
11.425,0.002994473,0.007166472,0.010383009,,,,,,,,,,
11.43,0.003173776,0.007629574,0.011046503,,,,,,,,,,
11.435,0.00333918,0.008059679,0.011661831,,,,,,,,,,
11.44,0.003489995,0.008454566,0.012225766,,,,,,,,,,
11.445,0.003625639,0.008812426,0.012735749,,,,,,,,,,
11.45,0.003745262,0.009131679,0.013189284,,,,,,,,,,
11.455,0.003848501,0.009410575,0.013584053,,,,,,,,,,
11.46,0.003934942,0.009647856,0.013918108,,,,,,,,,,
11.465,0.004003977,0.009842507,0.014189902,,,,,,,,,,
11.47,0.004055466,0.009993295,0.014397858,,,,,,,,,,
11.475,0.004089216,0.010099448,0.014540747,,,,,,,,,,
11.48,0.004104929,0.010160732,0.014618052,,,,,,,,,,
11.485,0.004102576,0.010176485,0.014629104,,,,,,,,,,
11.49,0.004082253,0.010146475,0.014573604,,,,,,,,,,
11.495,0.004043864,0.010071021,0.014451905,,,,,,,,,,
11.5,0.003987637,0.009950225,0.014264262,,,,,,,,,,
11.505,0.003913894,0.009784426,0.014011484,,,,,,,,,,
11.51,0.003822857,0.009574621,0.013694584,,,,,,,,,,
11.515,0.003714934,0.009321551,0.013315,,,,,,,,,,
11.52,0.003590714,0.009026209,0.012874241,,,,,,,,,,
11.525,0.003450514,0.008689991,0.012374293,,,,,,,,,,
11.53,0.003295048,0.008314473,0.01181757,,,,,,,,,,
11.535,0.00312503,0.007901127,0.011206335,,,,,,,,,,
11.54,0.002941143,0.007451815,0.01054347,,,,,,,,,,
11.545,0.002744121,0.006968743,0.009832013,,,,,,,,,,
11.55,0.002534958,0.006453946,0.009075113,,,,,,,,,,
11.555,0.0023146,0.005909614,0.008276355,,,,,,,,,,
11.56,0.002083867,0.005338587,0.007439225,,,,,,,,,,
11.565,0.001843842,0.004743158,0.006567887,,,,,,,,,,
11.57,0.001595583,0.004126022,0.005666013,,,,,,,,,,
11.575,0.001340178,0.003490164,0.004737936,,,,,,,,,,
11.58,0.001078681,0.002838519,0.003788114,,,,,,,,,,
11.585,0.000812347,0.002173686,0.002820684,,,,,,,,,,
11.59,0.000542308,0.001499106,0.001840105,,,,,,,,,,
11.595,0.0002698,0.000817837,0.00085121,,,,,,,,,,
11.6,-4.07E-06,0.000132766,-0.000141611,,,,,,,,,,
11.605,-0.000277992,-0.000552947,-0.001133968,,,,,,,,,,
11.61,-0.000550806,-0.001235877,-0.002120738,,,,,,,,,,
11.615,-0.000821389,-0.001913161,-0.003097668,,,,,,,,,,
11.62,-0.001088447,-0.002581836,-0.004060457,,,,,,,,,,
11.625,-0.001350786,-0.003238423,-0.005004177,,,,,,,,,,
11.63,-0.001607245,-0.003880105,-0.005924678,,,,,,,,,,
11.635,-0.001856704,-0.004504143,-0.006818041,,,,,,,,,,
11.64,-0.002098083,-0.005107556,-0.007679693,,,,,,,,,,
11.645,-0.002330192,-0.005687348,-0.008505838,,,,,,,,,,
11.65,-0.002552139,-0.006241406,-0.009292885,,,,,,,,,,
11.655,-0.002762886,-0.006766952,-0.01003704,,,,,,,,,,
11.66,-0.002961503,-0.007261414,-0.010734799,,,,,,,,,,
11.665,-0.00314709,-0.007722937,-0.011383458,,,,,,,,,,
11.67,-0.003318733,-0.008149362,-0.011979795,,,,,,,,,,
11.675,-0.003475619,-0.008538398,-0.012520991,,,,,,,,,,
11.68,-0.003617303,-0.008888751,-0.013005157,,,,,,,,,,
11.685,-0.003742855,-0.009198941,-0.01342977,,,,,,,,,,
11.69,-0.003851812,-0.009467075,-0.013792972,,,,,,,,,,
11.695,-0.003943812,-0.009692435,-0.014093436,,,,,,,,,,
11.7,-0.004018361,-0.009874154,-0.014329887,,,,,,,,,,
11.705,-0.004074972,-0.010011032,-0.01450111,,,,,,,,,,
11.71,-0.004113526,-0.010102646,-0.014606808,,,,,,,,,,
11.715,-0.004133721,-0.010149072,-0.01464662,,,,,,,,,,
11.72,-0.004135454,-0.010149604,-0.014620228,,,,,,,,,,
11.725,-0.004118812,-0.010104509,-0.0145282,,,,,,,,,,
11.73,-0.004083761,-0.010014397,-0.014371065,,,,,,,,,,
11.735,-0.004030462,-0.009879419,-0.014149555,,,,,,,,,,
11.74,-0.003959219,-0.009700266,-0.01386492,,,,,,,,,,
11.745,-0.003870254,-0.009478043,-0.013518828,,,,,,,,,,
11.75,-0.003763721,-0.009213891,-0.013112763,,,,,,,,,,
11.755,-0.003640449,-0.008908575,-0.01264885,,,,,,,,,,
11.76,-0.003500738,-0.008564175,-0.012129482,,,,,,,,,,
11.765,-0.003345148,-0.008182094,-0.011557021,,,,,,,,,,
11.77,-0.00317457,-0.007763979,-0.010934157,,,,,,,,,,
11.775,-0.002989798,-0.007311904,-0.010264041,,,,,,,,,,
11.78,-0.002791289,-0.006828323,-0.009549695,,,,,,,,,,
11.785,-0.002580189,-0.006314934,-0.008794553,,,,,,,,,,
11.79,-0.002357377,-0.005774306,-0.008002076,,,,,,,,,,
11.795,-0.002123579,-0.005209185,-0.007176092,,,,,,,,,,
11.8,-0.001880125,-0.004621882,-0.00632026,,,,,,,,,,
11.805,-0.001628004,-0.004014988,-0.005438482,,,,,,,,,,
11.81,-0.00136821,-0.003391673,-0.004534965,,,,,,,,,,
11.815,-0.001102034,-0.002754529,-0.003613525,,,,,,,,,,
11.82,-0.000830738,-0.002106316,-0.002678559,,,,,,,,,,
11.825,-0.000555199,-0.001450146,-0.001734066,,,,,,,,,,
11.83,-0.000276782,-0.000788926,-0.000784452,,,,,,,,,,
11.835,3.07E-06,-0.000125375,0.00016609,,,,,,,,,,
11.84,0.000283421,0.000537291,0.001113588,,,,,,,,,,
11.845,0.000562921,0.001196272,0.002053547,,,,,,,,,,
11.85,0.000840234,0.001848562,0.002982206,,,,,,,,,,
11.855,0.001114119,0.002491447,0.003895408,,,,,,,,,,
11.86,0.001383502,0.003121843,0.004789145,,,,,,,,,,
11.865,0.001647066,0.00373736,0.00565971,,,,,,,,,,
11.87,0.001903762,0.004335145,0.00650338,,,,,,,,,,
11.875,0.002152297,0.004912718,0.007316551,,,,,,,,,,
11.88,0.002391742,0.005467355,0.00809575,,,,,,,,,,
11.885,0.002620847,0.005997046,0.008838019,,,,,,,,,,
11.89,0.002838692,0.00649936,0.009540141,,,,,,,,,,
11.895,0.003044218,0.006972052,0.010199113,,,,,,,,,,
11.9,0.003236457,0.0074134,0.010812667,,,,,,,,,,
11.905,0.003414716,0.007821602,0.011377935,,,,,,,,,,
11.91,0.003578128,0.008194764,0.011892845,,,,,,,,,,
11.915,0.003725857,0.008531498,0.012355546,,,,,,,,,,
11.92,0.00385746,0.008830602,0.012764197,,,,,,,,,,
11.925,0.003972157,0.00909055,0.013117161,,,,,,,,,,
11.93,0.004069353,0.009310549,0.013413332,,,,,,,,,,
11.935,0.004148792,0.00948992,0.013651866,,,,,,,,,,
11.94,0.004210023,0.00962779,0.013831532,,,,,,,,,,
11.945,0.004252861,0.009723721,0.013952162,,,,,,,,,,
11.95,0.004276984,0.009777623,0.014013561,,,,,,,,,,
11.955,0.004282394,0.009789155,0.014015326,,,,,,,,,,
11.96,0.004269017,0.009758517,0.013958065,,,,,,,,,,
11.965,0.004236915,0.009686126,0.01384224,,,,,,,,,,
11.97,0.004186079,0.009572153,0.013668425,,,,,,,,,,
11.975,0.004116836,0.009417328,0.013437581,,,,,,,,,,
11.98,0.004029556,0.009222543,0.013151107,,,,,,,,,,
11.985,0.003924654,0.008988795,0.012810306,,,,,,,,,,
11.99,0.003802439,0.008716911,0.012416674,,,,,,,,,,
11.995,0.003663496,0.008408458,0.011972287,,,,,,,,,,
12,0.003508509,0.00806485,0.011479104,,,,,,,,,,
12.005,0.003338118,0.007687461,0.010939302,,,,,,,,,,
12.01,0.00315303,0.007278145,0.010355427,,,,,,,,,,
12.015,0.002954086,0.006838762,0.009729981,,,,,,,,,,
12.02,0.002742318,0.006371164,0.009065712,,,,,,,,,,
12.025,0.002518591,0.005877417,0.008365405,,,,,,,,,,
12.03,0.002283727,0.005360025,0.00763226,,,,,,,,,,
12.035,0.002039027,0.004820784,0.006869332,,,,,,,,,,
12.04,0.001785464,0.004262291,0.006079773,,,,,,,,,,
12.045,0.001524007,0.00368696,0.005267101,,,,,,,,,,
12.05,0.001255954,0.003097128,0.00443461,,,,,,,,,,
12.055,0.000982643,0.002495399,0.003585758,,,,,,,,,,
12.06,0.000705064,0.001884622,0.002724132,,,,,,,,,,
12.065,0.000424493,0.001267027,0.001853188,,,,,,,,,,
12.07,0.00014223,0.000645288,0.000976566,,,,,,,,,,
12.075,-0.000140504,2.23E-05,9.79E-05,,,,,,,,,,
12.08,-0.000422502,-0.000599511,-0.000779103,,,,,,,,,,
12.085,-0.00070252,-0.001217721,-0.001651087,,,,,,,,,,
12.09,-0.000979307,-0.001829443,-0.002514343,,,,,,,,,,
12.095,-0.001251664,-0.002432113,-0.00336546,,,,,,,,,,
12.1,-0.00151826,-0.003023488,-0.004201056,,,,,,,,,,
12.105,-0.00177808,-0.003600809,-0.005017681,,,,,,,,,,
12.11,-0.002029997,-0.00416179,-0.005812058,,,,,,,,,,
12.115,-0.002272829,-0.004704282,-0.006581107,,,,,,,,,,
12.12,-0.002505639,-0.005225882,-0.007321563,,,,,,,,,,
12.125,-0.002727412,-0.005724344,-0.008030538,,,,,,,,,,
12.13,-0.002937197,-0.006197917,-0.008705337,,,,,,,,,,
12.135,-0.003134016,-0.006644444,-0.009343138,,,,,,,,,,
12.14,-0.003317013,-0.007061982,-0.009941464,,,,,,,,,,
12.145,-0.003485521,-0.007449218,-0.010497964,,,,,,,,,,
12.15,-0.003638815,-0.007804351,-0.011010441,,,,,,,,,,
12.155,-0.003776134,-0.008125898,-0.011476771,,,,,,,,,,
12.16,-0.003897154,-0.008412772,-0.011895183,,,,,,,,,,
12.165,-0.00400131,-0.008663841,-0.012264082,,,,,,,,,,
12.17,-0.004088042,-0.008877852,-0.012581893,,,,,,,,,,
12.175,-0.004157099,-0.009054135,-0.012847458,,,,,,,,,,
12.18,-0.004208202,-0.009192163,-0.013059831,,,,,,,,,,
12.185,-0.004241253,-0.009291062,-0.013218049,,,,,,,,,,
12.19,-0.004256084,-0.009350711,-0.013321538,,,,,,,,,,
12.195,-0.004252762,-0.009370942,-0.013369954,,,,,,,,,,
12.2,-0.004231398,-0.009351621,-0.013363125,,,,,,,,,,
12.205,-0.004192185,-0.009292855,-0.013300974,,,,,,,,,,
12.21,-0.004135049,-0.009195153,-0.013184005,,,,,,,,,,
12.215,-0.004060576,-0.009058726,-0.013012642,,,,,,,,,,
12.22,-0.003969013,-0.00888421,-0.012787461,,,,,,,,,,
12.225,-0.003860822,-0.008672579,-0.012509635,,,,,,,,,,
12.23,-0.003736549,-0.008424576,-0.012180169,,,,,,,,,,
12.235,-0.003596913,-0.008141322,-0.01180032,,,,,,,,,,
12.24,-0.003442482,-0.007824206,-0.011371819,,,,,,,,,,
12.245,-0.003273943,-0.007474462,-0.010896352,,,,,,,,,,
12.25,-0.003092093,-0.007093537,-0.010375885,,,,,,,,,,
12.255,-0.002897764,-0.00668311,-0.009812589,,,,,,,,,,
12.26,-0.002691808,-0.006245002,-0.009208919,,,,,,,,,,
12.265,-0.002475216,-0.005780984,-0.008567147,,,,,,,,,,
12.27,-0.00224902,-0.005293032,-0.00788997,,,,,,,,,,
12.275,-0.002014135,-0.004783297,-0.007180315,,,,,,,,,,
12.28,-0.001771734,-0.004254052,-0.006440958,,,,,,,,,,
12.285,-0.001522862,-0.00370731,-0.005675033,,,,,,,,,,
12.29,-0.001268508,-0.003145498,-0.004885733,,,,,,,,,,
12.295,-0.001009732,-0.002571068,-0.004076461,,,,,,,,,,
12.3,-0.000747826,-0.001986348,-0.003250456,,,,,,,,,,
12.305,-0.000483833,-0.00139374,-0.002411138,,,,,,,,,,
12.31,-0.000218873,-0.000796106,-0.001562281,,,,,,,,,,
12.315,4.58E-05,-0.000195789,-0.000707083,,,,,,,,,,
12.32,0.000309057,0.000404835,0.000150712,,,,,,,,,,
12.325,0.00056993,0.001002952,0.001007366,,,,,,,,,,
12.33,0.000827245,0.001596013,0.001859336,,,,,,,,,,
12.335,0.001079963,0.002181799,0.002703057,,,,,,,,,,
12.34,0.001327019,0.002757723,0.003534887,,,,,,,,,,
12.345,0.001567456,0.003321013,0.004351176,,,,,,,,,,
12.35,0.001800138,0.003869727,0.005148687,,,,,,,,,,
12.355,0.002024122,0.004401317,0.005923902,,,,,,,,,,
12.36,0.002238637,0.004913282,0.006673387,,,,,,,,,,
12.365,0.002442673,0.005403818,0.00739415,,,,,,,,,,
12.37,0.002635597,0.005870888,0.008082878,,,,,,,,,,
12.375,0.002816656,0.006312086,0.008736628,,,,,,,,,,
12.38,0.002985059,0.006725833,0.009352576,,,,,,,,,,
12.385,0.003140163,0.007110466,0.009928084,,,,,,,,,,
12.39,0.003281541,0.007464016,0.010460777,,,,,,,,,,
12.395,0.003408356,0.007785138,0.01094802,,,,,,,,,,
12.4,0.003520386,0.008072554,0.011388008,,,,,,,,,,
12.405,0.003617175,0.008324887,0.011778704,,,,,,,,,,
12.41,0.003698381,0.008541165,0.012118192,,,,,,,,,,
12.415,0.003763933,0.008720598,0.012405235,,,,,,,,,,
12.42,0.003813424,0.008862234,0.012638353,,,,,,,,,,
12.425,0.003846839,0.008965487,0.012816656,,,,,,,,,,
12.43,0.00386407,0.009030106,0.01293925,,,,,,,,,,
12.435,0.003865134,0.009055611,0.013005791,,,,,,,,,,
12.44,0.003849967,0.009042041,0.01301575,,,,,,,,,,
12.445,0.003819036,0.008989475,0.012969098,,,,,,,,,,
12.45,0.003772287,0.008898109,0.012866191,,,,,,,,,,
12.455,0.003710194,0.008768341,0.012707253,,,,,,,,,,
12.46,0.003633025,0.008600977,0.012493038,,,,,,,,,,
12.465,0.003541128,0.008396427,0.012224607,,,,,,,,,,
12.47,0.003434972,0.008155763,0.011902934,,,,,,,,,,
12.475,0.003315017,0.007880161,0.011529674,,,,,,,,,,
12.48,0.003181803,0.007570578,0.011106318,,,,,,,,,,
12.485,0.003035959,0.007228471,0.010634823,,,,,,,,,,
12.49,0.002878342,0.006855615,0.0101172,,,,,,,,,,
12.495,0.002709377,0.006453287,0.009555735,,,,,,,,,,
12.5,0.00252997,0.006023309,0.008952984,,,,,,,,,,
12.505,0.00234089,0.005567903,0.008311552,,,,,,,,,,
12.51,0.002142825,0.005088693,0.007634443,,,,,,,,,,
12.515,0.001936729,0.004587737,0.006924509,,,,,,,,,,
12.52,0.001723375,0.004067472,0.006185002,,,,,,,,,,
12.525,0.001503732,0.003530054,0.005419302,,,,,,,,,,
12.53,0.001278766,0.002977746,0.004630585,,,,,,,,,,
12.535,0.001049368,0.002413137,0.003822533,,,,,,,,,,
12.54,0.000816474,0.001838654,0.002998698,,,,,,,,,,
12.545,0.000581068,0.001256623,0.002162703,,,,,,,,,,
12.55,0.000343954,0.000669715,0.001318386,,,,,,,,,,
12.555,0.000106239,8.05E-05,0.000469489,,,,,,,,,,
12.56,-0.000131111,-0.000508617,-0.000380225,,,,,,,,,,
12.565,-0.00036736,-0.001095049,-0.001227207,,,,,,,,,,
12.57,-0.000601239,-0.001676125,-0.002067313,,,,,,,,,,
12.575,-0.000832009,-0.002249288,-0.0028971,,,,,,,,,,
12.58,-0.001058665,-0.002812342,-0.003712974,,,,,,,,,,
12.585,-0.001280358,-0.003362654,-0.004510994,,,,,,,,,,
12.59,-0.001496238,-0.003897919,-0.0052879,,,,,,,,,,
12.595,-0.00170549,-0.004415885,-0.006040208,,,,,,,,,,
12.6,-0.001907253,-0.004914455,-0.0067646,,,,,,,,,,
12.605,-0.002100671,-0.005391142,-0.007457923,,,,,,,,,,
12.61,-0.002285125,-0.005844219,-0.008117249,,,,,,,,,,
12.615,-0.002459687,-0.006271766,-0.008739778,,,,,,,,,,
12.62,-0.002623872,-0.006671798,-0.009322521,,,,,,,,,,
12.625,-0.002776998,-0.007042698,-0.009863364,,,,,,,,,,
12.63,-0.002918444,-0.007383128,-0.010359792,,,,,,,,,,
12.635,-0.003047705,-0.007691434,-0.010809658,,,,,,,,,,
12.64,-0.003164402,-0.007966286,-0.01121127,,,,,,,,,,
12.645,-0.003267865,-0.00820685,-0.011562802,,,,,,,,,,
12.65,-0.003357731,-0.008411974,-0.011862983,,,,,,,,,,
12.655,-0.003433783,-0.008580703,-0.012110551,,,,,,,,,,
12.66,-0.003495491,-0.008712532,-0.012304499,,,,,,,,,,
12.665,-0.003542921,-0.008807156,-0.012444277,,,,,,,,,,
12.67,-0.003575693,-0.008863878,-0.012529217,,,,,,,,,,
12.675,-0.003593782,-0.008882626,-0.012559194,,,,,,,,,,
12.68,-0.003597067,-0.008863646,-0.012534222,,,,,,,,,,
12.685,-0.003585597,-0.00880686,-0.012454709,,,,,,,,,,
12.69,-0.003559302,-0.008712401,-0.012320934,,,,,,,,,,
12.695,-0.003518283,-0.008581086,-0.012133728,,,,,,,,,,
12.7,-0.003462824,-0.008413534,-0.01189436,,,,,,,,,,
12.705,-0.003393084,-0.008210098,-0.011603609,,,,,,,,,,
12.71,-0.003309345,-0.007972152,-0.011263016,,,,,,,,,,
12.715,-0.003211835,-0.007700817,-0.010874543,,,,,,,,,,
12.72,-0.003101207,-0.007396931,-0.010439639,,,,,,,,,,
12.725,-0.002977569,-0.007062038,-0.009960423,,,,,,,,,,
12.73,-0.002841485,-0.006697792,-0.009439472,,,,,,,,,,
12.735,-0.00269355,-0.006305516,-0.008878924,,,,,,,,,,
12.74,-0.002534334,-0.005886878,-0.008281026,,,,,,,,,,
12.745,-0.002364387,-0.005444046,-0.007649102,,,,,,,,,,
12.75,-0.002184459,-0.004978768,-0.006985756,,,,,,,,,,
12.755,-0.001995301,-0.004492865,-0.006293543,,,,,,,,,,
12.76,-0.001797484,-0.003988564,-0.005576098,,,,,,,,,,
12.765,-0.001591946,-0.003468251,-0.004836494,,,,,,,,,,
12.77,-0.001379421,-0.002933674,-0.004077631,,,,,,,,,,
12.775,-0.001160715,-0.002387239,-0.003303178,,,,,,,,,,
12.78,-0.000936784,-0.001831569,-0.002516493,,,,,,,,,,
12.785,-0.000708498,-0.001268681,-0.001720657,,,,,,,,,,
12.79,-0.000476763,-0.000700751,-0.000919174,,,,,,,,,,
12.795,-0.000242572,-0.000130771,-0.000115794,,,,,,,,,,
12.8,-6.85E-06,0.000439277,0.000686481,,,,,,,,,,
12.805,0.000229607,0.001007342,0.001484241,,,,,,,,,,
12.81,0.00046556,0.001570529,0.002273832,,,,,,,,,,
12.815,0.000700336,0.002126551,0.003052177,,,,,,,,,,
12.82,0.000932794,0.002673599,0.003816153,,,,,,,,,,
12.825,0.001161905,0.003209073,0.004562367,,,,,,,,,,
12.83,0.001386947,0.003730595,0.005287963,,,,,,,,,,
12.835,0.001606791,0.004236466,0.00598999,,,,,,,,,,
12.84,0.001820411,0.004724532,0.006665537,,,,,,,,,,
12.845,0.00202718,0.005192515,0.007311807,,,,,,,,,,
12.85,0.002226192,0.005638925,0.007926419,,,,,,,,,,
12.855,0.002416287,0.006061855,0.008506859,,,,,,,,,,
12.86,0.002597003,0.006459497,0.009050727,,,,,,,,,,
12.865,0.002767374,0.006830189,0.009556139,,,,,,,,,,
12.87,0.002926552,0.007172832,0.01002097,,,,,,,,,,
12.875,0.003074024,0.007485719,0.010443525,,,,,,,,,,
12.88,0.003209069,0.007767718,0.010822169,,,,,,,,,,
12.885,0.003331016,0.008017736,0.011155543,,,,,,,,,,
12.89,0.003439386,0.008234954,0.01144239,,,,,,,,,,
12.895,0.003533782,0.008418216,0.011681617,,,,,,,,,,
12.9,0.003613482,0.008567059,0.01187253,,,,,,,,,,
12.905,0.003678258,0.008680944,0.012014454,,,,,,,,,,
12.91,0.003727741,0.008759258,0.01210688,,,,,,,,,,
12.915,0.003761609,0.008801781,0.012149554,,,,,,,,,,
12.92,0.003779772,0.008808537,0.012142508,,,,,,,,,,
12.925,0.003782061,0.008779446,0.012085878,,,,,,,,,,
12.93,0.003768413,0.008714472,0.011979831,,,,,,,,,,
12.935,0.003738753,0.008614201,0.011825109,,,,,,,,,,
12.94,0.003693267,0.008478966,0.011622407,,,,,,,,,,
12.945,0.003631972,0.008309214,0.011372441,,,,,,,,,,
12.95,0.003555069,0.008105751,0.011076515,,,,,,,,,,
12.955,0.003462897,0.007869416,0.010735856,,,,,,,,,,
12.96,0.003355807,0.007601126,0.010351701,,,,,,,,,,
12.965,0.003234114,0.007301992,0.009925778,,,,,,,,,,
12.97,0.003098424,0.006973306,0.009459832,,,,,,,,,,
12.975,0.002949255,0.006616339,0.008955693,,,,,,,,,,
12.98,0.002786977,0.006232482,0.008415387,,,,,,,,,,
12.985,0.002612534,0.005823305,0.007841231,,,,,,,,,,
12.99,0.002426523,0.005390536,0.007235354,,,,,,,,,,
12.995,0.00222965,0.004935806,0.006600275,,,,,,,,,,
13,0.002022807,0.004460921,0.005938496,,,,,,,,,,
13.005,0.001806863,0.003967986,0.005252518,,,,,,,,,,
13.01,0.001582717,0.003458791,0.004545172,,,,,,,,,,
13.015,0.001351297,0.002935471,0.003819206,,,,,,,,,,
13.02,0.001113677,0.002400116,0.003077402,,,,,,,,,,
13.025,0.000870695,0.001854827,0.00232282,,,,,,,,,,
13.03,0.000623492,0.001301829,0.001558412,,,,,,,,,,
13.035,0.000373142,0.000743349,0.000786981,,,,,,,,,,
13.04,0.00012075,0.00018159,1.18E-05,,,,,,,,,,
13.045,-0.000132696,-0.000381017,-0.000764183,,,,,,,,,,
13.05,-0.000385897,-0.000942416,-0.00153797,,,,,,,,,,
13.055,-0.000637811,-0.001500311,-0.00230646,,,,,,,,,,
13.06,-0.000887434,-0.002052273,-0.003066536,,,,,,,,,,
13.065,-0.00113355,-0.002596227,-0.003815276,,,,,,,,,,
13.07,-0.001375199,-0.00313004,-0.004549766,,,,,,,,,,
13.075,-0.001611236,-0.003651252,-0.005266862,,,,,,,,,,
13.08,-0.001840626,-0.00415791,-0.005963938,,,,,,,,,,
13.085,-0.002062351,-0.004648057,-0.006638157,,,,,,,,,,
13.09,-0.002275376,-0.005119398,-0.007286661,,,,,,,,,,
13.095,-0.002478826,-0.005570081,-0.007906936,,,,,,,,,,
13.1,-0.00267179,-0.005998407,-0.008496401,,,,,,,,,,
13.105,-0.002853426,-0.006402463,-0.00905274,,,,,,,,,,
13.11,-0.003022897,-0.006780481,-0.009573403,,,,,,,,,,
13.115,-0.003179466,-0.007130999,-0.010056406,,,,,,,,,,
13.12,-0.003322334,-0.007452692,-0.01049974,,,,,,,,,,
13.125,-0.003450948,-0.007743795,-0.010901335,,,,,,,,,,
13.13,-0.003564713,-0.008003335,-0.011259593,,,,,,,,,,
13.135,-0.00366305,-0.008230217,-0.011572923,,,,,,,,,,
13.14,-0.003745661,-0.008423254,-0.011839871,,,,,,,,,,
13.145,-0.003812154,-0.008581607,-0.012059118,,,,,,,,,,
13.15,-0.003862226,-0.008704898,-0.012229767,,,,,,,,,,
13.155,-0.003895573,-0.008792197,-0.012350973,,,,,,,,,,
13.16,-0.003912259,-0.008842978,-0.012421762,,,,,,,,,,
13.165,-0.003911968,-0.00885735,-0.012442074,,,,,,,,,,
13.17,-0.00389495,-0.008834974,-0.012411437,,,,,,,,,,
13.175,-0.003861132,-0.008775654,-0.012329673,,,,,,,,,,
13.18,-0.003810746,-0.008679947,-0.012197125,,,,,,,,,,
13.185,-0.003744082,-0.008548164,-0.01201397,,,,,,,,,,
13.19,-0.003661329,-0.008380409,-0.011780751,,,,,,,,,,
13.195,-0.003562966,-0.008177635,-0.011498259,,,,,,,,,,
13.2,-0.003449461,-0.007940764,-0.011167559,,,,,,,,,,
13.205,-0.003321252,-0.007670256,-0.010789648,,,,,,,,,,
13.21,-0.00317896,-0.007367367,-0.010365873,,,,,,,,,,
13.215,-0.003023332,-0.007033632,-0.009898083,,,,,,,,,,
13.22,-0.002855001,-0.006670031,-0.009387636,,,,,,,,,,
13.225,-0.00267479,-0.006278033,-0.008836769,,,,,,,,,,
13.23,-0.002483554,-0.005859513,-0.008247544,,,,,,,,,,
13.235,-0.00228209,-0.005415961,-0.007622166,,,,,,,,,,
13.24,-0.002071404,-0.004949176,-0.006963227,,,,,,,,,,
13.245,-0.001852404,-0.004461331,-0.006273338,,,,,,,,,,
13.25,-0.00162604,-0.003954371,-0.005555248,,,,,,,,,,
13.255,-0.00139335,-0.003430328,-0.004811801,,,,,,,,,,
13.26,-0.001155456,-0.002891533,-0.004046146,,,,,,,,,,
13.265,-0.000913401,-0.0023404,-0.003261477,,,,,,,,,,
13.27,-0.000668139,-0.001779,-0.002460847,,,,,,,,,,
13.275,-0.000420971,-0.001209846,-0.001647932,,,,,,,,,,
13.28,-0.000172817,-0.000635478,-0.000825847,,,,,,,,,,
13.285,7.52E-05,-5.83E-05,1.70E-06,,,,,,,,,,
13.29,0.000321916,0.000519294,0.000831232,,,,,,,,,,
13.295,0.00056622,0.001094635,0.001659286,,,,,,,,,,
13.3,0.000807124,0.001665261,0.002482085,,,,,,,,,,
13.305,0.001043527,0.002228849,0.003296182,,,,,,,,,,
13.31,0.001274427,0.002782798,0.004098036,,,,,,,,,,
13.315,0.001498859,0.003324613,0.004883986,,,,,,,,,,
13.32,0.001715821,0.003852053,0.005650575,,,,,,,,,,
13.325,0.001924537,0.004362775,0.006394504,,,,,,,,,,
13.33,0.002123932,0.004854462,0.007112399,,,,,,,,,,
13.335,0.002313367,0.005324865,0.007800851,,,,,,,,,,
13.34,0.002491858,0.005772082,0.00845702,,,,,,,,,,
13.345,0.002658899,0.006193975,0.009077822,,,,,,,,,,
13.35,0.002813754,0.006588666,0.009660271,,,,,,,,,,
13.355,0.00295575,0.006954513,0.010201895,,,,,,,,,,
13.36,0.003084355,0.00728979,0.010700058,,,,,,,,,,
13.365,0.003199172,0.007592986,0.011152384,,,,,,,,,,
13.37,0.003299652,0.00786285,0.011556835,,,,,,,,,,
13.375,0.003385461,0.008098146,0.011911528,,,,,,,,,,
13.38,0.003456352,0.008297688,0.012214651,,,,,,,,,,
13.385,0.003512076,0.008460694,0.012464785,,,,,,,,,,
13.39,0.003552525,0.008586517,0.012660798,,,,,,,,,,
13.395,0.003577492,0.008674393,0.012801542,,,,,,,,,,
13.4,0.003587107,0.008724095,0.012886371,,,,,,,,,,
13.405,0.003581392,0.008735403,0.012914888,,,,,,,,,,
13.41,0.003560425,0.008708216,0.012886742,,,,,,,,,,
13.415,0.003524372,0.00864249,0.012802036,,,,,,,,,,
13.42,0.003473484,0.008538871,0.012661164,,,,,,,,,,
13.425,0.003408265,0.008397655,0.012464599,,,,,,,,,,
13.43,0.0033288,0.008219498,0.01221321,,,,,,,,,,
13.435,0.003235577,0.008005268,0.011908045,,,,,,,,,,
13.44,0.00312926,0.007756013,0.011550568,,,,,,,,,,
13.445,0.003010195,0.007472796,0.011142234,,,,,,,,,,
13.45,0.002878942,0.007156971,0.010684972,,,,,,,,,,
13.455,0.002736264,0.006810051,0.010180918,,,,,,,,,,
13.46,0.002582741,0.006433515,0.00963217,,,,,,,,,,
13.465,0.00241909,0.006029202,0.009041331,,,,,,,,,,
13.47,0.002246146,0.005598981,0.008411236,,,,,,,,,,
13.475,0.002064618,0.005144821,0.007744587,,,,,,,,,,
13.48,0.001875413,0.004668637,0.007044521,,,,,,,,,,
13.485,0.001679261,0.004172846,0.006314282,,,,,,,,,,
13.49,0.001477124,0.003659613,0.00555738,,,,,,,,,,
13.495,0.001269787,0.003131229,0.004776987,,,,,,,,,,
13.5,0.00105822,0.002590182,0.003976965,,,,,,,,,,
13.505,0.000843376,0.002039072,0.003161049,,,,,,,,,,
13.51,0.000626012,0.001480104,0.002332645,,,,,,,,,,
13.515,0.000407111,0.000916043,0.001495917,,,,,,,,,,
13.52,0.000187695,0.000349486,0.000654639,,,,,,,,,,
13.525,-3.15E-05,-0.000217106,-0.000187447,,,,,,,,,,
13.53,-0.000249608,-0.000781309,-0.00102645,,,,,,,,,,
13.535,-0.000465597,-0.001340349,-0.001858408,,,,,,,,,,
13.54,-0.000678591,-0.001891724,-0.002679602,,,,,,,,,,
13.545,-0.000887803,-0.002433265,-0.003486476,,,,,,,,,,
13.55,-0.001092371,-0.002962406,-0.00427507,,,,,,,,,,
13.555,-0.001291437,-0.003476637,-0.005042016,,,,,,,,,,
13.56,-0.001484261,-0.003973976,-0.005783933,,,,,,,,,,
13.565,-0.001670074,-0.00445223,-0.00649732,,,,,,,,,,
13.57,-0.001848221,-0.0049091,-0.007179207,,,,,,,,,,
13.575,-0.002018015,-0.00534277,-0.007826495,,,,,,,,,,
13.58,-0.002178636,-0.005751588,-0.008436487,,,,,,,,,,
13.585,-0.002329699,-0.006133415,-0.009006516,,,,,,,,,,
13.59,-0.002470579,-0.006486846,-0.009534107,,,,,,,,,,
13.595,-0.002600628,-0.006810559,-0.010017233,,,,,,,,,,
13.6,-0.002719568,-0.007103094,-0.010453771,,,,,,,,,,
13.605,-0.002826982,-0.007363145,-0.010842039,,,,,,,,,,
13.61,-0.00292223,-0.007590149,-0.011180483,,,,,,,,,,
13.615,-0.00300519,-0.007782924,-0.011467942,,,,,,,,,,
13.62,-0.003075597,-0.007940809,-0.011703352,,,,,,,,,,
13.625,-0.003133064,-0.008063415,-0.011885944,,,,,,,,,,
13.63,-0.003177439,-0.008150482,-0.012015388,,,,,,,,,,
13.635,-0.00320872,-0.008201368,-0.012091247,,,,,,,,,,
13.64,-0.003226709,-0.008216507,-0.012113595,,,,,,,,,,
13.645,-0.003231382,-0.00819598,-0.012082818,,,,,,,,,,
13.65,-0.003222923,-0.008139913,-0.011999309,,,,,,,,,,
13.655,-0.00320122,-0.00804872,-0.011863786,,,,,,,,,,
13.66,-0.00316642,-0.007923295,-0.011677374,,,,,,,,,,
13.665,-0.003118824,-0.007764188,-0.01144134,,,,,,,,,,
13.67,-0.003058642,-0.007572224,-0.011156991,,,,,,,,,,
13.675,-0.002985953,-0.007348655,-0.010826045,,,,,,,,,,
13.68,-0.002901208,-0.007094624,-0.010450516,,,,,,,,,,
13.685,-0.002804891,-0.006811321,-0.010032201,,,,,,,,,,
13.69,-0.002697206,-0.00650025,-0.009573451,,,,,,,,,,
13.695,-0.002578668,-0.006163078,-0.009076733,,,,,,,,,,
13.7,-0.002449792,-0.005801244,-0.008544483,,,,,,,,,,
13.705,-0.002311123,-0.005416518,-0.007979334,,,,,,,,,,
13.71,-0.002163098,-0.00501084,-0.00738427,,,,,,,,,,
13.715,-0.002006453,-0.004586055,-0.006762129,,,,,,,,,,
13.72,-0.001841779,-0.004144041,-0.006115766,,,,,,,,,,
13.725,-0.001669768,-0.003686936,-0.005448427,,,,,,,,,,
13.73,-0.001491062,-0.003216862,-0.004763279,,,,,,,,,,
13.735,-0.001306462,-0.002735712,-0.004063271,,,,,,,,,,
13.74,-0.001116666,-0.002245704,-0.003351809,,,,,,,,,,
13.745,-0.00092243,-0.001749148,-0.002632045,,,,,,,,,,
13.75,-0.000724503,-0.001248038,-0.001907183,,,,,,,,,,
13.755,-0.000523708,-0.000744457,-0.00118038,,,,,,,,,,
13.76,-0.000320938,-0.00024075,-0.000454763,,,,,,,,,,
13.765,-0.00011686,0.000260963,0.000266426,,,,,,,,,,
13.77,8.76E-05,0.00075876,0.000980286,,,,,,,,,,
13.775,0.000291622,0.001250464,0.001683932,,,,,,,,,,
13.78,0.000494413,0.00173403,0.002374152,,,,,,,,,,
13.785,0.000695233,0.002207554,0.003048475,,,,,,,,,,
13.79,0.000893154,0.002669307,0.003704249,,,,,,,,,,
13.795,0.001087435,0.003117181,0.004338698,,,,,,,,,,
13.8,0.001277198,0.003549552,0.004949469,,,,,,,,,,
13.805,0.001461649,0.003964918,0.005534592,,,,,,,,,,
13.81,0.001640079,0.004361547,0.006091562,,,,,,,,,,
13.815,0.001811896,0.004737843,0.006618386,,,,,,,,,,
13.82,0.001976019,0.005092735,0.007113634,,,,,,,,,,
13.825,0.002132062,0.005424772,0.00757525,,,,,,,,,,
13.83,0.002279477,0.005732708,0.008001721,,,,,,,,,,
13.835,0.002417316,0.006015677,0.008392108,,,,,,,,,,
13.84,0.002545079,0.006272642,0.008744967,,,,,,,,,,
13.845,0.002662402,0.00650263,0.009059258,,,,,,,,,,
13.85,0.002768579,0.006705056,0.009334391,,,,,,,,,,
13.855,0.002863275,0.006879394,0.009569669,,,,,,,,,,
13.86,0.002946073,0.007025104,0.009764465,,,,,,,,,,
13.865,0.003016503,0.007141656,0.009918545,,,,,,,,,,
13.87,0.003074395,0.007229097,0.010031865,,,,,,,,,,
13.875,0.003119371,0.007287301,0.010104334,,,,,,,,,,
13.88,0.003151181,0.007315921,0.010136162,,,,,,,,,,
13.885,0.003169733,0.007315238,0.010127767,,,,,,,,,,
13.89,0.003174937,0.00728579,0.010079587,,,,,,,,,,
13.895,0.003166735,0.007227354,0.009992231,,,,,,,,,,
13.9,0.003145105,0.007140603,0.0098664,,,,,,,,,,
13.905,0.003110193,0.007026357,0.009703174,,,,,,,,,,
13.91,0.003062136,0.006884922,0.009503411,,,,,,,,,,
13.915,0.003001052,0.006716886,0.009268266,,,,,,,,,,
13.92,0.002927108,0.006523516,0.008999124,,,,,,,,,,
13.925,0.002840735,0.00630545,0.008697291,,,,,,,,,,
13.93,0.002742316,0.006063649,0.008364159,,,,,,,,,,
13.935,0.002632075,0.005799371,0.00800126,,,,,,,,,,
13.94,0.00251058,0.005513743,0.007610352,,,,,,,,,,
13.945,0.002378436,0.005207891,0.007192966,,,,,,,,,,
13.95,0.002236126,0.004883145,0.006750951,,,,,,,,,,
13.955,0.0020841,0.004540969,0.006286179,,,,,,,,,,
13.96,0.001923237,0.004182532,0.005800587,,,,,,,,,,
13.965,0.001754043,0.003809463,0.005295891,,,,,,,,,,
13.97,0.00157737,0.003423198,0.004774314,,,,,,,,,,
13.975,0.001393962,0.003025415,0.004237816,,,,,,,,,,
13.98,0.00120465,0.002617449,0.003688256,,,,,,,,,,
13.985,0.001010282,0.002201031,0.003127844,,,,,,,,,,
13.99,0.000811694,0.001777807,0.00255876,,,,,,,,,,
13.995,0.000609683,0.001349325,0.001982915,,,,,,,,,,
14,0.000405177,0.000917188,0.001402402,,,,,,,,,,
14.005,0.00019917,0.000483232,0.00081957,,,,,,,,,,
14.01,-7.56E-06,4.90E-05,0.000236214,,,,,,,,,,
14.015,-0.000213943,-0.000383941,-0.000345565,,,,,,,,,,
14.02,-0.000419107,-0.00081373,-0.000923525,,,,,,,,,,
14.025,-0.000622107,-0.001238816,-0.001495807,,,,,,,,,,
14.03,-0.000822096,-0.001657764,-0.002060383,,,,,,,,,,
14.035,-0.001018238,-0.002068893,-0.002615252,,,,,,,,,,
14.04,-0.001209642,-0.002470583,-0.00315837,,,,,,,,,,
14.045,-0.001395266,-0.002861392,-0.003687993,,,,,,,,,,
14.05,-0.001574392,-0.003239967,-0.00420224,,,,,,,,,,
14.055,-0.00174626,-0.0036047,-0.004699256,,,,,,,,,,
14.06,-0.001909939,-0.00395433,-0.005177333,,,,,,,,,,
14.065,-0.002064796,-0.004287476,-0.005634844,,,,,,,,,,
14.07,-0.002210151,-0.004603099,-0.006070086,,,,,,,,,,
14.075,-0.002345382,-0.004899621,-0.006481443,,,,,,,,,,
14.08,-0.002469919,-0.005176292,-0.006867508,,,,,,,,,,
14.085,-0.002583079,-0.005432059,-0.007227079,,,,,,,,,,
14.09,-0.00268447,-0.005665597,-0.007558394,,,,,,,,,,
14.095,-0.002773623,-0.005876121,-0.007860591,,,,,,,,,,
14.1,-0.002850086,-0.006063143,-0.008132502,,,,,,,,,,
14.105,-0.002913627,-0.006225562,-0.008372922,,,,,,,,,,
14.11,-0.00296409,-0.006362805,-0.008580841,,,,,,,,,,
14.115,-0.00300107,-0.006474612,-0.008755677,,,,,,,,,,
14.12,-0.003024571,-0.006560352,-0.008896425,,,,,,,,,,
14.125,-0.003034509,-0.006619508,-0.009002418,,,,,,,,,,
14.13,-0.00303076,-0.006652104,-0.009073492,,,,,,,,,,
14.135,-0.003013495,-0.006657988,-0.00910905,,,,,,,,,,
14.14,-0.00298277,-0.006636778,-0.009108546,,,,,,,,,,
14.145,-0.002938721,-0.00658872,-0.009072285,,,,,,,,,,
14.15,-0.002881794,-0.006514306,-0.009000007,,,,,,,,,,
14.155,-0.002812311,-0.006413436,-0.008891722,,,,,,,,,,
14.16,-0.002730421,-0.006286298,-0.008747694,,,,,,,,,,
14.165,-0.002636741,-0.006133836,-0.008568549,,,,,,,,,,
14.17,-0.002531705,-0.005956477,-0.008354493,,,,,,,,,,
14.175,-0.002415768,-0.005754461,-0.008106344,,,,,,,,,,
14.18,-0.002289628,-0.005529158,-0.007824912,,,,,,,,,,
14.185,-0.00215379,-0.005281305,-0.007510937,,,,,,,,,,
14.19,-0.002009016,-0.005011561,-0.007165574,,,,,,,,,,
14.195,-0.001856134,-0.004721295,-0.00678995,,,,,,,,,,
14.2,-0.001695778,-0.004411864,-0.006385476,,,,,,,,,,
14.205,-0.001528605,-0.004084,-0.005953483,,,,,,,,,,
14.21,-0.001355586,-0.003739152,-0.005495545,,,,,,,,,,
14.215,-0.001177442,-0.003379171,-0.005013582,,,,,,,,,,
14.22,-0.000995011,-0.003005062,-0.004509221,,,,,,,,,,
14.225,-0.000809331,-0.002618369,-0.003984412,,,,,,,,,,
14.23,-0.000621122,-0.002220949,-0.003441207,,,,,,,,,,
14.235,-0.000431361,-0.00181448,-0.002881843,,,,,,,,,,
14.24,-0.00024093,-0.001400251,-0.00230842,,,,,,,,,,
14.245,-5.07E-05,-0.000980344,-0.001723269,,,,,,,,,,
14.25,0.000138653,-0.000556659,-0.001129043,,,,,,,,,,
14.255,0.000326075,-0.0001306,-0.000527853,,,,,,,,,,
14.26,0.000510812,0.000295907,7.75E-05,,,,,,,,,,
14.265,0.000691993,0.000720662,0.000684575,,,,,,,,,,
14.27,0.000868776,0.001142082,0.001290697,,,,,,,,,,
14.275,0.001040509,0.001558512,0.001893313,,,,,,,,,,
14.28,0.001206359,0.001967751,0.002489714,,,,,,,,,,
14.285,0.001365822,0.002368086,0.003077154,,,,,,,,,,
14.29,0.001517954,0.002758101,0.003653087,,,,,,,,,,
14.295,0.001662362,0.003135724,0.004214865,,,,,,,,,,
14.3,0.001798455,0.003499248,0.004759882,,,,,,,,,,
14.305,0.001925549,0.003847338,0.005285617,,,,,,,,,,
14.31,0.002043103,0.00417823,0.005789623,,,,,,,,,,
14.315,0.00215083,0.004490286,0.006269565,,,,,,,,,,
14.32,0.002248368,0.004782318,0.006722843,,,,,,,,,,
14.325,0.002335227,0.005053063,0.007147675,,,,,,,,,,
14.33,0.002411298,0.005301096,0.007541663,,,,,,,,,,
14.335,0.002476272,0.005525245,0.007902786,,,,,,,,,,
14.34,0.002530069,0.005724702,0.008229474,,,,,,,,,,
14.345,0.002572403,0.005898407,0.008520037,,,,,,,,,,
14.35,0.002603332,0.006045376,0.008772786,,,,,,,,,,
14.355,0.00262269,0.006165124,0.008986442,,,,,,,,,,
14.36,0.002630634,0.006257227,0.009160029,,,,,,,,,,
14.365,0.002627326,0.006320901,0.009292264,,,,,,,,,,
14.37,0.002612753,0.006356058,0.009382371,,,,,,,,,,
14.375,0.002587207,0.006362757,0.009430086,,,,,,,,,,
14.38,0.002550857,0.006340531,0.009434616,,,,,,,,,,
14.385,0.002504003,0.006289628,0.009395931,,,,,,,,,,
14.39,0.002446843,0.006210507,0.009314278,,,,,,,,,,
14.395,0.002379774,0.006103307,0.00918977,,,,,,,,,,
14.4,0.002303242,0.005968422,0.009022646,,,,,,,,,,
14.405,0.002217697,0.005806848,0.008813871,,,,,,,,,,
14.41,0.002123645,0.005619177,0.008564371,,,,,,,,,,
14.415,0.002021444,0.005406198,0.008274846,,,,,,,,,,
14.42,0.001911862,0.005168988,0.007946898,,,,,,,,,,
14.425,0.00179511,0.004908836,0.00758221,,,,,,,,,,
14.43,0.001671859,0.004626728,0.007182037,,,,,,,,,,
14.435,0.001542707,0.004323981,0.006748476,,,,,,,,,,
14.44,0.001408279,0.004002333,0.006283783,,,,,,,,,,
14.445,0.001269025,0.003663223,0.005789827,,,,,,,,,,
14.45,0.001125835,0.003307956,0.005268886,,,,,,,,,,
14.455,0.000979231,0.002938715,0.004723977,,,,,,,,,,
14.46,0.000829635,0.002557138,0.004157278,,,,,,,,,,
14.465,0.000677892,0.00216458,0.00357156,,,,,,,,,,
14.47,0.000524422,0.001763337,0.002970018,,,,,,,,,,
14.475,0.000369934,0.001355394,0.002355405,,,,,,,,,,
14.48,0.000215052,0.000942174,0.001730524,,,,,,,,,,
14.485,6.04E-05,0.000525948,0.001098612,,,,,,,,,,
14.49,-9.34E-05,0.000108916,0.00046287,,,,,,,,,,
14.495,-0.000245718,-0.000307372,-0.000173977,,,,,,,,,,
14.5,-0.000396066,-0.000720965,-0.000808512,,,,,,,,,,
14.505,-0.000544024,-0.001129537,-0.001437612,,,,,,,,,,
14.51,-0.000688987,-0.001531681,-0.0020584,,,,,,,,,,
14.515,-0.000830486,-0.001925417,-0.002667703,,,,,,,,,,
14.52,-0.000967914,-0.002308762,-0.003262645,,,,,,,,,,
14.525,-0.001100936,-0.002680015,-0.003840421,,,,,,,,,,
14.53,-0.00122893,-0.003037663,-0.004398283,,,,,,,,,,
14.535,-0.001351585,-0.003379948,-0.004933513,,,,,,,,,,
14.54,-0.001468503,-0.0037053,-0.005443602,,,,,,,,,,
14.545,-0.001579364,-0.004012554,-0.005926214,,,,,,,,,,
14.55,-0.00168389,-0.004300293,-0.006378938,,,,,,,,,,
14.555,-0.001781641,-0.004567168,-0.006799834,,,,,,,,,,
14.56,-0.001872376,-0.004812159,-0.007186998,,,,,,,,,,
14.565,-0.001955729,-0.005034417,-0.007538682,,,,,,,,,,
14.57,-0.00203155,-0.005232728,-0.007853489,,,,,,,,,,
14.575,-0.002099448,-0.005406463,-0.008130048,,,,,,,,,,
14.58,-0.002159429,-0.005555217,-0.008367231,,,,,,,,,,
14.585,-0.002211384,-0.005678219,-0.00856406,,,,,,,,,,
14.59,-0.002255137,-0.00577517,-0.00872003,,,,,,,,,,
14.595,-0.002290525,-0.005846007,-0.008834542,,,,,,,,,,
14.6,-0.002317485,-0.005890238,-0.008907222,,,,,,,,,,
14.605,-0.002336015,-0.005908034,-0.00893847,,,,,,,,,,
14.61,-0.002345801,-0.005899623,-0.008928104,,,,,,,,,,
14.615,-0.002347082,-0.005865039,-0.008876651,,,,,,,,,,
14.62,-0.002339832,-0.00580476,-0.008784699,,,,,,,,,,
14.625,-0.002324081,-0.005719446,-0.008653106,,,,,,,,,,
14.63,-0.002299937,-0.005609515,-0.008482692,,,,,,,,,,
14.635,-0.00226752,-0.005475711,-0.008274728,,,,,,,,,,
14.64,-0.002226776,-0.005318893,-0.008030829,,,,,,,,,,
14.645,-0.002177944,-0.005139921,-0.007752174,,,,,,,,,,
14.65,-0.00212115,-0.004939695,-0.007440653,,,,,,,,,,
14.655,-0.002056453,-0.004719471,-0.007098173,,,,,,,,,,
14.66,-0.001984376,-0.004480339,-0.006726448,,,,,,,,,,
14.665,-0.001904988,-0.004223677,-0.006327726,,,,,,,,,,
14.67,-0.001818686,-0.003950542,-0.005904175,,,,,,,,,,
14.675,-0.001725536,-0.003662663,-0.005458084,,,,,,,,,,
14.68,-0.001626042,-0.003361161,-0.004991756,,,,,,,,,,
14.685,-0.001520285,-0.003047551,-0.004507783,,,,,,,,,,
14.69,-0.0014087,-0.00272347,-0.004008654,,,,,,,,,,
14.695,-0.001291681,-0.00239031,-0.003496607,,,,,,,,,,
14.7,-0.001169567,-0.002049547,-0.002974465,,,,,,,,,,
14.705,-0.001042917,-0.001703015,-0.002444624,,,,,,,,,,
14.71,-0.000912079,-0.001352142,-0.001909596,,,,,,,,,,
14.715,-0.000777483,-0.000998254,-0.001371993,,,,,,,,,,
14.72,-0.000639495,-0.000643193,-0.00083428,,,,,,,,,,
14.725,-0.000498614,-0.000288378,-0.000299004,,,,,,,,,,
14.73,-0.00035536,6.50E-05,0.000231577,,,,,,,,,,
14.735,-0.000210248,0.000415126,0.000754911,,,,,,,,,,
14.74,-6.37E-05,0.0007606,0.001268957,,,,,,,,,,
14.745,8.36E-05,0.00110034,0.001771691,,,,,,,,,,
14.75,0.000231074,0.001432737,0.002260741,,,,,,,,,,
14.755,0.000378434,0.001756336,0.002734311,,,,,,,,,,
14.76,0.000524909,0.002070494,0.003190634,,,,,,,,,,
14.765,0.000670209,0.002373785,0.003627827,,,,,,,,,,
14.77,0.000813635,0.002664896,0.004044251,,,,,,,,,,
14.775,0.000954604,0.002943092,0.004438612,,,,,,,,,,
14.78,0.001092592,0.003207459,0.004809584,,,,,,,,,,
14.785,0.001226973,0.003456679,0.005155789,,,,,,,,,,
14.79,0.00135721,0.003690347,0.005476469,,,,,,,,,,
14.795,0.001482622,0.003907719,0.005770522,,,,,,,,,,
14.8,0.001602964,0.004107966,0.006037102,,,,,,,,,,
14.805,0.001717519,0.004290571,0.006275724,,,,,,,,,,
14.81,0.001825866,0.004455258,0.006485828,,,,,,,,,,
14.815,0.001927423,0.004601371,0.006667014,,,,,,,,,,
14.82,0.002021708,0.004728384,0.006819152,,,,,,,,,,
14.825,0.002108235,0.004836453,0.006942115,,,,,,,,,,
14.83,0.002186505,0.004925087,0.007035956,,,,,,,,,,
14.835,0.002256239,0.004994068,0.007100714,,,,,,,,,,
14.84,0.002317045,0.005043637,0.007136695,,,,,,,,,,
14.845,0.002368599,0.005073825,0.007144222,,,,,,,,,,
14.85,0.002410477,0.005084324,0.007123824,,,,,,,,,,
14.855,0.002442667,0.005075622,0.007075865,,,,,,,,,,
14.86,0.002464513,0.005048001,0.007001214,,,,,,,,,,
14.865,0.00247597,0.005001348,0.006900624,,,,,,,,,,
14.87,0.002476989,0.004936221,0.006774625,,,,,,,,,,
14.875,0.002467321,0.004853202,0.006624282,,,,,,,,,,
14.88,0.002446953,0.004752394,0.006450542,,,,,,,,,,
14.885,0.002415952,0.004634418,0.006254091,,,,,,,,,,
14.89,0.002374285,0.004499973,0.006036208,,,,,,,,,,
14.895,0.002321992,0.004349445,0.005798089,,,,,,,,,,
14.9,0.002259248,0.004183368,0.005540476,,,,,,,,,,
14.905,0.002186077,0.004002503,0.005264757,,,,,,,,,,
14.91,0.002102859,0.003807655,0.004972273,,,,,,,,,,
14.915,0.002009975,0.003599418,0.004663902,,,,,,,,,,
14.92,0.001907623,0.003378477,0.004340814,,,,,,,,,,
14.925,0.001796205,0.003145903,0.004004485,,,,,,,,,,
14.93,0.001676312,0.002902355,0.003656072,,,,,,,,,,
14.935,0.001548254,0.002648617,0.003296603,,,,,,,,,,
14.94,0.001412508,0.002385678,0.002927593,,,,,,,,,,
14.945,0.001269776,0.002114468,0.002550271,,,,,,,,,,
14.95,0.001120531,0.001835744,0.002165626,,,,,,,,,,
14.955,0.000965515,0.001550739,0.001775103,,,,,,,,,,
14.96,0.000805489,0.001260322,0.001379989,,,,,,,,,,
14.965,0.000641077,0.000965392,0.0009813,,,,,,,,,,
14.97,0.000473095,0.000667022,0.000580338,,,,,,,,,,
14.975,0.000302266,0.000366277,0.00017859,,,,,,,,,,
14.98,0.000129368,6.40E-05,-0.000222938,,,,,,,,,,
14.985,-4.47E-05,-0.000238746,-0.000623124,,,,,,,,,,
14.99,-0.000219059,-0.000540707,-0.00102042,,,,,,,,,,
14.995,-0.000393005,-0.000841051,-0.00141383,,,,,,,,,,
15,-0.000565453,-0.00113878,-0.001802383,,,,,,,,,,
15.005,-0.000735663,-0.001432615,-0.002184453,,,,,,,,,,
15.01,-0.000902821,-0.001721508,-0.002558993,,,,,,,,,,
15.015,-0.001066106,-0.002004706,-0.002925021,,,,,,,,,,
15.02,-0.001224716,-0.002280992,-0.003281145,,,,,,,,,,
15.025,-0.001377853,-0.00254914,-0.003626179,,,,,,,,,,
15.03,-0.001524618,-0.002808453,-0.003959154,,,,,,,,,,
15.035,-0.001664302,-0.003057774,-0.004278919,,,,,,,,,,
15.04,-0.001796217,-0.003296011,-0.00458416,,,,,,,,,,
15.045,-0.001919509,-0.003522341,-0.004874004,,,,,,,,,,
15.05,-0.002033611,-0.003735961,-0.005147269,,,,,,,,,,
15.055,-0.002138004,-0.00393567,-0.005402717,,,,,,,,,,
15.06,-0.002231982,-0.004120704,-0.005639335,,,,,,,,,,
15.065,-0.002315019,-0.004290467,-0.005856311,,,,,,,,,,
15.07,-0.002386704,-0.004443893,-0.006052563,,,,,,,,,,
15.075,-0.002446559,-0.004580127,-0.006226858,,,,,,,,,,
15.08,-0.002494198,-0.004698632,-0.006378689,,,,,,,,,,
15.085,-0.002529415,-0.004798766,-0.006507191,,,,,,,,,,
15.09,-0.002552038,-0.004879709,-0.00661122,,,,,,,,,,
15.095,-0.002561909,-0.004941125,-0.006690183,,,,,,,,,,
15.1,-0.002558832,-0.004982482,-0.006743585,,,,,,,,,,
15.105,-0.002542929,-0.005003293,-0.006770426,,,,,,,,,,
15.11,-0.002514209,-0.005003287,-0.006770412,,,,,,,,,,
15.115,-0.002472557,-0.004982246,-0.006743206,,,,,,,,,,
15.12,-0.002418367,-0.004939878,-0.006688124,,,,,,,,,,
15.125,-0.002351894,-0.004876191,-0.006604975,,,,,,,,,,
15.13,-0.002273237,-0.004791273,-0.006493842,,,,,,,,,,
15.135,-0.002182983,-0.004685164,-0.00635433,,,,,,,,,,
15.14,-0.002081602,-0.00455808,-0.00618653,,,,,,,,,,
15.145,-0.001969393,-0.00441021,-0.005990828,,,,,,,,,,
15.15,-0.001847051,-0.004242008,-0.005767331,,,,,,,,,,
15.155,-0.001715218,-0.004053871,-0.005516515,,,,,,,,,,
15.16,-0.001574473,-0.003846386,-0.00523907,,,,,,,,,,
15.165,-0.001425605,-0.003620151,-0.004935419,,,,,,,,,,
15.17,-0.001269451,-0.003376119,-0.004606496,,,,,,,,,,
15.175,-0.001106777,-0.003114977,-0.004253404,,,,,,,,,,
15.18,-0.000938448,-0.00283763,-0.003876933,,,,,,,,,,
15.185,-0.000765347,-0.002545436,-0.003478499,,,,,,,,,,
15.19,-0.000588233,-0.002239279,-0.003059659,,,,,,,,,,
15.195,-0.00040813,-0.001920332,-0.002621539,,,,,,,,,,
15.2,-0.000225888,-0.001590155,-0.002165878,,,,,,,,,,
15.205,-4.24E-05,-0.001250192,-0.001694746,,,,,,,,,,
15.21,0.000141144,-0.000901621,-0.001209638,,,,,,,,,,
15.215,0.000323971,-0.000546201,-0.000712508,,,,,,,,,,
15.22,0.000505079,-0.000185644,-0.000205957,,,,,,,,,,
15.225,0.000683558,0.000178755,0.000308263,,,,,,,,,,
15.23,0.000858499,0.000545115,0.000827729,,,,,,,,,,
15.235,0.001028968,0.00091148,0.001349652,,,,,,,,,,
15.24,0.001194119,0.001276463,0.001871952,,,,,,,,,,
15.245,0.001353102,0.001638243,0.002392123,,,,,,,,,,
15.25,0.00150506,0.001994684,0.002907243,,,,,,,,,,
15.255,0.001649218,0.002344176,0.00341484,,,,,,,,,,
15.26,0.001784856,0.002684969,0.003912491,,,,,,,,,,
15.265,0.001911418,0.003015192,0.004397307,,,,,,,,,,
15.27,0.002028353,0.003333071,0.004866622,,,,,,,,,,
15.275,0.0021349,0.003636954,0.005318021,,,,,,,,,,
15.28,0.002230693,0.003925101,0.005748686,,,,,,,,,,
15.285,0.002315323,0.004195928,0.006156237,,,,,,,,,,
15.29,0.002388348,0.004447866,0.006538332,,,,,,,,,,
15.295,0.002449307,0.004679466,0.006892504,,,,,,,,,,
15.3,0.002498115,0.004889275,0.007216459,,,,,,,,,,
15.305,0.002534648,0.005076069,0.007508191,,,,,,,,,,
15.31,0.002558474,0.005238774,0.007765705,,,,,,,,,,
15.315,0.002569757,0.0053763,0.007987104,,,,,,,,,,
15.32,0.002568658,0.005487605,0.008170737,,,,,,,,,,
15.325,0.002554854,0.005571959,0.008315185,,,,,,,,,,
15.33,0.002528685,0.005628705,0.008419157,,,,,,,,,,
15.335,0.002490433,0.005657124,0.008481579,,,,,,,,,,
15.34,0.002440183,0.005656977,0.008501626,,,,,,,,,,
15.345,0.002378353,0.005628071,0.008478638,,,,,,,,,,
15.35,0.002305444,0.005570184,0.008412146,,,,,,,,,,
15.355,0.002221671,0.005483385,0.008302082,,,,,,,,,,
15.36,0.00212767,0.005368083,0.008148573,,,,,,,,,,
15.365,0.002024046,0.005224594,0.00795187,,,,,,,,,,
15.37,0.00191111,0.005053295,0.007712587,,,,,,,,,,
15.375,0.001789536,0.004855044,0.007431592,,,,,,,,,,
15.38,0.00166003,0.00463085,0.007109965,,,,,,,,,,
15.385,0.001523233,0.00438153,0.006749019,,,,,,,,,,
15.39,0.001379814,0.004108249,0.006350301,,,,,,,,,,
15.395,0.001230602,0.003812514,0.005915631,,,,,,,,,,
15.4,0.001076249,0.003495628,0.005447056,,,,,,,,,,
15.405,0.000917649,0.003159035,0.00494683,,,,,,,,,,
15.41,0.000755541,0.002804625,0.00441753,,,,,,,,,,
15.415,0.000590615,0.002434175,0.003861727,,,,,,,,,,
15.42,0.000423807,0.002049333,0.003282222,,,,,,,,,,
15.425,0.000255892,0.001652232,0.002682121,,,,,,,,,,
15.43,8.77E-05,0.001245148,0.002064544,,,,,,,,,,
15.435,-8.00E-05,0.000829967,0.001432749,,,,,,,,,,
15.44,-0.000246473,0.000408933,0.00079004,,,,,,,,,,
15.445,-0.000410962,-1.56E-05,0.000139984,,,,,,,,,,
15.45,-0.000572692,-0.000441252,-0.000513825,,,,,,,,,,
15.455,-0.000731057,-0.000866017,-0.001167875,,,,,,,,,,
15.46,-0.000885288,-0.001287352,-0.001818532,,,,,,,,,,
15.465,-0.001034852,-0.001702976,-0.002462132,,,,,,,,,,
15.47,-0.001179019,-0.002110683,-0.003095083,,,,,,,,,,
15.475,-0.001317123,-0.00250835,-0.003713955,,,,,,,,,,
15.48,-0.001448692,-0.002893447,-0.00431499,,,,,,,,,,
15.485,-0.001573334,-0.00326418,-0.004894879,,,,,,,,,,
15.49,-0.001690309,-0.003618627,-0.005450496,,,,,,,,,,
15.495,-0.001799281,-0.003954555,-0.005978328,,,,,,,,,,
15.5,-0.001900042,-0.004270166,-0.006475382,,,,,,,,,,
15.505,-0.001991987,-0.004564114,-0.006939115,,,,,,,,,,
15.51,-0.00207485,-0.004834334,-0.007366565,,,,,,,,,,
15.515,-0.002148577,-0.005079323,-0.007755257,,,,,,,,,,
15.52,-0.002212767,-0.005298142,-0.008103216,,,,,,,,,,
15.525,-0.002267256,-0.005489367,-0.008408292,,,,,,,,,,
15.53,-0.002312242,-0.005651736,-0.008668561,,,,,,,,,,
15.535,-0.002347352,-0.00578477,-0.008882814,,,,,,,,,,
15.54,-0.002372575,-0.005887696,-0.00904984,,,,,,,,,,
15.545,-0.002388126,-0.005959762,-0.009168467,,,,,,,,,,
15.55,-0.002393863,-0.006000715,-0.009238223,,,,,,,,,,
15.555,-0.002389787,-0.006010552,-0.009258816,,,,,,,,,,
15.56,-0.002376257,-0.005989152,-0.009230059,,,,,,,,,,
15.565,-0.002353162,-0.00593657,-0.009152173,,,,,,,,,,
15.57,-0.002320875,-0.005853507,-0.009025784,,,,,,,,,,
15.575,-0.002279573,-0.005740396,-0.008851607,,,,,,,,,,
15.58,-0.002229535,-0.005597637,-0.008630767,,,,,,,,,,
15.585,-0.002170908,-0.005426378,-0.008364672,,,,,,,,,,
15.59,-0.002104149,-0.005227754,-0.008055037,,,,,,,,,,
15.595,-0.002029502,-0.00500253,-0.00770369,,,,,,,,,,
15.6,-0.001947457,-0.004752183,-0.007312626,,,,,,,,,,
15.605,-0.001858282,-0.00447841,-0.0068846,,,,,,,,,,
15.61,-0.001762441,-0.004182473,-0.006421898,,,,,,,,,,
15.615,-0.001660472,-0.003865956,-0.005927278,,,,,,,,,,
15.62,-0.001552736,-0.003531137,-0.005403868,,,,,,,,,,
15.625,-0.001439601,-0.003179514,-0.004854727,,,,,,,,,,
15.63,-0.001321553,-0.002813086,-0.004282964,,,,,,,,,,
15.635,-0.001199077,-0.002434128,-0.003692076,,,,,,,,,,
15.64,-0.001072675,-0.002044724,-0.003085496,,,,,,,,,,
15.645,-0.000942823,-0.001646794,-0.00246661,,,,,,,,,,
15.65,-0.000809956,-0.001242748,-0.00183904,,,,,,,,,,
15.655,-0.0006747,-0.000834785,-0.001206569,,,,,,,,,,
15.66,-0.00053756,-0.000424932,-0.000572391,,,,,,,,,,
15.665,-0.000398908,-1.54E-05,5.96E-05,,,,,,,,,,
15.67,-0.000259519,0.000391461,0.000685946,,,,,,,,,,
15.675,-0.000119795,0.000793768,0.001303283,,,,,,,,,,
15.68,1.98E-05,0.001189471,0.001908172,,,,,,,,,,
15.685,0.000158523,0.001576406,0.002497392,,,,,,,,,,
15.69,0.000296063,0.001952567,0.003067809,,,,,,,,,,
15.695,0.000431932,0.002316387,0.003616489,,,,,,,,,,
15.7,0.000565458,0.002665774,0.004140616,,,,,,,,,,
15.705,0.000696331,0.0029991,0.004637562,,,,,,,,,,
15.71,0.00082415,0.003314968,0.005104952,,,,,,,,,,
15.715,0.000948226,0.003611755,0.005540453,,,,,,,,,,
15.72,0.001068264,0.003888052,0.005942326,,,,,,,,,,
15.725,0.001183901,0.00414294,0.006308468,,,,,,,,,,
15.73,0.001294581,0.004375147,0.006637576,,,,,,,,,,
15.735,0.001399968,0.004583764,0.006928291,,,,,,,,,,
15.74,0.00149959,0.004768118,0.007179507,,,,,,,,,,
15.745,0.001593119,0.004927632,0.007390527,,,,,,,,,,
15.75,0.00168009,0.005061698,0.00756062,,,,,,,,,,
15.755,0.00176025,0.005170064,0.007689641,,,,,,,,,,
15.76,0.001833252,0.00525251,0.007777412,,,,,,,,,,
15.765,0.00189879,0.005308993,0.007824244,,,,,,,,,,
15.77,0.001956662,0.005339589,0.007830537,,,,,,,,,,
15.775,0.002006583,0.005344452,0.007796782,,,,,,,,,,
15.78,0.00204832,0.005324013,0.007724119,,,,,,,,,,
15.785,0.002081738,0.00527872,0.007613532,,,,,,,,,,
15.79,0.002106581,0.005209037,0.007466332,,,,,,,,,,
15.795,0.002122818,0.005115827,0.007283946,,,,,,,,,,
15.8,0.002130325,0.004999774,0.007068018,,,,,,,,,,
15.805,0.002129008,0.004861896,0.006820534,,,,,,,,,,
15.81,0.002118796,0.004703217,0.006543113,,,,,,,,,,
15.815,0.002099685,0.004524875,0.0062381,,,,,,,,,,
15.82,0.002071572,0.004327948,0.005907579,,,,,,,,,,
15.825,0.002034649,0.004113803,0.005553659,,,,,,,,,,
15.83,0.001988914,0.003883664,0.005179009,,,,,,,,,,
15.835,0.001934392,0.0036389,0.004785804,,,,,,,,,,
15.84,0.001871405,0.003380894,0.004376433,,,,,,,,,,
15.845,0.001800145,0.003111073,0.003953352,,,,,,,,,,
15.85,0.001720863,0.00283096,0.003519225,,,,,,,,,,
15.855,0.001633675,0.002541897,0.003076245,,,,,,,,,,
15.86,0.00153918,0.002245287,0.002626849,,,,,,,,,,
15.865,0.001437414,0.001942692,0.002173697,,,,,,,,,,
15.87,0.001329016,0.001635506,0.00171881,,,,,,,,,,
15.875,0.001214099,0.001325063,0.001264526,,,,,,,,,,
15.88,0.001093348,0.001012925,0.000813057,,,,,,,,,,
15.885,0.000967165,0.000700475,0.000366446,,,,,,,,,,
15.89,0.000836044,0.000388925,-7.35E-05,,,,,,,,,,
15.895,0.000700547,7.96E-05,-0.00050481,,,,,,,,,,
15.9,0.000561245,-0.00022606,-0.000925634,,,,,,,,,,
15.905,0.000418463,-0.000527169,-0.00133457,,,,,,,,,,
15.91,0.0002732,-0.000822503,-0.001730045,,,,,,,,,,
15.915,0.000125856,-0.001110857,-0.002110513,,,,,,,,,,
15.92,-2.29E-05,-0.001391442,-0.002475091,,,,,,,,,,
15.925,-0.000172135,-0.001663282,-0.002822486,,,,,,,,,,
15.93,-0.000321332,-0.001925358,-0.003151819,,,,,,,,,,
15.935,-0.000469798,-0.002177024,-0.003462145,,,,,,,,,,
15.94,-0.000616572,-0.00241757,-0.003753128,,,,,,,,,,
15.945,-0.000761306,-0.002646175,-0.004023825,,,,,,,,,,
15.95,-0.000903259,-0.002862301,-0.004273935,,,,,,,,,,
15.955,-0.001041458,-0.003065529,-0.004503279,,,,,,,,,,
15.96,-0.001175443,-0.003255074,-0.004711549,,,,,,,,,,
15.965,-0.00130445,-0.00343065,-0.004898649,,,,,,,,,,
15.97,-0.001427777,-0.003591901,-0.005064763,,,,,,,,,,
15.975,-0.001544755,-0.003738512,-0.005209835,,,,,,,,,,
15.98,-0.001654877,-0.00387009,-0.005333982,,,,,,,,,,
15.985,-0.001757419,-0.003986629,-0.005437519,,,,,,,,,,
15.99,-0.001851894,-0.0040881,-0.005520864,,,,,,,,,,
15.995,-0.001937712,-0.004174069,-0.005584137,,,,,,,,,,
16,-0.002014258,-0.004244683,-0.005627771,,,,,,,,,,
16.005,-0.002081105,-0.004300034,-0.005652471,,,,,,,,,,
16.01,-0.002137801,-0.004339851,-0.005658493,,,,,,,,,,
16.015,-0.002183973,-0.004364322,-0.005646265,,,,,,,,,,
16.02,-0.002219317,-0.004373642,-0.005616441,,,,,,,,,,
16.025,-0.002243624,-0.004367814,-0.005569506,,,,,,,,,,
16.03,-0.002256786,-0.004346846,-0.005505717,,,,,,,,,,
16.035,-0.002258416,-0.004311232,-0.00542591,,,,,,,,,,
16.04,-0.002248515,-0.004260784,-0.005330582,,,,,,,,,,
16.045,-0.002227175,-0.004195843,-0.005219855,,,,,,,,,,
16.05,-0.002194155,-0.004116656,-0.005094547,,,,,,,,,,
16.055,-0.002149487,-0.004023523,-0.004955039,,,,,,,,,,
16.06,-0.002093769,-0.003916543,-0.004801594,,,,,,,,,,
16.065,-0.002026802,-0.003796295,-0.004634561,,,,,,,,,,
16.07,-0.001948928,-0.003662993,-0.004454566,,,,,,,,,,
16.075,-0.001860633,-0.003516895,-0.004261627,,,,,,,,,,
16.08,-0.00176209,-0.003358409,-0.004056256,,,,,,,,,,
16.085,-0.001653736,-0.003188026,-0.003838924,,,,,,,,,,
16.09,-0.001536132,-0.00300598,-0.00360958,,,,,,,,,,
16.095,-0.001409772,-0.002812664,-0.00336874,,,,,,,,,,
16.1,-0.001275296,-0.002608846,-0.003116775,,,,,,,,,,
16.105,-0.001133479,-0.002394754,-0.002853703,,,,,,,,,,
16.11,-0.00098497,-0.002170848,-0.002580063,,,,,,,,,,
16.115,-0.00083046,-0.001937779,-0.002296166,,,,,,,,,,
16.12,-0.000670811,-0.001696123,-0.002002208,,,,,,,,,,
16.125,-0.00050674,-0.00144629,-0.001698735,,,,,,,,,,
16.13,-0.000339031,-0.001189105,-0.001386198,,,,,,,,,,
16.135,-0.000168535,-0.000925232,-0.001064845,,,,,,,,,,
16.14,3.73E-06,-0.00065532,-0.000735207,,,,,,,,,,
16.145,0.000177032,-0.000380241,-0.000398053,,,,,,,,,,
16.15,0.000350329,-0.000100824,-5.37E-05,,,,,,,,,,
16.155,0.000522827,0.000182175,0.000297062,,,,,,,,,,
16.16,0.000693663,0.000467853,0.000653332,,,,,,,,,,
16.165,0.000861898,0.000755211,0.001014351,,,,,,,,,,
16.17,0.001026754,0.00104342,0.001379335,,,,,,,,,,
16.175,0.00118716,0.001331518,0.001746928,,,,,,,,,,
16.18,0.001342313,0.001618263,0.002116322,,,,,,,,,,
16.185,0.001491336,0.001902834,0.002486312,,,,,,,,,,
16.19,0.001633422,0.002183989,0.002855622,,,,,,,,,,
16.195,0.001767748,0.002460651,0.003222776,,,,,,,,,,
16.2,0.001893744,0.002731505,0.003586636,,,,,,,,,,
16.205,0.002010775,0.002995657,0.003945361,,,,,,,,,,
16.21,0.002118209,0.003251662,0.004297577,,,,,,,,,,
16.215,0.002215435,0.00349835,0.004641695,,,,,,,,,,
16.22,0.002301908,0.00373452,0.004976013,,,,,,,,,,
16.225,0.002377298,0.003958963,0.005298605,,,,,,,,,,
16.23,0.002441113,0.004170359,0.005608095,,,,,,,,,,
16.235,0.00249301,0.004367691,0.005902426,,,,,,,,,,
16.24,0.002532807,0.004549727,0.006179637,,,,,,,,,,
16.245,0.002560419,0.004715317,0.006438168,,,,,,,,,,
16.25,0.002575475,0.004863571,0.006675948,,,,,,,,,,
16.255,0.002578103,0.004993355,0.006891158,,,,,,,,,,
16.26,0.002568234,0.005103535,0.007082176,,,,,,,,,,
16.265,0.002545743,0.005193416,0.007247233,,,,,,,,,,
16.27,0.002511107,0.005262061,0.007384542,,,,,,,,,,
16.275,0.002464427,0.005308564,0.007492628,,,,,,,,,,
16.28,0.002405827,0.005332405,0.007570083,,,,,,,,,,
16.285,0.002335967,0.005332976,0.007615348,,,,,,,,,,
16.29,0.002255238,0.0053096,0.007627301,,,,,,,,,,
16.295,0.002163842,0.005261986,0.007604803,,,,,,,,,,
16.3,0.002062609,0.005189856,0.00754699,,,,,,,,,,
16.305,0.00195196,0.005092989,0.007453086,,,,,,,,,,
16.31,0.001832429,0.004971257,0.007322406,,,,,,,,,,
16.315,0.001704802,0.004824981,0.007154715,,,,,,,,,,
16.32,0.001569658,0.004654345,0.006949724,,,,,,,,,,
16.325,0.001427837,0.004459697,0.006707413,,,,,,,,,,
16.33,0.001280028,0.004241532,0.00642811,,,,,,,,,,
16.335,0.001126967,0.004000631,0.00611241,,,,,,,,,,
16.34,0.000969509,0.003737591,0.005760871,,,,,,,,,,
16.345,0.000808457,0.003453319,0.005374383,,,,,,,,,,
16.35,0.000644607,0.003149138,0.004954581,,,,,,,,,,
16.355,0.000478848,0.002826031,0.004502475,,,,,,,,,,
16.36,0.000312053,0.002485224,0.004019802,,,,,,,,,,
16.365,0.000145074,0.002128375,0.003508801,,,,,,,,,,
16.37,-2.12E-05,0.001757056,0.002971287,,,,,,,,,,
16.375,-0.000186151,0.001372705,0.002409686,,,,,,,,,,
16.38,-0.000348902,0.000977278,0.001826702,,,,,,,,,,
16.385,-0.0005087,0.000572828,0.001225093,,,,,,,,,,
16.39,-0.000664901,0.000161117,0.000607588,,,,,,,,,,
16.395,-0.000816708,-0.000255765,-2.25E-05,,,,,,,,,,
16.4,-0.000963452,-0.000675461,-0.000661921,,,,,,,,,,
16.405,-0.001104517,-0.001096009,-0.001307482,,,,,,,,,,
16.41,-0.001239315,-0.001515203,-0.001955394,,,,,,,,,,
16.415,-0.001367282,-0.00193066,-0.002602262,,,,,,,,,,
16.42,-0.001487993,-0.002340196,-0.003244351,,,,,,,,,,
16.425,-0.001600834,-0.002741534,-0.003877836,,,,,,,,,,
16.43,-0.001705357,-0.003132499,-0.004499103,,,,,,,,,,
16.435,-0.001801407,-0.003510735,-0.005104368,,,,,,,,,,
16.44,-0.001888394,-0.003874246,-0.005690024,,,,,,,,,,
16.445,-0.001966017,-0.004220684,-0.00625222,,,,,,,,,,
16.45,-0.002034324,-0.004547981,-0.006787626,,,,,,,,,,
16.455,-0.002093104,-0.0048543,-0.007292663,,,,,,,,,,
16.46,-0.002142109,-0.005137668,-0.007764005,,,,,,,,,,
16.465,-0.002181448,-0.005396211,-0.00819856,,,,,,,,,,
16.47,-0.002211041,-0.005628299,-0.008593242,,,,,,,,,,
16.475,-0.002230915,-0.005832562,-0.008945411,,,,,,,,,,
16.48,-0.002241194,-0.006007288,-0.009252369,,,,,,,,,,
16.485,-0.002241994,-0.006151582,-0.009511941,,,,,,,,,,
16.49,-0.002233413,-0.006264202,-0.009722047,,,,,,,,,,
16.495,-0.0022158,-0.006344348,-0.009880722,,,,,,,,,,
16.5,-0.002189285,-0.006391489,-0.00998678,,,,,,,,,,
16.505,-0.002154064,-0.006405046,-0.010038902,,,,,,,,,,
16.51,-0.002110667,-0.006384662,-0.010036333,,,,,,,,,,
16.515,-0.002059319,-0.006330382,-0.009978506,,,,,,,,,,
16.52,-0.002000245,-0.006242119,-0.009865574,,,,,,,,,,
16.525,-0.001934123,-0.006120227,-0.009697518,,,,,,,,,,
16.53,-0.0018613,-0.005965312,-0.009474845,,,,,,,,,,
16.535,-0.001782148,-0.005778086,-0.009198835,,,,,,,,,,
16.54,-0.001697175,-0.005559234,-0.008870383,,,,,,,,,,
16.545,-0.001606954,-0.005310126,-0.008491255,,,,,,,,,,
16.55,-0.001511796,-0.005031914,-0.00806347,,,,,,,,,,
16.555,-0.001412284,-0.004726009,-0.007589229,,,,,,,,,,
16.56,-0.001308862,-0.004394096,-0.007071213,,,,,,,,,,
16.565,-0.00120184,-0.004038126,-0.00651211,,,,,,,,,,
16.57,-0.001091816,-0.003659869,-0.005915364,,,,,,,,,,
16.575,-0.000979434,-0.003261561,-0.005284079,,,,,,,,,,
16.58,-0.000864853,-0.002845507,-0.004622099,,,,,,,,,,
16.585,-0.000748606,-0.002413893,-0.00393326,,,,,,,,,,
16.59,-0.000631379,-0.001969071,-0.003221611,,,,,,,,,,
16.595,-0.00051334,-0.001513894,-0.002491386,,,,,,,,,,
16.6,-0.000394946,-0.001050676,-0.001746896,,,,,,,,,,
16.605,-0.000276673,-0.000582156,-0.00099276,,,,,,,,,,
16.61,-0.000159056,-0.000111138,-0.00023338,,,,,,,,,,
16.615,-4.24E-05,0.000359887,0.000526674,,,,,,,,,,
16.62,7.29E-05,0.000828241,0.001282584,,,,,,,,,,
16.625,0.000186449,0.001290994,0.002030069,,,,,,,,,,
16.63,0.000297877,0.001745648,0.002764313,,,,,,,,,,
16.635,0.00040699,0.002189687,0.003481227,,,,,,,,,,
16.64,0.000513426,0.002620301,0.004176142,,,,,,,,,,
16.645,0.000616842,0.003035184,0.004845098,,,,,,,,,,
16.65,0.000717005,0.003431992,0.005484101,,,,,,,,,,
16.655,0.000813545,0.003808421,0.006089173,,,,,,,,,,
16.66,0.000906302,0.00416234,0.006656899,,,,,,,,,,
16.665,0.000995077,0.004491822,0.007183812,,,,,,,,,,
16.67,0.001079528,0.00479507,0.007666891,,,,,,,,,,
16.675,0.001159539,0.005070398,0.008103343,,,,,,,,,,
16.68,0.001234844,0.005316522,0.008490664,,,,,,,,,,
16.685,0.001305076,0.005532128,0.008826764,,,,,,,,,,
16.69,0.001370101,0.005716054,0.009109734,,,,,,,,,,
16.695,0.001429809,0.005867558,0.009338432,,,,,,,,,,
16.7,0.00148388,0.005985882,0.009511481,,,,,,,,,,
16.705,0.001532331,0.006070379,0.009628311,,,,,,,,,,
16.71,0.001575047,0.006121033,0.009688637,,,,,,,,,,
16.715,0.001611725,0.006137749,0.009692356,,,,,,,,,,
16.72,0.001642551,0.006120465,0.00964002,,,,,,,,,,
16.725,0.001667161,0.006069701,0.009532352,,,,,,,,,,
16.73,0.001685438,0.005985989,0.009370511,,,,,,,,,,
16.735,0.001697449,0.005869893,0.009155984,,,,,,,,,,
16.74,0.001703034,0.005722548,0.00889065,,,,,,,,,,
16.745,0.001701985,0.005545132,0.008576537,,,,,,,,,,
16.75,0.001694349,0.005338722,0.008215997,,,,,,,,,,
16.755,0.001680015,0.005105122,0.007811818,,,,,,,,,,
16.76,0.001658996,0.004845812,0.007366958,,,,,,,,,,
16.765,0.00163128,0.004562521,0.006884552,,,,,,,,,,
16.77,0.001596706,0.004257074,0.006368005,,,,,,,,,,
16.775,0.001555391,0.003931571,0.005821014,,,,,,,,,,
16.78,0.001507436,0.003587954,0.005247337,,,,,,,,,,
16.785,0.001452781,0.003228505,0.004650717,,,,,,,,,,
16.79,0.001391685,0.002855357,0.00403531,,,,,,,,,,
16.795,0.001324145,0.002470791,0.003405057,,,,,,,,,,
16.8,0.00125044,0.00207717,0.002764038,,,,,,,,,,
16.805,0.001170706,0.00167679,0.00211636,,,,,,,,,,
16.81,0.00108503,0.001271937,0.001466165,,,,,,,,,,
16.815,0.000993546,0.000865056,0.000817416,,,,,,,,,,
16.82,0.000896657,0.00045842,0.000173987,,,,,,,,,,
16.825,0.000794401,5.43E-05,-0.000460153,,,,,,,,,,
16.83,0.000687099,-0.00034517,-0.001081405,,,,,,,,,,
16.835,0.000575326,-0.000737624,-0.00168627,,,,,,,,,,
16.84,0.000459156,-0.001121256,-0.002271353,,,,,,,,,,
16.845,0.000339113,-0.001493986,-0.002833392,,,,,,,,,,
16.85,0.000215709,-0.00185402,-0.00336967,,,,,,,,,,
16.855,8.92E-05,-0.00219968,-0.003877357,,,,,,,,,,
16.86,-3.99E-05,-0.002529429,-0.004353908,,,,,,,,,,
16.865,-0.000171016,-0.002841626,-0.004797297,,,,,,,,,,
16.87,-0.000303542,-0.003135193,-0.005205646,,,,,,,,,,
16.875,-0.000437053,-0.003408904,-0.005577339,,,,,,,,,,
16.88,-0.000570771,-0.003661621,-0.005911032,,,,,,,,,,
16.885,-0.000704356,-0.003892411,-0.006205838,,,,,,,,,,
16.89,-0.000837083,-0.004100764,-0.006460983,,,,,,,,,,
16.895,-0.000968417,-0.004285938,-0.006676059,,,,,,,,,,
16.9,-0.001097703,-0.004447504,-0.006850945,,,,,,,,,,
16.905,-0.001224297,-0.004585428,-0.006985823,,,,,,,,,,
16.91,-0.001347498,-0.004699469,-0.007081179,,,,,,,,,,
16.915,-0.001466628,-0.004789575,-0.007137698,,,,,,,,,,
16.92,-0.001580969,-0.004856099,-0.007156382,,,,,,,,,,
16.925,-0.00168996,-0.004899402,-0.007138493,,,,,,,,,,
16.93,-0.001792823,-0.004919732,-0.007085251,,,,,,,,,,
16.935,-0.001888877,-0.004917912,-0.006998513,,,,,,,,,,
16.94,-0.001977614,-0.004894618,-0.006879948,,,,,,,,,,
16.945,-0.002058398,-0.004850489,-0.006731496,,,,,,,,,,
16.95,-0.002130585,-0.004786537,-0.006555403,,,,,,,,,,
16.955,-0.002193718,-0.00470356,-0.006353894,,,,,,,,,,
16.96,-0.002247254,-0.004602643,-0.00612923,,,,,,,,,,
16.965,-0.002290692,-0.004484825,-0.005883858,,,,,,,,,,
16.97,-0.002323645,-0.004351275,-0.005620322,,,,,,,,,,
16.975,-0.002345791,-0.004203221,-0.005340958,,,,,,,,,,
16.98,-0.00235667,-0.004041885,-0.005048213,,,,,,,,,,
16.985,-0.002356145,-0.003868238,-0.004744679,,,,,,,,,,
16.99,-0.002343984,-0.003683863,-0.004432554,,,,,,,,,,
16.995,-0.00231988,-0.003489903,-0.004114269,,,,,,,,,,
17,-0.002283796,-0.003287349,-0.003792091,,,,,,,,,,
17.005,-0.002235618,-0.003077733,-0.003468022,,,,,,,,,,
17.01,-0.002175339,-0.002862099,-0.003144056,,,,,,,,,,
17.015,-0.002103257,-0.002641457,-0.002822221,,,,,,,,,,
17.02,-0.002019447,-0.002417158,-0.002504267,,,,,,,,,,
17.025,-0.001924141,-0.002190058,-0.002191472,,,,,,,,,,
17.03,-0.001817783,-0.001960919,-0.001885471,,,,,,,,,,
17.035,-0.001700586,-0.001730985,-0.001587495,,,,,,,,,,
17.04,-0.001573123,-0.001501006,-0.001298476,,,,,,,,,,
17.045,-0.001435863,-0.001271611,-0.001019307,,,,,,,,,,
17.05,-0.001289363,-0.001043479,-0.000750636,,,,,,,,,,
17.055,-0.00113433,-0.000817396,-0.000492914,,,,,,,,,,
17.06,-0.00097154,-0.000593867,-0.000246397,,,,,,,,,,
17.065,-0.000801603,-0.000373364,-1.14E-05,,,,,,,,,,
17.07,-0.000625363,-0.000156328,0.000212561,,,,,,,,,,
17.075,-0.000443689,5.68E-05,0.000425481,,,,,,,,,,
17.08,-0.000257345,0.000265954,0.000627601,,,,,,,,,,
17.085,-6.73E-05,0.000470737,0.000819651,,,,,,,,,,
17.09,0.000125341,0.000670934,0.001002296,,,,,,,,,,
17.095,0.000319667,0.000866688,0.001176034,,,,,,,,,,
17.1,0.0005147,0.001057676,0.001342082,,,,,,,,,,
17.105,0.000709253,0.001243875,0.001501138,,,,,,,,,,
17.11,0.000902376,0.001425285,0.00165405,,,,,,,,,,
17.115,0.001092993,0.001602047,0.001802148,,,,,,,,,,
17.12,0.00128008,0.001774177,0.001946219,,,,,,,,,,
17.125,0.001462629,0.001941718,0.002087175,,,,,,,,,,
17.13,0.001639572,0.002104739,0.002226358,,,,,,,,,,
17.135,0.001809961,0.00226322,0.002364612,,,,,,,,,,
17.14,0.00197279,0.002417133,0.002502799,,,,,,,,,,
17.145,0.002127182,0.002566476,0.002641909,,,,,,,,,,
17.15,0.002272304,0.002711354,0.002782755,,,,,,,,,,
17.155,0.00240734,0.002851637,0.002925768,,,,,,,,,,
17.16,0.002531429,0.002987225,0.003071628,,,,,,,,,,
17.165,0.002644116,0.003118091,0.003220692,,,,,,,,,,
17.17,0.002744704,0.003244049,0.003373156,,,,,,,,,,
17.175,0.002832406,0.003364891,0.003529304,,,,,,,,,,
17.18,0.002906927,0.00348041,0.003688911,,,,,,,,,,
17.185,0.00296767,0.003590381,0.003851715,,,,,,,,,,
17.19,0.003014215,0.003694444,0.004017573,,,,,,,,,,
17.195,0.003046469,0.003792228,0.00418551,,,,,,,,,,
17.2,0.003064266,0.003883477,0.004355167,,,,,,,,,,
17.205,0.003067376,0.00396755,0.0045254,,,,,,,,,,
17.21,0.00305603,0.004043763,0.004695139,,,,,,,,,,
17.215,0.003030224,0.004111887,0.004863248,,,,,,,,,,
17.22,0.002990031,0.004171135,0.005028482,,,,,,,,,,
17.225,0.002935954,0.004220801,0.005189123,,,,,,,,,,
17.23,0.002868126,0.004260255,0.005343589,,,,,,,,,,
17.235,0.002787158,0.004288981,0.005490392,,,,,,,,,,
17.24,0.002693523,0.004306068,0.005627428,,,,,,,,,,
17.245,0.00258783,0.004310993,0.005752826,,,,,,,,,,
17.25,0.002470649,0.004303168,0.005864784,,,,,,,,,,
17.255,0.002342796,0.004281808,0.005961068,,,,,,,,,,
17.26,0.002204812,0.004246374,0.006039876,,,,,,,,,,
17.265,0.002057689,0.004196359,0.006099163,,,,,,,,,,
17.27,0.001902288,0.004131151,0.006137034,,,,,,,,,,
17.275,0.001739495,0.004050109,0.006151476,,,,,,,,,,
17.28,0.001570262,0.00395307,0.006140826,,,,,,,,,,
17.285,0.001395693,0.003839558,0.006103464,,,,,,,,,,
17.29,0.001216786,0.003709117,0.006037544,,,,,,,,,,
17.295,0.001034601,0.00356171,0.005941973,,,,,,,,,,
17.3,0.000850212,0.003397272,0.005815437,,,,,,,,,,
17.305,0.000664599,0.003215475,0.005656865,,,,,,,,,,
17.31,0.000478934,0.003016651,0.005465499,,,,,,,,,,
17.315,0.000294113,0.002801077,0.00524075,,,,,,,,,,
17.32,0.000111096,0.002568979,0.00498229,,,,,,,,,,
17.325,-6.90E-05,0.002320759,0.004689845,,,,,,,,,,
17.33,-0.000245375,0.002057322,0.004363883,,,,,,,,,,
17.335,-0.000417155,0.001779181,0.004004661,,,,,,,,,,
17.34,-0.000583337,0.001487059,0.003612876,,,,,,,,,,
17.345,-0.000743271,0.001182244,0.00318981,,,,,,,,,,
17.35,-0.000896305,0.000865646,0.00273661,,,,,,,,,,
17.355,-0.001041464,0.000538298,0.002254957,,,,,,,,,,
17.36,-0.001178284,0.000201695,0.001746758,,,,,,,,,,
17.365,-0.001306208,-0.000142554,0.001214305,,,,,,,,,,
17.37,-0.001424692,-0.000493309,0.000659917,,,,,,,,,,
17.375,-0.001533152,-0.000848884,8.63E-05,,,,,,,,,,
17.38,-0.001631512,-0.001207129,-0.000503448,,,,,,,,,,
17.385,-0.001719388,-0.001566609,-0.001106174,,,,,,,,,,
17.39,-0.00179671,-0.001925476,-0.00171861,,,,,,,,,,
17.395,-0.001863439,-0.002281493,-0.002337173,,,,,,,,,,
17.4,-0.001919435,-0.002632667,-0.002957923,,,,,,,,,,
17.405,-0.001964752,-0.002977267,-0.003577158,,,,,,,,,,
17.41,-0.0019996,-0.003313117,-0.004191072,,,,,,,,,,
17.415,-0.002024076,-0.003637928,-0.004795307,,,,,,,,,,
17.42,-0.002038463,-0.003950085,-0.005385935,,,,,,,,,,
17.425,-0.002043061,-0.00424736,-0.005958883,,,,,,,,,,
17.43,-0.002038232,-0.004527806,-0.006510021,,,,,,,,,,
17.435,-0.002024464,-0.004789506,-0.007035164,,,,,,,,,,
17.44,-0.002002077,-0.005030987,-0.007530619,,,,,,,,,,
17.445,-0.001971637,-0.005250053,-0.007992535,,,,,,,,,,
17.45,-0.001933602,-0.005445205,-0.008416869,,,,,,,,,,
17.455,-0.001888727,-0.005615066,-0.008800616,,,,,,,,,,
17.46,-0.001837545,-0.005758182,-0.009140403,,,,,,,,,,
17.465,-0.001780745,-0.005872987,-0.009432983,,,,,,,,,,
17.47,-0.001718935,-0.005958768,-0.009675765,,,,,,,,,,
17.475,-0.001652858,-0.006014446,-0.009866413,,,,,,,,,,
17.48,-0.0015831,-0.006039139,-0.010002741,,,,,,,,,,
17.485,-0.001510433,-0.006032419,-0.010082767,,,,,,,,,,
17.49,-0.001435222,-0.005993885,-0.010105541,,,,,,,,,,
17.495,-0.001358357,-0.005923232,-0.010069644,,,,,,,,,,
17.5,-0.001280287,-0.005820594,-0.009974529,,,,,,,,,,
17.505,-0.001201627,-0.005686352,-0.009820083,,,,,,,,,,
17.51,-0.00112277,-0.005520803,-0.009606398,,,,,,,,,,
17.515,-0.001044391,-0.005324584,-0.009334115,,,,,,,,,,
17.52,-0.000966871,-0.005098685,-0.009004265,,,,,,,,,,
17.525,-0.000890609,-0.004843988,-0.008618494,,,,,,,,,,
17.53,-0.000816019,-0.004561776,-0.008178537,,,,,,,,,,
17.535,-0.00074352,-0.004253479,-0.007686726,,,,,,,,,,
17.54,-0.000673269,-0.003920882,-0.007145883,,,,,,,,,,
17.545,-0.000605638,-0.003565481,-0.006558907,,,,,,,,,,
17.55,-0.000540722,-0.003189527,-0.00592925,,,,,,,,,,
17.555,-0.000478708,-0.002794908,-0.005260858,,,,,,,,,,
17.56,-0.000419672,-0.002384095,-0.004557801,,,,,,,,,,
17.565,-0.000363576,-0.001959173,-0.003824224,,,,,,,,,,
17.57,-0.000310348,-0.001522917,-0.00306495,,,,,,,,,,
17.575,-0.000259988,-0.001077891,-0.002284934,,,,,,,,,,
17.58,-0.000212343,-0.000626746,-0.001488788,,,,,,,,,,
17.585,-0.000167218,-0.000172105,-0.000682053,,,,,,,,,,
17.59,-0.000124383,0.000283149,0.000130071,,,,,,,,,,
17.595,-8.38E-05,0.000736289,0.000942368,,,,,,,,,,
17.6,-4.50E-05,0.001184695,0.001749218,,,,,,,,,,
17.605,-7.76E-06,0.001625458,0.002545331,,,,,,,,,,
17.61,2.80E-05,0.002055898,0.003325409,,,,,,,,,,
17.615,6.28E-05,0.002473343,0.00408417,,,,,,,,,,
17.62,9.69E-05,0.002875386,0.004816452,,,,,,,,,,
17.625,0.000130499,0.003259484,0.005517338,,,,,,,,,,
17.63,0.000163883,0.003623294,0.006182055,,,,,,,,,,
17.635,0.000197539,0.003964612,0.006806182,,,,,,,,,,
17.64,0.000231616,0.004281409,0.007385542,,,,,,,,,,
17.645,0.000266439,0.004571598,0.007916119,,,,,,,,,,
17.65,0.000302272,0.004833594,0.008394612,,,,,,,,,,
17.655,0.000339199,0.005065846,0.008817796,,,,,,,,,,
17.66,0.000377624,0.00526678,0.009182737,,,,,,,,,,
17.665,0.000417605,0.00543548,0.00948732,,,,,,,,,,
17.67,0.000459095,0.005571078,0.00972959,,,,,,,,,,
17.675,0.000502433,0.005672674,0.009907907,,,,,,,,,,
17.68,0.000547482,0.005740016,0.010021407,,,,,,,,,,
17.685,0.000593973,0.005772935,0.010069751,,,,,,,,,,
17.69,0.000641932,0.005771334,0.010052549,,,,,,,,,,
17.695,0.000691137,0.005735471,0.009970483,,,,,,,,,,
17.7,0.000741271,0.005666034,0.009824593,,,,,,,,,,
17.705,0.000792333,0.005563409,0.009615958,,,,,,,,,,
17.71,0.000843756,0.005428668,0.009346572,,,,,,,,,,
17.715,0.000895345,0.005262894,0.009018836,,,,,,,,,,
17.72,0.000946727,0.005067408,0.008635258,,,,,,,,,,
17.725,0.000997431,0.004843629,0.008198968,,,,,,,,,,
17.73,0.001046903,0.004593279,0.007713663,,,,,,,,,,
17.735,0.001094635,0.004318085,0.007182984,,,,,,,,,,
17.74,0.001140087,0.004020184,0.006611094,,,,,,,,,,
17.745,0.001182693,0.003701652,0.006002414,,,,,,,,,,
17.75,0.001221763,0.003364734,0.005361559,,,,,,,,,,
17.755,0.001256725,0.003011843,0.004693233,,,,,,,,,,
17.76,0.00128696,0.002645535,0.004002649,,,,,,,,,,
17.765,0.001311705,0.002268147,0.003294651,,,,,,,,,,
17.77,0.001330312,0.001882232,0.002574593,,,,,,,,,,
17.775,0.00134226,0.00149035,0.001847708,,,,,,,,,,
17.78,0.001346854,0.001095152,0.001119227,,,,,,,,,,
17.785,0.001343568,0.00069903,0.000394247,,,,,,,,,,
17.79,0.001331987,0.000304351,-0.000322045,,,,,,,,,,
17.795,0.001311622,-8.62E-05,-0.001024757,,,,,,,,,,
17.8,0.001282092,-0.000470467,-0.001709147,,,,,,,,,,
17.805,0.001243059,-0.000846109,-0.002370454,,,,,,,,,,
17.81,0.001193996,-0.001211074,-0.003004487,,,,,,,,,,
17.815,0.001134886,-0.001563275,-0.003607271,,,,,,,,,,
17.82,0.001065438,-0.00190078,-0.004174849,,,,,,,,,,
17.825,0.000985479,-0.002221784,-0.004703933,,,,,,,,,,
17.83,0.000895063,-0.002524791,-0.005191635,,,,,,,,,,
17.835,0.000794334,-0.002808264,-0.005635238,,,,,,,,,,
17.84,0.000683283,-0.003070757,-0.006032353,,,,,,,,,,
17.845,0.000562323,-0.003311517,-0.006381498,,,,,,,,,,
17.85,0.00043172,-0.003529671,-0.006681069,,,,,,,,,,
17.855,0.000292,-0.003724184,-0.006929867,,,,,,,,,,
17.86,0.000143686,-0.003895123,-0.007127783,,,,,,,,,,
17.865,-1.25E-05,-0.004042014,-0.007274613,,,,,,,,,,
17.87,-0.000175774,-0.00416454,-0.007370468,,,,,,,,,,
17.875,-0.00034536,-0.004262989,-0.007416427,,,,,,,,,,
17.88,-0.000520096,-0.004337829,-0.007413668,,,,,,,,,,
17.885,-0.000699195,-0.004389077,-0.007363683,,,,,,,,,,
17.89,-0.000881685,-0.004417565,-0.007268359,,,,,,,,,,
17.895,-0.001066137,-0.00442415,-0.007130377,,,,,,,,,,
17.9,-0.001251606,-0.004409395,-0.006951965,,,,,,,,,,
17.905,-0.001436969,-0.004374402,-0.006736207,,,,,,,,,,
17.91,-0.001620677,-0.004320624,-0.006486574,,,,,,,,,,
17.915,-0.001801343,-0.004248956,-0.006206193,,,,,,,,,,
17.92,-0.00197774,-0.004160728,-0.005898766,,,,,,,,,,
17.925,-0.002148447,-0.004057647,-0.005568159,,,,,,,,,,
17.93,-0.002311977,-0.003941147,-0.005218232,,,,,,,,,,
17.935,-0.002466944,-0.003812512,-0.00485283,,,,,,,,,,
17.94,-0.002611998,-0.003673484,-0.004476034,,,,,,,,,,
17.945,-0.002745804,-0.003525824,-0.004091775,,,,,,,,,,
17.95,-0.002866932,-0.003370686,-0.003703975,,,,,,,,,,
17.955,-0.002974237,-0.003209728,-0.003316579,,,,,,,,,,
17.96,-0.003066438,-0.003044541,-0.002933259,,,,,,,,,,
17.965,-0.00314253,-0.002876285,-0.002557647,,,,,,,,,,
17.97,-0.003201532,-0.002706239,-0.002193122,,,,,,,,,,
17.975,-0.00324252,-0.002535854,-0.001842783,,,,,,,,,,
17.98,-0.003264617,-0.002366226,-0.001509672,,,,,,,,,,
17.985,-0.003267277,-0.002198143,-0.001196137,,,,,,,,,,
17.99,-0.003249835,-0.002032833,-0.000904603,,,,,,,,,,
17.995,-0.003211619,-0.001871016,-0.000637018,,,,,,,,,,
18,-0.003152582,-0.001713281,-0.00039488,,,,,,,,,,
18.005,-0.00307239,-0.001560248,-0.000179358,,,,,,,,,,
18.01,-0.002970805,-0.001412469,8.62E-06,,,,,,,,,,
18.015,-0.002848205,-0.00127007,0.00016867,,,,,,,,,,
18.02,-0.00270485,-0.001133205,0.00030092,,,,,,,,,,
18.025,-0.002540965,-0.001002017,0.000405367,,,,,,,,,,
18.03,-0.002357325,-0.000876125,0.00048295,,,,,,,,,,
18.035,-0.002154717,-0.000755217,0.000534754,,,,,,,,,,
18.04,-0.001933888,-0.000639104,0.000561989,,,,,,,,,,
18.045,-0.001696092,-0.000527071,0.000566641,,,,,,,,,,
18.05,-0.001442367,-0.000418487,0.000550786,,,,,,,,,,
18.055,-0.001174152,-0.000312729,0.000516712,,,,,,,,,,
18.06,-0.000892947,-0.000209134,0.000467106,,,,,,,,,,
18.065,-0.000600283,-0.000106576,0.000404957,,,,,,,,,,
18.07,-0.00029778,-4.35E-06,0.000333237,,,,,,,,,,
18.075,1.27E-05,9.84E-05,0.000255124,,,,,,,,,,
18.08,0.000329457,0.000202652,0.000174189,,,,,,,,,,
18.085,0.000650453,0.000309526,9.37E-05,,,,,,,,,,
18.09,0.000973683,0.00041963,1.72E-05,,,,,,,,,,
18.095,0.001297003,0.000534097,-5.17E-05,,,,,,,,,,
18.1,0.001618345,0.000653829,-0.000109758,,,,,,,,,,
18.105,0.001935655,0.000779485,-0.000153593,,,,,,,,,,
18.11,0.00224657,0.000911885,-0.000179921,,,,,,,,,,
18.115,0.002549108,0.001051785,-0.000185714,,,,,,,,,,
18.12,0.002841256,0.001199496,-0.00016846,,,,,,,,,,
18.125,0.003120831,0.001355656,-0.00012524,,,,,,,,,,
18.13,0.003385875,0.001520643,-5.39E-05,,,,,,,,,,
18.135,0.003634497,0.001694313,4.73E-05,,,,,,,,,,
18.14,0.003864914,0.001876717,0.000180207,,,,,,,,,,
18.145,0.004075396,0.002067872,0.000346064,,,,,,,,,,
18.15,0.004264434,0.002267166,0.000545588,,,,,,,,,,
18.155,0.004430587,0.002474127,0.000779122,,,,,,,,,,
18.16,0.004572525,0.002688223,0.001046797,,,,,,,,,,
18.165,0.004689336,0.002908414,0.001347894,,,,,,,,,,
18.17,0.004780024,0.003133656,0.001681386,,,,,,,,,,
18.175,0.004843595,0.003362876,0.002046086,,,,,,,,,,
18.18,0.004879634,0.003594664,0.002439829,,,,,,,,,,
18.185,0.004887842,0.003827513,0.002860244,,,,,,,,,,
18.19,0.00486764,0.004059857,0.003304691,,,,,,,,,,
18.195,0.004819307,0.004289972,0.003769807,,,,,,,,,,
18.2,0.004743096,0.004515884,0.004251932,,,,,,,,,,
18.205,0.004639335,0.004735608,0.004747107,,,,,,,,,,
18.21,0.004508631,0.004947166,0.005251075,,,,,,,,,,
18.215,0.004352034,0.005148194,0.005758974,,,,,,,,,,
18.22,0.00417046,0.005336602,0.006266118,,,,,,,,,,
18.225,0.003965079,0.005510176,0.006767189,,,,,,,,,,
18.23,0.003737645,0.005666548,0.007257003,,,,,,,,,,
18.235,0.00348958,0.005803499,0.007730081,,,,,,,,,,
18.24,0.003222681,0.005918914,0.008180861,,,,,,,,,,
18.245,0.002939059,0.006010701,0.008603933,,,,,,,,,,
18.25,0.002640524,0.006076751,0.008993626,,,,,,,,,,
18.255,0.002329352,0.006115328,0.009344641,,,,,,,,,,
18.26,0.002007953,0.006124575,0.00965165,,,,,,,,,,
18.265,0.00167856,0.006102995,0.009909565,,,,,,,,,,
18.27,0.001343719,0.006049125,0.010113554,,,,,,,,,,
18.275,0.001006042,0.005961745,0.010259186,,,,,,,,,,
18.28,0.00066799,0.005840096,0.010342319,,,,,,,,,,
18.285,0.00033224,0.005683223,0.010359138,,,,,,,,,,
18.29,1.37E-06,0.005490773,0.010306703,,,,,,,,,,
18.295,-0.000322051,0.005262367,0.010182126,,,,,,,,,,
18.3,-0.000635402,0.004998318,0.009983359,,,,,,,,,,
18.305,-0.000936159,0.004698804,0.009709008,,,,,,,,,,
18.31,-0.001222002,0.004364663,0.00935789,,,,,,,,,,
18.315,-0.001490671,0.003996858,0.008929997,,,,,,,,,,
18.32,-0.001739876,0.003596894,0.008425703,,,,,,,,,,
18.325,-0.001967705,0.003166242,0.007846077,,,,,,,,,,
18.33,-0.002172436,0.00270696,0.007193027,,,,,,,,,,
18.335,-0.002352266,0.002221403,0.006469215,,,,,,,,,,
18.34,-0.002505758,0.001712107,0.005677802,,,,,,,,,,
18.345,-0.002631755,0.001182016,0.004822768,,,,,,,,,,
18.35,-0.002729177,0.000634306,0.003908963,,,,,,,,,,
18.355,-0.002797095,7.24E-05,0.002941479,,,,,,,,,,
18.36,-0.002835061,-0.00050023,0.001926522,,,,,,,,,,
18.365,-0.002842663,-0.001079622,0.000870687,,,,,,,,,,
18.37,-0.00281976,-0.001661998,-0.000218998,,,,,,,,,,
18.375,-0.002766653,-0.002243038,-0.001334746,,,,,,,,,,
18.38,-0.002683794,-0.00281844,-0.002468369,,,,,,,,,,
18.385,-0.00257157,-0.003383871,-0.003611495,,,,,,,,,,
18.39,-0.002431428,-0.003935019,-0.004755291,,,,,,,,,,
18.395,-0.002264291,-0.004467227,-0.005890387,,,,,,,,,,
18.4,-0.002071665,-0.004976018,-0.007007668,,,,,,,,,,
18.405,-0.001855379,-0.005457204,-0.008097679,,,,,,,,,,
18.41,-0.001617653,-0.005906263,-0.009150764,,,,,,,,,,
18.415,-0.001360288,-0.006319131,-0.010157742,,,,,,,,,,
18.42,-0.001085895,-0.006691802,-0.011109125,,,,,,,,,,
18.425,-0.000796948,-0.007020565,-0.011995839,,,,,,,,,,
18.43,-0.000496162,-0.007301882,-0.012809122,,,,,,,,,,
18.435,-0.000186365,-0.007532545,-0.013540471,,,,,,,,,,
18.44,0.00012945,-0.007709785,-0.01418193,,,,,,,,,,
18.445,0.000448091,-0.007830888,-0.014726013,,,,,,,,,,
18.45,0.00076644,-0.007893864,-0.015165879,,,,,,,,,,
18.455,0.001081192,-0.00789696,-0.015495447,,,,,,,,,,
18.46,0.00138907,-0.007839105,-0.015709332,,,,,,,,,,
18.465,0.001686717,-0.007719083,-0.015803005,,,,,,,,,,
18.47,0.001970855,-0.007536903,-0.015772906,,,,,,,,,,
18.475,0.002238215,-0.007292658,-0.015616485,,,,,,,,,,
18.48,0.002485444,-0.006986854,-0.015331849,,,,,,,,,,
18.485,0.002709516,-0.006620869,-0.014918543,,,,,,,,,,
18.49,0.002907395,-0.006196732,-0.014376954,,,,,,,,,,
18.495,0.003076268,-0.005716421,-0.013708487,,,,,,,,,,
18.5,0.003213442,-0.005182875,-0.012915798,,,,,,,,,,
18.505,0.003316505,-0.004599817,-0.012002707,,,,,,,,,,
18.51,0.003383146,-0.00397083,-0.010973938,,,,,,,,,,
18.515,0.003411507,-0.003300321,-0.00983552,,,,,,,,,,
18.52,0.003399813,-0.002593449,-0.008594456,,,,,,,,,,
18.525,0.003346488,-0.001855433,-0.00725872,,,,,,,,,,
18.53,0.003250371,-0.001091879,-0.00583746,,,,,,,,,,
18.535,0.003110533,-0.000309058,-0.004340729,,,,,,,,,,
18.54,0.002926463,0.000486577,-0.002779364,,,,,,,,,,
18.545,0.00269772,0.001288543,-0.001165278,,,,,,,,,,
18.55,0.002424567,0.002089666,0.000489134,,,,,,,,,,
18.555,0.002107374,0.002882759,0.002170603,,,,,,,,,,
18.56,0.001746985,0.003660453,0.003865317,,,,,,,,,,
18.565,0.001344449,0.004415549,0.005559101,,,,,,,,,,
18.57,0.000901293,0.005140227,0.007237414,,,,,,,,,,
18.575,0.000419302,0.005827193,0.008885147,,,,,,,,,,
18.58,-9.93E-05,0.006469004,0.010487398,,,,,,,,,,
18.585,-0.000651888,0.007058493,0.01202922,,,,,,,,,,
18.59,-0.001235684,0.007588478,0.01349543,,,,,,,,,,
18.595,-0.001847487,0.008052378,0.014871273,,,,,,,,,,
18.6,-0.00248403,0.008443697,0.016142509,,,,,,,,,,
18.605,-0.003141506,0.008756428,0.017294896,,,,,,,,,,
18.61,-0.003816004,0.008985064,0.018315132,,,,,,,,,,
18.615,-0.004503613,0.009124615,0.019190727,,,,,,,,,,
18.62,-0.005199689,0.009170468,0.019909557,,,,,,,,,,
18.625,-0.005899939,0.009118766,0.020460665,,,,,,,,,,
18.63,-0.006599489,0.008966435,0.020834495,,,,,,,,,,
18.635,-0.007293636,0.008711126,0.021022053,,,,,,,,,,
18.64,-0.007977447,0.008350865,0.021015818,,,,,,,,,,
18.645,-0.008646065,0.007884841,0.020810027,,,,,,,,,,
18.65,-0.009294334,0.007312943,0.020399888,,,,,,,,,,
18.655,-0.009917435,0.006635783,0.019782169,,,,,,,,,,
18.66,-0.010510305,0.005854815,0.01895553,,,,,,,,,,
18.665,-0.011068135,0.004972775,0.017919835,,,,,,,,,,
18.67,-0.011586128,0.003992816,0.016676791,,,,,,,,,,
18.675,-0.01205947,0.002919064,0.015229788,,,,,,,,,,
18.68,-0.012483853,0.001756781,0.013584044,,,,,,,,,,
18.685,-0.012855009,0.0005119,0.011746055,,,,,,,,,,
18.69,-0.013168913,-0.000808987,0.00972464,,,,,,,,,,
18.695,-0.013421793,-0.002198006,0.007529816,,,,,,,,,,
18.7,-0.013610342,-0.003646726,0.005173369,,,,,,,,,,
18.705,-0.013731324,-0.005146206,0.002668694,,,,,,,,,,
18.71,-0.013781884,-0.006686508,3.08E-05,,,,,,,,,,
18.715,-0.013759572,-0.008257118,-0.002724025,,,,,,,,,,
18.72,-0.013662211,-0.009847115,-0.005577937,,,,,,,,,,
18.725,-0.013488176,-0.011444918,-0.008511976,,,,,,,,,,
18.73,-0.013236231,-0.013038533,-0.011505944,,,,,,,,,,
18.735,-0.012905481,-0.014615717,-0.014538635,,,,,,,,,,
18.74,-0.012495521,-0.016163685,-0.017587807,,,,,,,,,,
18.745,-0.012006402,-0.017669638,-0.020630749,,,,,,,,,,
18.75,-0.011438634,-0.019120837,-0.023643944,,,,,,,,,,
18.755,-0.010793119,-0.020503923,-0.02660334,,,,,,,,,,
18.76,-0.010071376,-0.021805939,-0.029484942,,,,,,,,,,
18.765,-0.00927529,-0.023014373,-0.032264354,,,,,,,,,,
18.77,-0.008407312,-0.024116452,-0.034917333,,,,,,,,,,
18.775,-0.007470206,-0.025099831,-0.037419928,,,,,,,,,,
18.78,-0.006467191,-0.025953067,-0.039748393,,,,,,,,,,
18.785,-0.005401843,-0.026664953,-0.041879851,,,,,,,,,,
18.79,-0.004278384,-0.027224627,-0.043792182,,,,,,,,,,
18.795,-0.003101023,-0.027622393,-0.04546392,,,,,,,,,,
18.8,-0.001874597,-0.027849389,-0.046875099,,,,,,,,,,
18.805,-0.000604219,-0.027897235,-0.048006825,,,,,,,,,,
18.81,0.000704659,-0.027758819,-0.04884171,,,,,,,,,,
18.815,0.002046342,-0.027428288,-0.049363956,,,,,,,,,,
18.82,0.003414824,-0.02690037,-0.049559756,,,,,,,,,,
18.825,0.004803847,-0.026171244,-0.049416868,,,,,,,,,,
18.83,0.006206972,-0.02523842,-0.048925372,,,,,,,,,,
18.835,0.007617583,-0.024100597,-0.048077556,,,,,,,,,,
18.84,0.0090291,-0.022757455,-0.046867544,,,,,,,,,,
18.845,0.010434462,-0.021210737,-0.045292151,,,,,,,,,,
18.85,0.011826997,-0.019463027,-0.043350647,,,,,,,,,,
18.855,0.013199638,-0.017518384,-0.041044374,,,,,,,,,,
18.86,0.014545461,-0.015382431,-0.038377652,,,,,,,,,,
18.865,0.015857736,-0.013062207,-0.035357042,,,,,,,,,,
18.87,0.017129771,-0.010565935,-0.031991732,,,,,,,,,,
18.875,0.018354843,-0.007903506,-0.028293417,,,,,,,,,,
18.88,0.019526673,-0.005085969,-0.024276462,,,,,,,,,,
18.885,0.02063893,-0.002125571,-0.019957484,,,,,,,,,,
18.89,0.021685451,0.00096399,-0.015355548,,,,,,,,,,
18.895,0.022660608,0.004168028,-0.010492268,,,,,,,,,,
18.9,0.02355874,0.007470637,-0.005391203,,,,,,,,,,
18.905,0.024374482,0.010854911,-7.80E-05,,,,,,,,,,
18.91,0.025103191,0.01430296,0.005419247,,,,,,,,,,
18.915,0.025740234,0.017796072,0.011071164,,,,,,,,,,
18.92,0.026281456,0.021314829,0.016846499,,,,,,,,,,
18.925,0.026723153,0.02483903,0.02271216,,,,,,,,,,
18.93,0.027062155,0.028347875,0.028634216,,,,,,,,,,
18.935,0.027295531,0.031820387,0.034577509,,,,,,,,,,
18.94,0.027420904,0.035235095,0.040505772,,,,,,,,,,
18.945,0.027436447,0.038570179,0.046382173,,,,,,,,,,
18.95,0.027340782,0.041804171,0.052169544,,,,,,,,,,
18.955,0.027132914,0.044915564,0.05783022,,,,,,,,,,
18.96,0.026812611,0.047882729,0.063326547,,,,,,,,,,
18.965,0.026379785,0.050684919,0.06862151,,,,,,,,,,
18.97,0.025835114,0.053301759,0.073678,,,,,,,,,,
18.975,0.025179546,0.05571316,0.078459852,,,,,,,,,,
18.98,0.024414704,0.057900176,0.082932107,,,,,,,,,,
18.985,0.02354235,0.059844856,0.087060658,,,,,,,,,,
18.99,0.02256521,0.061529802,0.0908129,,,,,,,,,,
18.995,0.021486197,0.062938998,0.09415808,,,,,,,,,,
19,0.020308574,0.064057943,0.097067172,,,,,,,,,,
19.005,0.019036341,0.064873081,0.099513192,,,,,,,,,,
19.01,0.017673855,0.065372394,0.101471666,,,,,,,,,,
19.015,0.016225545,0.065545802,0.102920483,,,,,,,,,,
19.02,0.014696536,0.065384446,0.103839946,,,,,,,,,,
19.025,0.013092422,0.064881152,0.104213684,,,,,,,,,,
19.03,0.011418663,0.064031074,0.104027892,,,,,,,,,,
19.035,0.009681392,0.062830839,0.103271808,,,,,,,,,,
19.04,0.00788692,0.061278827,0.101938137,,,,,,,,,,
19.045,0.00604163,0.059375983,0.100022602,,,,,,,,,,
19.05,0.004152391,0.057124915,0.097524359,,,,,,,,,,
19.055,0.002226091,0.054529918,0.094446029,,,,,,,,,,
19.06,0.000269674,0.051597629,0.090793529,,,,,,,,,,
19.065,-0.001709475,0.048336869,0.0865763,,,,,,,,,,
19.07,-0.003704049,0.044757838,0.081807224,,,,,,,,,,
19.075,-0.005706714,0.040873087,0.07650249,,,,,,,,,,
19.08,-0.007710009,0.036697027,0.070681529,,,,,,,,,,
19.085,-0.009706324,0.032245781,0.064367398,,,,,,,,,,
19.09,-0.011688234,0.027537045,0.057585869,,,,,,,,,,
19.095,-0.013648186,0.022590745,0.050365932,,,,,,,,,,
19.1,-0.015578947,0.017427979,0.042739716,,,,,,,,,,
19.105,-0.017473117,0.012071245,0.034741627,,,,,,,,,,
19.11,-0.019323646,0.006545043,0.026408874,,,,,,,,,,
19.115,-0.021123602,0.000874602,0.017781264,,,,,,,,,,
19.12,-0.022866102,-0.004913659,0.008900312,,,,,,,,,,
19.125,-0.02454453,-0.010792059,-0.000190346,,,,,,,,,,
19.13,-0.026152478,-0.016732141,-0.009445043,,,,,,,,,,
19.135,-0.027683816,-0.022704948,-0.018817075,,,,,,,,,,
19.14,-0.029132578,-0.028680608,-0.028258634,,,,,,,,,,
19.145,-0.030493287,-0.034628942,-0.037720362,,,,,,,,,,
19.15,-0.031760473,-0.040519742,-0.047152642,,,,,,,,,,
19.155,-0.032929273,-0.046322509,-0.05650563,,,,,,,,,,
19.16,-0.033994968,-0.052006988,-0.065728807,,,,,,,,,,
19.165,-0.034953083,-0.057543055,-0.074772258,,,,,,,,,,
19.17,-0.035799669,-0.062901065,-0.083586686,,,,,,,,,,
19.175,-0.036531266,-0.068051949,-0.092123071,,,,,,,,,,
19.18,-0.037144445,-0.072967189,-0.100333634,,,,,,,,,,
19.185,-0.037636406,-0.077619532,-0.108172288,,,,,,,,,,
19.19,-0.03800481,-0.08198262,-0.115593921,,,,,,,,,,
19.195,-0.038247509,-0.086031178,-0.1225555,,,,,,,,,,
19.2,-0.038363075,-0.0897415,-0.129016271,,,,,,,,,,
19.205,-0.038350263,-0.093091205,-0.134937652,,,,,,,,,,
19.21,-0.038208263,-0.096059517,-0.140283633,,,,,,,,,,
19.215,-0.037936873,-0.098627414,-0.145021068,,,,,,,,,,
19.22,-0.037536059,-0.100778037,-0.149119685,,,,,,,,,,
19.225,-0.037006289,-0.102496135,-0.15255249,,,,,,,,,,
19.23,-0.036348535,-0.103768634,-0.155295604,,,,,,,,,,
19.235,-0.035564119,-0.104584792,-0.157329004,,,,,,,,,,
19.24,-0.034654734,-0.104935945,-0.158635743,,,,,,,,,,
19.245,-0.033622665,-0.104815459,-0.159203072,,,,,,,,,,
19.25,-0.032470308,-0.104219298,-0.159021729,,,,,,,,,,
19.255,-0.031200587,-0.103145977,-0.158086502,,,,,,,,,,
19.26,-0.029816938,-0.101595741,-0.156395922,,,,,,,,,,
19.265,-0.028323012,-0.099571626,-0.153952485,,,,,,,,,,
19.27,-0.026722993,-0.097079212,-0.150762688,,,,,,,,,,
19.275,-0.025021472,-0.094125958,-0.146836863,,,,,,,,,,
19.28,-0.023223295,-0.090721808,-0.142189185,,,,,,,,,,
19.285,-0.02133356,-0.086879251,-0.136837512,,,,,,,,,,
19.29,-0.019357837,-0.08261281,-0.130803713,,,,,,,,,,
19.295,-0.017301848,-0.077939017,-0.124112793,,,,,,,,,,
19.3,-0.015171738,-0.072876743,-0.116793483,,,,,,,,,,
19.305,-0.012973973,-0.067446812,-0.108877839,,,,,,,,,,
19.31,-0.010715041,-0.061671768,-0.100400797,,,,,,,,,,
19.315,-0.008402036,-0.055576148,-0.091400289,,,,,,,,,,
19.32,-0.006042064,-0.04918613,-0.081917314,,,,,,,,,,
19.325,-0.003642391,-0.042529347,-0.071995009,,,,,,,,,,
19.33,-0.001210634,-0.035634767,-0.06167891,,,,,,,,,,
19.335,0.001245593,-0.028532665,-0.051016942,,,,,,,,,,
19.34,0.00371827,-0.021254417,-0.040058508,,,,,,,,,,
19.345,0.006199423,-0.013832272,-0.028854425,,,,,,,,,,
19.35,0.008680882,-0.006299397,-0.017457394,,,,,,,,,,
19.355,0.011154467,0.001310561,-0.005920509,,,,,,,,,,
19.36,0.013611812,0.008963351,0.005702368,,,,,,,,,,
19.365,0.016044574,0.016624751,0.017356433,,,,,,,,,,
19.37,0.018444516,0.024259948,0.028987024,,,,,,,,,,
19.375,0.020803404,0.031834577,0.040539831,,,,,,,,,,
19.38,0.023112982,0.039314425,0.051960536,,,,,,,,,,
19.385,0.0253651,0.046665446,0.063195436,,,,,,,,,,
19.39,0.027551759,0.053854254,0.074192491,,,,,,,,,,
19.395,0.029664821,0.060848488,0.084899978,,,,,,,,,,
19.4,0.03169671,0.067616208,0.095268075,,,,,,,,,,
19.405,0.033639702,0.074126797,0.105248714,,,,,,,,,,
19.41,0.03548636,0.080350983,0.114795687,,,,,,,,,,
19.415,0.037229569,0.08626041,0.123864721,,,,,,,,,,
19.42,0.038862414,0.091828403,0.132414207,,,,,,,,,,
19.425,0.040378275,0.097030046,0.140405228,,,,,,,,,,
19.43,0.041770796,0.101841721,0.147801154,,,,,,,,,,
19.435,0.043034072,0.106241897,0.154568681,,,,,,,,,,
19.44,0.04416244,0.11021079,0.160677676,,,,,,,,,,
19.445,0.045150873,0.113730632,0.166100641,,,,,,,,,,
19.45,0.04599467,0.116785889,0.170814116,,,,,,,,,,
19.455,0.04668948,0.119362814,0.174797578,,,,,,,,,,
19.46,0.047231479,0.121450113,0.17803424,,,,,,,,,,
19.465,0.047617544,0.123038746,0.180510728,,,,,,,,,,
19.47,0.047844835,0.12412162,0.182217444,,,,,,,,,,
19.475,0.047910883,0.124694324,0.183148296,,,,,,,,,,
19.48,0.047814153,0.124754473,0.183300757,,,,,,,,,,
19.485,0.047553418,0.124302116,0.18267612,,,,,,,,,,
19.49,0.047128059,0.123339605,0.181278915,,,,,,,,,,
19.495,0.046537999,0.121871584,0.179117464,,,,,,,,,,
19.5,0.045784015,0.119904681,0.176203481,,,,,,,,,,
19.505,0.04486705,0.117448111,0.172552023,,,,,,,,,,
19.51,0.043789044,0.114512811,0.16818152,,,,,,,,,,
19.515,0.042552558,0.111111846,0.16311338,,,,,,,,,,
19.52,0.041160355,0.107260548,0.157372279,,,,,,,,,,
19.525,0.039616299,0.102975902,0.150985624,,,,,,,,,,
19.53,0.037924724,0.098276661,0.143983478,,,,,,,,,,
19.535,0.036090368,0.093183536,0.136398653,,,,,,,,,,
19.54,0.034118734,0.087718694,0.128266138,,,,,,,,,,
19.545,0.032016027,0.081905776,0.119623282,,,,,,,,,,
19.55,0.029788529,0.075769952,0.110509251,,,,,,,,,,
19.555,0.027443486,0.069337684,0.100965315,,,,,,,,,,
19.56,0.024988547,0.062636387,0.091033916,,,,,,,,,,
19.565,0.022431747,0.055694638,0.080759066,,,,,,,,,,
19.57,0.019781644,0.048541995,0.070186196,,,,,,,,,,
19.575,0.017047326,0.041208406,0.059361205,,,,,,,,,,
19.58,0.014238334,0.033724706,0.048330997,,,,,,,,,,
19.585,0.011364323,0.026122158,0.037142874,,,,,,,,,,
19.59,0.008435522,0.018432165,0.025844625,,,,,,,,,,
19.595,0.005462453,0.010686392,0.014483797,,,,,,,,,,
19.6,0.002455937,0.002916664,0.003107999,,,,,,,,,,
19.605,-0.000573144,-0.004845391,-0.008235397,,,,,,,,,,
19.61,-0.00361358,-0.012568539,-0.019499892,,,,,,,,,,
19.615,-0.006653988,-0.020221572,-0.030639614,,,,,,,,,,
19.62,-0.009683162,-0.027773919,-0.041609458,,,,,,,,,,
19.625,-0.012689535,-0.035195662,-0.052365669,,,,,,,,,,
19.63,-0.015661798,-0.042457691,-0.06286584,,,,,,,,,,
19.635,-0.018588513,-0.049531427,-0.073068911,,,,,,,,,,
19.64,-0.021458469,-0.056389624,-0.082935246,,,,,,,,,,
19.645,-0.024260408,-0.063006047,-0.092427678,,,,,,,,,,
19.65,-0.026983538,-0.069355332,-0.101510219,,,,,,,,,,
19.655,-0.029617013,-0.075413536,-0.110149042,,,,,,,,,,
19.66,-0.032150533,-0.081158373,-0.118313097,,,,,,,,,,
19.665,-0.034573893,-0.086568484,-0.125972644,,,,,,,,,,
19.67,-0.03687741,-0.091624366,-0.133100784,,,,,,,,,,
19.675,-0.039051803,-0.096308072,-0.139673139,,,,,,,,,,
19.68,-0.041088049,-0.100603103,-0.145667696,,,,,,,,,,
19.685,-0.04297796,-0.104494685,-0.151064708,,,,,,,,,,
19.69,-0.044713711,-0.107969822,-0.155847607,,,,,,,,,,
19.695,-0.046287996,-0.111017234,-0.160002081,,,,,,,,,,
19.7,-0.047694268,-0.113627236,-0.163516192,,,,,,,,,,
19.705,-0.048926601,-0.115792321,-0.166381327,,,,,,,,,,
19.71,-0.049979664,-0.117506642,-0.168591131,,,,,,,,,,
19.715,-0.050848944,-0.118765648,-0.170141468,,,,,,,,,,
19.72,-0.051530619,-0.119567286,-0.1710318,,,,,,,,,,
19.725,-0.052021614,-0.119911168,-0.171263473,,,,,,,,,,
19.73,-0.052319494,-0.119798349,-0.17084043,,,,,,,,,,
19.735,-0.05242275,-0.119231686,-0.169769245,,,,,,,,,,
19.74,-0.052330536,-0.118216506,-0.168058975,,,,,,,,,,
19.745,-0.052042937,-0.116759036,-0.165720812,,,,,,,,,,
19.75,-0.05156053,-0.114867101,-0.162768231,,,,,,,,,,
19.755,-0.050885066,-0.112550872,-0.159217339,,,,,,,,,,
19.76,-0.050018873,-0.109821574,-0.15508568,,,,,,,,,,
19.765,-0.048965037,-0.106691606,-0.150393251,,,,,,,,,,
19.77,-0.047727516,-0.103175439,-0.145162036,,,,,,,,,,
19.775,-0.046310947,-0.099288734,-0.139415478,,,,,,,,,,
19.78,-0.044720851,-0.095047935,-0.133178927,,,,,,,,,,
19.785,-0.042963478,-0.090471189,-0.126479386,,,,,,,,,,
19.79,-0.041045507,-0.08557794,-0.11934522,,,,,,,,,,
19.795,-0.038974494,-0.080387916,-0.111805989,,,,,,,,,,
19.8,-0.036758591,-0.074922476,-0.103892845,,,,,,,,,,
19.805,-0.034406507,-0.069203903,-0.095637613,,,,,,,,,,
19.81,-0.031927381,-0.063254788,-0.087073292,,,,,,,,,,
19.815,-0.02933117,-0.057098531,-0.078233764,,,,,,,,,,
19.82,-0.026628006,-0.050759748,-0.069153375,,,,,,,,,,
19.825,-0.023828714,-0.04426289,-0.059867283,,,,,,,,,,
19.83,-0.020944256,-0.037632837,-0.050411008,,,,,,,,,,
19.835,-0.01798612,-0.030895352,-0.040820348,,,,,,,,,,
19.84,-0.014965939,-0.024075968,-0.031131374,,,,,,,,,,
19.845,-0.011895663,-0.01720014,-0.021380243,,,,,,,,,,
19.85,-0.008787632,-0.010294004,-0.011602996,,,,,,,,,,
19.855,-0.005653915,-0.003383268,-0.001835404,,,,,,,,,,
19.86,-0.002507139,0.003506823,0.007886822,,,,,,,,,,
19.865,0.000640245,0.010350527,0.017528805,,,,,,,,,,
19.87,0.003775976,0.017122866,0.027055651,,,,,,,,,,
19.875,0.006887714,0.023799405,0.036433557,,,,,,,,,,
19.88,0.009963065,0.030355948,0.045629298,,,,,,,,,,
19.885,0.012990301,0.036768654,0.054610505,,,,,,,,,,
19.89,0.015957717,0.043014985,0.06334573,,,,,,,,,,
19.895,0.018853389,0.04907241,0.071804808,,,,,,,,,,
19.9,0.021666419,0.054919561,0.079958482,,,,,,,,,,
19.905,0.024385931,0.06053591,0.08777879,,,,,,,,,,
19.91,0.02700147,0.065902076,0.095239362,,,,,,,,,,
19.915,0.029503115,0.070999219,0.102314717,,,,,,,,,,
19.92,0.03188141,0.075809921,0.108981064,,,,,,,,,,
19.925,0.034127292,0.080317938,0.115216537,,,,,,,,,,
19.93,0.036232496,0.084508037,0.12100032,,,,,,,,,,
19.935,0.038189227,0.0883661,0.126313461,,,,,,,,,,
19.94,0.039990037,0.09187942,0.131139071,,,,,,,,,,
19.945,0.04162863,0.095036624,0.135461595,,,,,,,,,,
19.95,0.043099154,0.097827404,0.139267489,,,,,,,,,,
19.955,0.044396654,0.100243138,0.142545114,,,,,,,,,,
19.96,0.045516465,0.102276495,0.145284742,,,,,,,,,,
19.965,0.046455225,0.103921264,0.147478209,,,,,,,,,,
19.97,0.047209916,0.105173075,0.149119896,,,,,,,,,,
19.975,0.047778192,0.106028813,0.150205803,,,,,,,,,,
19.98,0.048158808,0.10648656,0.150733748,,,,,,,,,,
19.985,0.048351021,0.106546144,0.150703897,,,,,,,,,,
19.99,0.048354789,0.106208879,0.150118086,,,,,,,,,,
19.995,0.048171032,0.105477309,0.148980191,,,,,,,,,,
20,0.047801295,0.104355509,0.147295866,,,,,,,,,,
20.005,0.047247812,0.102849069,0.145073086,,,,,,,,,,
20.01,0.046513562,0.100964732,0.142321227,,,,,,,,,,
20.015,0.045602196,0.098710571,0.139051903,,,,,,,,,,
20.02,0.044517975,0.09609611,0.13527852,,,,,,,,,,
20.025,0.043266115,0.093132136,0.131016083,,,,,,,,,,
20.03,0.041852151,0.089830621,0.126281371,,,,,,,,,,
20.035,0.040282359,0.086204674,0.121092983,,,,,,,,,,
20.04,0.038563506,0.082268731,0.115470852,,,,,,,,,,
20.045,0.036703315,0.078038189,0.109436517,,,,,,,,,,
20.05,0.034709488,0.073529487,0.103013373,,,,,,,,,,
20.055,0.032590166,0.068760103,0.096225525,,,,,,,,,,
20.06,0.030354273,0.063748191,0.089098729,,,,,,,,,,
20.065,0.028011041,0.058513249,0.081660184,,,,,,,,,,
20.07,0.025569855,0.053075264,0.073937722,,,,,,,,,,
20.075,0.023040537,0.047454783,0.06596028,,,,,,,,,,
20.08,0.020433493,0.041673227,0.057758003,,,,,,,,,,
20.085,0.017758826,0.035752607,0.049361493,,,,,,,,,,
20.09,0.0150274,0.029715038,0.040802227,,,,,,,,,,
20.095,0.012249729,0.023583399,0.032112239,,,,,,,,,,
20.1,0.009436597,0.01738081,0.023324165,,,,,,,,,,
20.105,0.006599107,0.011130263,0.0144705,,,,,,,,,,
20.11,0.003748308,0.004855253,0.005584628,,,,,,,,,,
20.115,0.000894908,-0.001420528,-0.00330037,,,,,,,,,,
20.12,-0.00194987,-0.00767395,-0.012151429,,,,,,,,,,
20.125,-0.004775163,-0.013881593,-0.020935554,,,,,,,,,,
20.13,-0.007570641,-0.020020285,-0.029619979,,,,,,,,,,
20.135,-0.010325621,-0.026067177,-0.038172292,,,,,,,,,,
20.14,-0.013029853,-0.03199996,-0.046560735,,,,,,,,,,
20.145,-0.015673326,-0.037796385,-0.054754078,,,,,,,,,,
20.15,-0.018246247,-0.043435218,-0.062721801,,,,,,,,,,
20.155,-0.020739129,-0.04889554,-0.070434526,,,,,,,,,,
20.16,-0.02314278,-0.054157136,-0.077863409,,,,,,,,,,
20.165,-0.025448505,-0.059200453,-0.08498101,,,,,,,,,,
20.17,-0.027647963,-0.064007171,-0.091761052,,,,,,,,,,
20.175,-0.029733378,-0.068559661,-0.098178336,,,,,,,,,,
20.18,-0.031697207,-0.072841145,-0.104209204,,,,,,,,,,
20.185,-0.033532499,-0.07683614,-0.109831291,,,,,,,,,,
20.19,-0.035232593,-0.080530234,-0.115024297,,,,,,,,,,
20.195,-0.036791853,-0.083909857,-0.119768948,,,,,,,,,,
20.2,-0.038204621,-0.086962835,-0.124048136,,,,,,,,,,
20.205,-0.039466041,-0.089678404,-0.127846507,,,,,,,,,,
20.21,-0.040572093,-0.092046684,-0.131150191,,,,,,,,,,
20.215,-0.041519062,-0.094059515,-0.133947575,,,,,,,,,,
20.22,-0.042303628,-0.095710038,-0.13622891,,,,,,,,,,
20.225,-0.042923718,-0.096992516,-0.137986351,,,,,,,,,,
20.23,-0.043377319,-0.097902667,-0.139214076,,,,,,,,,,
20.235,-0.043663119,-0.098437911,-0.139908561,,,,,,,,,,
20.24,-0.043780534,-0.098596581,-0.140068028,,,,,,,,,,
20.245,-0.043729569,-0.09837891,-0.139692776,,,,,,,,,,
20.25,-0.043510717,-0.097786465,-0.138785357,,,,,,,,,,
20.255,-0.043125294,-0.096822239,-0.137350177,,,,,,,,,,
20.26,-0.04257504,-0.095490434,-0.135393562,,,,,,,,,,
20.265,-0.04186215,-0.093796864,-0.132924114,,,,,,,,,,
20.27,-0.040989997,-0.091748494,-0.129952273,,,,,,,,,,
20.275,-0.039961844,-0.08935388,-0.126490415,,,,,,,,,,
20.28,-0.038781772,-0.086622481,-0.122552658,,,,,,,,,,
20.285,-0.037454425,-0.083565427,-0.118155074,,,,,,,,,,
20.29,-0.035985194,-0.080194895,-0.113315471,,,,,,,,,,
20.295,-0.034379608,-0.076524243,-0.108053204,,,,,,,,,,
20.3,-0.032644013,-0.072567813,-0.10238928,,,,,,,,,,
20.305,-0.03078493,-0.068341216,-0.096346292,,,,,,,,,,
20.31,-0.028809491,-0.063860804,-0.089948019,,,,,,,,,,
20.315,-0.026725205,-0.059144242,-0.083219841,,,,,,,,,,
20.32,-0.024539814,-0.054209739,-0.076188054,,,,,,,,,,
20.325,-0.022261528,-0.04907634,-0.068880239,,,,,,,,,,
20.33,-0.019899072,-0.043764142,-0.061324731,,,,,,,,,,
20.335,-0.017461268,-0.038293432,-0.053551013,,,,,,,,,,
20.34,-0.01495721,-0.032685185,-0.04558926,,,,,,,,,,
20.345,-0.012396264,-0.026961133,-0.037470069,,,,,,,,,,
20.35,-0.009788099,-0.021143064,-0.029224868,,,,,,,,,,
20.355,-0.007142293,-0.015253071,-0.020885194,,,,,,,,,,
20.36,-0.004468844,-0.009313662,-0.012483049,,,,,,,,,,
20.365,-0.001777754,-0.003347531,-0.004050508,,,,,,,,,,
20.37,0.000920767,0.002623089,0.004380486,,,,,,,,,,
20.375,0.003616626,0.008575247,0.012777908,,,,,,,,,,
20.38,0.006299742,0.014486774,0.021110103,,,,,,,,,,
20.385,0.008960144,0.020335204,0.02934569,,,,,,,,,,
20.39,0.011587729,0.026098824,0.037453754,,,,,,,,,,
20.395,0.014172749,0.031755645,0.045404093,,,,,,,,,,
20.4,0.016705596,0.037284929,0.053167069,,,,,,,,,,
20.405,0.019176534,0.042665896,0.06071403,,,,,,,,,,
20.41,0.021576348,0.047878473,0.068017095,,,,,,,,,,
20.415,0.023895837,0.052903298,0.075049466,,,,,,,,,,
20.42,0.026126487,0.057722005,0.081785634,,,,,,,,,,
20.425,0.028259706,0.062316755,0.088200988,,,,,,,,,,
20.43,0.030287353,0.066670568,0.094272376,,,,,,,,,,
20.435,0.032201772,0.070767906,0.099978009,,,,,,,,,,
20.44,0.033995588,0.074593725,0.10529757,,,,,,,,,,
20.445,0.035661783,0.078134109,0.110212278,,,,,,,,,,
20.45,0.037194002,0.081376418,0.114704937,,,,,,,,,,
20.455,0.038586309,0.084309179,0.118760105,,,,,,,,,,
20.46,0.039833318,0.086921633,0.122363701,,,,,,,,,,
20.465,0.040930289,0.089204863,0.125503795,,,,,,,,,,
20.47,0.041872758,0.091151043,0.128169988,,,,,,,,,,
20.475,0.042657163,0.092753256,0.130353653,,,,,,,,,,
20.48,0.043280377,0.094006258,0.132048071,,,,,,,,,,
20.485,0.043739718,0.094906136,0.133248542,,,,,,,,,,
20.49,0.044033308,0.095449857,0.133951806,,,,,,,,,,
20.495,0.044159961,0.095635999,0.134156724,,,,,,,,,,
20.5,0.044118946,0.095465006,0.13386397,,,,,,,,,,
20.505,0.043910159,0.094937704,0.13307588,,,,,,,,,,
20.51,0.043534393,0.094056855,0.131796446,,,,,,,,,,
20.515,0.042992808,0.092826559,0.130032095,,,,,,,,,,
20.52,0.042287238,0.091251902,0.127790305,,,,,,,,,,
20.525,0.041420286,0.089339018,0.125080444,,,,,,,,,,
20.53,0.040394963,0.087095947,0.121914039,,,,,,,,,,
20.535,0.039215165,0.084531512,0.118303566,,,,,,,,,,
20.54,0.037885359,0.081655426,0.114263218,,,,,,,,,,
20.545,0.036410296,0.078479184,0.109809059,,,,,,,,,,
20.55,0.034795732,0.07501498,0.104958152,,,,,,,,,,
20.555,0.033047933,0.071275944,0.099728998,,,,,,,,,,
20.56,0.031173344,0.067276272,0.094141736,,,,,,,,,,
20.565,0.029178954,0.06303138,0.088217441,,,,,,,,,,
20.57,0.027072431,0.058556976,0.081978202,,,,,,,,,,
20.575,0.024861795,0.053870087,0.075447559,,,,,,,,,,
20.58,0.022555498,0.048988574,0.068649662,,,,,,,,,,
20.585,0.020162277,0.043930408,0.061609581,,,,,,,,,,
20.59,0.017691398,0.038714506,0.054353358,,,,,,,,,,
20.595,0.015152442,0.033360497,0.046907616,,,,,,,,,,
20.6,0.012555055,0.027888301,0.039299561,,,,,,,,,,
20.605,0.009909171,0.022317789,0.031557078,,,,,,,,,,
20.61,0.007225038,0.016670053,0.023708162,,,,,,,,,,
20.615,0.004512961,0.010965718,0.015781662,,,,,,,,,,
20.62,0.001783449,0.005225754,0.007805909,,,,,,,,,,
20.625,-0.000952735,-0.000528699,-0.000190104,,,,,,,,,,
20.63,-0.003685213,-0.006276261,-0.00817749,,,,,,,,,,
20.635,-0.006403267,-0.011996176,-0.016127584,,,,,,,,,,
20.64,-0.009096398,-0.017667293,-0.024011871,,,,,,,,,,
20.645,-0.011754531,-0.023268821,-0.031801893,,,,,,,,,,
20.65,-0.014367155,-0.028780278,-0.039469735,,,,,,,,,,
20.655,-0.016924214,-0.034181553,-0.046988133,,,,,,,,,,
20.66,-0.019416065,-0.039452976,-0.05432989,,,,,,,,,,
20.665,-0.021832981,-0.044575198,-0.061468895,,,,,,,,,,
20.67,-0.024165353,-0.049529649,-0.068379767,,,,,,,,,,
20.675,-0.026404671,-0.054298138,-0.075037633,,,,,,,,,,
20.68,-0.028542202,-0.058863402,-0.081418684,,,,,,,,,,
20.685,-0.030569754,-0.063208807,-0.087500235,,,,,,,,,,
20.69,-0.032479742,-0.067318701,-0.09326028,,,,,,,,,,
20.695,-0.034264791,-0.071178111,-0.098678274,,,,,,,,,,
20.7,-0.035918137,-0.074773026,-0.103734814,,,,,,,,,,
20.705,-0.037433664,-0.078090555,-0.108411712,,,,,,,,,,
20.71,-0.038805565,-0.08111844,-0.112692131,,,,,,,,,,
20.715,-0.040028686,-0.083845794,-0.116560751,,,,,,,,,,
20.72,-0.041098906,-0.086262778,-0.120003467,,,,,,,,,,
20.725,-0.042012109,-0.088360711,-0.123007739,,,,,,,,,,
20.73,-0.04276517,-0.090131999,-0.125562747,,,,,,,,,,
20.735,-0.043355535,-0.09157032,-0.127658932,,,,,,,,,,
20.74,-0.043781385,-0.092670384,-0.129288636,,,,,,,,,,
20.745,-0.044041335,-0.093428279,-0.130445842,,,,,,,,,,
20.75,-0.044134732,-0.093841318,-0.131126117,,,,,,,,,,
20.755,-0.044061704,-0.093908032,-0.131326658,,,,,,,,,,
20.76,-0.043822892,-0.093628449,-0.131046363,,,,,,,,,,
20.765,-0.043419764,-0.093003673,-0.130286101,,,,,,,,,,
20.77,-0.04285424,-0.092036071,-0.129047975,,,,,,,,,,
20.775,-0.042128968,-0.090729391,-0.127336283,,,,,,,,,,
20.78,-0.041247316,-0.089088485,-0.125156834,,,,,,,,,,
20.785,-0.040213112,-0.087119363,-0.122517103,,,,,,,,,,
20.79,-0.039030701,-0.08482945,-0.119426348,,,,,,,,,,
20.795,-0.037705116,-0.082227376,-0.115895536,,,,,,,,,,
20.8,-0.036242041,-0.079322691,-0.111936968,,,,,,,,,,
20.805,-0.034647655,-0.07612621,-0.107564705,,,,,,,,,,
20.81,-0.032928539,-0.072649891,-0.102794539,,,,,,,,,,
20.815,-0.031091761,-0.068906581,-0.097643419,,,,,,,,,,
20.82,-0.029144896,-0.064910121,-0.092129907,,,,,,,,,,
20.825,-0.0270957,-0.060675552,-0.086274055,,,,,,,,,,
20.83,-0.024952417,-0.056218666,-0.080096914,,,,,,,,,,
20.835,-0.022723681,-0.051555916,-0.073621066,,,,,,,,,,
20.84,-0.020418254,-0.046704977,-0.0668702,,,,,,,,,,
20.845,-0.018045439,-0.041683922,-0.05986893,,,,,,,,,,
20.85,-0.015614652,-0.036511367,-0.052642954,,,,,,,,,,
20.855,-0.013135309,-0.031206911,-0.045219103,,,,,,,,,,
20.86,-0.01061706,-0.025790476,-0.037624734,,,,,,,,,,
20.865,-0.008069715,-0.020282115,-0.029888036,,,,,,,,,,
20.87,-0.005503153,-0.014702721,-0.022037969,,,,,,,,,,
20.875,-0.00292715,-0.009073293,-0.014103766,,,,,,,,,,
20.88,-0.000351835,-0.003414776,-0.006115243,,,,,,,,,,
20.885,0.002213135,0.002251285,0.001897546,,,,,,,,,,
20.89,0.004758009,0.007903645,0.009904403,,,,,,,,,,
20.895,0.007273083,0.013520837,0.017875004,,,,,,,,,,
20.9,0.009749134,0.019081668,0.025778964,,,,,,,,,,
20.905,0.01217696,0.024565046,0.033586323,,,,,,,,,,
20.91,0.014547583,0.029950352,0.041267055,,,,,,,,,,
20.915,0.016852261,0.035216877,0.048791709,,,,,,,,,,
20.92,0.019082691,0.040344861,0.05613145,,,,,,,,,,
20.925,0.021230743,0.045314549,0.063257933,,,,,,,,,,
20.93,0.023288851,0.050107158,0.070143439,,,,,,,,,,
20.935,0.025249533,0.054704305,0.076761374,,,,,,,,,,
20.94,0.027106109,0.059088659,0.083085793,,,,,,,,,,
20.945,0.028851992,0.063243372,0.089091868,,,,,,,,,,
20.95,0.030481114,0.067152803,0.094756106,,,,,,,,,,
20.955,0.031988044,0.070801877,0.100056163,,,,,,,,,,
20.96,0.033367652,0.074176696,0.104970956,,,,,,,,,,
20.965,0.034615498,0.077264284,0.109481153,,,,,,,,,,
20.97,0.035727528,0.080052936,0.11356875,,,,,,,,,,
20.975,0.036700371,0.082531899,0.117217284,,,,,,,,,,
20.98,0.037531054,0.084691779,0.120412175,,,,,,,,,,
20.985,0.038217377,0.086524401,0.123140347,,,,,,,,,,
20.99,0.038757402,0.088022669,0.125390849,,,,,,,,,,
20.995,0.039150013,0.089180896,0.127154429,,,,,,,,,,
21,0.039394526,0.08999471,0.128423665,,,,,,,,,,
21.005,0.039490697,0.090461114,0.129193302,,,,,,,,,,
21.01,0.039438908,0.090578363,0.12945986,,,,,,,,,,
21.015,0.039240272,0.090346348,0.129221914,,,,,,,,,,
21.02,0.038896102,0.089766148,0.128480078,,,,,,,,,,
21.025,0.038408486,0.088840175,0.12723706,,,,,,,,,,
21.03,0.03778004,0.087572205,0.125497304,,,,,,,,,,
21.035,0.037013672,0.085967405,0.123267595,,,,,,,,,,
21.04,0.036112909,0.084032299,0.120556737,,,,,,,,,,
21.045,0.03508191,0.081774587,0.117375071,,,,,,,,,,
21.05,0.033924853,0.079203383,0.11373517,,,,,,,,,,
21.055,0.032646931,0.076328896,0.109651604,,,,,,,,,,
21.06,0.031253486,0.073162657,0.105140328,,,,,,,,,,
21.065,0.029750125,0.069717248,0.100219387,,,,,,,,,,
21.07,0.028143055,0.066006423,0.094908593,,,,,,,,,,
21.075,0.02643874,0.062045014,0.089229001,,,,,,,,,,
21.08,0.024643716,0.057848739,0.083203294,,,,,,,,,,
21.085,0.022765033,0.053434387,0.076855979,,,,,,,,,,
21.09,0.020810129,0.048819576,0.070212376,,,,,,,,,,
21.095,0.018786439,0.044022693,0.06329907,,,,,,,,,,
21.1,0.016701876,0.039062737,0.05614413,,,,,,,,,,
21.105,0.014564172,0.033959612,0.048776287,,,,,,,,,,
21.11,0.012381613,0.028733563,0.041225236,,,,,,,,,,
21.115,0.010162366,0.023405387,0.033521553,,,,,,,,,,
21.12,0.007914754,0.01799622,0.025696417,,,,,,,,,,
21.125,0.005646999,0.012527546,0.017781276,,,,,,,,,,
21.13,0.003367953,0.007020924,0.009808238,,,,,,,,,,
21.135,0.001085889,0.001498422,0.001809645,,,,,,,,,,
21.14,-0.001190774,-0.004018244,-0.00618249,,,,,,,,,,
21.145,-0.003453447,-0.009507233,-0.014135775,,,,,,,,,,
21.15,-0.005694005,-0.01494674,-0.022018135,,,,,,,,,,
21.155,-0.007904213,-0.020315239,-0.029797801,,,,,,,,,,
21.16,-0.010075946,-0.025591574,-0.037443438,,,,,,,,,,
21.165,-0.012201425,-0.030755041,-0.044924346,,,,,,,,,,
21.17,-0.014272965,-0.035785186,-0.052210511,,,,,,,,,,
21.175,-0.0162828,-0.040662228,-0.059272781,,,,,,,,,,
21.18,-0.018223813,-0.045367066,-0.066082844,,,,,,,,,,
21.185,-0.020088981,-0.049881285,-0.072613732,,,,,,,,,,
21.19,-0.02187148,-0.054187235,-0.078839387,,,,,,,,,,
21.195,-0.023565046,-0.058268171,-0.084735144,,,,,,,,,,
21.2,-0.02516341,-0.062108444,-0.090277809,,,,,,,,,,
21.205,-0.026661004,-0.065692954,-0.095445463,,,,,,,,,,
21.21,-0.028052301,-0.069008164,-0.100218006,,,,,,,,,,
21.215,-0.029332384,-0.07204135,-0.104577084,,,,,,,,,,
21.22,-0.030496588,-0.074780934,-0.108505685,,,,,,,,,,
21.225,-0.031540792,-0.077216503,-0.111989021,,,,,,,,,,
21.23,-0.032461243,-0.079339109,-0.115013979,,,,,,,,,,
21.235,-0.033254811,-0.081140873,-0.117569344,,,,,,,,,,
21.24,-0.033918642,-0.082615358,-0.119645841,,,,,,,,,,
21.245,-0.034450407,-0.083757321,-0.121236485,,,,,,,,,,
21.25,-0.034848342,-0.084562861,-0.122335756,,,,,,,,,,
21.255,-0.035111014,-0.085029585,-0.122940653,,,,,,,,,,
21.26,-0.035237582,-0.085156267,-0.123050199,,,,,,,,,,
21.265,-0.035227675,-0.08494322,-0.12266499,,,,,,,,,,
21.27,-0.035081335,-0.084392071,-0.121788183,,,,,,,,,,
21.275,-0.03479931,-0.083505774,-0.120424542,,,,,,,,,,
21.28,-0.034382731,-0.082288645,-0.118580877,,,,,,,,,,
21.285,-0.033833153,-0.080746469,-0.116266189,,,,,,,,,,
21.29,-0.033152758,-0.078885953,-0.113491171,,,,,,,,,,
21.295,-0.032344164,-0.076715316,-0.110268231,,,,,,,,,,
21.3,-0.031410316,-0.07424391,-0.106611851,,,,,,,,,,
21.305,-0.030354818,-0.071482384,-0.102538229,,,,,,,,,,
21.31,-0.029181834,-0.068442291,-0.098064734,,,,,,,,,,
21.315,-0.027895664,-0.065136549,-0.093210868,,,,,,,,,,
21.32,-0.026501362,-0.061578883,-0.087997343,,,,,,,,,,
21.325,-0.025004306,-0.057783951,-0.082445946,,,,,,,,,,
21.33,-0.023410132,-0.053767561,-0.076580449,,,,,,,,,,
21.335,-0.021724857,-0.049546291,-0.070425328,,,,,,,,,,
21.34,-0.019955008,-0.045137164,-0.064006027,,,,,,,,,,
21.345,-0.018107235,-0.040558287,-0.057349211,,,,,,,,,,
21.35,-0.016188663,-0.035828497,-0.050482486,,,,,,,,,,
21.355,-0.014206713,-0.030966754,-0.043433731,,,,,,,,,,
21.36,-0.01216902,-0.025992605,-0.036231747,,,,,,,,,,
21.365,-0.010083439,-0.020926405,-0.028905978,,,,,,,,,,
21.37,-0.007958003,-0.015788271,-0.021485758,,,,,,,,,,
21.375,-0.005800932,-0.010598619,-0.014001103,,,,,,,,,,
21.38,-0.003620596,-0.00537839,-0.006482118,,,,,,,,,,
21.385,-0.001425575,-0.000148313,0.001041359,,,,,,,,,,
21.39,0.000775637,0.00507121,0.008539379,,,,,,,,,,
21.395,0.002974345,0.010259352,0.015982355,,,,,,,,,,
21.4,0.005161825,0.015395441,0.023340882,,,,,,,,,,
21.405,0.007329551,0.020459706,0.030586316,,,,,,,,,,
21.41,0.009468933,0.02543213,0.03769027,,,,,,,,,,
21.415,0.011571567,0.030293092,0.044625227,,,,,,,,,,
21.42,0.013629166,0.035024062,0.051364535,,,,,,,,,,
21.425,0.01563342,0.039606548,0.057882157,,,,,,,,,,
21.43,0.017576388,0.044022604,0.064153333,,,,,,,,,,
21.435,0.019450379,0.048255471,0.070154201,,,,,,,,,,
21.44,0.021247704,0.052288924,0.075862341,,,,,,,,,,
21.445,0.022961197,0.056107303,0.081256205,,,,,,,,,,
21.45,0.024583987,0.059696238,0.086315669,,,,,,,,,,
21.455,0.026109333,0.063042321,0.091022236,,,,,,,,,,
21.46,0.027531108,0.066132783,0.0953585,,,,,,,,,,
21.465,0.028843468,0.068956214,0.099308895,,,,,,,,,,
21.47,0.030040897,0.071502206,0.102859251,,,,,,,,,,
21.475,0.031118506,0.073761266,0.105997134,,,,,,,,,,
21.48,0.032071853,0.075725076,0.108711582,,,,,,,,,,
21.485,0.032896854,0.077386863,0.110993478,,,,,,,,,,
21.49,0.03359009,0.078740771,0.112835586,,,,,,,,,,
21.495,0.034148723,0.079781927,0.114231682,,,,,,,,,,
21.5,0.034570112,0.080507081,0.115178054,,,,,,,,,,
21.505,0.034852607,0.08091425,0.115672526,,,,,,,,,,
21.51,0.034994893,0.081002064,0.115714462,,,,,,,,,,
21.515,0.034996121,0.080771149,0.115304991,,,,,,,,,,
21.52,0.034856124,0.080223006,0.114447296,,,,,,,,,,
21.525,0.034575321,0.07936044,0.113145838,,,,,,,,,,
21.53,0.034154707,0.078187396,0.111406706,,,,,,,,,,
21.535,0.033595799,0.076709352,0.109238261,,,,,,,,,,
21.54,0.032900651,0.074932422,0.106649821,,,,,,,,,,
21.545,0.032072029,0.072864031,0.103652184,,,,,,,,,,
21.55,0.03111324,0.070513023,0.100258541,,,,,,,,,,
21.555,0.030027757,0.06788901,0.096482626,,,,,,,,,,
21.56,0.02882019,0.065002567,0.092339823,,,,,,,,,,
21.565,0.027495277,0.06186547,0.087847085,,,,,,,,,,
21.57,0.026058215,0.05849055,0.083022568,,,,,,,,,,
21.575,0.024515057,0.054890907,0.077885227,,,,,,,,,,
21.58,0.022871916,0.051081211,0.072455679,,,,,,,,,,
21.585,0.021135286,0.047076647,0.066755525,,,,,,,,,,
21.59,0.019312398,0.042892794,0.06080664,,,,,,,,,,
21.595,0.017410525,0.038546423,0.054632647,,,,,,,,,,
21.6,0.01543719,0.034054825,0.048257602,,,,,,,,,,
21.605,0.013400795,0.029435308,0.041705878,,,,,,,,,,
21.61,0.011309436,0.024706192,0.0350031,,,,,,,,,,
21.615,0.009171501,0.019886121,0.02817504,,,,,,,,,,
21.62,0.006995889,0.014993645,0.02124789,,,,,,,,,,
21.625,0.004791449,0.010047955,0.014248129,,,,,,,,,,
21.63,0.002567028,0.005068419,0.007202946,,,,,,,,,,
21.635,0.000331847,7.42E-05,0.000138858,,,,,,,,,,
21.64,-0.001905047,-0.004915386,-0.006917179,,,,,,,,,,
21.645,-0.004134393,-0.009880874,-0.013937989,,,,,,,,,,
21.65,-0.006347035,-0.014803048,-0.020897206,,,,,,,,,,
21.655,-0.008534153,-0.019663081,-0.027768337,,,,,,,,,,
21.66,-0.010686791,-0.024442138,-0.034525251,,,,,,,,,,
21.665,-0.012796092,-0.029121616,-0.041142433,,,,,,,,,,
21.67,-0.0148536,-0.033683698,-0.047594816,,,,,,,,,,
21.675,-0.016850992,-0.038110911,-0.053858061,,,,,,,,,,
21.68,-0.018780154,-0.042385887,-0.059908278,,,,,,,,,,
21.685,-0.020633287,-0.046492584,-0.065722974,,,,,,,,,,
21.69,-0.022402759,-0.050415117,-0.071280031,,,,,,,,,,
21.695,-0.024081659,-0.054138329,-0.076558405,,,,,,,,,,
21.7,-0.025663238,-0.057648097,-0.081538259,,,,,,,,,,
21.705,-0.027141007,-0.060931188,-0.086200841,,,,,,,,,,
21.71,-0.028509216,-0.063974787,-0.090528575,,,,,,,,,,
21.715,-0.029762492,-0.066767442,-0.094504842,,,,,,,,,,
21.72,-0.0308957,-0.069298665,-0.098114976,,,,,,,,,,
21.725,-0.031904547,-0.07155863,-0.101345215,,,,,,,,,,
21.73,-0.032785133,-0.073538817,-0.104183257,,,,,,,,,,
21.735,-0.033533938,-0.07523201,-0.106618554,,,,,,,,,,
21.74,-0.03414834,-0.076631498,-0.108641867,,,,,,,,,,
21.745,-0.034626084,-0.077732208,-0.110245381,,,,,,,,,,
21.75,-0.034965374,-0.078530113,-0.11142321,,,,,,,,,,
21.755,-0.035165266,-0.07902245,-0.112170932,,,,,,,,,,
21.76,-0.035225157,-0.079207144,-0.112485583,,,,,,,,,,
21.765,-0.035145038,-0.079083917,-0.112365975,,,,,,,,,,
21.77,-0.034925702,-0.078653482,-0.11181289,,,,,,,,,,
21.775,-0.034568211,-0.077917603,-0.110828068,,,,,,,,,,
21.78,-0.034074363,-0.076879254,-0.109415461,,,,,,,,,,
21.785,-0.033446519,-0.075542897,-0.107580527,,,,,,,,,,
21.79,-0.032687501,-0.07391389,-0.105330149,,,,,,,,,,
21.795,-0.031800684,-0.071998499,-0.102672935,,,,,,,,,,
21.8,-0.030789982,-0.069804653,-0.099619286,,,,,,,,,,
21.805,-0.029659688,-0.067341021,-0.09618078,,,,,,,,,,
21.81,-0.028414767,-0.064617104,-0.092370584,,,,,,,,,,
21.815,-0.027060495,-0.061643923,-0.088203566,,,,,,,,,,
21.82,-0.025602546,-0.058433211,-0.083695624,,,,,,,,,,
21.825,-0.024047105,-0.05499737,-0.078864138,,,,,,,,,,
21.83,-0.022400867,-0.051350184,-0.073727878,,,,,,,,,,
21.835,-0.020670436,-0.047506077,-0.068306749,,,,,,,,,,
21.84,-0.018863111,-0.043479791,-0.062621626,,,,,,,,,,
21.845,-0.01698629,-0.03928742,-0.056694586,,,,,,,,,,
21.85,-0.015047651,-0.034945612,-0.05054893,,,,,,,,,,
21.855,-0.013055114,-0.030471244,-0.044208301,,,,,,,,,,
21.86,-0.011016734,-0.025881829,-0.037697379,,,,,,,,,,
21.865,-0.008940792,-0.021195738,-0.031041736,,,,,,,,,,
21.87,-0.006835677,-0.016431287,-0.02426742,,,,,,,,,,
21.875,-0.004709826,-0.011607072,-0.017400666,,,,,,,,,,
21.88,-0.002571652,-0.006742155,-0.010468603,,,,,,,,,,
21.885,-0.000429697,-0.001855947,-0.003498593,,,,,,,,,,
21.89,0.001707611,0.003032857,0.003482409,,,,,,,,,,
21.895,0.003831756,0.007904816,0.010446668,,,,,,,,,,
21.9,0.005934495,0.012740479,0.017366485,,,,,,,,,,
21.905,0.008007529,0.017521308,0.024215057,,,,,,,,,,
21.91,0.010042688,0.022228452,0.030965138,,,,,,,,,,
21.915,0.012032332,0.026843069,0.03758992,,,,,,,,,,
21.92,0.013968708,0.031347301,0.044063154,,,,,,,,,,
21.925,0.015844439,0.035723602,0.050359604,,,,,,,,,,
21.93,0.017652435,0.039954355,0.056453811,,,,,,,,,,
21.935,0.01938596,0.044023309,0.062321685,,,,,,,,,,
21.94,0.021038379,0.047914556,0.067940305,,,,,,,,,,
21.945,0.02260356,0.051612588,0.073286879,,,,,,,,,,
21.95,0.02407586,0.055102991,0.078340206,,,,,,,,,,
21.955,0.025449755,0.0583724,0.083080536,,,,,,,,,,
21.96,0.026720237,0.061407763,0.087488688,,,,,,,,,,
21.965,0.02788293,0.064197336,0.091546942,,,,,,,,,,
21.97,0.028933612,0.066730492,0.095239501,,,,,,,,,,
21.975,0.029868458,0.068997416,0.098551556,,,,,,,,,,
21.98,0.030684546,0.070989166,0.101469601,,,,,,,,,,
21.985,0.031378884,0.072698346,0.103982589,,,,,,,,,,
21.99,0.031949311,0.07411843,0.106080421,,,,,,,,,,
21.995,0.032394236,0.075243811,0.107754407,,,,,,,,,,
22,0.032712224,0.076070604,0.108998642,,,,,,,,,,
22.005,0.03290249,0.076595918,0.109808069,,,,,,,,,,
22.01,0.032965031,0.076817646,0.11017931,,,,,,,,,,
22.015,0.032899955,0.076735486,0.110111506,,,,,,,,,,
22.02,0.032707865,0.076350215,0.109605222,,,,,,,,,,
22.025,0.032390055,0.075663499,0.108662396,,,,,,,,,,
22.03,0.031948247,0.074678384,0.107287381,,,,,,,,,,
22.035,0.031384351,0.073399615,0.105486261,,,,,,,,,,
22.04,0.030701003,0.071832313,0.103266051,,,,,,,,,,
22.045,0.029901294,0.069983091,0.100636334,,,,,,,,,,
22.05,0.028988695,0.067860064,0.09760836,,,,,,,,,,
22.055,0.027967041,0.065471902,0.094194237,,,,,,,,,,
22.06,0.026840722,0.062828192,0.090408241,,,,,,,,,,
22.065,0.025614188,0.059940352,0.086266331,,,,,,,,,,
22.07,0.024292582,0.056820127,0.081785454,,,,,,,,,,
22.075,0.022881348,0.053480013,0.076984002,,,,,,,,,,
22.08,0.021386037,0.049934062,0.071882066,,,,,,,,,,
22.085,0.019812617,0.046196672,0.066500543,,,,,,,,,,
22.09,0.018167678,0.042282744,0.060861438,,,,,,,,,,
22.095,0.016457604,0.038208682,0.05498818,,,,,,,,,,
22.1,0.014688888,0.033990866,0.048904797,,,,,,,,,,
22.105,0.012868711,0.029646267,0.042636093,,,,,,,,,,
22.11,0.011004141,0.025192688,0.036207837,,,,,,,,,,
22.115,0.009102281,0.020648176,0.029646458,,,,,,,,,,
22.12,0.007170549,0.016030827,0.022978592,,,,,,,,,,
22.125,0.005216598,0.011359323,0.016231411,,,,,,,,,,
22.13,0.00324777,0.006652658,0.009432658,,,,,,,,,,
22.135,0.001271766,0.001929625,0.002609666,,,,,,,,,,
22.14,-0.000703766,-0.002791052,-0.004209726,,,,,,,,,,
22.145,-0.002671438,-0.007490225,-0.010997791,,,,,,,,,,
22.15,-0.00462358,-0.012149148,-0.017727133,,,,,,,,,,
22.155,-0.006552692,-0.016749625,-0.024370708,,,,,,,,,,
22.16,-0.008451508,-0.021273106,-0.030901446,,,,,,,,,,
22.165,-0.010312885,-0.025701541,-0.037293396,,,,,,,,,,
22.17,-0.012129433,-0.030017736,-0.043520901,,,,,,,,,,
22.175,-0.013894539,-0.034204388,-0.049559034,,,,,,,,,,
22.18,-0.015601516,-0.038244916,-0.055383743,,,,,,,,,,
22.185,-0.017243647,-0.042123838,-0.06097211,,,,,,,,,,
22.19,-0.018814876,-0.045825742,-0.066301834,,,,,,,,,,
22.195,-0.020309542,-0.049336167,-0.071351999,,,,,,,,,,
22.2,-0.021721616,-0.05264165,-0.076102922,,,,,,,,,,
22.205,-0.023045854,-0.055729367,-0.080536147,,,,,,,,,,
22.21,-0.024277444,-0.058587352,-0.084634424,,,,,,,,,,
22.215,-0.025411465,-0.061204872,-0.088382193,,,,,,,,,,
22.22,-0.026443756,-0.063571919,-0.091765129,,,,,,,,,,
22.225,-0.027370449,-0.065679632,-0.094770547,,,,,,,,,,
22.23,-0.028187958,-0.06752022,-0.097387345,,,,,,,,,,
22.235,-0.028893414,-0.069086986,-0.099605939,,,,,,,,,,
22.24,-0.029484174,-0.070374283,-0.101418576,,,,,,,,,,
22.245,-0.029957915,-0.07137761,-0.102818918,,,,,,,,,,
22.25,-0.030312856,-0.072093536,-0.103802662,,,,,,,,,,
22.255,-0.030547829,-0.072520234,-0.104367057,,,,,,,,,,
22.26,-0.030661987,-0.072656337,-0.104510898,,,,,,,,,,
22.265,-0.030654809,-0.072502007,-0.1042349,,,,,,,,,,
22.27,-0.030526497,-0.0720588,-0.103541472,,,,,,,,,,
22.275,-0.03027772,-0.071329189,-0.102434595,,,,,,,,,,
22.28,-0.029909476,-0.070316451,-0.100919875,,,,,,,,,,
22.285,-0.02942308,-0.069025816,-0.099004704,,,,,,,,,,
22.29,-0.02882069,-0.067462788,-0.096698035,,,,,,,,,,
22.295,-0.028104538,-0.065634274,-0.09401017,,,,,,,,,,
22.3,-0.027277395,-0.06354841,-0.090953251,,,,,,,,,,
22.305,-0.026342714,-0.061214075,-0.087540579,,,,,,,,,,
22.31,-0.025304153,-0.058641035,-0.083786822,,,,,,,,,,
22.315,-0.024165667,-0.055840377,-0.079708161,,,,,,,,,,
22.32,-0.022931961,-0.052823726,-0.075321943,,,,,,,,,,
22.325,-0.021607821,-0.049603471,-0.070646551,,,,,,,,,,
22.33,-0.020198414,-0.046193133,-0.065701599,,,,,,,,,,
22.335,-0.018709495,-0.042606711,-0.060507861,,,,,,,,,,
22.34,-0.017146646,-0.038858604,-0.055086536,,,,,,,,,,
22.345,-0.015516201,-0.034964386,-0.049460062,,,,,,,,,,
22.35,-0.013824804,-0.030939911,-0.043651653,,,,,,,,,,
22.355,-0.012078937,-0.026801333,-0.037684704,,,,,,,,,,
22.36,-0.010285551,-0.022565244,-0.031583478,,,,,,,,,,
22.365,-0.008451861,-0.018249107,-0.025372816,,,,,,,,,,
22.37,-0.006585105,-0.013869788,-0.019077601,,,,,,,,,,
22.375,-0.004692663,-0.009444997,-0.012722952,,,,,,,,,,
22.38,-0.002782114,-0.004992453,-0.006334475,,,,,,,,,,
22.385,-0.000861015,-0.000529783,6.25E-05,,,,,,,,,,
22.39,0.00106283,0.003925552,0.006442966,,,,,,,,,,
22.395,0.002981787,0.00835544,0.012781295,,,,,,,,,,
22.4,0.004888148,0.012742709,0.019052644,,,,,,,,,,
22.405,0.006774266,0.017070278,0.025232863,,,,,,,,,,
22.41,0.008632571,0.02132091,0.031297468,,,,,,,,,,
22.415,0.010455587,0.025477977,0.03722279,,,,,,,,,,
22.42,0.012236019,0.029525558,0.042986284,,,,,,,,,,
22.425,0.013966545,0.033447733,0.04856559,,,,,,,,,,
22.43,0.015640356,0.037229115,0.053939107,,,,,,,,,,
22.435,0.017250586,0.040855484,0.059086657,,,,,,,,,,
22.44,0.018790758,0.044312675,0.063988573,,,,,,,,,,
22.445,0.020254714,0.047587237,0.068626052,,,,,,,,,,
22.45,0.021636428,0.050666988,0.072981997,,,,,,,,,,
22.455,0.022930375,0.053540188,0.07704015,,,,,,,,,,
22.46,0.024131318,0.056195669,0.080784961,,,,,,,,,,
22.465,0.025234432,0.058623641,0.084203059,,,,,,,,,,
22.47,0.026235018,0.060815153,0.087281935,,,,,,,,,,
22.475,0.027129249,0.062761744,0.090010188,,,,,,,,,,
22.48,0.027913382,0.064456534,0.092378143,,,,,,,,,,
22.485,0.028584322,0.065893385,0.094377686,,,,,,,,,,
22.49,0.029139159,0.06706707,0.096001523,,,,,,,,,,
22.495,0.0295758,0.067973524,0.097244562,,,,,,,,,,
22.5,0.029892474,0.068609773,0.098102897,,,,,,,,,,
22.505,0.030087777,0.068973842,0.0985739,,,,,,,,,,
22.51,0.030161079,0.069064584,0.098656698,,,,,,,,,,
22.515,0.030112138,0.068882434,0.098352043,,,,,,,,,,
22.52,0.029941108,0.068428593,0.097661778,,,,,,,,,,
22.525,0.029648685,0.067705176,0.09658938,,,,,,,,,,
22.53,0.029236392,0.066715548,0.095140095,,,,,,,,,,
22.535,0.028705646,0.065464388,0.093320145,,,,,,,,,,
22.54,0.028058666,0.063956566,0.091137378,,,,,,,,,,
22.545,0.027298308,0.062198681,0.088601137,,,,,,,,,,
22.55,0.026427547,0.060198243,0.085721915,,,,,,,,,,
22.555,0.025450058,0.057963306,0.082511375,,,,,,,,,,
22.56,0.024369966,0.055502947,0.07898274,,,,,,,,,,
22.565,0.023191612,0.05282754,0.075150237,,,,,,,,,,
22.57,0.021919952,0.049947637,0.071029235,,,,,,,,,,
22.575,0.020560345,0.046874851,0.066636243,,,,,,,,,,
22.58,0.019118239,0.04362166,0.061988774,,,,,,,,,,
22.585,0.017599531,0.040201016,0.057105286,,,,,,,,,,
22.59,0.016010717,0.03662646,0.052005026,,,,,,,,,,
22.595,0.014358206,0.03291246,0.046708203,,,,,,,,,,
22.6,0.012648944,0.029073715,0.041235612,,,,,,,,,,
22.605,0.01088985,0.025125331,0.035608655,,,,,,,,,,
22.61,0.009088282,0.021083019,0.029849373,,,,,,,,,,
22.615,0.007251433,0.016962923,0.023980419,,,,,,,,,,
22.62,0.005387028,0.012781119,0.018024628,,,,,,,,,,
22.625,0.003502491,0.008554106,0.012005157,,,,,,,,,,
22.63,0.001605525,0.004298596,0.005945512,,,,,,,,,,
22.635,-0.000295955,3.14E-05,-0.000130702,,,,,,,,,,
22.64,-0.002194223,-0.004230995,-0.006199928,,,,,,,,,,
22.645,-0.004081639,-0.008471558,-0.012238613,,,,,,,,,,
22.65,-0.005950522,-0.012673807,-0.018223266,,,,,,,,,,
22.655,-0.00779318,-0.016821367,-0.024130714,,,,,,,,,,
22.66,-0.009602406,-0.020898021,-0.029938044,,,,,,,,,,
22.665,-0.011370871,-0.024887735,-0.035622629,,,,,,,,,,
22.67,-0.013091255,-0.028775148,-0.041162526,,,,,,,,,,
22.675,-0.014756862,-0.032545114,-0.04653645,,,,,,,,,,
22.68,-0.016361057,-0.036182739,-0.051723333,,,,,,,,,,
22.685,-0.017897287,-0.039673951,-0.056703245,,,,,,,,,,
22.69,-0.019359533,-0.04300535,-0.061456961,,,,,,,,,,
22.695,-0.020742262,-0.046163781,-0.065965984,,,,,,,,,,
22.7,-0.022039888,-0.04913721,-0.070212874,,,,,,,,,,
22.705,-0.023247449,-0.051914144,-0.07418128,,,,,,,,,,
22.71,-0.024360328,-0.054483774,-0.077855695,,,,,,,,,,
22.715,-0.025374098,-0.056836124,-0.081221999,,,,,,,,,,
22.72,-0.026284946,-0.058962452,-0.084267338,,,,,,,,,,
22.725,-0.027089481,-0.06085438,-0.086979821,,,,,,,,,,
22.73,-0.027784695,-0.062504641,-0.089348897,,,,,,,,,,
22.735,-0.028368006,-0.063907161,-0.091365587,,,,,,,,,,
22.74,-0.028837575,-0.065056717,-0.093021981,,,,,,,,,,
22.745,-0.029191736,-0.06594879,-0.094311756,,,,,,,,,,
22.75,-0.029429423,-0.066580319,-0.095230021,,,,,,,,,,
22.755,-0.029549925,-0.066949016,-0.095773275,,,,,,,,,,
22.76,-0.029553049,-0.067053452,-0.095939507,,,,,,,,,,
22.765,-0.029439117,-0.066893673,-0.095728231,,,,,,,,,,
22.77,-0.029208986,-0.066470627,-0.095140527,,,,,,,,,,
22.775,-0.028864009,-0.065785977,-0.094178608,,,,,,,,,,
22.78,-0.028405738,-0.064842786,-0.092846355,,,,,,,,,,
22.785,-0.027836528,-0.063645249,-0.09114929,,,,,,,,,,
22.79,-0.02715891,-0.062198027,-0.089094152,,,,,,,,,,
22.795,-0.026375945,-0.060507278,-0.086689096,,,,,,,,,,
22.8,-0.025490953,-0.05857983,-0.08394382,,,,,,,,,,
22.805,-0.024507755,-0.0564235,-0.080869309,,,,,,,,,,
22.81,-0.02343056,-0.05404696,-0.077477645,,,,,,,,,,
22.815,-0.022264153,-0.051460155,-0.073782534,,,,,,,,,,
22.82,-0.021013349,-0.048673243,-0.069798712,,,,,,,,,,
22.825,-0.019683248,-0.0456975,-0.06554172,,,,,,,,,,
22.83,-0.018279546,-0.042544983,-0.061028792,,,,,,,,,,
22.835,-0.016807958,-0.039228316,-0.056278065,,,,,,,,,,
22.84,-0.015274498,-0.035760697,-0.05130821,,,,,,,,,,
22.845,-0.013685338,-0.03215606,-0.046139215,,,,,,,,,,
22.85,-0.012046922,-0.028428808,-0.04079171,,,,,,,,,,
22.855,-0.010365963,-0.024593779,-0.035286887,,,,,,,,,,
22.86,-0.008649283,-0.020666547,-0.029646835,,,,,,,,,,
22.865,-0.006903571,-0.01666265,-0.023894148,,,,,,,,,,
22.87,-0.005135903,-0.012597914,-0.018051534,,,,,,,,,,
22.875,-0.003353138,-0.008488698,-0.012142497,,,,,,,,,,
22.88,-0.001562303,-0.004351414,-0.006190822,,,,,,,,,,
22.885,0.000229537,-0.000202286,-0.000220052,,,,,,,,,,
22.89,0.002015391,0.003941971,0.005745848,,,,,,,,,,
22.895,0.003788433,0.008064914,0.011683057,,,,,,,,,,
22.9,0.005541586,0.012150358,0.017567914,,,,,,,,,,
22.905,0.007268147,0.016181859,0.023376928,,,,,,,,,,
22.91,0.008961436,0.020143579,0.029086684,,,,,,,,,,
22.915,0.010615101,0.024019833,0.034674625,,,,,,,,,,
22.92,0.012222909,0.027795466,0.040118368,,,,,,,,,,
22.925,0.013778618,0.031455361,0.045396117,,,,,,,,,,
22.93,0.015276423,0.034985199,0.05048686,,,,,,,,,,
22.935,0.016710721,0.038371052,0.055370391,,,,,,,,,,
22.94,0.018076102,0.04159971,0.06002731,,,,,,,,,,
22.945,0.019367539,0.044658414,0.064439092,,,,,,,,,,
22.95,0.020580299,0.047535162,0.068588266,,,,,,,,,,
22.955,0.021709845,0.050219007,0.072458483,,,,,,,,,,
22.96,0.022752297,0.052699131,0.076034262,,,,,,,,,,
22.965,0.023703811,0.054966252,0.079301773,,,,,,,,,,
22.97,0.024560963,0.057011586,0.082248139,,,,,,,,,,
22.975,0.025320719,0.058827197,0.08486181,,,,,,,,,,
22.98,0.025980459,0.060406114,0.087132689,,,,,,,,,,
22.985,0.026537891,0.061742613,0.089052086,,,,,,,,,,
22.99,0.026991218,0.062831622,0.090612777,,,,,,,,,,
22.995,0.027338943,0.063669106,0.091808749,,,,,,,,,,
23,0.027580051,0.064252337,0.092635857,,,,,,,,,,
23.005,0.027713929,0.064579247,0.093091122,,,,,,,,,,
23.01,0.027740265,0.064648841,0.09317327,,,,,,,,,,
23.015,0.027659311,0.06446147,0.092882693,,,,,,,,,,
23.02,0.027471617,0.064018233,0.092220996,,,,,,,,,,
23.025,0.027178116,0.063321055,0.091191385,,,,,,,,,,
23.03,0.0267803,0.062373265,0.089798574,,,,,,,,,,
23.035,0.026279975,0.061179436,0.088049016,,,,,,,,,,
23.04,0.025679219,0.059744191,0.08595007,,,,,,,,,,
23.045,0.024980642,0.058073968,0.083510779,,,,,,,,,,
23.05,0.024187113,0.056175856,0.080741916,,,,,,,,,,
23.055,0.023301778,0.054057773,0.07765484,,,,,,,,,,
23.06,0.022328343,0.051728332,0.07426279,,,,,,,,,,
23.065,0.021270592,0.049197716,0.070580092,,,,,,,,,,
23.07,0.02013277,0.046475991,0.066621944,,,,,,,,,,
23.075,0.018919503,0.043574373,0.062404714,,,,,,,,,,
23.08,0.017635467,0.040504995,0.057946195,,,,,,,,,,
23.085,0.016285808,0.037280469,0.053264848,,,,,,,,,,
23.09,0.014875871,0.03391352,0.048379491,,,,,,,,,,
23.095,0.013411047,0.03041814,0.043310808,,,,,,,,,,
23.1,0.01189707,0.026808686,0.038079497,,,,,,,,,,
23.105,0.010339911,0.023099267,0.03270659,,,,,,,,,,
23.11,0.008745702,0.019305242,0.027214418,,,,,,,,,,
23.115,0.007120436,0.01544198,0.02162531,,,,,,,,,,
23.12,0.005470649,0.011524755,0.015961653,,,,,,,,,,
23.125,0.003802675,0.00756933,0.010246562,,,,,,,,,,
23.13,0.002122869,0.003591891,0.004503224,,,,,,,,,,
23.135,0.000437795,-0.000391956,-0.001245249,,,,,,,,,,
23.14,-0.00124598,-0.004366314,-0.006976053,,,,,,,,,,
23.145,-0.002922203,-0.00831522,-0.012665752,,,,,,,,,,
23.15,-0.004584124,-0.012222938,-0.018291904,,,,,,,,,,
23.155,-0.006225258,-0.016074166,-0.023832155,,,,,,,,,,
23.16,-0.007839477,-0.019853553,-0.02926423,,,,,,,,,,
23.165,-0.009420401,-0.023546039,-0.034566818,,,,,,,,,,
23.17,-0.010961923,-0.027137358,-0.039718997,,,,,,,,,,
23.175,-0.012458002,-0.03061342,-0.044700479,,,,,,,,,,
23.18,-0.01390302,-0.033960189,-0.049491577,,,,,,,,,,
23.185,-0.015291224,-0.037165042,-0.05407382,,,,,,,,,,
23.19,-0.016617208,-0.04021554,-0.058429377,,,,,,,,,,
23.195,-0.017875909,-0.043099421,-0.062541351,,,,,,,,,,
23.2,-0.01906235,-0.045805776,-0.066394016,,,,,,,,,,
23.205,-0.020171897,-0.04832433,-0.069972579,,,,,,,,,,
23.21,-0.02120035,-0.050645004,-0.073263484,,,,,,,,,,
23.215,-0.022143695,-0.052759265,-0.076254473,,,,,,,,,,
23.22,-0.022998078,-0.054659249,-0.078934259,,,,,,,,,,
23.225,-0.023760311,-0.056337376,-0.081292958,,,,,,,,,,
23.23,-0.024427347,-0.057787674,-0.083322025,,,,,,,,,,
23.235,-0.024996459,-0.059004943,-0.085014442,,,,,,,,,,
23.24,-0.025465438,-0.059984453,-0.086364071,,,,,,,,,,
23.245,-0.02583252,-0.060722985,-0.087366604,,,,,,,,,,
23.25,-0.026096077,-0.061218065,-0.088018954,,,,,,,,,,
23.255,-0.026255075,-0.061468019,-0.088319207,,,,,,,,,,
23.26,-0.026309149,-0.061472506,-0.088267358,,,,,,,,,,
23.265,-0.02625762,-0.061232046,-0.087864463,,,,,,,,,,
23.27,-0.026101022,-0.06074764,-0.087112814,,,,,,,,,,
23.275,-0.025839798,-0.060021993,-0.086016442,,,,,,,,,,
23.28,-0.025475007,-0.059058357,-0.084580653,,,,,,,,,,
23.285,-0.025008028,-0.057860869,-0.082811856,,,,,,,,,,
23.29,-0.024440788,-0.05643475,-0.080717866,,,,,,,,,,
23.295,-0.02377538,-0.054786232,-0.078307789,,,,,,,,,,
23.3,-0.023014573,-0.052921966,-0.075591957,,,,,,,,,,
23.305,-0.022161395,-0.050849958,-0.072581719,,,,,,,,,,
23.31,-0.02121907,-0.048578748,-0.069289868,,,,,,,,,,
23.315,-0.020191534,-0.046117578,-0.065729839,,,,,,,,,,
23.32,-0.019082712,-0.043476543,-0.061916429,,,,,,,,,,
23.325,-0.017897187,-0.040666578,-0.05786528,,,,,,,,,,
23.33,-0.016639501,-0.037698986,-0.053592777,,,,,,,,,,
23.335,-0.015314903,-0.034585694,-0.049116399,,,,,,,,,,
23.34,-0.0139287,-0.031339478,-0.044454065,,,,,,,,,,
23.345,-0.012486359,-0.027973255,-0.039624571,,,,,,,,,,
23.35,-0.010993831,-0.024500569,-0.034647348,,,,,,,,,,
23.355,-0.009457125,-0.020935322,-0.029542177,,,,,,,,,,
23.36,-0.00788239,-0.017291959,-0.024329491,,,,,,,,,,
23.365,-0.006275938,-0.013584775,-0.019029865,,,,,,,,,,
23.37,-0.004644444,-0.009828587,-0.013664314,,,,,,,,,,
23.375,-0.002994462,-0.006038521,-0.008254154,,,,,,,,,,
23.38,-0.001332676,-0.002229583,-0.00282048,,,,,,,,,,
23.385,0.000334033,0.001583276,0.002615203,,,,,,,,,,
23.39,0.001999045,0.005384699,0.008031638,,,,,,,,,,
23.395,0.003655494,0.009159644,0.013407601,,,,,,,,,,
23.4,0.005296551,0.012893372,0.018722157,,,,,,,,,,
23.405,0.006915593,0.016571093,0.023954477,,,,,,,,,,
23.41,0.008506103,0.020178052,0.029084163,,,,,,,,,,
23.415,0.010061261,0.023700432,0.034091549,,,,,,,,,,
23.42,0.011574835,0.027124117,0.03895698,,,,,,,,,,
23.425,0.013040719,0.030435662,0.043661634,,,,,,,,,,
23.43,0.014452729,0.033622029,0.048187433,,,,,,,,,,
23.435,0.015805099,0.036670967,0.052516849,,,,,,,,,,
23.44,0.017092304,0.039570293,0.056633197,,,,,,,,,,
23.445,0.01830909,0.042308753,0.060520575,,,,,,,,,,
23.45,0.019450388,0.04487568,0.064164206,,,,,,,,,,
23.455,0.020511586,0.047261123,0.067550072,,,,,,,,,,
23.46,0.021488281,0.049455451,0.070665178,,,,,,,,,,
23.465,0.022376479,0.051450528,0.073497747,,,,,,,,,,
23.47,0.023172576,0.053238507,0.076036979,,,,,,,,,,
23.475,0.023873299,0.054812272,0.078273158,,,,,,,,,,
23.48,0.024475858,0.056165907,0.080197703,,,,,,,,,,
23.485,0.024977681,0.057294446,0.08180375,,,,,,,,,,
23.49,0.025376926,0.058193229,0.08308499,,,,,,,,,,
23.495,0.025671777,0.05885899,0.084036524,,,,,,,,,,
23.5,0.02586129,0.059289466,0.084655302,,,,,,,,,,
23.505,0.025944479,0.059482989,0.084938917,,,,,,,,,,
23.51,0.025921202,0.059438849,0.08488636,,,,,,,,,,
23.515,0.02579159,0.059157641,0.084498266,,,,,,,,,,
23.52,0.025556353,0.058640589,0.083776312,,,,,,,,,,
23.525,0.025216375,0.057889806,0.082723444,,,,,,,,,,
23.53,0.024773233,0.056908381,0.081343936,,,,,,,,,,
23.535,0.024228887,0.055700665,0.079643651,,,,,,,,,,
23.54,0.023585649,0.054271256,0.077629088,,,,,,,,,,
23.545,0.02284626,0.052626093,0.075308409,,,,,,,,,,
23.55,0.022013877,0.05077199,0.072690979,,,,,,,,,,
23.555,0.021092035,0.048716332,0.069787012,,,,,,,,,,
23.56,0.020084576,0.046467345,0.066608202,,,,,,,,,,
23.565,0.018995899,0.04403437,0.063166969,,,,,,,,,,
23.57,0.01783042,0.041427074,0.0594771,,,,,,,,,,
23.575,0.016592931,0.03865585,0.055553092,,,,,,,,,,
23.58,0.015288896,0.035732034,0.051410467,,,,,,,,,,
23.585,0.013923533,0.032667378,0.047065685,,,,,,,,,,
23.59,0.012502586,0.029474093,0.042535845,,,,,,,,,,
23.595,0.01103198,0.026165059,0.037838897,,,,,,,,,,
23.6,0.009517933,0.022753563,0.032993416,,,,,,,,,,
23.605,0.007966576,0.019253261,0.028018662,,,,,,,,,,
23.61,0.006384444,0.015678145,0.022934372,,,,,,,,,,
23.615,0.004778094,0.012042673,0.01776054,,,,,,,,,,
23.62,0.003154013,0.008361299,0.012517861,,,,,,,,,,
23.625,0.001519063,0.004648786,0.007227082,,,,,,,,,,
23.63,-0.000120188,0.000920136,0.001909161,,,,,,,,,,
23.635,-0.00175703,-0.002809838,-0.003414683,,,,,,,,,,
23.64,-0.003384719,-0.006526112,-0.00872342,,,,,,,,,,
23.645,-0.004996592,-0.010213757,-0.013995755,,,,,,,,,,
23.65,-0.006586406,-0.013858049,-0.019210779,,,,,,,,,,
23.655,-0.008147448,-0.017444428,-0.024347644,,,,,,,,,,
23.66,-0.009673594,-0.020958336,-0.029385943,,,,,,,,,,
23.665,-0.011158737,-0.024385923,-0.034305428,,,,,,,,,,
23.67,-0.012596767,-0.027713344,-0.039086518,,,,,,,,,,
23.675,-0.013982129,-0.030927411,-0.043710071,,,,,,,,,,
23.68,-0.015309303,-0.034015173,-0.04815751,,,,,,,,,,
23.685,-0.016573001,-0.036964432,-0.052411046,,,,,,,,,,
23.69,-0.01776827,-0.039763302,-0.056453779,,,,,,,,,,
23.695,-0.018890551,-0.042400723,-0.06026912,,,,,,,,,,
23.7,-0.019935478,-0.044866112,-0.063842058,,,,,,,,,,
23.705,-0.020898977,-0.047149829,-0.067158164,,,,,,,,,,
23.71,-0.021777491,-0.049242586,-0.070204092,,,,,,,,,,
23.715,-0.02256767,-0.051136265,-0.072967483,,,,,,,,,,
23.72,-0.023266638,-0.052823283,-0.075437444,,,,,,,,,,
23.725,-0.02387191,-0.054297086,-0.077603977,,,,,,,,,,
23.73,-0.024381304,-0.05555182,-0.07945816,,,,,,,,,,
23.735,-0.024793004,-0.056582743,-0.080992892,,,,,,,,,,
23.74,-0.025105652,-0.057385706,-0.082201836,,,,,,,,,,
23.745,-0.025318345,-0.057957913,-0.083080053,,,,,,,,,,
23.75,-0.025430552,-0.058297145,-0.083624318,,,,,,,,,,
23.755,-0.025441983,-0.058402194,-0.083832365,,,,,,,,,,
23.76,-0.025353012,-0.05827297,-0.083703338,,,,,,,,,,
23.765,-0.025164394,-0.057910315,-0.083238042,,,,,,,,,,
23.77,-0.024876985,-0.057315708,-0.082438388,,,,,,,,,,
23.775,-0.024492391,-0.056492046,-0.081307638,,,,,,,,,,
23.78,-0.024012392,-0.055442806,-0.079850707,,,,,,,,,,
23.785,-0.023439068,-0.054172418,-0.078073637,,,,,,,,,,
23.79,-0.022775285,-0.05268624,-0.075983634,,,,,,,,,,
23.795,-0.022023722,-0.050990824,-0.073589543,,,,,,,,,,
23.8,-0.021187652,-0.049092964,-0.070901335,,,,,,,,,,
23.805,-0.020270759,-0.047000735,-0.067929758,,,,,,,,,,
23.81,-0.019276846,-0.044723004,-0.064687517,,,,,,,,,,
23.815,-0.018209924,-0.042269117,-0.06118785,,,,,,,,,,
23.82,-0.017074678,-0.039649082,-0.057445076,,,,,,,,,,
23.825,-0.015875557,-0.036874086,-0.053474878,,,,,,,,,,
23.83,-0.014617546,-0.033955456,-0.049293634,,,,,,,,,,
23.835,-0.013305744,-0.030905092,-0.044918414,,,,,,,,,,
23.84,-0.011945515,-0.027735807,-0.040367317,,,,,,,,,,
23.845,-0.010542229,-0.024460618,-0.035659276,,,,,,,,,,
23.85,-0.009101519,-0.021092751,-0.03081354,,,,,,,,,,
23.855,-0.007629177,-0.017646105,-0.025850005,,,,,,,,,,
23.86,-0.006130939,-0.014134824,-0.020789347,,,,,,,,,,
23.865,-0.004612801,-0.010573158,-0.015652171,,,,,,,,,,
23.87,-0.003080636,-0.006975645,-0.010459619,,,,,,,,,,
23.875,-0.001540533,-0.003356963,-0.005233005,,,,,,,,,,
23.88,1.66E-06,0.000268191,6.20E-06,,,,,,,,,,
23.885,0.001539829,0.00388516,0.005236579,,,,,,,,,,
23.89,0.003068036,0.007479307,0.010436775,,,,,,,,,,
23.895,0.004580555,0.01103607,0.015585464,,,,,,,,,,
23.9,0.006071619,0.014541212,0.020661678,,,,,,,,,,
23.905,0.00753531,0.017980626,0.025644856,,,,,,,,,,
23.91,0.008966273,0.021340433,0.030514719,,,,,,,,,,
23.915,0.010359107,0.02460721,0.035251516,,,,,,,,,,
23.92,0.011708335,0.02776815,0.039836199,,,,,,,,,,
23.925,0.013009095,0.030810437,0.044250303,,,,,,,,,,
23.93,0.014256491,0.033722089,0.048475951,,,,,,,,,,
23.935,0.015445821,0.036491846,0.052496419,,,,,,,,,,
23.94,0.016572706,0.039108595,0.056295694,,,,,,,,,,
23.945,0.017633037,0.041562111,0.05985854,,,,,,,,,,
23.95,0.018622777,0.043843163,0.063171096,,,,,,,,,,
23.955,0.019538367,0.045942706,0.066220452,,,,,,,,,,
23.96,0.020376518,0.047852667,0.068994615,,,,,,,,,,
23.965,0.021134125,0.049566049,0.0714831,,,,,,,,,,
23.97,0.021808589,0.051076298,0.073676446,,,,,,,,,,
23.975,0.022397523,0.052377672,0.075566311,,,,,,,,,,
23.98,0.022898755,0.053465837,0.07714594,,,,,,,,,,
23.985,0.023310695,0.054336824,0.078409827,,,,,,,,,,
23.99,0.023631951,0.054987489,0.079353449,,,,,,,,,,
23.995,0.023861357,0.055416099,0.079973956,,,,,,,,,,
24,0.023998265,0.055621499,0.080269975,,,,,,,,,,
24.005,0.02404254,0.055603356,0.080241033,,,,,,,,,,
24.01,0.023993898,0.055362545,0.079888229,,,,,,,,,,
24.015,0.023852895,0.054900705,0.079214186,,,,,,,,,,
24.02,0.023620208,0.054220266,0.078222533,,,,,,,,,,
24.025,0.023296838,0.053324582,0.076918219,,,,,,,,,,
24.03,0.022884185,0.052218087,0.075307813,,,,,,,,,,
24.035,0.022384062,0.050905653,0.073398741,,,,,,,,,,
24.04,0.021798469,0.049393295,0.071199719,,,,,,,,,,
24.045,0.021129735,0.047687584,0.068720668,,,,,,,,,,
24.05,0.020380658,0.045796201,0.06597287,,,,,,,,,,
24.055,0.019554391,0.043727068,0.062968033,,,,,,,,,,
24.06,0.018653994,0.041489107,0.059719452,,,,,,,,,,
24.065,0.017683092,0.039091918,0.056241282,,,,,,,,,,
24.07,0.016645669,0.036545589,0.052548188,,,,,,,,,,
24.075,0.015545622,0.033860643,0.048656028,,,,,,,,,,
24.08,0.014387288,0.031048543,0.044581326,,,,,,,,,,
24.085,0.013175341,0.028120848,0.040341131,,,,,,,,,,
24.09,0.011914366,0.025089559,0.035953175,,,,,,,,,,
24.095,0.010609456,0.021967248,0.0314357,,,,,,,,,,
24.1,0.009265631,0.018766837,0.026807591,,,,,,,,,,
24.105,0.007888214,0.01550113,0.022087595,,,,,,,,,,
24.11,0.006482471,0.012183477,0.017295381,,,,,,,,,,
24.115,0.005054053,0.008827458,0.012450392,,,,,,,,,,
24.12,0.003608424,0.005446359,0.007572251,,,,,,,,,,
24.125,0.002151383,0.002053765,0.002680777,,,,,,,,,,
24.13,0.000688562,-0.001336541,-0.002204373,,,,,,,,,,
24.135,-0.000774232,-0.004711152,-0.007063689,,,,,,,,,,
24.14,-0.002231303,-0.008056828,-0.011877861,,,,,,,,,,
24.145,-0.003676894,-0.011360041,-0.016627743,,,,,,,,,,
24.15,-0.005105352,-0.014607821,-0.021294477,,,,,,,,,,
24.155,-0.006511077,-0.017787667,-0.025860047,,,,,,,,,,
24.16,-0.007888474,-0.02088688,-0.030306291,,,,,,,,,,
24.165,-0.009232249,-0.023893379,-0.034616204,,,,,,,,,,
24.17,-0.010536942,-0.026795617,-0.038773061,,,,,,,,,,
24.175,-0.011797429,-0.029582282,-0.042760923,,,,,,,,,,
24.18,-0.013008688,-0.032242619,-0.046564616,,,,,,,,,,
24.185,-0.014166003,-0.034766597,-0.05016978,,,,,,,,,,
24.19,-0.015264645,-0.037144627,-0.053562871,,,,,,,,,,
24.195,-0.01630024,-0.039367506,-0.056731027,,,,,,,,,,
24.2,-0.017268846,-0.041427068,-0.059662888,,,,,,,,,,
24.205,-0.01816645,-0.043315692,-0.062347663,,,,,,,,,,
24.21,-0.018989333,-0.045026125,-0.064775332,,,,,,,,,,
24.215,-0.019734522,-0.046552231,-0.066937826,,,,,,,,,,
24.22,-0.020398702,-0.047888697,-0.068827231,,,,,,,,,,
24.225,-0.020979277,-0.049030463,-0.070437048,,,,,,,,,,
24.23,-0.021474069,-0.049973684,-0.071762202,,,,,,,,,,
24.235,-0.021881028,-0.050715248,-0.072798411,,,,,,,,,,
24.24,-0.022198421,-0.051252646,-0.073542436,,,,,,,,,,
24.245,-0.022425174,-0.051584221,-0.07399257,,,,,,,,,,
24.25,-0.022560056,-0.051709517,-0.074148212,,,,,,,,,,
24.255,-0.022602741,-0.051628198,-0.074009294,,,,,,,,,,
24.26,-0.022552947,-0.051341346,-0.073577704,,,,,,,,,,
24.265,-0.022410854,-0.050850601,-0.072856227,,,,,,,,,,
24.27,-0.022177106,-0.050158275,-0.071848059,,,,,,,,,,
24.275,-0.021852715,-0.049267567,-0.070558521,,,,,,,,,,
24.28,-0.021438954,-0.048182726,-0.068993516,,,,,,,,,,
24.285,-0.020937453,-0.046908182,-0.067159639,,,,,,,,,,
24.29,-0.020350339,-0.045449507,-0.065065187,,,,,,,,,,
24.295,-0.019679954,-0.043812895,-0.062719088,,,,,,,,,,
24.3,-0.01892914,-0.042005076,-0.060130968,,,,,,,,,,
24.305,-0.018101053,-0.040033514,-0.05731176,,,,,,,,,,
24.31,-0.017198972,-0.037906386,-0.05427316,,,,,,,,,,
24.315,-0.016226807,-0.035632372,-0.051027297,,,,,,,,,,
24.32,-0.015188488,-0.033220714,-0.047587358,,,,,,,,,,
24.325,-0.014088394,-0.030681139,-0.04396754,,,,,,,,,,
24.33,-0.012930976,-0.028024004,-0.040181866,,,,,,,,,,
24.335,-0.011721119,-0.02525984,-0.036245724,,,,,,,,,,
24.34,-0.010463873,-0.022399678,-0.032174757,,,,,,,,,,
24.345,-0.009164599,-0.019455172,-0.027984871,,,,,,,,,,
24.35,-0.007828398,-0.016438012,-0.02369274,,,,,,,,,,
24.355,-0.006461158,-0.013359988,-0.019315142,,,,,,,,,,
24.36,-0.005068543,-0.010233599,-0.014869184,,,,,,,,,,
24.365,-0.003656228,-0.007071186,-0.010372341,,,,,,,,,,
24.37,-0.002230288,-0.003884995,-0.005842116,,,,,,,,,,
24.375,-0.000796694,-0.000687864,-0.001296064,,,,,,,,,,
24.38,0.000638654,0.002507559,0.003247978,,,,,,,,,,
24.385,0.002069688,0.005688888,0.007772528,,,,,,,,,,
24.39,0.003490327,0.008843431,0.012260095,,,,,,,,,,
24.395,0.004894773,0.011958656,0.016693111,,,,,,,,,,
24.4,0.006276988,0.015022584,0.021054508,,,,,,,,,,
24.405,0.007631237,0.018023032,0.025327646,,,,,,,,,,
24.41,0.008951958,0.020948207,0.029495574,,,,,,,,,,
24.415,0.010233522,0.023786609,0.033542593,,,,,,,,,,
24.42,0.011470519,0.026527131,0.037452955,,,,,,,,,,
24.425,0.012657986,0.029158922,0.041211512,,,,,,,,,,
24.43,0.013790869,0.031671755,0.04480374,,,,,,,,,,
24.435,0.01486436,0.034055688,0.048215865,,,,,,,,,,
24.44,0.015874115,0.036301471,0.051434548,,,,,,,,,,
24.445,0.016815971,0.038400129,0.054447333,,,,,,,,,,
24.45,0.017685983,0.040343573,0.057242604,,,,,,,,,,
24.455,0.018480589,0.04212418,0.059809501,,,,,,,,,,
24.46,0.019196544,0.043734816,0.062137934,,,,,,,,,,
24.465,0.019830987,0.045169202,0.064219015,,,,,,,,,,
24.47,0.020381236,0.046421965,0.06604447,,,,,,,,,,
24.475,0.020845189,0.047487804,0.067607182,,,,,,,,,,
24.48,0.02122109,0.048362667,0.068901017,,,,,,,,,,
24.485,0.021507385,0.049043359,0.069920835,,,,,,,,,,
24.49,0.021703107,0.049526868,0.07066257,,,,,,,,,,
24.495,0.021807632,0.049811315,0.071123171,,,,,,,,,,
24.5,0.021820542,0.049895925,0.071300737,,,,,,,,,,
24.505,0.021742119,0.049780137,0.07119452,,,,,,,,,,
24.51,0.021572836,0.049464305,0.070804651,,,,,,,,,,
24.515,0.021313423,0.048950012,0.070132636,,,,,,,,,,
24.52,0.020965358,0.048239255,0.069180861,,,,,,,,,,
24.525,0.020530354,0.047334594,0.067953003,,,,,,,,,,
24.53,0.020010127,0.046240027,0.066453526,,,,,,,,,,
24.535,0.019407292,0.044959778,0.064688385,,,,,,,,,,
24.54,0.018724559,0.043498851,0.062664189,,,,,,,,,,
24.545,0.017964895,0.041863264,0.060388775,,,,,,,,,,
24.55,0.01713162,0.040059599,0.057871036,,,,,,,,,,
24.555,0.016228611,0.038094775,0.055120748,,,,,,,,,,
24.56,0.015259586,0.035976919,0.052148546,,,,,,,,,,
24.565,0.01422893,0.03371457,0.048966253,,,,,,,,,,
24.57,0.013141151,0.031316559,0.045586269,,,,,,,,,,
24.575,0.012000734,0.028792632,0.042021836,,,,,,,,,,
24.58,0.010812707,0.026153034,0.038287138,,,,,,,,,,
24.585,0.009582192,0.023408316,0.034396998,,,,,,,,,,
24.59,0.008314257,0.020569377,0.030366675,,,,,,,,,,
24.595,0.007014283,0.017647913,0.026212312,,,,,,,,,,
24.6,0.00568796,0.014655578,0.021950628,,,,,,,,,,
24.605,0.004340555,0.011604338,0.017598364,,,,,,,,,,
24.61,0.002977867,0.008506721,0.013173182,,,,,,,,,,
24.615,0.001605516,0.005375258,0.008692935,,,,,,,,,,
24.62,0.000229171,0.002222349,0.004175451,,,,,,,,,,
24.625,-0.001145608,-0.000939006,-0.000360901,,,,,,,,,,
24.63,-0.002513026,-0.004096019,-0.004897633,,,,,,,,,,
24.635,-0.003867561,-0.007236093,-0.00941653,,,,,,,,,,
24.64,-0.005203792,-0.010346301,-0.013899211,,,,,,,,,,
24.645,-0.00651617,-0.013414053,-0.018327247,,,,,,,,,,
24.65,-0.00779961,-0.016427049,-0.022682701,,,,,,,,,,
24.655,-0.009048908,-0.019372913,-0.026947804,,,,,,,,,,
24.66,-0.010259158,-0.022239627,-0.031104782,,,,,,,,,,
24.665,-0.011425558,-0.025015745,-0.035136849,,,,,,,,,,
24.67,-0.012543696,-0.027689984,-0.039027345,,,,,,,,,,
24.675,-0.01360908,-0.03025117,-0.042760001,,,,,,,,,,
24.68,-0.014617791,-0.03268925,-0.046319728,,,,,,,,,,
24.685,-0.015565845,-0.034994169,-0.049691671,,,,,,,,,,
24.69,-0.016449793,-0.037156578,-0.052861739,,,,,,,,,,
24.695,-0.017266305,-0.039167672,-0.055816945,,,,,,,,,,
24.7,-0.018012391,-0.041019636,-0.058544935,,,,,,,,,,
24.705,-0.018685434,-0.042704599,-0.061034318,,,,,,,,,,
24.71,-0.019282911,-0.044215963,-0.063274643,,,,,,,,,,
24.715,-0.019802927,-0.045547709,-0.065256871,,,,,,,,,,
24.72,-0.020243665,-0.046694491,-0.066972331,,,,,,,,,,
24.725,-0.020603663,-0.04765155,-0.068414096,,,,,,,,,,
24.73,-0.020881928,-0.048415504,-0.069576162,,,,,,,,,,
24.735,-0.021077638,-0.048983172,-0.070453594,,,,,,,,,,
24.74,-0.021190369,-0.049352393,-0.071042698,,,,,,,,,,
24.745,-0.021220252,-0.049521872,-0.071341219,,,,,,,,,,
24.75,-0.0211673,-0.049491308,-0.071347804,,,,,,,,,,
24.755,-0.021032108,-0.049260637,-0.071062515,,,,,,,,,,
24.76,-0.020815731,-0.048831342,-0.070486609,,,,,,,,,,
24.765,-0.020519101,-0.048205479,-0.069622721,,,,,,,,,,
24.77,-0.020143851,-0.047385603,-0.068474276,,,,,,,,,,
24.775,-0.019691758,-0.046375397,-0.067046495,,,,,,,,,,
24.78,-0.01916487,-0.045179517,-0.065345354,,,,,,,,,,
24.785,-0.018565633,-0.043802811,-0.063378184,,,,,,,,,,
24.79,-0.017896595,-0.042251303,-0.061153345,,,,,,,,,,
24.795,-0.017160622,-0.040531785,-0.058680385,,,,,,,,,,
24.8,-0.016360702,-0.038651439,-0.055969862,,,,,,,,,,
24.805,-0.015500353,-0.036618197,-0.053033367,,,,,,,,,,
24.81,-0.014583029,-0.034440853,-0.049883396,,,,,,,,,,
24.815,-0.013612441,-0.032128427,-0.046533446,,,,,,,,,,
24.82,-0.012592558,-0.029690673,-0.042997667,,,,,,,,,,
24.825,-0.011527624,-0.027137886,-0.039291266,,,,,,,,,,
24.83,-0.010421548,-0.024480867,-0.035429871,,,,,,,,,,
24.835,-0.009278918,-0.021730478,-0.031429974,,,,,,,,,,
24.84,-0.008104207,-0.018898368,-0.027308464,,,,,,,,,,
24.845,-0.006901861,-0.015996361,-0.023082988,,,,,,,,,,
24.85,-0.005676654,-0.013036386,-0.018771253,,,,,,,,,,
24.855,-0.004433318,-0.010030631,-0.01439155,,,,,,,,,,
24.86,-0.00317649,-0.006991892,-0.009962368,,,,,,,,,,
24.865,-0.001911015,-0.003932388,-0.005502241,,,,,,,,,,
24.87,-0.000641792,-0.000864683,-0.001029906,,,,,,,,,,
24.875,0.000626557,0.002198375,0.00343574,,,,,,,,,,
24.88,0.001889172,0.005244553,0.007876193,,,,,,,,,,
24.885,0.003141276,0.008261528,0.012273032,,,,,,,,,,
24.89,0.004378303,0.01123677,0.01660778,,,,,,,,,,
24.895,0.005595544,0.014158335,0.020862591,,,,,,,,,,
24.9,0.006788503,0.0170147,0.025020092,,,,,,,,,,
24.905,0.007952827,0.01979407,0.029063048,,,,,,,,,,
24.91,0.009084198,0.022485565,0.032974994,,,,,,,,,,
24.915,0.01017835,0.025078585,0.03674015,,,,,,,,,,
24.92,0.011231387,0.027562699,0.040343186,,,,,,,,,,
24.925,0.012239456,0.029928163,0.04376968,,,,,,,,,,
24.93,0.01319897,0.03216595,0.047006133,,,,,,,,,,
24.935,0.01410619,0.034267224,0.050039703,,,,,,,,,,
24.94,0.014957994,0.03622379,0.052858497,,,,,,,,,,
24.945,0.015751296,0.038028482,0.055451656,,,,,,,,,,
24.95,0.016483067,0.039674441,0.057809336,,,,,,,,,,
24.955,0.017150809,0.041155532,0.059922725,,,,,,,,,,
24.96,0.017752022,0.042466335,0.061783993,,,,,,,,,,
24.965,0.018284509,0.043602237,0.063386491,,,,,,,,,,
24.97,0.018746446,0.044559276,0.064724828,,,,,,,,,,
24.975,0.019136115,0.045334253,0.065794525,,,,,,,,,,
24.98,0.019451896,0.045924797,0.066592379,,,,,,,,,,
24.985,0.019692976,0.046329199,0.067116357,,,,,,,,,,
24.99,0.019858305,0.046546534,0.067365529,,,,,,,,,,
24.995,0.019947344,0.046576622,0.067340173,,,,,,,,,,
25,0.019959811,0.046420206,0.067041669,,,,,,,,,,
25.005,0.0198957,0.046078583,0.066472677,,,,,,,,,,
25.01,0.019755248,0.045553779,0.065636612,,,,,,,,,,
25.015,0.019538936,0.044848777,0.06453843,,,,,,,,,,
25.02,0.01924763,0.043967103,0.063183827,,,,,,,,,,
25.025,0.018882446,0.042912968,0.061579658,,,,,,,,,,
25.03,0.018444716,0.041691312,0.059733724,,,,,,,,,,
25.035,0.017936074,0.040307742,0.057654718,,,,,,,,,,
25.04,0.017358485,0.03876833,0.055352334,,,,,,,,,,
25.045,0.016714047,0.037080067,0.05283701,,,,,,,,,,
25.05,0.016005236,0.035250216,0.050120108,,,,,,,,,,
25.055,0.015234716,0.033286569,0.04721356,,,,,,,,,,
25.06,0.014405339,0.031197463,0.044130154,,,,,,,,,,
25.065,0.013520345,0.02899192,0.040883336,,,,,,,,,,
25.07,0.012583094,0.0266789,0.037486866,,,,,,,,,,
25.075,0.01159713,0.024268142,0.033955275,,,,,,,,,,
25.08,0.010566292,0.021769613,0.030303429,,,,,,,,,,
25.085,0.009494484,0.019193433,0.026546491,,,,,,,,,,
25.09,0.008385945,0.016550121,0.02270002,,,,,,,,,,
25.095,0.007244888,0.013850504,0.01877989,,,,,,,,,,
25.1,0.006075888,0.011105341,0.014802013,,,,,,,,,,
25.105,0.004883306,0.008325523,0.010782397,,,,,,,,,,
25.11,0.003671999,0.005522341,0.006737293,,,,,,,,,,
25.115,0.00244662,0.002706835,0.002682752,,,,,,,,,,
25.12,0.00121215,-0.000109947,-0.001365227,,,,,,,,,,
25.125,-2.66E-05,-0.002916777,-0.005390665,,,,,,,,,,
25.13,-0.001264681,-0.005702841,-0.00937803,,,,,,,,,,
25.135,-0.002497055,-0.008457246,-0.013311747,,,,,,,,,,
25.14,-0.003718738,-0.011169281,-0.017176846,,,,,,,,,,
25.145,-0.004924736,-0.013828434,-0.020958499,,,,,,,,,,
25.15,-0.006110204,-0.016424666,-0.024642348,,,,,,,,,,
25.155,-0.007270194,-0.018947941,-0.028214738,,,,,,,,,,
25.16,-0.008399956,-0.0213886,-0.031662208,,,,,,,,,,
25.165,-0.009494627,-0.023737406,-0.034971928,,,,,,,,,,
25.17,-0.010549886,-0.025985517,-0.038131921,,,,,,,,,,
25.175,-0.011561072,-0.028124415,-0.041130637,,,,,,,,,,
25.18,-0.012523966,-0.030146062,-0.043957207,,,,,,,,,,
25.185,-0.013434514,-0.032042987,-0.046601458,,,,,,,,,,
25.19,-0.014288745,-0.033807955,-0.049054276,,,,,,,,,,
25.195,-0.015082994,-0.035434552,-0.051306693,,,,,,,,,,
25.2,-0.015813758,-0.036916767,-0.053351149,,,,,,,,,,
25.205,-0.016477817,-0.038249176,-0.055180684,,,,,,,,,,
25.21,-0.017072188,-0.039426721,-0.056788848,,,,,,,,,,
25.215,-0.017594225,-0.04044543,-0.058170477,,,,,,,,,,
25.22,-0.01804139,-0.041301419,-0.059321152,,,,,,,,,,
25.225,-0.018411747,-0.041991704,-0.060237061,,,,,,,,,,
25.23,-0.018703444,-0.042513919,-0.060915573,,,,,,,,,,
25.235,-0.018915012,-0.042866299,-0.061354759,,,,,,,,,,
25.24,-0.0190453,-0.043047479,-0.06155356,,,,,,,,,,
25.245,-0.019093567,-0.043057193,-0.061511829,,,,,,,,,,
25.25,-0.01905943,-0.042895505,-0.061230446,,,,,,,,,,
25.255,-0.01894268,-0.042563033,-0.060710737,,,,,,,,,,
25.26,-0.018743797,-0.042061219,-0.059955148,,,,,,,,,,
25.265,-0.018463271,-0.041392231,-0.058967163,,,,,,,,,,
25.27,-0.018102135,-0.040558538,-0.057750545,,,,,,,,,,
25.275,-0.017661786,-0.03956348,-0.056310241,,,,,,,,,,
25.28,-0.017143901,-0.038410884,-0.054652031,,,,,,,,,,
25.285,-0.016550461,-0.037105243,-0.052782084,,,,,,,,,,
25.29,-0.015883868,-0.035651442,-0.050707695,,,,,,,,,,
25.295,-0.015146982,-0.034055214,-0.048436726,,,,,,,,,,
25.3,-0.014342667,-0.032322616,-0.045977676,,,,,,,,,,
25.305,-0.013474292,-0.03046027,-0.043339595,,,,,,,,,,
25.31,-0.012545567,-0.02847517,-0.040532531,,,,,,,,,,
25.315,-0.01156039,-0.026375175,-0.037566853,,,,,,,,,,
25.32,-0.010522869,-0.024168038,-0.034453405,,,,,,,,,,
25.325,-0.009437628,-0.021862199,-0.031203932,,,,,,,,,,
25.33,-0.008309177,-0.019466623,-0.027830293,,,,,,,,,,
25.335,-0.007142309,-0.016990429,-0.024344944,,,,,,,,,,
25.34,-0.005942362,-0.014442939,-0.020760942,,,,,,,,,,
25.345,-0.004714394,-0.011834268,-0.017091366,,,,,,,,,,
25.35,-0.003463725,-0.009174328,-0.013349923,,,,,,,,,,
25.355,-0.002195804,-0.006473175,-0.009550487,,,,,,,,,,
25.36,-0.000916338,-0.003741553,-0.005707271,,,,,,,,,,
25.365,0.000369206,-0.000990086,-0.001834552,,,,,,,,,,
25.37,0.001655184,0.001770789,0.002053103,,,,,,,,,,
25.375,0.00293582,0.004530003,0.005940999,,,,,,,,,,
25.38,0.004205675,0.007276729,0.009814662,,,,,,,,,,
25.385,0.005458902,0.010000308,0.013659097,,,,,,,,,,
25.39,0.00669001,0.012689883,0.017459736,,,,,,,,,,
25.395,0.007893782,0.015334596,0.021202039,,,,,,,,,,
25.4,0.009064764,0.017924188,0.024871296,,,,,,,,,,
25.405,0.010197662,0.020448181,0.028453447,,,,,,,,,,
25.41,0.011287792,0.022896217,0.031934223,,,,,,,,,,
25.415,0.01233016,0.025258496,0.035299933,,,,,,,,,,
25.42,0.013320174,0.027525447,0.038537098,,,,,,,,,,
25.425,0.014253692,0.029687514,0.041632699,,,,,,,,,,
25.43,0.015126465,0.031735913,0.044574142,,,,,,,,,,
25.435,0.01593486,0.033662042,0.047349074,,,,,,,,,,
25.44,0.016675377,0.035457733,0.04994618,,,,,,,,,,
25.445,0.017344947,0.037115336,0.052354204,,,,,,,,,,
25.45,0.017940579,0.038627818,0.054562862,,,,,,,,,,
25.455,0.018460008,0.039988562,0.056562523,,,,,,,,,,
25.46,0.01890099,0.04119135,0.058343969,,,,,,,,,,
25.465,0.019261786,0.042230927,0.059899304,,,,,,,,,,
25.47,0.019541032,0.043102568,0.061220948,,,,,,,,,,
25.475,0.019737793,0.043802003,0.062302444,,,,,,,,,,
25.48,0.019851435,0.044325779,0.063138079,,,,,,,,,,
25.485,0.019881674,0.044671293,0.063723127,,,,,,,,,,
25.49,0.019828837,0.044836344,0.064053918,,,,,,,,,,
25.495,0.019693291,0.044819594,0.064127494,,,,,,,,,,
25.5,0.019475992,0.044620667,0.063942351,,,,,,,,,,
25.505,0.019178336,0.044239545,0.063497471,,,,,,,,,,
25.51,0.018801914,0.04367718,0.062793278,,,,,,,,,,
25.515,0.01834866,0.042935361,0.061831308,,,,,,,,,,
25.52,0.017821105,0.042016521,0.060613764,,,,,,,,,,
25.525,0.017221857,0.040923806,0.059144318,,,,,,,,,,
25.53,0.016553801,0.039661185,0.057427569,,,,,,,,,,
25.535,0.015820411,0.038233482,0.05546924,,,,,,,,,,
25.54,0.015024986,0.036646026,0.053276058,,,,,,,,,,
25.545,0.014171432,0.034904883,0.050855817,,,,,,,,,,
25.55,0.013263926,0.033017071,0.048217465,,,,,,,,,,
25.555,0.012306547,0.030990048,0.045370689,,,,,,,,,,
25.56,0.011303641,0.028831794,0.04232661,,,,,,,,,,
25.565,0.010260051,0.02655115,0.039096748,,,,,,,,,,
25.57,0.009180393,0.024157561,0.035693976,,,,,,,,,,
25.575,0.008069263,0.021660651,0.032131947,,,,,,,,,,
25.58,0.006931889,0.019070772,0.028424818,,,,,,,,,,
25.585,0.005773086,0.016398928,0.024588026,,,,,,,,,,
25.59,0.004597896,0.0136561,0.020637322,,,,,,,,,,
25.595,0.003411366,0.010853842,0.016589091,,,,,,,,,,
25.6,0.002218435,0.008004154,0.012460564,,,,,,,,,,
25.605,0.001024105,0.005119168,0.008269266,,,,,,,,,,
25.61,-0.000166805,0.002210956,0.004033135,,,,,,,,,,
25.615,-0.001349457,-0.000707818,-0.000229498,,,,,,,,,,
25.62,-0.002519345,-0.003624528,-0.004499836,,,,,,,,,,
25.625,-0.003671823,-0.006526819,-0.008759378,,,,,,,,,,
25.63,-0.00480255,-0.009402092,-0.012989199,,,,,,,,,,
25.635,-0.005907341,-0.012237673,-0.017170286,,,,,,,,,,
25.64,-0.006982314,-0.015021443,-0.02128414,,,,,,,,,,
25.645,-0.008023618,-0.017741317,-0.025312136,,,,,,,,,,
25.65,-0.009027744,-0.020385362,-0.029235953,,,,,,,,,,
25.655,-0.009991462,-0.022942133,-0.033037732,,,,,,,,,,
25.66,-0.010911734,-0.025400692,-0.036700048,,,,,,,,,,
25.665,-0.011785828,-0.027750112,-0.04020601,,,,,,,,,,
25.67,-0.012611263,-0.029980329,-0.043539452,,,,,,,,,,
25.675,-0.013385843,-0.032081923,-0.046685012,,,,,,,,,,
25.68,-0.014107549,-0.034045633,-0.049627902,,,,,,,,,,
25.685,-0.014775034,-0.035863119,-0.052354386,,,,,,,,,,
25.69,-0.015386867,-0.037526952,-0.054852045,,,,,,,,,,
25.695,-0.015941949,-0.039030123,-0.057108995,,,,,,,,,,
25.7,-0.016439687,-0.040366255,-0.059114593,,,,,,,,,,
25.705,-0.01687974,-0.041530289,-0.060859853,,,,,,,,,,
25.71,-0.017261765,-0.042517662,-0.062336544,,,,,,,,,,
25.715,-0.017586039,-0.043324644,-0.06353789,,,,,,,,,,
25.72,-0.017852821,-0.043948429,-0.064458671,,,,,,,,,,
25.725,-0.018062819,-0.044387424,-0.065094839,,,,,,,,,,
25.73,-0.018217036,-0.044640496,-0.065443714,,,,,,,,,,
25.735,-0.018316538,-0.044707666,-0.065504418,,,,,,,,,,
25.74,-0.018362454,-0.044589937,-0.065277335,,,,,,,,,,
25.745,-0.018356588,-0.044289158,-0.064764152,,,,,,,,,,
25.75,-0.018300634,-0.043807904,-0.063968263,,,,,,,,,,
25.755,-0.018196238,-0.043150003,-0.062894783,,,,,,,,,,
25.76,-0.018045554,-0.042320025,-0.061549709,,,,,,,,,,
25.765,-0.017850875,-0.041323139,-0.059940821,,,,,,,,,,
25.77,-0.017614255,-0.040165682,-0.058077336,,,,,,,,,,
25.775,-0.017338144,-0.038854836,-0.055969625,,,,,,,,,,
25.78,-0.017025079,-0.037398164,-0.053629519,,,,,,,,,,
25.785,-0.016677357,-0.035804132,-0.05106996,,,,,,,,,,
25.79,-0.01629754,-0.034082113,-0.048305386,,,,,,,,,,
25.795,-0.01588811,-0.032241741,-0.045350866,,,,,,,,,,
25.8,-0.015451621,-0.030293119,-0.042222835,,,,,,,,,,
25.805,-0.014990475,-0.028247581,-0.038938648,,,,,,,,,,
25.81,-0.014507213,-0.026116073,-0.035516239,,,,,,,,,,
25.815,-0.014004167,-0.023910294,-0.031974525,,,,,,,,,,
25.82,-0.013483617,-0.02164232,-0.028332924,,,,,,,,,,
25.825,-0.012947761,-0.019324425,-0.024611501,,,,,,,,,,
25.83,-0.0123988,-0.016968678,-0.020830507,,,,,,,,,,
25.835,-0.0118385,-0.014587849,-0.017010787,,,,,,,,,,
25.84,-0.011268842,-0.012194394,-0.013173249,,,,,,,,,,
25.845,-0.010691689,-0.009800597,-0.009338412,,,,,,,,,,
25.85,-0.010108443,-0.007418989,-0.005527433,,,,,,,,,,
25.855,-0.009520591,-0.005061722,-0.001760789,,,,,,,,,,
25.86,-0.008929574,-0.002740513,0.001941397,,,,,,,,,,
25.865,-0.008336299,-0.000467114,0.005559115,,,,,,,,,,
25.87,-0.007741652,0.001747559,0.009073275,,,,,,,,,,
25.875,-0.007146686,0.003892789,0.012465341,,,,,,,,,,
25.88,-0.006551814,0.005958378,0.015717608,,,,,,,,,,
25.885,-0.005957435,0.007934774,0.018813086,,,,,,,,,,
25.89,-0.005364125,0.009813338,0.021736422,,,,,,,,,,
25.895,-0.004771837,0.011585638,0.02447289,,,,,,,,,,
25.9,-0.004180637,0.013244253,0.027008727,,,,,,,,,,
25.905,-0.00359042,0.014782828,0.029332365,,,,,,,,,,
25.91,-0.003000815,0.016195556,0.031432901,,,,,,,,,,
25.915,-0.002411413,0.017477405,0.033300996,,,,,,,,,,
25.92,-0.001821985,0.018624677,0.034929124,,,,,,,,,,
25.925,-0.001231772,0.019634239,0.036311247,,,,,,,,,,
25.93,-0.000640128,0.020503861,0.037442688,,,,,,,,,,
25.935,-4.64E-05,0.021232606,0.038320673,,,,,,,,,,
25.94,0.000550078,0.021820421,0.038944393,,,,,,,,,,
25.945,0.001150319,0.022267753,0.039313957,,,,,,,,,,
25.95,0.001755098,0.022576614,0.039431612,,,,,,,,,,
25.955,0.002365257,0.022749863,0.039301714,,,,,,,,,,
25.96,0.002981612,0.02279082,0.038929412,,,,,,,,,,
25.965,0.003604888,0.022704112,0.038322114,,,,,,,,,,
25.97,0.00423588,0.022495225,0.037488673,,,,,,,,,,
25.975,0.004875234,0.022170309,0.03643946,,,,,,,,,,
25.98,0.005523577,0.021736173,0.035186028,,,,,,,,,,
25.985,0.006181313,0.021200956,0.033741837,,,,,,,,,,
25.99,0.006848987,0.020572858,0.032121421,,,,,,,,,,
25.995,0.007526924,0.019860865,0.030340132,,,,,,,,,,
26,0.008215123,0.019074636,0.028415166,,,,,,,,,,
26.005,0.008913513,0.018224462,0.02636431,,,,,,,,,,
26.01,0.00962218,0.017320448,0.024206165,,,,,,,,,,
26.015,0.010340549,0.016373658,0.021960418,,,,,,,,,,
26.02,0.0110682,0.015395336,0.019647136,,,,,,,,,,
26.025,0.011804554,0.014396509,0.01728687,,,,,,,,,,
26.03,0.012548685,0.013388579,0.014900591,,,,,,,,,,
26.035,0.01329957,0.012383387,0.012509724,,,,,,,,,,
26.04,0.014055987,0.011391952,0.010135285,,,,,,,,,,
26.045,0.014816278,0.010425284,0.007798425,,,,,,,,,,
26.05,0.015578977,0.00949485,0.005520269,,,,,,,,,,
26.055,0.016342085,0.008611256,0.003321382,,,,,,,,,,
26.06,0.017103592,0.007784387,0.0012217,,,,,,,,,,
26.065,0.017861265,0.007024409,-0.000759464,,,,,,,,,,
26.07,0.018612714,0.006340706,-0.002603398,,,,,,,,,,
26.075,0.019355231,0.005741667,-0.004292581,,,,,,,,,,
26.08,0.020086175,0.005235182,-0.005810611,,,,,,,,,,
26.085,0.020802467,0.004828993,-0.007141855,,,,,,,,,,
26.09,0.021500996,0.004528816,-0.008272568,,,,,,,,,,
26.095,0.022178587,0.004340324,-0.009190282,,,,,,,,,,
26.1,0.022831941,0.004268311,-0.009883758,,,,,,,,,,
26.105,0.023457499,0.004316381,-0.010343614,,,,,,,,,,
26.11,0.024051894,0.004486703,-0.010562552,,,,,,,,,,
26.115,0.024611396,0.004781253,-0.010534572,,,,,,,,,,
26.12,0.025132295,0.005200486,-0.010255396,,,,,,,,,,
26.125,0.025610997,0.005743544,-0.009723304,,,,,,,,,,
26.13,0.026043788,0.006408843,-0.008938112,,,,,,,,,,
26.135,0.026426709,0.007193723,-0.007901245,,,,,,,,,,
26.14,0.026756278,0.008094046,-0.006616991,,,,,,,,,,
26.145,0.027028906,0.009104767,-0.005091029,,,,,,,,,,
26.15,0.027240944,0.010220245,-0.00333094,,,,,,,,,,
26.155,0.027388878,0.011433037,-0.00134649,,,,,,,,,,
26.16,0.027469523,0.012734911,0.000850454,,,,,,,,,,
26.165,0.027479558,0.014117024,0.003246845,,,,,,,,,,
26.17,0.027415882,0.01556935,0.005827341,,,,,,,,,,
26.175,0.027275677,0.017080608,0.00857492,,,,,,,,,,
26.18,0.027056245,0.018639478,0.011471193,,,,,,,,,,
26.185,0.026755134,0.02023349,0.01449611,,,,,,,,,,
26.19,0.026370267,0.02184923,0.017628029,,,,,,,,,,
26.195,0.02589952,0.023473167,0.020844392,,,,,,,,,,
26.2,0.025341353,0.025091248,0.024121412,,,,,,,,,,
26.205,0.02469438,0.026688556,0.027434077,,,,,,,,,,
26.21,0.023957369,0.028250088,0.030756761,,,,,,,,,,
26.215,0.023129659,0.029760834,0.034063111,,,,,,,,,,
26.22,0.022210854,0.03120537,0.037326202,,,,,,,,,,
26.225,0.021200945,0.032568228,0.040518825,,,,,,,,,,
26.23,0.020100201,0.03383417,0.043613404,,,,,,,,,,
26.235,0.018909328,0.034987987,0.046582555,,,,,,,,,,
26.24,0.017629425,0.036014831,0.04939899,,,,,,,,,,
26.245,0.016261866,0.036900137,0.052035868,,,,,,,,,,
26.25,0.014808409,0.037630027,0.054466783,,,,,,,,,,
26.255,0.013271484,0.038190784,0.056666011,,,,,,,,,,
26.26,0.01165351,0.038569843,0.058608862,,,,,,,,,,
26.265,0.009957566,0.03875524,0.060271647,,,,,,,,,,
26.27,0.008187171,0.038735821,0.061631878,,,,,,,,,,
26.275,0.006346019,0.038501395,0.062668428,,,,,,,,,,
26.28,0.004438204,0.038043038,0.063361897,,,,,,,,,,
26.285,0.002468356,0.037352688,0.063694431,,,,,,,,,,
26.29,0.000441267,0.036423451,0.063650105,,,,,,,,,,
26.295,-0.001637794,0.035250122,0.063215032,,,,,,,,,,
26.3,-0.003763123,0.033828399,0.062377219,,,,,,,,,,
26.305,-0.005928923,0.032155469,0.061126997,,,,,,,,,,
26.31,-0.00812897,0.030230197,0.059457153,,,,,,,,,,
26.315,-0.010356578,0.028052705,0.057362644,,,,,,,,,,
26.32,-0.012605145,0.025624492,0.054840998,,,,,,,,,,
26.325,-0.014867629,0.022948876,0.051892322,,,,,,,,,,
26.33,-0.017136746,0.020030674,0.048519264,,,,,,,,,,
26.335,-0.019404968,0.016875954,0.044726888,,,,,,,,,,
26.34,-0.021664735,0.013492822,0.040523167,,,,,,,,,,
26.345,-0.023908124,0.009890653,0.035918485,,,,,,,,,,
26.35,-0.026127347,0.006080252,0.030925715,,,,,,,,,,
26.355,-0.028314188,0.002074036,0.025560646,,,,,,,,,,
26.36,-0.030460644,-0.002114018,0.019841331,,,,,,,,,,
26.365,-0.032558723,-0.006468895,0.013788351,,,,,,,,,,
26.37,-0.034600103,-0.01097391,0.007424641,,,,,,,,,,
26.375,-0.036576628,-0.015611087,0.000775417,,,,,,,,,,
26.38,-0.038480306,-0.020361433,-0.006131858,,,,,,,,,,
26.385,-0.040302985,-0.025204913,-0.013267929,,,,,,,,,,
26.39,-0.042036753,-0.03011996,-0.020601052,,,,,,,,,,
26.395,-0.043673996,-0.035084574,-0.028098304,,,,,,,,,,
26.4,-0.045206956,-0.040075989,-0.035724836,,,,,,,,,,
26.405,-0.046628393,-0.045070162,-0.04344421,,,,,,,,,,
26.41,-0.047931172,-0.050042765,-0.051218898,,,,,,,,,,
26.415,-0.049108356,-0.054969155,-0.059010351,,,,,,,,,,
26.42,-0.050153278,-0.059823922,-0.066778918,,,,,,,,,,
26.425,-0.051059838,-0.064581457,-0.074484293,,,,,,,,,,
26.43,-0.051822027,-0.069216454,-0.082085821,,,,,,,,,,
26.435,-0.052434414,-0.073703129,-0.089542337,,,,,,,,,,
26.44,-0.052891997,-0.078015905,-0.096812522,,,,,,,,,,
26.445,-0.053190142,-0.082129924,-0.103855783,,,,,,,,,,
26.45,-0.053324535,-0.086020297,-0.110631162,,,,,,,,,,
26.455,-0.053291645,-0.089662676,-0.117098589,,,,,,,,,,
26.46,-0.05308828,-0.093033558,-0.123219006,,,,,,,,,,
26.465,-0.052711636,-0.096110443,-0.128954181,,,,,,,,,,
26.47,-0.052159849,-0.098871241,-0.134266988,,,,,,,,,,
26.475,-0.051431386,-0.101295334,-0.139121851,,,,,,,,,,
26.48,-0.0505254,-0.103363364,-0.143485028,,,,,,,,,,
26.485,-0.049441604,-0.105057007,-0.14732419,,,,,,,,,,
26.49,-0.048180344,-0.106359291,-0.150609383,,,,,,,,,,
26.495,-0.046742486,-0.107255214,-0.153312872,,,,,,,,,,
26.5,-0.045129768,-0.107730975,-0.155409098,,,,,,,,,,
26.505,-0.043344465,-0.107774425,-0.1568751,,,,,,,,,,
26.51,-0.041389364,-0.107375686,-0.157690703,,,,,,,,,,
26.515,-0.039268151,-0.106526455,-0.15783858,,,,,,,,,,
26.52,-0.036985164,-0.10522032,-0.157303892,,,,,,,,,,
26.525,-0.034545244,-0.10345294,-0.156075458,,,,,,,,,,
26.53,-0.031953821,-0.101222417,-0.154145019,,,,,,,,,,
26.535,-0.029217172,-0.098528018,-0.151507244,,,,,,,,,,
26.54,-0.026342041,-0.095372,-0.148160575,,,,,,,,,,
26.545,-0.023335785,-0.091758604,-0.144106545,,,,,,,,,,
26.55,-0.020206537,-0.087693974,-0.139349965,,,,,,,,,,
26.555,-0.016962877,-0.083186388,-0.133899065,,,,,,,,,,
26.56,-0.01361405,-0.078246894,-0.127765623,,,,,,,,,,
26.565,-0.010169709,-0.072887987,-0.120964625,,,,,,,,,,
26.57,-0.006640239,-0.067124342,-0.113514306,,,,,,,,,,
26.575,-0.00303622,-0.060973157,-0.105436478,,,,,,,,,,
26.58,0.000631188,-0.054453154,-0.096755823,,,,,,,,,,
26.585,0.004350258,-0.047585227,-0.087500416,,,,,,,,,,
26.59,0.008109083,-0.040392179,-0.077701221,,,,,,,,,,
26.595,0.011895192,-0.032898654,-0.067392049,,,,,,,,,,
26.6,0.015695826,-0.0251309,-0.056609693,,,,,,,,,,
26.605,0.019498009,-0.017116748,-0.045393341,,,,,,,,,,
26.61,0.023288688,-0.008885831,-0.033785051,,,,,,,,,,
26.615,0.02705435,-0.000468795,-0.021828829,,,,,,,,,,
26.62,0.03078151,0.008102203,-0.009571031,,,,,,,,,,
26.625,0.034456583,0.016793966,0.002940036,,,,,,,,,,
26.63,0.038065865,0.025572079,0.015654456,,,,,,,,,,
26.635,0.04159556,0.034401518,0.028520471,,,,,,,,,,
26.64,0.045032069,0.043246306,0.041485516,,,,,,,,,,
26.645,0.048361781,0.052069965,0.054495351,,,,,,,,,,
26.65,0.051571383,0.060835584,0.067495236,,,,,,,,,,
26.655,0.0546478,0.069506163,0.080429585,,,,,,,,,,
26.66,0.057578038,0.078044247,0.09324245,,,,,,,,,,
26.665,0.06034957,0.086412741,0.10587791,,,,,,,,,,
26.67,0.06295023,0.09457468,0.118279917,,,,,,,,,,
26.675,0.065368031,0.102493298,0.130393029,,,,,,,,,,
26.68,0.067591793,0.110132403,0.142162101,,,,,,,,,,
26.685,0.069610618,0.117456794,0.153533148,,,,,,,,,,
26.69,0.071414357,0.124431848,0.164453086,,,,,,,,,,
26.695,0.072993424,0.131023915,0.174869974,,,,,,,,,,
26.7,0.074338954,0.137200954,0.184733833,,,,,,,,,,
26.705,0.075442819,0.142931786,0.193996074,,,,,,,,,,
26.71,0.076297463,0.148186827,0.202610385,,,,,,,,,,
26.715,0.076896229,0.152938192,0.210532748,,,,,,,,,,
26.72,0.077233387,0.157159673,0.217721363,,,,,,,,,,
26.725,0.077303926,0.160826921,0.224137271,,,,,,,,,,
26.73,0.077103882,0.163917584,0.229744074,,,,,,,,,,
26.735,0.076630339,0.166411602,0.234508771,,,,,,,,,,
26.74,0.07588103,0.168291,0.23840106,,,,,,,,,,
26.745,0.074855149,0.169539987,0.241394355,,,,,,,,,,
26.75,0.073552529,0.170145442,0.243465368,,,,,,,,,,
26.755,0.071973966,0.170096497,0.244594387,,,,,,,,,,
26.76,0.070121551,0.169384902,0.244765675,,,,,,,,,,
26.765,0.0679984,0.168005078,0.243966856,,,,,,,,,,
26.77,0.06560862,0.165954263,0.242189901,,,,,,,,,,
26.775,0.062957409,0.16323195,0.239430365,,,,,,,,,,
26.78,0.060051179,0.159840908,0.235687831,,,,,,,,,,
26.785,0.056897076,0.155786289,0.230966318,,,,,,,,,,
26.79,0.053503634,0.151076148,0.225273449,,,,,,,,,,
26.795,0.049880059,0.145721204,0.218621094,,,,,,,,,,
26.8,0.04603668,0.139734933,0.211025163,,,,,,,,,,
26.805,0.041984899,0.13313355,0.202505774,,,,,,,,,,
26.81,0.037737068,0.125936045,0.193086524,,,,,,,,,,
26.815,0.033306444,0.11816367,0.182795342,,,,,,,,,,
26.82,0.028707048,0.109840726,0.171663844,,,,,,,,,,
26.825,0.023954022,0.100993639,0.159727247,,,,,,,,,,
26.83,0.019062761,0.091651318,0.147024578,,,,,,,,,,
26.835,0.014049939,0.081844913,0.133598303,,,,,,,,,,
26.84,0.008932532,0.071607969,0.119494153,,,,,,,,,,
26.845,0.003728445,0.060975821,0.104761132,,,,,,,,,,
26.85,-0.001544176,0.049985973,0.089451079,,,,,,,,,,
26.855,-0.006866258,0.038677829,0.073618982,,,,,,,,,,
26.86,-0.012218612,0.027092352,0.057322094,,,,,,,,,,
26.865,-0.017581608,0.015272017,0.040620359,,,,,,,,,,
26.87,-0.022935341,0.003260808,0.023575834,,,,,,,,,,
26.875,-0.028259762,-0.008896205,0.006252641,,,,,,,,,,
26.88,-0.033534502,-0.021152866,-0.011283428,,,,,,,,,,
26.885,-0.038739362,-0.033462074,-0.028965137,,,,,,,,,,
26.89,-0.043853921,-0.045776016,-0.046723811,,,,,,,,,,
26.895,-0.048858009,-0.058046503,-0.064490253,,,,,,,,,,
26.9,-0.053731505,-0.070224793,-0.082194073,,,,,,,,,,
26.905,-0.058454639,-0.082262137,-0.099764597,,,,,,,,,,
26.91,-0.063008004,-0.094109938,-0.117131143,,,,,,,,,,
26.915,-0.067372619,-0.105719769,-0.13422292,,,,,,,,,,
26.92,-0.071530056,-0.117043655,-0.150969741,,,,,,,,,,
26.925,-0.075462274,-0.128034167,-0.167301852,,,,,,,,,,
26.93,-0.079152179,-0.138644843,-0.183150774,,,,,,,,,,
26.935,-0.082583087,-0.1488302,-0.19844915,,,,,,,,,,
26.94,-0.085739286,-0.158545859,-0.213131162,,,,,,,,,,
26.945,-0.088606016,-0.167749009,-0.227132762,,,,,,,,,,
26.95,-0.091169454,-0.176398416,-0.240391924,,,,,,,,,,
26.955,-0.093416658,-0.184454479,-0.252849067,,,,,,,,,,
26.96,-0.095336045,-0.191879769,-0.264447075,,,,,,,,,,
26.965,-0.096917006,-0.198638784,-0.275131857,,,,,,,,,,
26.97,-0.098149978,-0.204698307,-0.284852201,,,,,,,,,,
26.975,-0.099026931,-0.210027606,-0.293560316,,,,,,,,,,
26.98,-0.099540663,-0.214598486,-0.301212074,,,,,,,,,,
26.985,-0.099685909,-0.218385431,-0.307766807,,,,,,,,,,
26.99,-0.099458442,-0.221365995,-0.313188081,,,,,,,,,,
26.995,-0.09885541,-0.22352019,-0.31744324,,,,,,,,,,
27,-0.097875558,-0.22483164,-0.320504151,,,,,,,,,,
27.005,-0.096519061,-0.225286842,-0.322347148,,,,,,,,,,
27.01,-0.094787366,-0.224875489,-0.322952999,,,,,,,,,,
27.015,-0.092683539,-0.223590609,-0.322307289,,,,,,,,,,
27.02,-0.090212007,-0.22142879,-0.320400333,,,,,,,,,,
27.025,-0.087378788,-0.218389638,-0.317227464,,,,,,,,,,
27.03,-0.084191354,-0.21447667,-0.312788581,,,,,,,,,,
27.035,-0.080658647,-0.209696585,-0.307089191,,,,,,,,,,
27.04,-0.076790919,-0.204059753,-0.300139215,,,,,,,,,,
27.045,-0.072599891,-0.19757969,-0.291953774,,,,,,,,,,
27.05,-0.068098604,-0.190273879,-0.282553476,,,,,,,,,,
27.055,-0.063301429,-0.182162678,-0.271963316,,,,,,,,,,
27.06,-0.058223987,-0.173270072,-0.260213429,,,,,,,,,,
27.065,-0.052883245,-0.163623426,-0.247339177,,,,,,,,,,
27.07,-0.047297152,-0.153253192,-0.23338008,,,,,,,,,,
27.075,-0.041485073,-0.142192928,-0.218380614,,,,,,,,,,
27.08,-0.035467169,-0.130479416,-0.202390006,,,,,,,,,,
27.085,-0.029264686,-0.118152385,-0.185461631,,,,,,,,,,
27.09,-0.02289979,-0.105253882,-0.167652892,,,,,,,,,,
27.095,-0.016395116,-0.091829083,-0.149025724,,,,,,,,,,
27.1,-0.009774673,-0.077925629,-0.129645683,,,,,,,,,,
27.105,-0.003062642,-0.063593167,-0.109581565,,,,,,,,,,
27.11,0.003716218,-0.048883882,-0.08890606,,,,,,,,,,
27.115,0.010536329,-0.033851767,-0.067694745,,,,,,,,,,
27.12,0.017372002,-0.018552597,-0.04602576,,,,,,,,,,
27.125,0.024197305,-0.003043607,-0.023980226,,,,,,,,,,
27.13,0.03098608,0.012616294,-0.001641465,,,,,,,,,,
27.135,0.037712005,0.028367419,0.020905518,,,,,,,,,,
27.14,0.04434907,0.044149036,0.043574089,,,,,,,,,,
27.145,0.050870935,0.059899667,0.066275757,,,,,,,,,,
27.15,0.057251972,0.075557346,0.088921909,,,,,,,,,,
27.155,0.063466493,0.091060153,0.111422818,,,,,,,,,,
27.16,0.069489482,0.106346043,0.133688495,,,,,,,,,,
27.165,0.075296293,0.121353127,0.155629272,,,,,,,,,,
27.17,0.080863262,0.136020517,0.17715588,,,,,,,,,,
27.175,0.086167131,0.150287668,0.198179745,,,,,,,,,,
27.18,0.091185566,0.164095253,0.218613496,,,,,,,,,,
27.185,0.095897316,0.177385184,0.238371717,,,,,,,,,,
27.19,0.100281839,0.190101105,0.257370304,,,,,,,,,,
27.195,0.104320032,0.202187951,0.275527778,,,,,,,,,,
27.2,0.107993753,0.213593197,0.29276535,,,,,,,,,,
27.205,0.111286169,0.224266141,0.309006864,,,,,,,,,,
27.21,0.114181889,0.234158911,0.324179634,,,,,,,,,,
27.215,0.116667041,0.243225946,0.338214704,,,,,,,,,,
27.22,0.118728814,0.251424788,0.351046772,,,,,,,,,,
27.225,0.120356309,0.258716004,0.362614945,,,,,,,,,,
27.23,0.121540054,0.265063278,0.372862874,,,,,,,,,,
27.235,0.122272191,0.270433893,0.381738863,,,,,,,,,,
27.24,0.122546589,0.274798605,0.389196252,,,,,,,,,,
27.245,0.122358921,0.278132099,0.395193733,,,,,,,,,,
27.25,0.12170641,0.280412448,0.399695294,,,,,,,,,,
27.255,0.120588257,0.281622411,0.402670668,,,,,,,,,,
27.26,0.119005337,0.281748307,0.404095625,,,,,,,,,,
27.265,0.11696031,0.280780744,0.403951604,,,,,,,,,,
27.27,0.114457547,0.278714647,0.402226317,,,,,,,,,,
27.275,0.11150335,0.275549313,0.398913793,,,,,,,,,,
27.28,0.108105619,0.271288189,0.394014107,,,,,,,,,,
27.285,0.104274376,0.265939184,0.387533863,,,,,,,,,,
27.29,0.100020932,0.259514867,0.379485973,,,,,,,,,,
27.295,0.095358572,0.25203163,0.369889624,,,,,,,,,,
27.3,0.090302082,0.243510498,0.358770422,,,,,,,,,,
27.305,0.084868037,0.233976882,0.346160424,,,,,,,,,,
27.31,0.079074329,0.223460311,0.332097657,,,,,,,,,,
27.315,0.072940445,0.211994086,0.316626342,,,,,,,,,,
27.32,0.066487396,0.19961605,0.299796725,,,,,,,,,,
27.325,0.059737496,0.186367859,0.281664845,,,,,,,,,,
27.33,0.052714454,0.172294571,0.262292338,,,,,,,,,,
27.335,0.045442854,0.157445252,0.241746329,,,,,,,,,,
27.34,0.037948875,0.141872328,0.220099122,,,,,,,,,,
27.345,0.030259253,0.125631331,0.197427946,,,,,,,,,,
27.35,0.022401955,0.108780842,0.173814849,,,,,,,,,,
27.355,0.014405711,0.091382684,0.14934612,,,,,,,,,,
27.36,0.006299868,0.073500771,0.124112126,,,,,,,,,,
27.365,-0.001885555,0.055201725,0.098206968,,,,,,,,,,
27.37,-0.010119756,0.036554345,0.071728085,,,,,,,,,,
27.375,-0.018372047,0.017629278,0.044776096,,,,,,,,,,
27.38,-0.02661126,-0.001501489,0.017453938,,,,,,,,,,
27.385,-0.034805754,-0.020764282,-0.010133027,,,,,,,,,,
27.39,-0.042924383,-0.040084533,-0.037877609,,,,,,,,,,
27.395,-0.050935812,-0.059386962,-0.065671281,,,,,,,,,,
27.4,-0.058808773,-0.078595843,-0.093404777,,,,,,,,,,
27.405,-0.066512606,-0.097635056,-0.120967949,,,,,,,,,,
27.41,-0.074016829,-0.116428821,-0.148250707,,,,,,,,,,
27.415,-0.081291665,-0.134901883,-0.175143701,,,,,,,,,,
27.42,-0.088307966,-0.152979635,-0.201537707,,,,,,,,,,
27.425,-0.095037465,-0.170588241,-0.227325127,,,,,,,,,,
27.43,-0.101452615,-0.187655987,-0.252400302,,,,,,,,,,
27.435,-0.107527217,-0.20411199,-0.276659281,,,,,,,,,,
27.44,-0.113235863,-0.219887721,-0.3000008,,,,,,,,,,
27.445,-0.118554373,-0.234916733,-0.322326877,,,,,,,,,,
27.45,-0.123460174,-0.249135436,-0.343542673,,,,,,,,,,
27.455,-0.127931918,-0.262482432,-0.363557086,,,,,,,,,,
27.46,-0.1319497,-0.274899932,-0.382283597,,,,,,,,,,
27.465,-0.135495488,-0.286333167,-0.399639966,,,,,,,,,,
27.47,-0.138552713,-0.296730839,-0.415548775,,,,,,,,,,
27.475,-0.141106633,-0.306045597,-0.42993833,,,,,,,,,,
27.48,-0.143144375,-0.314234118,-0.442742273,,,,,,,,,,
27.485,-0.144654717,-0.321256998,-0.453900004,,,,,,,,,,
27.49,-0.145628618,-0.327079247,-0.463357431,,,,,,,,,,
27.495,-0.146058948,-0.33167065,-0.471066699,,,,,,,,,,
27.5,-0.145940524,-0.33500545,-0.476986617,,,,,,,,,,
27.505,-0.145270532,-0.337062596,-0.481082941,,,,,,,,,,
27.51,-0.144047747,-0.337826167,-0.483328418,,,,,,,,,,
27.515,-0.142273521,-0.337285242,-0.483702963,,,,,,,,,,
27.52,-0.139951016,-0.335433732,-0.48219379,,,,,,,,,,
27.525,-0.137085546,-0.332270825,-0.478795677,,,,,,,,,,
27.53,-0.133684667,-0.327801114,-0.473510724,,,,,,,,,,
27.535,-0.129757945,-0.322033853,-0.466348473,,,,,,,,,,
27.54,-0.12531692,-0.314983651,-0.457326,,,,,,,,,,
27.545,-0.120375355,-0.306670675,-0.446468073,,,,,,,,,,
27.55,-0.11494904,-0.297119749,-0.433806455,,,,,,,,,,
27.555,-0.109055444,-0.28636055,-0.419380427,,,,,,,,,,
27.56,-0.102714118,-0.274428224,-0.403236727,,,,,,,,,,
27.565,-0.095946352,-0.261362448,-0.385428682,,,,,,,,,,
27.57,-0.088775492,-0.247207241,-0.366016732,,,,,,,,,,
27.575,-0.08122607,-0.232011832,-0.345068084,,,,,,,,,,
27.58,-0.073324622,-0.215829443,-0.322656218,,,,,,,,,,
27.585,-0.065099116,-0.198717225,-0.298860585,,,,,,,,,,
27.59,-0.056578893,-0.180736816,-0.273766964,,,,,,,,,,
27.595,-0.047794691,-0.161953525,-0.247466531,,,,,,,,,,
27.6,-0.038778227,-0.142435558,-0.220055416,,,,,,,,,,
27.605,-0.029562616,-0.122255088,-0.191635118,,,,,,,,,,
27.61,-0.020181707,-0.101487078,-0.162311424,,,,,,,,,,
27.615,-0.010670227,-0.080209014,-0.132194019,,,,,,,,,,
27.62,-0.001063777,-0.058500945,-0.101396527,,,,,,,,,,
27.625,0.008601621,-0.036445226,-0.070035882,,,,,,,,,,
27.63,0.018289311,-0.014125632,-0.038231547,,,,,,,,,,
27.635,0.027962564,0.008372271,-0.00610547,,,,,,,,,,
27.64,0.037584274,0.030961965,0.026218326,,,,,,,,,,
27.645,0.047117525,0.053555845,0.058614677,,,,,,,,,,
27.65,0.05652522,0.076066164,0.090957448,,,,,,,,,,
27.655,0.065770897,0.098404785,0.123119833,,,,,,,,,,
27.66,0.074818095,0.120483922,0.154975606,,,,,,,,,,
27.665,0.083631126,0.142216157,0.18639863,,,,,,,,,,
27.67,0.092174725,0.163515206,0.217264024,,,,,,,,,,
27.675,0.100414861,0.184295948,0.247448573,,,,,,,,,,
27.68,0.108318242,0.204474715,0.276831057,,,,,,,,,,
27.685,0.115852542,0.223970001,0.305292611,,,,,,,,,,
27.69,0.122986965,0.242702251,0.332717662,,,,,,,,,,
27.695,0.129691806,0.260594769,0.358994061,,,,,,,,,,
27.7,0.135939003,0.277573572,0.384013395,,,,,,,,,,
27.705,0.141701993,0.293567886,0.407671955,,,,,,,,,,
27.71,0.146955852,0.308510407,0.429870773,,,,,,,,,,
27.715,0.151677673,0.322337554,0.450515772,,,,,,,,,,
27.72,0.155846413,0.334989932,0.469518883,,,,,,,,,,
27.725,0.159442999,0.346412299,0.486798011,,,,,,,,,,
27.73,0.162450362,0.356554048,0.502277065,,,,,,,,,,
27.735,0.164853802,0.365368909,0.515886751,,,,,,,,,,
27.74,0.166640619,0.372816289,0.527565085,,,,,,,,,,
27.745,0.167800645,0.378859961,0.537256826,,,,,,,,,,
27.75,0.168325859,0.38346938,0.544914326,,,,,,,,,,
27.755,0.168210975,0.386619391,0.550497993,,,,,,,,,,
27.76,0.167452817,0.388290482,0.553975576,,,,,,,,,,
27.765,0.166050765,0.388468352,0.555323185,,,,,,,,,,
27.77,0.164006932,0.387145134,0.554525249,,,,,,,,,,
27.775,0.161325584,0.384318318,0.55157414,,,,,,,,,,
27.78,0.158013677,0.379991102,0.546470813,,,,,,,,,,
27.785,0.154080419,0.374172884,0.539224541,,,,,,,,,,
27.79,0.149537847,0.366878868,0.529853039,,,,,,,,,,
27.795,0.144400124,0.358129858,0.518382188,,,,,,,,,,
27.8,0.138684001,0.347952553,0.504846361,,,,,,,,,,
27.805,0.132408257,0.336379481,0.48928801,,,,,,,,,,
27.81,0.125594265,0.323448507,0.471757713,,,,,,,,,,
27.815,0.118265484,0.309203043,0.452314027,,,,,,,,,,
27.82,0.110447449,0.293691871,0.431023002,,,,,,,,,,
27.825,0.102167632,0.276969041,0.407958517,,,,,,,,,,
27.83,0.093455591,0.259093307,0.383201476,,,,,,,,,,
27.835,0.084342943,0.24012837,0.356839722,,,,,,,,,,
27.84,0.074862402,0.220142704,0.328967905,,,,,,,,,,
27.845,0.065048923,0.199208522,0.299687,,,,,,,,,,
27.85,0.054938596,0.177402506,0.269103795,,,,,,,,,,
27.855,0.044568845,0.154805148,0.237330837,,,,,,,,,,
27.86,0.0339784,0.13150007,0.204485739,,,,,,,,,,
27.865,0.023207055,0.107574162,0.170690899,,,,,,,,,,
27.87,0.012295352,0.083117552,0.136072889,,,,,,,,,,
27.875,0.001284806,0.058222502,0.100762446,,,,,,,,,,
27.88,-0.0097826,0.032983206,0.064893061,,,,,,,,,,
27.885,-0.020864485,0.0074962,0.028601503,,,,,,,,,,
27.89,-0.031918135,-0.018140731,-0.007973123,,,,,,,,,,
27.895,-0.042900796,-0.043828997,-0.044690257,,,,,,,,,,
27.9,-0.053769686,-0.069469165,-0.081407944,,,,,,,,,,
27.905,-0.064482496,-0.094961204,-0.117983376,,,,,,,,,,
27.91,-0.074996802,-0.120205663,-0.154273799,,,,,,,,,,
27.915,-0.085271268,-0.145103317,-0.190136884,,,,,,,,,,
27.92,-0.095265134,-0.169555743,-0.225431072,,,,,,,,,,
27.925,-0.104938314,-0.193465901,-0.260016404,,,,,,,,,,
27.93,-0.114252021,-0.216738426,-0.293755145,,,,,,,,,,
27.935,-0.123168764,-0.239279816,-0.326511935,,,,,,,,,,
27.94,-0.131652068,-0.26099899,-0.358154598,,,,,,,,,,
27.945,-0.139667316,-0.281807798,-0.38855497,,,,,,,,,,
27.95,-0.147181229,-0.301621034,-0.417588704,,,,,,,,,,
27.955,-0.154162539,-0.320356786,-0.445136245,,,,,,,,,,
27.96,-0.16058194,-0.337937332,-0.471083475,,,,,,,,,,
27.965,-0.166412024,-0.354289042,-0.495321764,,,,,,,,,,
27.97,-0.171627564,-0.369342124,-0.517748472,,,,,,,,,,
27.975,-0.176205733,-0.383032166,-0.538267689,,,,,,,,,,
27.98,-0.180125962,-0.39529977,-0.556790615,,,,,,,,,,
27.985,-0.183370139,-0.406090137,-0.573235434,,,,,,,,,,
27.99,-0.185922649,-0.415354498,-0.587528319,,,,,,,,,,
27.995,-0.187770626,-0.423049923,-0.599603399,,,,,,,,,,
28,-0.188903818,-0.429138758,-0.609403045,,,,,,,,,,
28.005,-0.189314645,-0.433590037,-0.616878444,,,,,,,,,,
28.01,-0.188998469,-0.43637898,-0.621989341,,,,,,,,,,
28.015,-0.187953178,-0.437486592,-0.624704643,,,,,,,,,,
28.02,-0.186179804,-0.436901125,-0.625002626,,,,,,,,,,
28.025,-0.183681887,-0.434616907,-0.622870634,,,,,,,,,,
28.03,-0.180465992,-0.430634824,-0.618305629,,,,,,,,,,
28.035,-0.176541387,-0.424962722,-0.61131408,,,,,,,,,,
28.04,-0.171920325,-0.41761486,-0.601911853,,,,,,,,,,
28.045,-0.166617593,-0.408612044,-0.590124333,,,,,,,,,,
28.05,-0.160650756,-0.397981954,-0.575986584,,,,,,,,,,
28.055,-0.154040034,-0.385758538,-0.559542859,,,,,,,,,,
28.06,-0.146808354,-0.371981915,-0.540846392,,,,,,,,,,
28.065,-0.138980777,-0.356698992,-0.519960207,,,,,,,,,,
28.07,-0.130585099,-0.339962338,-0.496955715,,,,,,,,,,
28.075,-0.121651382,-0.321830603,-0.471912822,,,,,,,,,,
28.08,-0.112211821,-0.302368136,-0.444920263,,,,,,,,,,
28.085,-0.102300791,-0.281645022,-0.416074638,,,,,,,,,,
28.09,-0.091954531,-0.259736266,-0.385480159,,,,,,,,,,
28.095,-0.081211219,-0.236722,-0.353248532,,,,,,,,,,
28.1,-0.070110677,-0.212687099,-0.319498522,,,,,,,,,,
28.105,-0.058694209,-0.187720793,-0.284355254,,,,,,,,,,
28.11,-0.047004501,-0.161916176,-0.247949888,,,,,,,,,,
28.115,-0.035085643,-0.135370347,-0.210419457,,,,,,,,,,
28.12,-0.022982626,-0.108183779,-0.171905654,,,,,,,,,,
28.125,-0.010741419,-0.080459513,-0.132554924,,,,,,,,,,
28.13,0.001591338,-0.052303512,-0.092517649,,,,,,,,,,
28.135,0.013968414,-0.023823925,-0.051947635,,,,,,,,,,
28.14,0.026342301,0.004869586,-0.011001453,,,,,,,,,,
28.145,0.038665315,0.03366602,0.030162205,,,,,,,,,,
28.15,0.050889699,0.062453069,0.071382732,,,,,,,,,,
28.155,0.062968027,0.091118439,0.112499032,,,,,,,,,,
28.16,0.074852994,0.119549745,0.15334946,,,,,,,,,,
28.165,0.086498118,0.147634616,0.193772565,,,,,,,,,,
28.17,0.097857497,0.17526201,0.233608135,,,,,,,,,,
28.175,0.108886152,0.20232209,0.272697381,,,,,,,,,,
28.18,0.119540359,0.228706592,0.310883745,,,,,,,,,,
28.185,0.129777662,0.254309587,0.348013606,,,,,,,,,,
28.19,0.13955689,0.279027925,0.383936862,,,,,,,,,,
28.195,0.148838467,0.302760999,0.41850738,,,,,,,,,,
28.2,0.157584802,0.325412055,0.451583811,,,,,,,,,,
28.205,0.165760054,0.346888223,0.483030357,,,,,,,,,,
28.21,0.173330376,0.367100442,0.512716586,,,,,,,,,,
28.215,0.180264298,0.385964525,0.54051867,,,,,,,,,,
28.22,0.186532783,0.40340129,0.566320004,,,,,,,,,,
28.225,0.192108963,0.419336838,0.590010896,,,,,,,,,,
28.23,0.196968748,0.433702578,0.611489758,,,,,,,,,,
28.235,0.201090606,0.446436108,0.63066341,,,,,,,,,,
28.24,0.204455739,0.457481119,0.647447345,,,,,,,,,,
28.245,0.207048362,0.466787667,0.661766027,,,,,,,,,,
28.25,0.208855428,0.474312274,0.673553558,,,,,,,,,,
28.255,0.209866927,0.480018714,0.68275369,,,,,,,,,,
28.26,0.21007604,0.483877432,0.689320036,,,,,,,,,,
28.265,0.209478869,0.485866013,0.693216634,,,,,,,,,,
28.27,0.208074569,0.485969736,0.694417945,,,,,,,,,,
28.275,0.205865456,0.484180664,0.692908755,,,,,,,,,,
28.28,0.202857063,0.48049849,0.688684857,,,,,,,,,,
28.285,0.199057828,0.474930594,0.681752468,,,,,,,,,,
28.29,0.194479393,0.467491406,0.67212873,,,,,,,,,,
28.295,0.189136459,0.458202935,0.659841478,,,,,,,,,,
28.3,0.183046802,0.447094842,0.644928938,,,,,,,,,,
28.305,0.176230953,0.434203643,0.627440159,,,,,,,,,,
28.31,0.168712526,0.419573091,0.607434495,,,,,,,,,,
28.315,0.160517812,0.403254235,0.584981341,,,,,,,,,,
28.32,0.151675824,0.38530454,0.56016011,,,,,,,,,,
28.325,0.142218222,0.365788326,0.533060039,,,,,,,,,,
28.33,0.132179136,0.344776352,0.503779458,,,,,,,,,,
28.335,0.121595013,0.322345401,0.472425531,,,,,,,,,,
28.34,0.110504684,0.298578207,0.439114515,,,,,,,,,,
28.345,0.098949151,0.273563084,0.403970391,,,,,,,,,,
28.35,0.086971009,0.247393426,0.367124706,,,,,,,,,,
28.355,0.074615049,0.22016764,0.328716725,,,,,,,,,,
28.36,0.061927493,0.191988518,0.2888919,,,,,,,,,,
28.365,0.048955891,0.162963035,0.247801915,,,,,,,,,,
28.37,0.035749374,0.133201926,0.205604013,,,,,,,,,,
28.375,0.022358026,0.102819041,0.162460343,,,,,,,,,,
28.38,0.008832735,0.071931204,0.118537071,,,,,,,,,,
28.385,-0.004774612,0.040657565,0.074004294,,,,,,,,,,
28.39,-0.018411811,0.009119241,0.029035015,,,,,,,,,,
28.395,-0.03202644,-0.022561241,-0.016195697,,,,,,,,,,
28.4,-0.045565749,-0.05426033,-0.061510928,,,,,,,,,,
28.405,-0.058977312,-0.085854194,-0.106733033,,,,,,,,,,
28.41,-0.072208827,-0.11721871,-0.151684138,,,,,,,,,,
28.415,-0.085208436,-0.148230373,-0.196186768,,,,,,,,,,
28.42,-0.09792508,-0.178766741,-0.24006495,,,,,,,,,,
28.425,-0.110308554,-0.208706838,-0.283144515,,,,,,,,,,
28.43,-0.122309801,-0.23793138,-0.325253727,,,,,,,,,,
28.435,-0.133881036,-0.266323836,-0.366224441,,,,,,,,,,
28.44,-0.144975969,-0.293770521,-0.405892343,,,,,,,,,,
28.445,-0.155550028,-0.320160846,-0.444097786,,,,,,,,,,
28.45,-0.165560387,-0.345388328,-0.48068639,,,,,,,,,,
28.455,-0.174966212,-0.369350727,-0.515509884,,,,,,,,,,
28.46,-0.18372899,-0.39195007,-0.548426306,,,,,,,,,,
28.465,-0.191812388,-0.413093713,-0.579300878,,,,,,,,,,
28.47,-0.199182713,-0.432694501,-0.608006601,,,,,,,,,,
28.475,-0.205809036,-0.45067096,-0.634424453,,,,,,,,,,
28.48,-0.211662854,-0.466947595,-0.658444096,,,,,,,,,,
28.485,-0.21671888,-0.481455723,-0.679964488,,,,,,,,,,
28.49,-0.220954689,-0.494133152,-0.698893943,,,,,,,,,,
28.495,-0.224350841,-0.50492455,-0.715150876,,,,,,,,,,
28.5,-0.226891221,-0.513781969,-0.728663919,,,,,,,,,,
28.505,-0.228563054,-0.520665176,-0.739372235,,,,,,,,,,
28.51,-0.229356667,-0.52554091,-0.747226033,,,,,,,,,,
28.515,-0.229266045,-0.528384124,-0.752186198,,,,,,,,,,
28.52,-0.228288369,-0.529177956,-0.754225298,,,,,,,,,,
28.525,-0.22642443,-0.527912906,-0.75332711,,,,,,,,,,
28.53,-0.223678349,-0.524587581,-0.749486811,,,,,,,,,,
28.535,-0.220057735,-0.519209309,-0.74271126,,,,,,,,,,
28.54,-0.215573538,-0.511792559,-0.733018879,,,,,,,,,,
28.545,-0.210240332,-0.502360272,-0.72043942,,,,,,,,,,
28.55,-0.204075939,-0.490943749,-0.705014052,,,,,,,,,,
28.555,-0.197101366,-0.477581509,-0.686795289,,,,,,,,,,
28.56,-0.189341159,-0.462319743,-0.665846595,,,,,,,,,,
28.565,-0.180822807,-0.445213134,-0.642242315,,,,,,,,,,
28.57,-0.171576786,-0.426322673,-0.616067657,,,,,,,,,,
28.575,-0.161636699,-0.405716855,-0.587417645,,,,,,,,,,
28.58,-0.151038918,-0.383471363,-0.556397618,,,,,,,,,,
28.585,-0.139822335,-0.359668287,-0.52312225,,,,,,,,,,
28.59,-0.128028696,-0.334395839,-0.487715415,,,,,,,,,,
28.595,-0.115702052,-0.307748725,-0.45030954,,,,,,,,,,
28.6,-0.102888727,-0.279826824,-0.411045167,,,,,,,,,,
28.605,-0.089636961,-0.250735495,-0.370070739,,,,,,,,,,
28.61,-0.075997048,-0.220584859,-0.327541477,,,,,,,,,,
28.615,-0.06202086,-0.189489604,-0.283619125,,,,,,,,,,
28.62,-0.047761751,-0.157568296,-0.238471495,,,,,,,,,,
28.625,-0.033274521,-0.124943234,-0.192271296,,,,,,,,,,
28.63,-0.018614931,-0.09173954,-0.145195957,,,,,,,,,,
28.635,-0.003839634,-0.058085263,-0.097426746,,,,,,,,,,
28.64,0.010993832,-0.024110401,-0.049148201,,,,,,,,,,
28.645,0.025827916,0.010053486,-0.000546961,,,,,,,,,,
28.65,0.040604642,0.04427364,0.04818812,,,,,,,,,,
28.655,0.055266173,0.078416654,0.096867363,,,,,,,,,,
28.66,0.069754716,0.112349218,0.145300952,,,,,,,,,,
28.665,0.08401328,0.14593834,0.193299373,,,,,,,,,,
28.67,0.097985281,0.179052125,0.240674299,,,,,,,,,,
28.675,0.111615134,0.211559876,0.287239504,,,,,,,,,,
28.68,0.12484848,0.24333318,0.332811267,,,,,,,,,,
28.685,0.137632434,0.274246111,0.377209438,,,,,,,,,,
28.69,0.149915442,0.304175497,0.420257574,,,,,,,,,,
28.695,0.161648091,0.333001857,0.46178447,,,,,,,,,,
28.7,0.172782689,0.360609865,0.501624077,,,,,,,,,,
28.705,0.183273831,0.386888179,0.539616535,,,,,,,,,,
28.71,0.193078617,0.41173058,0.575608798,,,,,,,,,,
28.715,0.202156293,0.435036204,0.609455241,,,,,,,,,,
28.72,0.210469346,0.456709624,0.641018071,,,,,,,,,,
28.725,0.21798295,0.476661637,0.670167947,,,,,,,,,,
28.73,0.224665249,0.494809812,0.696784817,,,,,,,,,,
28.735,0.230487544,0.511077999,0.720757821,,,,,,,,,,
28.74,0.235424786,0.525397353,0.741986122,,,,,,,,,,
28.745,0.239454845,0.537706754,0.760379647,,,,,,,,,,
28.75,0.24255925,0.547952275,0.775858703,,,,,,,,,,
28.755,0.244723187,0.556087772,0.78835469,,,,,,,,,,
28.76,0.245935557,0.562075868,0.797810799,,,,,,,,,,
28.765,0.24618868,0.56588698,0.804181503,,,,,,,,,,
28.77,0.245479048,0.567499786,0.807433176,,,,,,,,,,
28.775,0.243806672,0.566901907,0.807544387,,,,,,,,,,
28.78,0.241175322,0.564089415,0.804505673,,,,,,,,,,
28.785,0.237592808,0.559066681,0.798319978,,,,,,,,,,
28.79,0.233070381,0.551847021,0.789002438,,,,,,,,,,
28.795,0.227623024,0.542452304,0.776580316,,,,,,,,,,
28.8,0.221269744,0.530912914,0.761093162,,,,,,,,,,
28.805,0.214032874,0.517267566,0.742592427,,,,,,,,,,
28.81,0.205938499,0.501563656,0.721141578,,,,,,,,,,
28.815,0.197015889,0.483856499,0.696815602,,,,,,,,,,
28.82,0.187297984,0.464209233,0.669701019,,,,,,,,,,
28.825,0.176820757,0.44269306,0.639895351,,,,,,,,,,
28.83,0.165622999,0.41938669,0.60750707,,,,,,,,,,
28.835,0.153746861,0.394375681,0.572655069,,,,,,,,,,
28.84,0.141237143,0.367752804,0.535467726,,,,,,,,,,
28.845,0.128141037,0.339617526,0.496083484,,,,,,,,,,
28.85,0.114508467,0.31007512,0.454649508,,,,,,,,,,
28.855,0.100391683,0.279237057,0.411321279,,,,,,,,,,
28.86,0.085844454,0.24722017,0.366262427,,,,,,,,,,
28.865,0.070922815,0.214145761,0.319643652,,,,,,,,,,
28.87,0.055684269,0.180140245,0.271642379,,,,,,,,,,
28.875,0.040187656,0.145333854,0.222441963,,,,,,,,,,
28.88,0.024492955,0.109860041,0.172231039,,,,,,,,,,
28.885,0.008661328,0.0738557,0.121202738,,,,,,,,,,
28.89,-0.007245635,0.037460096,0.069553857,,,,,,,,,,
28.895,-0.023165896,0.000814198,0.017484564,,,,,,,,,,
28.9,-0.039036919,-0.03593909,-0.034802884,,,,,,,,,,
28.905,-0.054796621,-0.072656517,-0.087104776,,,,,,,,,,
28.91,-0.070383157,-0.109194377,-0.139216555,,,,,,,,,,
28.915,-0.085735011,-0.145409163,-0.190933657,,,,,,,,,,
28.92,-0.10079164,-0.181158081,-0.242052623,,,,,,,,,,
28.925,-0.115493382,-0.216300064,-0.292371726,,,,,,,,,,
28.93,-0.129781861,-0.250695593,-0.341691285,,,,,,,,,,
28.935,-0.143600239,-0.284207928,-0.389815414,,,,,,,,,,
28.94,-0.156893456,-0.316703249,-0.436552048,,,,,,,,,,
28.945,-0.169608161,-0.348051373,-0.481713696,,,,,,,,,,
28.95,-0.181693501,-0.378126136,-0.525118757,,,,,,,,,,
28.955,-0.193100818,-0.406806057,-0.566591767,,,,,,,,,,
28.96,-0.20378394,-0.433974862,-0.60596431,,,,,,,,,,
28.965,-0.213699492,-0.459521601,-0.643075591,,,,,,,,,,
28.97,-0.222807004,-0.483341413,-0.677773358,,,,,,,,,,
28.975,-0.231069005,-0.505335968,-0.709914199,,,,,,,,,,
28.98,-0.238451379,-0.525413909,-0.739364149,,,,,,,,,,
28.985,-0.244923509,-0.543490859,-0.765999813,,,,,,,,,,
28.99,-0.250458046,-0.559490231,-0.789707907,,,,,,,,,,
28.995,-0.255031287,-0.573343498,-0.810386677,,,,,,,,,,
29,-0.258623406,-0.584989971,-0.827945853,,,,,,,,,,
29.005,-0.261218232,-0.594377699,-0.842307126,,,,,,,,,,
29.01,-0.262803347,-0.601463696,-0.853404711,,,,,,,,,,
29.015,-0.263370427,-0.606213427,-0.861185231,,,,,,,,,,
29.02,-0.262915078,-0.608601437,-0.865608298,,,,,,,,,,
29.025,-0.261436803,-0.608612194,-0.866646716,,,,,,,,,,
29.03,-0.258939297,-0.606238971,-0.864286498,,,,,,,,,,
29.035,-0.255430071,-0.601484117,-0.858527009,,,,,,,,,,
29.04,-0.250920496,-0.594359988,-0.849380955,,,,,,,,,,
29.045,-0.245426043,-0.584888092,-0.836874829,,,,,,,,,,
29.05,-0.238966051,-0.573098939,-0.82104812,,,,,,,,,,
29.055,-0.23156337,-0.559032565,-0.801953689,,,,,,,,,,
29.06,-0.223244814,-0.54273833,-0.7796576,,,,,,,,,,
29.065,-0.21404098,-0.52427394,-0.754238616,,,,,,,,,,
29.07,-0.203985484,-0.503706242,-0.725788178,,,,,,,,,,
29.075,-0.193115718,-0.481110578,-0.694410087,,,,,,,,,,
29.08,-0.181472203,-0.456570461,-0.660220041,,,,,,,,,,
29.085,-0.169098287,-0.430176797,-0.623345155,,,,,,,,,,
29.09,-0.156040469,-0.402028973,-0.583923654,,,,,,,,,,
29.095,-0.142347952,-0.372233071,-0.54210439,,,,,,,,,,
29.1,-0.128072246,-0.340901773,-0.498045916,,,,,,,,,,
29.105,-0.113267592,-0.308154616,-0.451916165,,,,,,,,,,
29.11,-0.0979902,-0.274116969,-0.403892092,,,,,,,,,,
29.115,-0.082298059,-0.238919196,-0.354158385,,,,,,,,,,
29.12,-0.066250992,-0.202696978,-0.302907015,,,,,,,,,,
29.125,-0.049910327,-0.165590502,-0.250336871,,,,,,,,,,
29.13,-0.033338477,-0.127743407,-0.19665245,,,,,,,,,,
29.135,-0.016598817,-0.089302888,-0.142063029,,,,,,,,,,
29.14,0.000244228,-0.050418889,-0.086782445,,,,,,,,,,
29.145,0.017126056,-0.011243359,-0.031027646,,,,,,,,,,
29.15,0.033981607,0.028070172,0.024982077,,,,,,,,,,
29.155,0.050745776,0.067367286,0.081025592,,,,,,,,,,
29.16,0.067354098,0.106493123,0.136881187,,,,,,,,,,
29.165,0.083742293,0.145293358,0.192327292,,,,,,,,,,
29.17,0.099846847,0.183614498,0.24714367,,,,,,,,,,
29.175,0.115605484,0.22130462,0.30111148,,,,,,,,,,
29.18,0.130956917,0.258213652,0.354015344,,,,,,,,,,
29.185,0.145841377,0.294194985,0.405643452,,,,,,,,,,
29.19,0.160200931,0.329104697,0.455788422,,,,,,,,,,
29.195,0.173979418,0.362802988,0.504248435,,,,,,,,,,
29.2,0.187123072,0.395154742,0.550828097,,,,,,,,,,
29.205,0.199580221,0.426030019,0.595338812,,,,,,,,,,
29.21,0.211302037,0.455303919,0.637600013,,,,,,,,,,
29.215,0.222242318,0.482858262,0.67743981,,,,,,,,,,
29.22,0.232357649,0.508581336,0.714695527,,,,,,,,,,
29.225,0.241607995,0.53236802,0.749214542,,,,,,,,,,
29.23,0.249956467,0.554121135,0.780855036,,,,,,,,,,
29.235,0.257369482,0.573751487,0.809486195,,,,,,,,,,
29.24,0.263817285,0.59117782,0.834989165,,,,,,,,,,
29.245,0.269273563,0.606327551,0.857257356,,,,,,,,,,
29.25,0.273715886,0.619137325,0.876196905,,,,,,,,,,
29.255,0.277125636,0.629552731,0.89172728,,,,,,,,,,
29.26,0.279488223,0.637528621,0.903781248,,,,,,,,,,
29.265,0.28079285,0.643029812,0.912305653,,,,,,,,,,
29.27,0.28103287,0.646030791,0.917261267,,,,,,,,,,
29.275,0.280205837,0.646515809,0.918623079,,,,,,,,,,
29.28,0.278313142,0.644479184,0.916380439,,,,,,,,,,
29.285,0.275360433,0.639925548,0.910537246,,,,,,,,,,
29.29,0.271357561,0.632869139,0.90111178,,,,,,,,,,
29.295,0.266318048,0.623334104,0.888136541,,,,,,,,,,
29.3,0.260259645,0.611354948,0.871658683,,,,,,,,,,
29.305,0.253204064,0.596975601,0.851739187,,,,,,,,,,
29.31,0.245176557,0.580249463,0.828452872,,,,,,,,,,
29.315,0.23620655,0.561239713,0.801888414,,,,,,,,,,
29.32,0.226326837,0.540018502,0.772147434,,,,,,,,,,
29.325,0.215573754,0.516666585,0.739344539,,,,,,,,,,
29.33,0.203987257,0.491273655,0.703606604,,,,,,,,,,
29.335,0.191610312,0.46393766,0.665072701,,,,,,,,,,
29.34,0.178488877,0.434763836,0.623892823,,,,,,,,,,
29.345,0.164671932,0.403865104,0.580227739,,,,,,,,,,
29.35,0.150211284,0.371361703,0.534248787,,,,,,,,,,
29.355,0.135160995,0.337379884,0.486136042,,,,,,,,,,
29.36,0.119577638,0.302051696,0.436078487,,,,,,,,,,
29.365,0.103519938,0.265515253,0.384273182,,,,,,,,,,
29.37,0.087048308,0.22791322,0.330924045,,,,,,,,,,
29.375,0.070224905,0.18939233,0.276241278,,,,,,,,,,
29.38,0.053113333,0.15010344,0.220440712,,,,,,,,,,
29.385,0.035778216,0.11020052,0.163742543,,,,,,,,,,
29.39,0.018285217,0.069839428,0.106370494,,,,,,,,,,
29.395,0.000700786,0.029178621,0.048551484,,,,,,,,,,
29.4,-0.016908552,-0.011622254,-0.009486291,,,,,,,,,,
29.405,-0.034475665,-0.052403631,-0.067513497,,,,,,,,,,
29.41,-0.051933883,-0.093005226,-0.125300723,,,,,,,,,,
29.415,-0.069216771,-0.133267681,-0.182619756,,,,,,,,,,
29.42,-0.086258518,-0.173033238,-0.239244183,,,,,,,,,,
29.425,-0.102994146,-0.212145906,-0.294950253,,,,,,,,,,
29.43,-0.11935977,-0.25045191,-0.349518189,,,,,,,,,,
29.435,-0.135292969,-0.287801463,-0.402732821,,,,,,,,,,
29.44,-0.15073283,-0.324047949,-0.454384117,,,,,,,,,,
29.445,-0.165620267,-0.359049177,-0.504268739,,,,,,,,,,
29.45,-0.179898227,-0.392668309,-0.552190535,,,,,,,,,,
29.455,-0.193512138,-0.424773678,-0.597960732,,,,,,,,,,
29.46,-0.206409656,-0.455239789,-0.641399824,,,,,,,,,,
29.465,-0.218541403,-0.483947618,-0.682337594,,,,,,,,,,
29.47,-0.229860617,-0.510785239,-0.720613551,,,,,,,,,,
29.475,-0.240323842,-0.53564792,-0.75607835,,,,,,,,,,
29.48,-0.249890806,-0.558439187,-0.78859391,,,,,,,,,,
29.485,-0.258524487,-0.579070381,-0.818033755,,,,,,,,,,
29.49,-0.266191549,-0.597461702,-0.844283871,,,,,,,,,,
29.495,-0.272862514,-0.613542252,-0.86724334,,,,,,,,,,
29.5,-0.278511349,-0.62725014,-0.886823907,,,,,,,,,,
29.505,-0.283116021,-0.638532948,-0.902951138,,,,,,,,,,
29.51,-0.286658776,-0.647348014,-0.915564549,,,,,,,,,,
29.515,-0.2891256,-0.653662196,-0.924617257,,,,,,,,,,
29.52,-0.290506546,-0.657452416,-0.930076951,,,,,,,,,,
29.525,-0.290796053,-0.658705574,-0.931925424,,,,,,,,,,
29.53,-0.289992681,-0.657418441,-0.93015888,,,,,,,,,,
29.535,-0.288098984,-0.653597982,-0.924787761,,,,,,,,,,
29.54,-0.285122029,-0.647261009,-0.915836849,,,,,,,,,,
29.545,-0.281072783,-0.638434247,-0.90334508,,,,,,,,,,
29.55,-0.275966279,-0.627154176,-0.887365279,,,,,,,,,,
29.555,-0.269822002,-0.613466903,-0.867964033,,,,,,,,,,
29.56,-0.262662938,-0.59742793,-0.845221243,,,,,,,,,,
29.565,-0.254516113,-0.579101891,-0.819230079,,,,,,,,,,
29.57,-0.24541268,-0.55856244,-0.790096179,,,,,,,,,,
29.575,-0.235387162,-0.535891667,-0.757937467,,,,,,,,,,
29.58,-0.224477458,-0.511180073,-0.722883676,,,,,,,,,,
29.585,-0.21272536,-0.484525741,-0.685075522,,,,,,,,,,
29.59,-0.2001755,-0.4560347,-0.644664473,,,,,,,,,,
29.595,-0.186875677,-0.42581963,-0.601811946,,,,,,,,,,
29.6,-0.172876603,-0.393999892,-0.556688597,,,,,,,,,,
29.605,-0.158231666,-0.360700962,-0.509473561,,,,,,,,,,
29.61,-0.142996758,-0.326054022,-0.460354023,,,,,,,,,,
29.615,-0.127230029,-0.290195121,-0.409524298,,,,,,,,,,
29.62,-0.11099163,-0.253264861,-0.357184697,,,,,,,,,,
29.625,-0.094343476,-0.215407856,-0.303541287,,,,,,,,,,
29.63,-0.077349144,-0.176772013,-0.248804885,,,,,,,,,,
29.635,-0.060073552,-0.137508182,-0.1931898,,,,,,,,,,
29.64,-0.042582475,-0.097768973,-0.136913534,,,,,,,,,,
29.645,-0.024942778,-0.057709077,-0.080195682,,,,,,,,,,
29.65,-0.007221732,-0.017483836,-0.023257068,,,,,,,,,,
29.655,0.010513034,0.022751043,0.033681484,,,,,,,,,,
29.66,0.028194079,0.062840068,0.090399076,,,,,,,,,,
29.665,0.04575391,0.102628426,0.146676459,,,,,,,,,,
29.67,0.063125709,0.141963331,0.202297022,,,,,,,,,,
29.675,0.080243409,0.18069358,0.257046575,,,,,,,,,,
29.68,0.097041958,0.218670626,0.310715149,,,,,,,,,,
29.685,0.113457368,0.255749623,0.363097712,,,,,,,,,,
29.69,0.129427319,0.291789035,0.413994472,,,,,,,,,,
29.695,0.144891525,0.326651809,0.463211816,,,,,,,,,,
29.7,0.15979119,0.360205934,0.510563516,,,,,,,,,,
29.705,0.174070043,0.392324707,0.555870909,,,,,,,,,,
29.71,0.187674166,0.422886867,0.598963346,,,,,,,,,,
29.715,0.200552365,0.451778114,0.639679725,,,,,,,,,,
29.72,0.21265616,0.478890648,0.677868514,,,,,,,,,,
29.725,0.223940132,0.504123401,0.713387978,,,,,,,,,,
29.73,0.234362055,0.527383195,0.746107393,,,,,,,,,,
29.735,0.243883137,0.548584736,0.775907237,,,,,,,,,,
29.74,0.252468199,0.567650809,0.802679433,,,,,,,,,,
29.745,0.260085507,0.584512321,0.826327841,,,,,,,,,,
29.75,0.266707067,0.599109492,0.846768781,,,,,,,,,,
29.755,0.272309031,0.611390881,0.863931222,,,,,,,,,,
29.76,0.276871326,0.621314237,0.877756575,,,,,,,,,,
29.765,0.28037781,0.628846581,0.888199709,,,,,,,,,,
29.77,0.282816605,0.633964383,0.895228572,,,,,,,,,,
29.775,0.28417992,0.636652936,0.898823959,,,,,,,,,,
29.78,0.284464196,0.636907456,0.898980119,,,,,,,,,,
29.785,0.283669928,0.634732521,0.895704852,,,,,,,,,,
29.79,0.281801662,0.630141668,0.889018542,,,,,,,,,,
29.795,0.278868587,0.62315784,0.878954792,,,,,,,,,,
29.8,0.27488339,0.613813454,0.865560452,,,,,,,,,,
29.805,0.269862897,0.602149271,0.848894449,,,,,,,,,,
29.81,0.263828287,0.588215242,0.829028266,,,,,,,,,,
29.815,0.25680435,0.572070171,0.806045693,,,,,,,,,,
29.82,0.248819557,0.553780603,0.780041894,,,,,,,,,,
29.825,0.239906309,0.533421286,0.751123188,,,,,,,,,,
29.83,0.230100348,0.51107517,0.719407289,,,,,,,,,,
29.835,0.219440887,0.486832103,0.685021827,,,,,,,,,,
29.84,0.207970323,0.46078894,0.648104254,,,,,,,,,,
29.845,0.195733959,0.433049567,0.608801613,,,,,,,,,,
29.85,0.182780116,0.403723766,0.567269443,,,,,,,,,,
29.855,0.169159902,0.372927158,0.523671252,,,,,,,,,,
29.86,0.154926724,0.340780905,0.478178184,,,,,,,,,,
29.865,0.140136286,0.307410701,0.430968035,,,,,,,,,,
29.87,0.124846315,0.272946703,0.382224582,,,,,,,,,,
29.875,0.10911654,0.237523088,0.332137083,,,,,,,,,,
29.88,0.093007895,0.201277131,0.280899418,,,,,,,,,,
29.885,0.076582914,0.16434888,0.228709093,,,,,,,,,,
29.89,0.059904999,0.126880635,0.175767011,,,,,,,,,,
29.895,0.043038887,0.08901663,0.122276248,,,,,,,,,,
29.9,0.026049193,0.050901864,0.068441348,,,,,,,,,,
29.905,0.009001462,0.012682073,0.014467769,,,,,,,,,,
29.91,-0.008038862,-0.025496751,-0.039439066,,,,,,,,,,
29.915,-0.025006739,-0.063489443,-0.093074592,,,,,,,,,,
29.92,-0.041837363,-0.101151993,-0.146235681,,,,,,,,,,
29.925,-0.058466631,-0.138341623,-0.198721562,,,,,,,,,,
29.93,-0.074831434,-0.174917959,-0.250334518,,,,,,,,,,
29.935,-0.090869691,-0.210743571,-0.300880716,,,,,,,,,,
29.94,-0.106520809,-0.24568364,-0.350170643,,,,,,,,,,
29.945,-0.121726073,-0.27960747,-0.39802034,,,,,,,,,,
29.95,-0.13642798,-0.312388544,-0.444251452,,,,,,,,,,
29.955,-0.150571677,-0.34390474,-0.488692281,,,,,,,,,,
29.96,-0.164104628,-0.374039224,-0.531178332,,,,,,,,,,
29.965,-0.176976426,-0.402681011,-0.57155282,,,,,,,,,,
29.97,-0.189139431,-0.429724414,-0.609667413,,,,,,,,,,
29.975,-0.200549056,-0.455070504,-0.645382538,,,,,,,,,,
29.98,-0.211163529,-0.478626987,-0.678568154,,,,,,,,,,
29.985,-0.220944193,-0.500308539,-0.709104116,,,,,,,,,,
29.99,-0.229855851,-0.520036935,-0.736880334,,,,,,,,,,
29.995,-0.237866611,-0.537741871,-0.761797628,,,,,,,,,,
30,-0.244948179,-0.553360853,-0.78376781,,,,,,,,,,
30.005,-0.251076063,-0.566839331,-0.802713837,,,,,,,,,,
30.01,-0.256229239,-0.578130778,-0.818570395,,,,,,,,,,
30.015,-0.260390529,-0.587197599,-0.831284057,,,,,,,,,,
30.02,-0.263546762,-0.594010449,-0.840813307,,,,,,,,,,
30.025,-0.26568848,-0.598548192,-0.84712855,,,,,,,,,,
30.03,-0.266810027,-0.600799039,-0.850212862,,,,,,,,,,
30.035,-0.266909888,-0.600759687,-0.850061162,,,,,,,,,,
30.04,-0.265990544,-0.598435056,-0.846680567,,,,,,,,,,
30.045,-0.264058012,-0.593839291,-0.840090714,,,,,,,,,,
30.05,-0.261122506,-0.586995099,-0.830323067,,,,,,,,,,
30.055,-0.257197946,-0.57793309,-0.817420968,,,,,,,,,,
30.06,-0.252301893,-0.566692641,-0.801439791,,,,,,,,,,
30.065,-0.246455494,-0.553321455,-0.782446231,,,,,,,,,,
30.07,-0.239683716,-0.537874646,-0.760518327,,,,,,,,,,
30.075,-0.232014845,-0.520415322,-0.735744869,,,,,,,,,,
30.08,-0.223480473,-0.501014358,-0.7082256,,,,,,,,,,
30.085,-0.214115571,-0.479749488,-0.678070042,,,,,,,,,,
30.09,-0.203958058,-0.456705232,-0.645397595,,,,,,,,,,
30.095,-0.193048725,-0.431973102,-0.610337122,,,,,,,,,,
30.1,-0.181431174,-0.405650611,-0.573026137,,,,,,,,,,
30.105,-0.169151525,-0.377840783,-0.533610388,,,,,,,,,,
30.11,-0.156258173,-0.34865232,-0.492243332,,,,,,,,,,
30.115,-0.142801988,-0.318199201,-0.449085664,,,,,,,,,,
30.12,-0.12883568,-0.286599455,-0.404304431,,,,,,,,,,
30.125,-0.114413697,-0.253975239,-0.358072347,,,,,,,,,,
30.13,-0.099592199,-0.220452914,-0.310567762,,,,,,,,,,
30.135,-0.084428654,-0.186161489,-0.261973135,,,,,,,,,,
30.14,-0.068981587,-0.151232394,-0.212474853,,,,,,,,,,
30.145,-0.053310441,-0.115799846,-0.16226257,,,,,,,,,,
30.15,-0.037475415,-0.079999382,-0.111528187,,,,,,,,,,
30.155,-0.021537161,-0.043967324,-0.060465165,,,,,,,,,,
30.16,-0.005556471,-0.007841249,-0.009267963,,,,,,,,,,
30.165,0.010405739,0.028241417,0.041868565,,,,,,,,,,
30.17,0.026288965,0.06414402,0.092750616,,,,,,,,,,
30.175,0.042032946,0.099730464,0.143185259,,,,,,,,,,
30.18,0.057578352,0.134866013,0.192981535,,,,,,,,,,
30.185,0.072866728,0.169418494,0.241951624,,,,,,,,,,
30.19,0.08784074,0.203257639,0.289910773,,,,,,,,,,
30.195,0.102444162,0.236256308,0.336678423,,,,,,,,,,
30.2,0.116622772,0.268290764,0.382079004,,,,,,,,,,
30.205,0.130323677,0.299241342,0.425942387,,,,,,,,,,
30.21,0.143496098,0.328992319,0.468104298,,,,,,,,,,
30.215,0.156091424,0.357433185,0.508407434,,,,,,,,,,
30.22,0.168063273,0.38445826,0.546701895,,,,,,,,,,
30.225,0.179367882,0.409967748,0.582845231,,,,,,,,,,
30.23,0.189963986,0.433867399,0.616703732,,,,,,,,,,
30.235,0.199813205,0.456069591,0.648152716,,,,,,,,,,
30.24,0.208879954,0.476493178,0.677076406,,,,,,,,,,
30.245,0.217131766,0.495063817,0.70336914,,,,,,,,,,
30.25,0.224539385,0.511714392,0.726935555,,,,,,,,,,
30.255,0.231076517,0.526385335,0.747690364,,,,,,,,,,
30.26,0.236720596,0.539024386,0.765559478,,,,,,,,,,
30.265,0.241452315,0.549587431,0.780479889,,,,,,,,,,
30.27,0.245255862,0.558038209,0.792399681,,,,,,,,,,
30.275,0.248118862,0.564348323,0.801278662,,,,,,,,,,
30.28,0.250032837,0.568497827,0.807088335,,,,,,,,,,
30.285,0.25099247,0.570475031,0.80981172,,,,,,,,,,
30.29,0.25099635,0.570276152,0.809443729,,,,,,,,,,
30.295,0.250046536,0.567906109,0.805991269,,,,,,,,,,
30.3,0.248148803,0.563377934,0.799472593,,,,,,,,,,
30.305,0.245312274,0.556712579,0.789917927,,,,,,,,,,
30.31,0.241549728,0.547939563,0.777368995,,,,,,,,,,
30.315,0.236877447,0.537096039,0.761878659,,,,,,,,,,
30.32,0.231314724,0.524226934,0.743511052,,,,,,,,,,
30.325,0.224884793,0.509385092,0.722341427,,,,,,,,,,
30.33,0.217613393,0.49263054,0.698455125,,,,,,,,,,
30.335,0.209529777,0.474030245,0.671948119,,,,,,,,,,
30.34,0.200666379,0.453658553,0.642926046,,,,,,,,,,
30.345,0.191058133,0.431596197,0.611504119,,,,,,,,,,
30.35,0.18074274,0.407929923,0.577806282,,,,,,,,,,
30.355,0.16976081,0.382752783,0.541965169,,,,,,,,,,
30.36,0.158155112,0.356163368,0.504121329,,,,,,,,,,
30.365,0.145970547,0.328265367,0.464422612,,,,,,,,,,
30.37,0.13325442,0.299167112,0.423023875,,,,,,,,,,
30.375,0.120055588,0.268981633,0.380085969,,,,,,,,,,
30.38,0.106424829,0.237825845,0.33577556,,,,,,,,,,
30.385,0.092414489,0.205819921,0.290264227,,,,,,,,,,
30.39,0.078078168,0.173087357,0.243727486,,,,,,,,,,
30.395,0.063470613,0.139754065,0.196345104,,,,,,,,,,
30.4,0.048647475,0.105947892,0.148299227,,,,,,,,,,
30.405,0.03366523,0.071798216,0.099774314,,,,,,,,,,
30.41,0.018580426,0.037435901,0.050956546,,,,,,,,,,
30.415,0.003450408,0.002991788,0.002032719,,,,,,,,,,
30.42,-0.011667601,-0.031402759,-0.046810413,,,,,,,,,,
30.425,-0.026716596,-0.065616967,-0.095386765,,,,,,,,,,
30.43,-0.041640018,-0.09952101,-0.143511111,,,,,,,,,,
30.435,-0.056381267,-0.132986503,-0.191001104,,,,,,,,,,
30.44,-0.070885025,-0.165886812,-0.237676684,,,,,,,,,,
30.445,-0.085097148,-0.198097947,-0.283360987,,,,,,,,,,
30.45,-0.098964233,-0.229498676,-0.327881995,,,,,,,,,,
30.455,-0.112434552,-0.259970924,-0.371072009,,,,,,,,,,
30.46,-0.125457906,-0.28940046,-0.412768675,,,,,,,,,,
30.465,-0.137985838,-0.317677312,-0.452816099,,,,,,,,,,
30.47,-0.149971791,-0.344695902,-0.491064762,,,,,,,,,,
30.475,-0.161371589,-0.370355797,-0.52737233,,,,,,,,,,
30.48,-0.172142925,-0.394561865,-0.561604054,,,,,,,,,,
30.485,-0.182246094,-0.417224775,-0.593633812,,,,,,,,,,
30.49,-0.191644391,-0.438261204,-0.623343465,,,,,,,,,,
30.495,-0.200302991,-0.457594229,-0.650624439,,,,,,,,,,
30.5,-0.208190514,-0.475153643,-0.675377794,,,,,,,,,,
30.505,-0.215278242,-0.490876133,-0.697513783,,,,,,,,,,
30.51,-0.22154059,-0.504705362,-0.716953676,,,,,,,,,,
30.515,-0.226955013,-0.516592283,-0.733628758,,,,,,,,,,
30.52,-0.231502582,-0.526495742,-0.747481091,,,,,,,,,,
30.525,-0.235167176,-0.534381562,-0.758463792,,,,,,,,,,
30.53,-0.237936357,-0.540223719,-0.766540744,,,,,,,,,,
30.535,-0.239801159,-0.544004073,-0.771687254,,,,,,,,,,
30.54,-0.240755892,-0.545711986,-0.773889703,,,,,,,,,,
30.545,-0.240798403,-0.545344991,-0.77314602,,,,,,,,,,
30.55,-0.239929871,-0.542908609,-0.769465044,,,,,,,,,,
30.555,-0.238155125,-0.538415752,-0.762866944,,,,,,,,,,
30.56,-0.235482154,-0.531887645,-0.753383194,,,,,,,,,,
30.565,-0.231922473,-0.523353287,-0.741055746,,,,,,,,,,
30.57,-0.227490826,-0.512848881,-0.725937764,,,,,,,,,,
30.575,-0.222205102,-0.500418253,-0.708092391,,,,,,,,,,
30.58,-0.216086835,-0.486112618,-0.687593373,,,,,,,,,,
30.585,-0.209160316,-0.469990061,-0.664524556,,,,,,,,,,
30.59,-0.201452849,-0.452115277,-0.638978737,,,,,,,,,,
30.595,-0.192994965,-0.432559769,-0.611058607,,,,,,,,,,
30.6,-0.183819768,-0.411401323,-0.580875406,,,,,,,,,,
30.605,-0.173963189,-0.38872322,-0.548548646,,,,,,,,,,
30.61,-0.163463647,-0.364614669,-0.514205856,,,,,,,,,,
30.615,-0.152361992,-0.339170239,-0.477982049,,,,,,,,,,
30.62,-0.140701303,-0.312488973,-0.44001893,,,,,,,,,,
30.625,-0.128526772,-0.284674558,-0.400464326,,,,,,,,,,
30.63,-0.115885228,-0.255835138,-0.359472126,,,,,,,,,,
30.635,-0.102825609,-0.226081988,-0.317201125,,,,,,,,,,
30.64,-0.089397765,-0.195530011,-0.273814188,,,,,,,,,,
30.645,-0.075653429,-0.164296928,-0.229478849,,,,,,,,,,
30.65,-0.061645221,-0.13250258,-0.184365206,,,,,,,,,,
30.655,-0.047426483,-0.100268784,-0.138646024,,,,,,,,,,
30.66,-0.033051663,-0.067718852,-0.092496249,,,,,,,,,,
30.665,-0.018575443,-0.03497693,-0.046091784,,,,,,,,,,
30.67,-0.004052836,-0.002167521,0.000390802,,,,,,,,,,
30.675,0.010460783,0.03058474,0.046775196,,,,,,,,,,
30.68,0.024910352,0.063155844,0.092885563,,,,,,,,,,
30.685,0.039241091,0.095422722,0.138547986,,,,,,,,,,
30.69,0.053398548,0.127263762,0.183590272,,,,,,,,,,
30.695,0.067329181,0.158559166,0.227842987,,,,,,,,,,
30.7,0.0809805,0.189191487,0.271140552,,,,,,,,,,
30.705,0.094301114,0.219046022,0.313320901,,,,,,,,,,
30.71,0.107240934,0.24801122,0.354226682,,,,,,,,,,
30.715,0.119751465,0.275979213,0.393706083,,,,,,,,,,
30.72,0.13178588,0.302846102,0.431612731,,,,,,,,,,
30.725,0.143299149,0.328512249,0.467806572,,,,,,,,,,
30.73,0.154248626,0.352882974,0.502154674,,,,,,,,,,
30.735,0.164593567,0.375868528,0.534531269,,,,,,,,,,
30.74,0.1742957,0.39738477,0.56481805,,,,,,,,,,
30.745,0.1833194,0.417353184,0.592905214,,,,,,,,,,
30.75,0.191631364,0.435701601,0.618691623,,,,,,,,,,
30.755,0.199201172,0.452363864,0.642084404,,,,,,,,,,
30.76,0.206001329,0.467280544,0.663000601,,,,,,,,,,
30.765,0.212007212,0.480398819,0.681366665,,,,,,,,,,
30.77,0.217197354,0.491672948,0.697118557,,,,,,,,,,
30.775,0.221553522,0.501063934,0.710202699,,,,,,,,,,
30.78,0.225060706,0.508540377,0.720575383,,,,,,,,,,
30.785,0.2277071,0.514077948,0.728203368,,,,,,,,,,
30.79,0.229484266,0.517659663,0.733063783,,,,,,,,,,
30.795,0.230387291,0.519276154,0.735144453,,,,,,,,,,
30.8,0.230414329,0.518925428,0.734443458,,,,,,,,,,
30.805,0.229567089,0.516612757,0.730969417,,,,,,,,,,
30.81,0.227850487,0.512351173,0.724741647,,,,,,,,,,
30.815,0.225272683,0.506160842,0.715789322,,,,,,,,,,
30.82,0.221845149,0.498069264,0.704152197,,,,,,,,,,
30.825,0.217582752,0.488111138,0.689879921,,,,,,,,,,
30.83,0.212503256,0.476328087,0.673031744,,,,,,,,,,
30.835,0.206627534,0.462768494,0.653676906,,,,,,,,,,
30.84,0.199979673,0.447487439,0.631893653,,,,,,,,,,
30.845,0.192586635,0.430546313,0.607769296,,,,,,,,,,
30.85,0.184477763,0.41201275,0.58139974,,,,,,,,,,
30.855,0.175685583,0.391960071,0.552889147,,,,,,,,,,
30.86,0.166245163,0.370467266,0.522349695,,,,,,,,,,
30.865,0.156193583,0.347618595,0.489900622,,,,,,,,,,
30.87,0.145570592,0.323503106,0.455668401,,,,,,,,,,
30.875,0.134418004,0.298214522,0.41978581,,,,,,,,,,
30.88,0.122779127,0.271851064,0.382391553,,,,,,,,,,
30.885,0.110699488,0.244514379,0.343629798,,,,,,,,,,
30.89,0.098226092,0.21630994,0.303649468,,,,,,,,,,
30.895,0.085406859,0.18734624,0.262603809,,,,,,,,,,
30.9,0.072291641,0.157734109,0.220649696,,,,,,,,,,
30.905,0.058931029,0.12758706,0.177947199,,,,,,,,,,
30.91,0.045376074,0.097020115,0.134658813,,,,,,,,,,
30.915,0.031678987,0.066149546,0.090948849,,,,,,,,,,
30.92,0.017892192,0.035092816,0.046982876,,,,,,,,,,
30.925,0.004068291,0.00396765,0.0029273,,,,,,,,,,
30.93,-0.009739951,-0.027108293,-0.041051673,,,,,,,,,,
30.935,-0.023480009,-0.058017702,-0.084788392,,,,,,,,,,
30.94,-0.037099712,-0.08864404,-0.128118374,,,,,,,,,,
30.945,-0.050547417,-0.118872276,-0.170879012,,,,,,,,,,
30.95,-0.063772329,-0.148588912,-0.212910247,,,,,,,,,,
30.955,-0.076724602,-0.177682854,-0.254054968,,,,,,,,,,
30.96,-0.089355632,-0.206045181,-0.294159788,,,,,,,,,,
30.965,-0.101618093,-0.233570328,-0.333075371,,,,,,,,,,
30.97,-0.113466174,-0.260156015,-0.370657475,,,,,,,,,,
30.975,-0.124855953,-0.285703509,-0.406766789,,,,,,,,,,
30.98,-0.135745098,-0.310118324,-0.441270051,,,,,,,,,,
30.985,-0.146093436,-0.333310583,-0.474040132,,,,,,,,,,
30.99,-0.155863012,-0.355194803,-0.504956756,,,,,,,,,,
30.995,-0.165017972,-0.375691022,-0.533906803,,,,,,,,,,
31,-0.173524793,-0.394724681,-0.560784533,,,,,,,,,,
31.005,-0.18135298,-0.412226589,-0.585492624,,,,,,,,,,
31.01,-0.18847418,-0.428133788,-0.60794159,,,,,,,,,,
31.015,-0.194862931,-0.442389442,-0.628051001,,,,,,,,,,
31.02,-0.200496764,-0.454942849,-0.645749306,,,,,,,,,,
31.025,-0.205356155,-0.465749917,-0.660974028,,,,,,,,,,
31.03,-0.209424291,-0.474773429,-0.673672265,,,,,,,,,,
31.035,-0.212687769,-0.481982565,-0.683800579,,,,,,,,,,
31.04,-0.215136076,-0.487353677,-0.691325547,,,,,,,,,,
31.045,-0.216761682,-0.490870106,-0.696223228,,,,,,,,,,
31.05,-0.217560853,-0.492522026,-0.698479929,,,,,,,,,,
31.055,-0.217532267,-0.492306759,-0.698091846,,,,,,,,,,
31.06,-0.216678071,-0.490228844,-0.695065049,,,,,,,,,,
31.065,-0.215003504,-0.486299632,-0.689415939,,,,,,,,,,
31.07,-0.212516876,-0.480537553,-0.681170284,,,,,,,,,,
31.075,-0.209229542,-0.472967932,-0.670363908,,,,,,,,,,
31.08,-0.205155783,-0.46362287,-0.657042235,,,,,,,,,,
31.085,-0.200312847,-0.452541065,-0.641259743,,,,,,,,,,
31.09,-0.194720981,-0.439767872,-0.623080634,,,,,,,,,,
31.095,-0.188403099,-0.425354741,-0.602577479,,,,,,,,,,
31.1,-0.181384827,-0.409359486,-0.579832033,,,,,,,,,,
31.105,-0.173694316,-0.391845407,-0.554933946,,,,,,,,,,
31.11,-0.165362223,-0.372881691,-0.52798119,,,,,,,,,,
31.115,-0.156421887,-0.352542793,-0.499079374,,,,,,,,,,
31.12,-0.14690848,-0.330908139,-0.468340872,,,,,,,,,,
31.125,-0.136859278,-0.308061986,-0.435885397,,,,,,,,,,
31.13,-0.126313806,-0.284092949,-0.401838404,,,,,,,,,,
31.135,-0.115313089,-0.259093798,-0.366331481,,,,,,,,,,
31.14,-0.103899825,-0.23316113,-0.329501503,,,,,,,,,,
31.145,-0.092118116,-0.206394605,-0.291489806,,,,,,,,,,
31.15,-0.080013394,-0.17889713,-0.252442456,,,,,,,,,,
31.155,-0.067632155,-0.150774151,-0.212508663,,,,,,,,,,
31.16,-0.055021781,-0.122133193,-0.171841268,,,,,,,,,,
31.165,-0.042230572,-0.093083611,-0.13059535,,,,,,,,,,
31.17,-0.029307136,-0.06373625,-0.088927848,,,,,,,,,,
31.175,-0.01630068,-0.034202518,-0.046997447,,,,,,,,,,
31.18,-0.003260511,-0.004594532,-0.004962933,,,,,,,,,,
31.185,0.009763955,0.024975453,0.037015921,,,,,,,,,,
31.19,0.022723537,0.054395661,0.078780552,,,,,,,,,,
31.195,0.035569343,0.083555237,0.120173205,,,,,,,,,,
31.2,0.048253168,0.1123442,0.16103768,,,,,,,,,,
31.205,0.060727433,0.140654389,0.20122,,,,,,,,,,
31.21,0.072945441,0.168379465,0.24056929,,,,,,,,,,
31.215,0.084861577,0.195415744,0.278937898,,,,,,,,,,
31.22,0.096431741,0.221661962,0.316181949,,,,,,,,,,
31.225,0.107612936,0.247020478,0.352162575,,,,,,,,,,
31.23,0.118363708,0.271396747,0.386745552,,,,,,,,,,
31.235,0.128644746,0.294700224,0.419801994,,,,,,,,,,
31.24,0.138418105,0.316844732,0.451209752,,,,,,,,,,
31.245,0.147648011,0.337748679,0.480852495,,,,,,,,,,
31.25,0.156301034,0.357334941,0.508620771,,,,,,,,,,
31.255,0.164345499,0.375532,0.534412769,,,,,,,,,,
31.26,0.171752489,0.392273659,0.5581342,,,,,,,,,,
31.265,0.178495455,0.407499049,0.579698559,,,,,,,,,,
31.27,0.184550131,0.421153247,0.599027917,,,,,,,,,,
31.275,0.189895176,0.433187842,0.616053181,,,,,,,,,,
31.28,0.194511901,0.44355997,0.630713414,,,,,,,,,,
31.285,0.198384255,0.452233384,0.642957493,,,,,,,,,,
31.29,0.201499202,0.459178585,0.65274329,,,,,,,,,,
31.295,0.203846587,0.464372419,0.660037898,,,,,,,,,,
31.3,0.205419207,0.467798115,0.664818216,,,,,,,,,,
31.305,0.206212672,0.469446187,0.667070583,,,,,,,,,,
31.31,0.206225645,0.469313631,0.666791077,,,,,,,,,,
31.315,0.205459662,0.467403887,0.663985164,,,,,,,,,,
31.32,0.203919038,0.463727644,0.658668219,,,,,,,,,,
31.325,0.201611081,0.458302201,0.650864907,,,,,,,,,,
31.33,0.19854611,0.451151056,0.640609157,,,,,,,,,,
31.335,0.194737004,0.442304552,0.627944292,,,,,,,,,,
31.34,0.190199573,0.431799583,0.612922876,,,,,,,,,,
31.345,0.184952231,0.419678814,0.595606021,,,,,,,,,,
31.35,0.179016195,0.405991089,0.576063463,,,,,,,,,,
31.355,0.172414868,0.390791449,0.554373606,,,,,,,,,,
31.36,0.165174486,0.374140019,0.530622624,,,,,,,,,,
31.365,0.157323552,0.35610234,0.504904287,,,,,,,,,,
31.37,0.148892673,0.336749557,0.477319988,,,,,,,,,,
31.375,0.139914831,0.316157171,0.447977651,,,,,,,,,,
31.38,0.130425023,0.294405189,0.416991823,,,,,,,,,,
31.385,0.120459809,0.271578424,0.384483045,,,,,,,,,,
31.39,0.110057656,0.247765148,0.350577577,,,,,,,,,,
31.395,0.099258586,0.223057067,0.315406484,,,,,,,,,,
31.4,0.088103863,0.197549598,0.279105459,,,,,,,,,,
31.405,0.076636191,0.171340802,0.241814457,,,,,,,,,,
31.41,0.064899156,0.144531015,0.203676535,,,,,,,,,,
31.415,0.052937448,0.117222946,0.164837916,,,,,,,,,,
31.42,0.040796594,0.089521045,0.125446954,,,,,,,,,,
31.425,0.028522481,0.06153078,0.085654125,,,,,,,,,,
31.43,0.016161662,0.03335862,0.045610883,,,,,,,,,,
31.435,0.003760767,0.005111377,0.005469357,,,,,,,,,,
31.44,-0.00863342,-0.023103821,-0.034617952,,,,,,,,,,
31.445,-0.020974117,-0.051180489,-0.074499286,,,,,,,,,,
31.45,-0.033214975,-0.079012578,-0.11402413,,,,,,,,,,
31.455,-0.045310069,-0.106495414,-0.153043281,,,,,,,,,,
31.46,-0.057213833,-0.133525606,-0.191409983,,,,,,,,,,
31.465,-0.068881785,-0.160001874,-0.22898023,,,,,,,,,,
31.47,-0.080270397,-0.18582515,-0.265613423,,,,,,,,,,
31.475,-0.091337255,-0.210898976,-0.30117252,,,,,,,,,,
31.48,-0.10204129,-0.235129998,-0.335525306,,,,,,,,,,
31.485,-0.11234282,-0.258428168,-0.368544091,,,,,,,,,,
31.49,-0.122203925,-0.28070699,-0.40010641,,,,,,,,,,
31.495,-0.131588012,-0.301884269,-0.430096025,,,,,,,,,,
31.5,-0.140460563,-0.321881984,-0.458402521,,,,,,,,,,
31.505,-0.148789015,-0.340626878,-0.484922171,,,,,,,,,,
31.51,-0.15654282,-0.358050509,-0.509558184,,,,,,,,,,
31.515,-0.163693702,-0.374089538,-0.532221218,,,,,,,,,,
31.52,-0.170215815,-0.388686147,-0.552829571,,,,,,,,,,
31.525,-0.176085522,-0.401788124,-0.571309372,,,,,,,,,,
31.53,-0.181281808,-0.413348723,-0.587595199,,,,,,,,,,
31.535,-0.185786114,-0.423327317,-0.601629783,,,,,,,,,,
31.54,-0.189582664,-0.431689342,-0.613364862,,,,,,,,,,
31.545,-0.192658257,-0.438406294,-0.622760729,,,,,,,,,,
31.55,-0.195002553,-0.443455895,-0.62978664,,,,,,,,,,
31.555,-0.196608144,-0.446822444,-0.634420941,,,,,,,,,,
31.56,-0.197470206,-0.448496344,-0.636650997,,,,,,,,,,
31.565,-0.197586711,-0.448474644,-0.636473407,,,,,,,,,,
31.57,-0.196958506,-0.446760691,-0.633893718,,,,,,,,,,
31.575,-0.195589216,-0.443364342,-0.628926762,,,,,,,,,,
31.58,-0.193485255,-0.438301611,-0.621596147,,,,,,,,,,
31.585,-0.190655726,-0.431594942,-0.611934496,,,,,,,,,,
31.59,-0.187112534,-0.423272892,-0.599983145,,,,,,,,,,
31.595,-0.182870338,-0.413370101,-0.585791756,,,,,,,,,,
31.6,-0.17794616,-0.401927101,-0.569418622,,,,,,,,,,
31.605,-0.172359881,-0.388990253,-0.550930016,,,,,,,,,,
31.61,-0.16613366,-0.374611154,-0.530399934,,,,,,,,,,
31.615,-0.15929205,-0.358846937,-0.507910192,,,,,,,,,,
31.62,-0.151862053,-0.341759909,-0.483549784,,,,,,,,,,
31.625,-0.143872692,-0.323417165,-0.457414317,,,,,,,,,,
31.63,-0.135355206,-0.303890113,-0.429606118,,,,,,,,,,
31.635,-0.126342585,-0.283255064,-0.40023357,,,,,,,,,,
31.64,-0.116869715,-0.261592008,-0.369410529,,,,,,,,,,
31.645,-0.106973379,-0.238984525,-0.337256229,,,,,,,,,,
31.65,-0.096691504,-0.215519834,-0.303894743,,,,,,,,,,
31.655,-0.08606364,-0.191288235,-0.269453948,,,,,,,,,,
31.66,-0.075130601,-0.166382398,-0.234066094,,,,,,,,,,
31.665,-0.063933898,-0.140897721,-0.197866445,,,,,,,,,,
31.67,-0.052516491,-0.114931606,-0.160992941,,,,,,,,,,
31.675,-0.040921859,-0.088582775,-0.123585784,,,,,,,,,,
31.68,-0.029193916,-0.061951239,-0.085787111,,,,,,,,,,
31.685,-0.017377339,-0.035138047,-0.047739949,,,,,,,,,,
31.69,-0.005516997,-0.008244619,-0.009588134,,,,,,,,,,
31.695,0.006342403,0.018627639,0.028524473,,,,,,,,,,
31.7,0.018155905,0.045377622,0.066454594,,,,,,,,,,
31.705,0.029879138,0.071904583,0.104059878,,,,,,,,,,
31.71,0.041467808,0.098109174,0.141199199,,,,,,,,,,
31.715,0.052878487,0.123893365,0.177734028,,,,,,,,,,
31.72,0.06406832,0.149160799,0.213528105,,,,,,,,,,
31.725,0.074995583,0.173817264,0.248448144,,,,,,,,,,
31.73,0.085619482,0.197771251,0.282364734,,,,,,,,,,
31.735,0.095900465,0.220933757,0.315152269,,,,,,,,,,
31.74,0.105800475,0.243219144,0.346689719,,,,,,,,,,
31.745,0.11528282,0.264545275,0.376861031,,,,,,,,,,
31.75,0.124312394,0.28483383,0.405555727,,,,,,,,,,
31.755,0.132856029,0.304010376,0.432668614,,,,,,,,,,
31.76,0.14088252,0.322005009,0.458101116,,,,,,,,,,
31.765,0.148362251,0.338752424,0.481761021,,,,,,,,,,
31.77,0.155268248,0.354191914,0.503562926,,,,,,,,,,
31.775,0.161575546,0.368268065,0.523428532,,,,,,,,,,
31.78,0.167261418,0.380930823,0.541287168,,,,,,,,,,
31.785,0.172305531,0.392135194,0.557075582,,,,,,,,,,
31.79,0.17669027,0.401841794,0.57073852,,,,,,,,,,
31.795,0.180400362,0.410017333,0.582228999,,,,,,,,,,
31.8,0.183423082,0.416634136,0.591508256,,,,,,,,,,
31.805,0.185748591,0.42167005,0.598545537,,,,,,,,,,
31.81,0.187369402,0.425109463,0.603318944,,,,,,,,,,
31.815,0.18828084,0.426942828,0.605815133,,,,,,,,,,
31.82,0.188480948,0.427166145,0.606028999,,,,,,,,,,
31.825,0.187970443,0.425781777,0.603964324,,,,,,,,,,
31.83,0.186752661,0.422798485,0.599633258,,,,,,,,,,
31.835,0.184833664,0.418230385,0.593056463,,,,,,,,,,
31.84,0.182222154,0.412097602,0.584262846,,,,,,,,,,
31.845,0.178929361,0.40442691,0.57329004,,,,,,,,,,
31.85,0.174969111,0.395250021,0.560183194,,,,,,,,,,
31.855,0.170357748,0.384604097,0.544995573,,,,,,,,,,
31.86,0.165114085,0.372532529,0.527788413,,,,,,,,,,
31.865,0.159259056,0.359083543,0.508630224,,,,,,,,,,
31.87,0.15281627,0.344310024,0.487596548,,,,,,,,,,
31.875,0.145811197,0.328270512,0.464770012,,,,,,,,,,
31.88,0.138271344,0.311027903,0.440239853,,,,,,,,,,
31.885,0.130226413,0.29264908,0.41410122,,,,,,,,,,
31.89,0.121707847,0.273205553,0.386455384,,,,,,,,,,
31.895,0.11274868,0.252772746,0.357409224,,,,,,,,,,
31.9,0.103383752,0.231429135,0.327074168,,,,,,,,,,
31.905,0.093649159,0.20925681,0.295566673,,,,,,,,,,
31.91,0.08358234,0.18634101,0.263007433,,,,,,,,,,
31.915,0.073221957,0.162769332,0.229520548,,,,,,,,,,
31.92,0.062607644,0.138631526,0.195233477,,,,,,,,,,
31.925,0.051779959,0.114019753,0.160276612,,,,,,,,,,
31.93,0.040780226,0.089027422,0.124782397,,,,,,,,,,
31.935,0.02965018,0.063749026,0.088885056,,,,,,,,,,
31.94,0.018432068,0.038280288,0.052720362,,,,,,,,,,
31.945,0.007168358,0.012717588,0.016424583,,,,,,,,,,
31.95,-0.004098459,-0.01284317,-0.019865818,,,,,,,,,,
31.955,-0.015325914,-0.038305732,-0.056014299,,,,,,,,,,
31.96,-0.026471851,-0.063574481,-0.091885442,,,,,,,,,,
31.965,-0.037494333,-0.08855486,-0.127344928,,,,,,,,,,
31.97,-0.048352232,-0.113153619,-0.162260281,,,,,,,,,,
31.975,-0.059004956,-0.137278776,-0.19650135,,,,,,,,,,
31.98,-0.069412996,-0.160840691,-0.229940758,,,,,,,,,,
31.985,-0.079537607,-0.183751853,-0.26245428,,,,,,,,,,
31.99,-0.08934144,-0.205927277,-0.293921278,,,,,,,,,,
31.995,-0.098788212,-0.227285024,-0.324225651,,,,,,,,,,
32,-0.107843159,-0.247746499,-0.353255493,,,,,,,,,,
32.005,-0.11647305,-0.267236373,-0.380903907,,,,,,,,,,
32.01,-0.124646418,-0.28568321,-0.407069591,,,,,,,,,,
32.015,-0.132333375,-0.303019645,-0.431656776,,,,,,,,,,
32.02,-0.139506154,-0.319182762,-0.454575823,,,,,,,,,,
32.025,-0.146138921,-0.334113972,-0.475743699,,,,,,,,,,
32.03,-0.152207764,-0.34775958,-0.495083823,,,,,,,,,,
32.035,-0.157691183,-0.360070765,-0.512526716,,,,,,,,,,
32.04,-0.162569724,-0.371003793,-0.528010231,,,,,,,,,,
32.045,-0.166826337,-0.380520095,-0.541479877,,,,,,,,,,
32.05,-0.170446431,-0.388586738,-0.552888276,,,,,,,,,,
32.055,-0.173417765,-0.3951761,-0.562196424,,,,,,,,,,
32.06,-0.175730505,-0.400266097,-0.569372937,,,,,,,,,,
32.065,-0.177377445,-0.403840619,-0.57439457,,,,,,,,,,
32.07,-0.178353854,-0.405889217,-0.577246417,,,,,,,,,,
32.075,-0.178657428,-0.40640682,-0.577921561,,,,,,,,,,
32.08,-0.178288394,-0.405394486,-0.576421227,,,,,,,,,,
32.085,-0.177249663,-0.402859102,-0.572755063,,,,,,,,,,
32.09,-0.175546421,-0.398812841,-0.566940774,,,,,,,,,,
32.095,-0.173186371,-0.393273862,-0.559003904,,,,,,,,,,
32.1,-0.170179915,-0.386266126,-0.548978089,,,,,,,,,,
32.105,-0.166539539,-0.377818456,-0.536904804,,,,,,,,,,
32.11,-0.162280255,-0.367965429,-0.522832974,,,,,,,,,,
32.115,-0.157419385,-0.356746838,-0.506819165,,,,,,,,,,
32.12,-0.151976317,-0.34420737,-0.488927176,,,,,,,,,,
32.125,-0.145972644,-0.330396542,-0.469227535,,,,,,,,,,
32.13,-0.139432116,-0.315368777,-0.44779764,,,,,,,,,,
32.135,-0.132380344,-0.299182913,-0.424721247,,,,,,,,,,
32.14,-0.124844759,-0.281901844,-0.400088134,,,,,,,,,,
32.145,-0.116854779,-0.26359269,-0.373993734,,,,,,,,,,
32.15,-0.108441285,-0.244326296,-0.346538839,,,,,,,,,,
32.155,-0.099636551,-0.224176768,-0.317829174,,,,,,,,,,
32.16,-0.090474376,-0.203221476,-0.287975043,,,,,,,,,,
32.165,-0.080989939,-0.181540963,-0.257090916,,,,,,,,,,
32.17,-0.071219227,-0.159217935,-0.225294766,,,,,,,,,,
32.175,-0.061199564,-0.136337467,-0.192707865,,,,,,,,,,
32.18,-0.050969047,-0.1129868,-0.159454374,,,,,,,,,,
32.185,-0.040566462,-0.089254599,-0.125660541,,,,,,,,,,
32.19,-0.030031105,-0.065230653,-0.09145456,,,,,,,,,,
32.195,-0.01940279,-0.041005938,-0.056965962,,,,,,,,,,
32.2,-0.008721474,-0.016671883,-0.022324985,,,,,,,,,,
32.205,0.001972687,0.007679995,0.012337753,,,,,,,,,,
32.21,0.012639522,0.03195797,0.046891548,,,,,,,,,,
32.215,0.023239155,0.056071011,0.0812067,,,,,,,,,,
32.22,0.033731898,0.079928869,0.115154628,,,,,,,,,,
32.225,0.044078567,0.103442219,0.148608082,,,,,,,,,,
32.23,0.054240747,0.126523376,0.181442129,,,,,,,,,,
32.235,0.064180661,0.149086385,0.213534407,,,,,,,,,,
32.24,0.07386148,0.171047384,0.244765357,,,,,,,,,,
32.245,0.083247536,0.192325051,0.275019109,,,,,,,,,,
32.25,0.092304124,0.212840652,0.304183683,,,,,,,,,,
32.255,0.100997822,0.232518463,0.33215119,,,,,,,,,,
32.26,0.109296854,0.251286235,0.358818712,,,,,,,,,,
32.265,0.11717066,0.269074959,0.384088334,,,,,,,,,,
32.27,0.124590554,0.285819738,0.40786757,,,,,,,,,,
32.275,0.131529479,0.301459655,0.43006971,,,,,,,,,,
32.28,0.137962426,0.315937914,0.450614103,,,,,,,,,,
32.285,0.143866083,0.329202263,0.46942647,,,,,,,,,,
32.29,0.149219297,0.341205425,0.486439421,,,,,,,,,,
32.295,0.154003009,0.351904355,0.501592213,,,,,,,,,,
32.3,0.158200173,0.361261298,0.514831331,,,,,,,,,,
32.305,0.161796128,0.369243719,0.526110646,,,,,,,,,,
32.31,0.164778543,0.375824153,0.535391502,,,,,,,,,,
32.315,0.167137183,0.380980344,0.542642518,,,,,,,,,,
32.32,0.168864333,0.384695768,0.547840545,,,,,,,,,,
32.325,0.169954761,0.386959106,0.550969764,,,,,,,,,,
32.33,0.17040543,0.387764525,0.552022264,,,,,,,,,,
32.335,0.17021561,0.387111712,0.550998108,,,,,,,,,,
32.34,0.169387191,0.385005829,0.547905188,,,,,,,,,,
32.345,0.167924404,0.381457575,0.542758928,,,,,,,,,,
32.35,0.165833652,0.376482802,0.535582617,,,,,,,,,,
32.355,0.163123961,0.370102961,0.52640712,,,,,,,,,,
32.36,0.15980653,0.362344761,0.515270747,,,,,,,,,,
32.365,0.1558948,0.353239687,0.502218989,,,,,,,,,,
32.37,0.151404507,0.342824482,0.487304763,,,,,,,,,,
32.375,0.146353492,0.331140863,0.470587534,,,,,,,,,,
32.38,0.140761438,0.318234746,0.452133594,,,,,,,,,,
32.385,0.134650449,0.304156866,0.432015722,,,,,,,,,,
32.39,0.128044185,0.288962559,0.410312655,,,,,,,,,,
32.395,0.12096831,0.27271056,0.387108866,,,,,,,,,,
32.4,0.113450161,0.255463811,0.362494429,,,,,,,,,,
32.405,0.105518737,0.237289283,0.336564557,,,,,,,,,,
32.41,0.097204431,0.218256597,0.309419069,,,,,,,,,,
32.415,0.088539088,0.198438618,0.281162334,,,,,,,,,,
32.42,0.079555725,0.177911577,0.251902621,,,,,,,,,,
32.425,0.070288545,0.156753602,0.22175155,,,,,,,,,,
32.43,0.060772781,0.135045051,0.190824154,,,,,,,,,,
32.435,0.051044663,0.112868738,0.1592381,,,,,,,,,,
32.44,0.041140916,0.090308623,0.127112935,,,,,,,,,,
32.445,0.031099109,0.067449823,0.094570377,,,,,,,,,,
32.45,0.020957157,0.044378876,0.061733378,,,,,,,,,,
32.455,0.010753273,0.021182707,0.028725674,,,,,,,,,,
32.46,0.000525847,-0.002051597,-0.004328602,,,,,,,,,,
32.465,-0.009686691,-0.025236944,-0.037305199,,,,,,,,,,
32.47,-0.019846067,-0.048286145,-0.070080754,,,,,,,,,,
32.475,-0.029914182,-0.071113304,-0.102532695,,,,,,,,,,
32.48,-0.039853302,-0.093633213,-0.134539951,,,,,,,,,,
32.485,-0.04962647,-0.115761817,-0.165983416,,,,,,,,,,
32.49,-0.059197243,-0.137416903,-0.196746309,,,,,,,,,,
32.495,-0.068530026,-0.158518375,-0.226714698,,,,,,,,,,
32.5,-0.077590118,-0.178987894,-0.255777797,,,,,,,,,,
32.505,-0.086344147,-0.198749966,-0.283828235,,,,,,,,,,
32.51,-0.094759589,-0.2177319,-0.310763046,,,,,,,,,,
32.515,-0.102805492,-0.235863952,-0.336483534,,,,,,,,,,
32.52,-0.110452265,-0.253079658,-0.360895479,,,,,,,,,,
32.525,-0.117671783,-0.269316211,-0.383910095,,,,,,,,,,
32.53,-0.124437607,-0.28451458,-0.405443917,,,,,,,,,,
32.535,-0.13072527,-0.29861974,-0.425418996,,,,,,,,,,
32.54,-0.136511893,-0.311580861,-0.443763552,,,,,,,,,,
32.545,-0.141776403,-0.323351476,-0.460412232,,,,,,,,,,
32.55,-0.146500219,-0.33388964,-0.475305702,,,,,,,,,,
32.555,-0.150666394,-0.343158091,-0.488391546,,,,,,,,,,
32.56,-0.154260163,-0.351124371,-0.499624575,,,,,,,,,,
32.565,-0.157269124,-0.357761212,-0.508966008,,,,,,,,,,
32.57,-0.159682988,-0.363045877,-0.516384555,,,,,,,,,,
32.575,-0.161493619,-0.366961177,-0.521856113,,,,,,,,,,
32.58,-0.16269541,-0.369495016,-0.525363951,,,,,,,,,,
32.585,-0.163284869,-0.370640313,-0.526898597,,,,,,,,,,
32.59,-0.163260802,-0.370395227,-0.526458134,,,,,,,,,,
32.595,-0.162624425,-0.368763424,-0.524047959,,,,,,,,,,
32.6,-0.16137915,-0.365753353,-0.51968073,,,,,,,,,,
32.605,-0.159530634,-0.36137876,-0.513376501,,,,,,,,,,
32.61,-0.157087048,-0.355658738,-0.505162565,,,,,,,,,,
32.615,-0.154058609,-0.348617059,-0.495073103,,,,,,,,,,
32.62,-0.150457644,-0.340282289,-0.483149446,,,,,,,,,,
32.625,-0.146298763,-0.330688208,-0.469439525,,,,,,,,,,
32.63,-0.141598716,-0.319872914,-0.453998079,,,,,,,,,,
32.635,-0.136375941,-0.30787906,-0.436885999,,,,,,,,,,
32.64,-0.130651099,-0.294753711,-0.41817043,,,,,,,,,,
32.645,-0.124446503,-0.280548022,-0.397924306,,,,,,,,,,
32.65,-0.117786539,-0.265317044,-0.376226058,,,,,,,,,,
32.655,-0.110697,-0.249119903,-0.353159607,,,,,,,,,,
32.66,-0.103205185,-0.232018672,-0.328813635,,,,,,,,,,
32.665,-0.095340105,-0.214079092,-0.303281403,,,,,,,,,,
32.67,-0.087131927,-0.195369918,-0.276660666,,,,,,,,,,
32.675,-0.078611976,-0.175962497,-0.249052861,,,,,,,,,,
32.68,-0.069812953,-0.155930579,-0.220562945,,,,,,,,,,
32.685,-0.060768378,-0.135350537,-0.191299034,,,,,,,,,,
32.69,-0.051512641,-0.114300272,-0.161371922,,,,,,,,,,
32.695,-0.042081048,-0.092859248,-0.130894532,,,,,,,,,,
32.7,-0.032509245,-0.071108689,-0.099981783,,,,,,,,,,
32.705,-0.022833426,-0.04913053,-0.068750181,,,,,,,,,,
32.71,-0.013090188,-0.027007219,-0.03731681,,,,,,,,,,
32.715,-0.003316088,-0.00482188,-0.005799587,,,,,,,,,,
32.72,0.006452059,0.017342208,0.025683467,,,,,,,,,,
32.725,0.01617752,0.039402351,0.05701485,,,,,,,,,,
32.73,0.025823817,0.061275987,0.088077756,,,,,,,,,,
32.735,0.035355039,0.082881483,0.11875659,,,,,,,,,,
32.74,0.044735544,0.104138629,0.148937302,,,,,,,,,,
32.745,0.053930417,0.124968414,0.178508155,,,,,,,,,,
32.75,0.062905603,0.145293453,0.207359453,,,,,,,,,,
32.755,0.071627919,0.165038771,0.235384697,,,,,,,,,,
32.76,0.080065051,0.184131594,0.262480628,,,,,,,,,,
32.765,0.088185852,0.202501247,0.28854761,,,,,,,,,,
32.77,0.095960523,0.220080373,0.313489848,,,,,,,,,,
32.775,0.103360524,0.236804787,0.337216348,,,,,,,,,,
32.78,0.110358813,0.252613078,0.359640289,,,,,,,,,,
32.785,0.116929935,0.267447708,0.380680113,,,,,,,,,,
32.79,0.12305016,0.281255247,0.40025959,,,,,,,,,,
32.795,0.128697355,0.293985513,0.41830798,,,,,,,,,,
32.8,0.133851471,0.30559265,0.434760291,,,,,,,,,,
32.805,0.138493869,0.316035427,0.449557866,,,,,,,,,,
32.81,0.142608324,0.325276615,0.462648251,,,,,,,,,,
32.815,0.146180464,0.333283626,0.473985277,,,,,,,,,,
32.82,0.149197865,0.340028771,0.483529485,,,,,,,,,,
32.825,0.151650344,0.345489028,0.491248384,,,,,,,,,,
32.83,0.153530061,0.349646063,0.497115889,,,,,,,,,,
32.835,0.154830965,0.352486718,0.501113298,,,,,,,,,,
32.84,0.155549386,0.354002635,0.503228845,,,,,,,,,,
32.845,0.155683708,0.354190327,0.503457517,,,,,,,,,,
32.85,0.155234599,0.353051398,0.501801763,,,,,,,,,,
32.855,0.154204886,0.350592574,0.498270914,,,,,,,,,,
32.86,0.152599504,0.346825264,0.492881183,,,,,,,,,,
32.865,0.150425755,0.341765745,0.485655781,,,,,,,,,,
32.87,0.147692872,0.335435431,0.47662479,,,,,,,,,,
32.875,0.144412306,0.327860128,0.465824932,,,,,,,,,,
32.88,0.140597383,0.319070283,0.453299509,,,,,,,,,,
32.885,0.136263366,0.309101036,0.439098337,,,,,,,,,,
32.89,0.131427541,0.297991703,0.423277215,,,,,,,,,,
32.895,0.126109014,0.285785738,0.405897946,,,,,,,,,,
32.9,0.120328584,0.27253084,0.387028279,,,,,,,,,,
32.905,0.114108985,0.258278566,0.366741095,,,,,,,,,,
32.91,0.10747439,0.243083888,0.345114756,,,,,,,,,,
32.915,0.100450289,0.227005452,0.322232195,,,,,,,,,,
32.92,0.093063879,0.210104877,0.298181316,,,,,,,,,,
32.925,0.085343375,0.19244711,0.273053995,,,,,,,,,,
32.93,0.07731837,0.174099396,0.246946091,,,,,,,,,,
32.935,0.069019339,0.155131736,0.219956997,,,,,,,,,,
32.94,0.060478054,0.135616196,0.192189089,,,,,,,,,,
32.945,0.051726834,0.115626893,0.163747651,,,,,,,,,,
32.95,0.042798966,0.095239564,0.134740324,,,,,,,,,,
32.955,0.0337282,0.074531255,0.105276577,,,,,,,,,,
32.96,0.024548533,0.053580168,0.075467603,,,,,,,,,,
32.965,0.015294673,0.032464942,0.04542559,,,,,,,,,,
32.97,0.006001279,0.011265213,0.015263553,,,,,,,,,,
32.975,-0.003296808,-0.009939577,-0.014905318,,,,,,,,,,
32.98,-0.012564923,-0.031069915,-0.044967969,,,,,,,,,,
32.985,-0.021768183,-0.052046852,-0.074811979,,,,,,,,,,
32.99,-0.030872493,-0.072791806,-0.1043259,,,,,,,,,,
32.995,-0.039843991,-0.09322762,-0.133399588,,,,,,,,,,
33,-0.048649334,-0.113278278,-0.161924841,,,,,,,,,,
33.005,-0.057256081,-0.132869108,-0.189795572,,,,,,,,,,
33.01,-0.065632308,-0.15192777,-0.216908295,,,,,,,,,,
33.015,-0.073747398,-0.170383686,-0.243162826,,,,,,,,,,
33.02,-0.081571274,-0.188168667,-0.268461833,,,,,,,,,,
33.025,-0.089075297,-0.205217133,-0.292712259,,,,,,,,,,
33.03,-0.096231981,-0.221466633,-0.315824788,,,,,,,,,,
33.035,-0.103015266,-0.236857581,-0.337714693,,,,,,,,,,
33.04,-0.10940048,-0.251333859,-0.358301811,,,,,,,,,,
33.045,-0.11536452,-0.264842786,-0.377511054,,,,,,,,,,
33.05,-0.120885985,-0.27733543,-0.395272641,,,,,,,,,,
33.055,-0.125944896,-0.288766787,-0.411522277,,,,,,,,,,
33.06,-0.130523451,-0.29909579,-0.426201692,,,,,,,,,,
33.065,-0.13460508,-0.308285721,-0.439258281,,,,,,,,,,
33.07,-0.138175641,-0.316303917,-0.450645714,,,,,,,,,,
33.075,-0.141222587,-0.323122531,-0.460324201,,,,,,,,,,
33.08,-0.143735715,-0.328718137,-0.468260155,,,,,,,,,,
33.085,-0.145706417,-0.333071891,-0.47442669,,,,,,,,,,
33.09,-0.147128404,-0.336169496,-0.478803639,,,,,,,,,,
33.095,-0.147997483,-0.338001823,-0.48137752,,,,,,,,,,
33.1,-0.148311107,-0.338563942,-0.48214175,,,,,,,,,,
33.105,-0.148069212,-0.337856124,-0.481096526,,,,,,,,,,
33.11,-0.14727352,-0.335883273,-0.478248836,,,,,,,,,,
33.115,-0.145928209,-0.332654896,-0.473612258,,,,,,,,,,
33.12,-0.144039051,-0.328185396,-0.467207263,,,,,,,,,,
33.125,-0.14161421,-0.322493749,-0.459060972,,,,,,,,,,
33.13,-0.1386636,-0.315603354,-0.449206697,,,,,,,,,,
33.135,-0.135199317,-0.307542302,-0.437684394,,,,,,,,,,
33.14,-0.131234983,-0.298342732,-0.424540281,,,,,,,,,,
33.145,-0.126786244,-0.288041057,-0.409826279,,,,,,,,,,
33.15,-0.12187067,-0.27667799,-0.39360042,,,,,,,,,,
33.155,-0.116507325,-0.264297937,-0.375926212,,,,,,,,,,
33.16,-0.110717194,-0.250948983,-0.356872408,,,,,,,,,,
33.165,-0.104522394,-0.236683132,-0.336512738,,,,,,,,,,
33.17,-0.09794706,-0.221555279,-0.31492611,,,,,,,,,,
33.175,-0.091016126,-0.205623722,-0.292195455,,,,,,,,,,
33.18,-0.083756205,-0.188949673,-0.268408093,,,,,,,,,,
33.185,-0.076194897,-0.171596867,-0.243655282,,,,,,,,,,
33.19,-0.068360899,-0.153631412,-0.218031378,,,,,,,,,,
33.195,-0.060284036,-0.135121913,-0.191634147,,,,,,,,,,
33.2,-0.051994884,-0.116138724,-0.164564089,,,,,,,,,,
33.205,-0.043524773,-0.096753645,-0.136923724,,,,,,,,,,
33.21,-0.034905672,-0.077040211,-0.108817862,,,,,,,,,,
33.215,-0.026170142,-0.057072844,-0.080352828,,,,,,,,,,
33.22,-0.017350771,-0.036926694,-0.051635938,,,,,,,,,,
33.225,-0.008480821,-0.016677505,-0.022775532,,,,,,,,,,
33.23,0.000406495,0.003598417,0.006119966,,,,,,,,,,
33.235,0.009277863,0.023825351,0.03494211,,,,,,,,,,
33.24,0.018100277,0.043927513,0.063582992,,,,,,,,,,
33.245,0.026840754,0.063829769,0.0919354,,,,,,,,,,
33.25,0.035466552,0.083457824,0.119893582,,,,,,,,,,
33.255,0.043945933,0.102738875,0.147353449,,,,,,,,,,
33.26,0.052247266,0.121601229,0.174212845,,,,,,,,,,
33.265,0.060339864,0.13997498,0.200372193,,,,,,,,,,
33.27,0.068193867,0.15779223,0.22573455,,,,,,,,,,
33.275,0.075780051,0.174987248,0.250206459,,,,,,,,,,
33.28,0.083070668,0.191496764,0.273697754,,,,,,,,,,
33.285,0.090038816,0.207260084,0.296122114,,,,,,,,,,
33.29,0.096658904,0.222219816,0.317397514,,,,,,,,,,
33.295,0.102906622,0.236321075,0.337446258,,,,,,,,,,
33.3,0.108759558,0.249512796,0.356195359,,,,,,,,,,
33.305,0.114196078,0.261747369,0.373577114,,,,,,,,,,
33.31,0.119196635,0.272980561,0.389528807,,,,,,,,,,
33.315,0.123743217,0.283172017,0.40399327,,,,,,,,,,
33.32,0.127819606,0.292285751,0.416919109,,,,,,,,,,
33.325,0.131410974,0.300289499,0.428260988,,,,,,,,,,
33.33,0.134504918,0.307155047,0.437978995,,,,,,,,,,
33.335,0.137090644,0.312859097,0.446039915,,,,,,,,,,
33.34,0.139159158,0.317382419,0.452416759,,,,,,,,,,
33.345,0.140703693,0.320710006,0.457088466,,,,,,,,,,
33.35,0.141719223,0.322831553,0.460040891,,,,,,,,,,
33.355,0.142202706,0.323741716,0.461266287,,,,,,,,,,
33.36,0.142153251,0.323438938,0.460763156,,,,,,,,,,
33.365,0.141571853,0.321926441,0.458536581,,,,,,,,,,
33.37,0.140461416,0.31921246,0.454598225,,,,,,,,,,
33.375,0.13882702,0.315309194,0.448966112,,,,,,,,,,
33.38,0.136675774,0.310233124,0.44166417,,,,,,,,,,
33.385,0.134016359,0.304005785,0.432723134,,,,,,,,,,
33.39,0.130859585,0.296652453,0.422179451,,,,,,,,,,
33.395,0.127218148,0.288202285,0.410075399,,,,,,,,,,
33.4,0.123106411,0.278689316,0.396459471,,,,,,,,,,
33.405,0.118540416,0.268150947,0.381385352,,,,,,,,,,
33.41,0.11353809,0.256628113,0.364912017,,,,,,,,,,
33.415,0.108118937,0.24416593,0.347103725,,,,,,,,,,
33.42,0.102303812,0.230812846,0.328029782,,,,,,,,,,
33.425,0.096115191,0.216620048,0.307763603,,,,,,,,,,
33.43,0.089576817,0.201642236,0.286383202,,,,,,,,,,
33.435,0.082713797,0.185937002,0.26397083,,,,,,,,,,
33.44,0.075552196,0.169564094,0.240611896,,,,,,,,,,
33.445,0.068119498,0.152585875,0.216395606,,,,,,,,,,
33.45,0.060443786,0.135067105,0.191414177,,,,,,,,,,
33.455,0.05255436,0.117074146,0.165762134,,,,,,,,,,
33.46,0.044481189,0.09867487,0.139536588,,,,,,,,,,
33.465,0.036254628,0.07993899,0.11283671,,,,,,,,,,
33.47,0.027905783,0.060937122,0.085763115,,,,,,,,,,
33.475,0.019466317,0.041740404,0.058417439,,,,,,,,,,
33.48,0.010967757,0.02242115,0.030902513,,,,,,,,,,
33.485,0.002441967,0.003051688,0.003321301,,,,,,,,,,
33.49,-0.006078762,-0.016295639,-0.024223085,,,,,,,,,,
33.495,-0.014562819,-0.035548608,-0.051627928,,,,,,,,,,
33.5,-0.022978388,-0.054635306,-0.078791175,,,,,,,,,,
33.505,-0.03129399,-0.073484953,-0.105611863,,,,,,,,,,
33.51,-0.039478788,-0.092027582,-0.131990676,,,,,,,,,,
33.515,-0.047502323,-0.110194452,-0.157829752,,,,,,,,,,
33.52,-0.055334861,-0.127918328,-0.183033727,,,,,,,,,,
33.525,-0.062947375,-0.14513416,-0.20750989,,,,,,,,,,
33.53,-0.070311822,-0.161778183,-0.231168094,,,,,,,,,,
33.535,-0.077400881,-0.177789461,-0.253921648,,,,,,,,,,
33.54,-0.084188603,-0.193109412,-0.275687364,,,,,,,,,,
33.545,-0.090650038,-0.207682059,-0.29638591,,,,,,,,,,
33.55,-0.096761693,-0.221454195,-0.315941808,,,,,,,,,,
33.555,-0.102501082,-0.234376085,-0.334284482,,,,,,,,,,
33.56,-0.107847628,-0.246400953,-0.351347589,,,,,,,,,,
33.565,-0.112781936,-0.257485319,-0.367069711,,,,,,,,,,
33.57,-0.117286223,-0.267589673,-0.381394824,,,,,,,,,,
33.575,-0.121344338,-0.276678014,-0.394272091,,,,,,,,,,
33.58,-0.124941945,-0.284718005,-0.405655912,,,,,,,,,,
33.585,-0.128066494,-0.291681679,-0.415506686,,,,,,,,,,
33.59,-0.130707016,-0.297544966,-0.423790414,,,,,,,,,,
33.595,-0.132854553,-0.302287706,-0.430478873,,,,,,,,,,
33.6,-0.134502092,-0.305894263,-0.435550067,,,,,,,,,,
33.605,-0.135644197,-0.308353444,-0.438988128,,,,,,,,,,
33.61,-0.136277589,-0.309657543,-0.440782749,,,,,,,,,,
33.615,-0.136400747,-0.309803961,-0.440930417,,,,,,,,,,
33.62,-0.136014108,-0.308794218,-0.439433568,,,,,,,,,,
33.625,-0.135120166,-0.306634011,-0.436300406,,,,,,,,,,
33.63,-0.133723115,-0.303333187,-0.431545548,,,,,,,,,,
33.635,-0.131829105,-0.298906367,-0.425189596,,,,,,,,,,
33.64,-0.129446231,-0.293371809,-0.417258912,,,,,,,,,,
33.645,-0.126584216,-0.286751983,-0.407785704,,,,,,,,,,
33.65,-0.123254597,-0.279073574,-0.396808234,,,,,,,,,,
33.655,-0.119470723,-0.270366939,-0.38436978,,,,,,,,,,
33.66,-0.115247579,-0.260666145,-0.370519059,,,,,,,,,,
33.665,-0.110601772,-0.25000926,-0.355310449,,,,,,,,,,
33.67,-0.10555139,-0.238437625,-0.338802685,,,,,,,,,,
33.675,-0.100116197,-0.225995845,-0.321059365,,,,,,,,,,
33.68,-0.094317166,-0.212731809,-0.302148857,,,,,,,,,,
33.685,-0.088176569,-0.19869654,-0.282143489,,,,,,,,,,
33.69,-0.081717985,-0.183943376,-0.261119675,,,,,,,,,,
33.695,-0.074966105,-0.168528657,-0.239157384,,,,,,,,,,
33.7,-0.067946743,-0.152511036,-0.216340193,,,,,,,,,,
33.705,-0.06068656,-0.135951231,-0.192754274,,,,,,,,,,
33.71,-0.053213135,-0.118911688,-0.168488855,,,,,,,,,,
33.715,-0.045554855,-0.101457115,-0.143635448,,,,,,,,,,
33.72,-0.037740556,-0.083653107,-0.118287683,,,,,,,,,,
33.725,-0.029799841,-0.065566504,-0.092540709,,,,,,,,,,
33.73,-0.021762385,-0.047265316,-0.066491088,,,,,,,,,,
33.735,-0.013658332,-0.028818157,-0.040236517,,,,,,,,,,
33.74,-0.005518319,-0.010294011,-0.013875126,,,,,,,,,,
33.745,0.002627426,0.008237999,0.012494883,,,,,,,,,,
33.75,0.010748547,0.026708498,0.038775036,,,,,,,,,,
33.755,0.018814478,0.045048923,0.064867616,,,,,,,,,,
33.76,0.026795467,0.063191016,0.090675876,,,,,,,,,,
33.765,0.034661957,0.081067479,0.116103831,,,,,,,,,,
33.77,0.042384697,0.098611951,0.141057294,,,,,,,,,,
33.775,0.049935354,0.11575985,0.165444372,,,,,,,,,,
33.78,0.057285939,0.132447613,0.189174793,,,,,,,,,,
33.785,0.064409459,0.148613667,0.212161081,,,,,,,,,,
33.79,0.07127975,0.164198805,0.23431903,,,,,,,,,,
33.795,0.077871603,0.179145715,0.255567218,,,,,,,,,,
33.8,0.084161001,0.193399524,0.275827698,,,,,,,,,,
33.805,0.090125148,0.20690847,0.295026738,,,,,,,,,,
33.81,0.095742341,0.219623333,0.313094297,,,,,,,,,,
33.815,0.100992328,0.231497658,0.329964525,,,,,,,,,,
33.82,0.105856342,0.242488827,0.345576723,,,,,,,,,,
33.825,0.110316706,0.252557257,0.359874666,,,,,,,,,,
33.83,0.114357643,0.261666433,0.372806708,,,,,,,,,,
33.835,0.117964848,0.269784254,0.384327003,,,,,,,,,,
33.84,0.121125634,0.276881939,0.394394797,,,,,,,,,,
33.845,0.123829146,0.282934619,0.402974554,,,,,,,,,,
33.85,0.126066205,0.28792129,0.410036605,,,,,,,,,,
33.855,0.127829124,0.291825242,0.415556999,,,,,,,,,,
33.86,0.12911239,0.294633379,0.41951736,,,,,,,,,,
33.865,0.129912043,0.296337132,0.421905323,,,,,,,,,,
33.87,0.130225726,0.296931725,0.422714585,,,,,,,,,,
33.875,0.130053276,0.296416777,0.421944327,,,,,,,,,,
33.88,0.129396247,0.294795881,0.419599764,,,,,,,,,,
33.885,0.128257867,0.292076834,0.415692156,,,,,,,,,,
33.89,0.126643393,0.288271695,0.410238385,,,,,,,,,,
33.895,0.124559476,0.283396237,0.403261014,,,,,,,,,,
33.9,0.122014909,0.277470244,0.394788499,,,,,,,,,,
33.905,0.119019774,0.270517657,0.384854778,,,,,,,,,,
33.91,0.115586001,0.262565973,0.373499016,,,,,,,,,,
33.915,0.111727135,0.253646176,0.360765864,,,,,,,,,,
33.92,0.107458385,0.243793441,0.346704982,,,,,,,,,,
33.925,0.102796184,0.233045922,0.331370721,,,,,,,,,,
33.93,0.09775884,0.221444951,0.314822284,,,,,,,,,,
33.935,0.092365585,0.209035471,0.297123279,,,,,,,,,,
33.94,0.086637085,0.195865034,0.278341667,,,,,,,,,,
33.945,0.080595365,0.181983813,0.258549103,,,,,,,,,,
33.95,0.074263194,0.167444897,0.237821168,,,,,,,,,,
33.955,0.067664691,0.152303623,0.216236691,,,,,,,,,,
33.96,0.060824999,0.13661735,0.193877574,,,,,,,,,,
33.965,0.053769943,0.120445742,0.170828541,,,,,,,,,,
33.97,0.046526131,0.103849871,0.147176824,,,,,,,,,,
33.975,0.039120997,0.086892409,0.123011612,,,,,,,,,,
33.98,0.031582262,0.069637288,0.098424008,,,,,,,,,,
33.985,0.02393821,0.05214944,0.073506728,,,,,,,,,,
33.99,0.016217498,0.03449453,0.048353361,,,,,,,,,,
33.995,0.008448914,0.016738812,0.023058323,,,,,,,,,,
34,0.000661572,-0.001051231,-0.002283578,,,,,,,,,,
34.005,-0.007115359,-0.018809002,-0.027577567,,,,,,,,,,
34.01,-0.014853079,-0.036468093,-0.052729038,,,,,,,,,,
34.015,-0.022522716,-0.053962764,-0.077644137,,,,,,,,,,
34.02,-0.030095688,-0.071227739,-0.10223012,,,,,,,,,,
34.025,-0.037544168,-0.088199002,-0.12639536,,,,,,,,,,
34.03,-0.04484056,-0.104813426,-0.150050131,,,,,,,,,,
34.035,-0.051957771,-0.121009513,-0.173106665,,,,,,,,,,
34.04,-0.058869716,-0.136727343,-0.195479621,,,,,,,,,,
34.045,-0.065550742,-0.151908879,-0.21708625,,,,,,,,,,
34.05,-0.071976297,-0.166498005,-0.237847067,,,,,,,,,,
34.055,-0.078122831,-0.180441383,-0.257685415,,,,,,,,,,
34.06,-0.083967789,-0.193687594,-0.276528541,,,,,,,,,,
34.065,-0.089489891,-0.206188285,-0.294307392,,,,,,,,,,
34.07,-0.094669051,-0.217898025,-0.310957015,,,,,,,,,,
34.075,-0.099486455,-0.228774142,-0.326416817,,,,,,,,,,
34.08,-0.103924601,-0.238777001,-0.340630695,,,,,,,,,,
34.085,-0.107967476,-0.247870968,-0.353547436,,,,,,,,,,
34.09,-0.111600514,-0.256023077,-0.365120612,,,,,,,,,,
34.095,-0.114810819,-0.263204354,-0.375309022,,,,,,,,,,
34.1,-0.1175869,-0.269389535,-0.38407656,,,,,,,,,,
34.105,-0.11991921,-0.274557072,-0.391392618,,,,,,,,,,
34.11,-0.12179966,-0.278689044,-0.397231996,,,,,,,,,,
34.115,-0.123221866,-0.281771875,-0.401575058,,,,,,,,,,
34.12,-0.124181116,-0.283795454,-0.404408039,,,,,,,,,,
34.125,-0.124674449,-0.284754007,-0.405722584,,,,,,,,,,
34.13,-0.12470076,-0.284645474,-0.405516091,,,,,,,,,,
34.135,-0.12426043,-0.283471972,-0.403791838,,,,,,,,,,
34.14,-0.12335591,-0.281239709,-0.400558617,,,,,,,,,,
34.145,-0.121991233,-0.27795862,-0.395830861,,,,,,,,,,
34.15,-0.120172312,-0.273642593,-0.389628558,,,,,,,,,,
34.155,-0.117906368,-0.26830969,-0.381977464,,,,,,,,,,
34.16,-0.115202602,-0.261981238,-0.372908321,,,,,,,,,,
34.165,-0.112071726,-0.254682393,-0.362457549,,,,,,,,,,
34.17,-0.108526091,-0.246442442,-0.350666576,,,,,,,,,,
34.175,-0.104579277,-0.237293316,-0.337581538,,,,,,,,,,
34.18,-0.100246949,-0.22727073,-0.323253636,,,,,,,,,,
34.185,-0.09554579,-0.216413986,-0.307738485,,,,,,,,,,
34.19,-0.090493919,-0.204764915,-0.291096225,,,,,,,,,,
34.195,-0.085110741,-0.192368191,-0.273390911,,,,,,,,,,
34.2,-0.079416905,-0.179271726,-0.254690635,,,,,,,,,,
34.205,-0.073434064,-0.165525659,-0.235067274,,,,,,,,,,
34.21,-0.067185047,-0.151182236,-0.214595675,,,,,,,,,,
34.215,-0.060693645,-0.136296419,-0.193354112,,,,,,,,,,
34.22,-0.053984508,-0.120924805,-0.171423385,,,,,,,,,,
34.225,-0.04708315,-0.105125692,-0.148886709,,,,,,,,,,
34.23,-0.040015837,-0.088958959,-0.125829694,,,,,,,,,,
34.235,-0.032809149,-0.072485904,-0.102339463,,,,,,,,,,
34.24,-0.025490291,-0.055768547,-0.07850493,,,,,,,,,,
34.245,-0.018087051,-0.038869925,-0.054415907,,,,,,,,,,
34.25,-0.010626975,-0.02185373,-0.030163201,,,,,,,,,,
34.255,-0.003138294,-0.004783793,-0.005837896,,,,,,,,,,
34.26,0.004350747,0.012275866,0.018468686,,,,,,,,,,
34.265,0.011812154,0.029261146,0.042665347,,,,,,,,,,
34.27,0.019217922,0.046108594,0.066661895,,,,,,,,,,
34.275,0.026540183,0.062755599,0.090368471,,,,,,,,,,
34.28,0.033751858,0.079139688,0.113696778,,,,,,,,,,
34.285,0.04082587,0.095200098,0.136560016,,,,,,,,,,
34.29,0.047735926,0.110877372,0.1588732,,,,,,,,,,
34.295,0.054456379,0.126113232,0.180553765,,,,,,,,,,
34.3,0.060962168,0.140851173,0.201521392,,,,,,,,,,
34.305,0.067229062,0.155037203,0.221698867,,,,,,,,,,
34.31,0.073234008,0.16861869,0.2410118,,,,,,,,,,
34.315,0.078954789,0.18154579,0.259389314,,,,,,,,,,
34.32,0.084370246,0.193771416,0.276764167,,,,,,,,,,
34.325,0.08946065,0.205250798,0.293072956,,,,,,,,,,
34.33,0.094207371,0.21594203,0.308256297,,,,,,,,,,
34.335,0.098593063,0.225806702,0.322259217,,,,,,,,,,
34.34,0.102601595,0.234809006,0.335031468,,,,,,,,,,
34.345,0.106218691,0.242916606,0.346527202,,,,,,,,,,
34.35,0.109431336,0.250100794,0.356705529,,,,,,,,,,
34.355,0.112227874,0.256336175,0.365530736,,,,,,,,,,
34.36,0.11459858,0.261600709,0.372971944,,,,,,,,,,
34.365,0.116535386,0.265876783,0.379003664,,,,,,,,,,
34.37,0.118031497,0.269149876,0.383605979,,,,,,,,,,
34.375,0.119081979,0.271409366,0.386763853,,,,,,,,,,
34.38,0.119683784,0.272648416,0.388468103,,,,,,,,,,
34.385,0.119835059,0.272864453,0.388714984,,,,,,,,,,
34.39,0.119536194,0.272058124,0.387506184,,,,,,,,,,
34.395,0.118788965,0.270234254,0.384848522,,,,,,,,,,
34.4,0.117596863,0.267401537,0.38075481,,,,,,,,,,
34.405,0.115965216,0.263572338,0.375242727,,,,,,,,,,
34.41,0.11390102,0.258762563,0.368335385,,,,,,,,,,
34.415,0.111412491,0.252992114,0.360061287,,,,,,,,,,
34.42,0.108509853,0.246284248,0.350453897,,,,,,,,,,
34.425,0.105204782,0.238665483,0.339551288,,,,,,,,,,
34.43,0.101510222,0.23016618,0.32739687,,,,,,,,,,
34.435,0.097440824,0.220819726,0.314038477,,,,,,,,,,
34.44,0.093012612,0.210662501,0.29952793,,,,,,,,,,
34.445,0.088242933,0.199733944,0.283921882,,,,,,,,,,
34.45,0.083150234,0.188076679,0.267280803,,,,,,,,,,
34.455,0.077754268,0.17573525,0.24966863,,,,,,,,,,
34.46,0.07207596,0.162757257,0.231153181,,,,,,,,,,
34.465,0.066137038,0.149192602,0.211805584,,,,,,,,,,
34.47,0.059960319,0.135092939,0.191699626,,,,,,,,,,
34.475,0.053569617,0.120511951,0.17091179,,,,,,,,,,
34.48,0.046989252,0.105505405,0.149521509,,,,,,,,,,
34.485,0.040244422,0.090130257,0.12760977,,,,,,,,,,
34.49,0.033360896,0.074444441,0.105259444,,,,,,,,,,
34.495,0.026364643,0.058507665,0.082555262,,,,,,,,,,
34.5,0.019282224,0.042379925,0.059582789,,,,,,,,,,
34.505,0.012140592,0.026121907,0.036428442,,,,,,,,,,
34.51,0.004966586,0.009794771,0.013179306,,,,,,,,,,
34.515,-0.002212692,-0.00653994,-0.01007717,,,,,,,,,,
34.52,-0.009370263,-0.022821337,-0.033254325,,,,,,,,,,
34.525,-0.016478998,-0.038988487,-0.056265441,,,,,,,,,,
34.53,-0.02351253,-0.054980591,-0.079024316,,,,,,,,,,
34.535,-0.030444443,-0.070738456,-0.101446519,,,,,,,,,,
34.54,-0.03724885,-0.086203498,-0.123448736,,,,,,,,,,
34.545,-0.043900493,-0.101318036,-0.144949074,,,,,,,,,,
34.55,-0.050374661,-0.116026073,-0.165868129,,,,,,,,,,
34.555,-0.056647222,-0.130273658,-0.186128702,,,,,,,,,,
34.56,-0.06269511,-0.144007632,-0.205656056,,,,,,,,,,
34.565,-0.06849603,-0.157177706,-0.224378315,,,,,,,,,,
34.57,-0.074028463,-0.16973584,-0.242227216,,,,,,,,,,
34.575,-0.079272449,-0.181635707,-0.25913721,,,,,,,,,,
34.58,-0.084208728,-0.192833841,-0.275046536,,,,,,,,,,
34.585,-0.088819376,-0.203290055,-0.289897862,,,,,,,,,,
34.59,-0.093087739,-0.212966156,-0.303637292,,,,,,,,,,
34.595,-0.096998555,-0.221827104,-0.316215342,,,,,,,,,,
34.6,-0.100537684,-0.229841566,-0.327587131,,,,,,,,,,
34.605,-0.103692661,-0.236980852,-0.337712357,,,,,,,,,,
34.61,-0.106452508,-0.243219632,-0.346555254,,,,,,,,,,
34.615,-0.108807609,-0.248536424,-0.354084928,,,,,,,,,,
34.62,-0.110750025,-0.252912974,-0.360275909,,,,,,,,,,
34.625,-0.112273332,-0.256334292,-0.365107085,,,,,,,,,,
34.63,-0.113372643,-0.258789428,-0.368562909,,,,,,,,,,
34.635,-0.114044716,-0.260271134,-0.370633135,,,,,,,,,,
34.64,-0.114287864,-0.260775231,-0.371312319,,,,,,,,,,
34.645,-0.114102184,-0.260301687,-0.370600384,,,,,,,,,,
34.65,-0.113489176,-0.258854263,-0.368502698,,,,,,,,,,
34.655,-0.112452114,-0.256439999,-0.365029476,,,,,,,,,,
34.66,-0.110995876,-0.253069433,-0.360196066,,,,,,,,,,
34.665,-0.109126675,-0.248757346,-0.354023161,,,,,,,,,,
34.67,-0.106852437,-0.243521416,-0.346536427,,,,,,,,,,
34.675,-0.104182606,-0.237382665,-0.337765832,,,,,,,,,,
34.68,-0.101127856,-0.23036594,-0.327746828,,,,,,,,,,
34.685,-0.097700517,-0.222499213,-0.316519204,,,,,,,,,,
34.69,-0.09391444,-0.213813139,-0.304126833,,,,,,,,,,
34.695,-0.089784367,-0.204341914,-0.290618362,,,,,,,,,,
34.7,-0.085326635,-0.194122631,-0.276046435,,,,,,,,,,
34.705,-0.080558595,-0.183194526,-0.260467301,,,,,,,,,,
34.71,-0.075498849,-0.17159989,-0.243941047,,,,,,,,,,
34.715,-0.070166842,-0.159383621,-0.226531668,,,,,,,,,,
34.72,-0.064583064,-0.146592316,-0.208305447,,,,,,,,,,
34.725,-0.058769083,-0.133274693,-0.189332059,,,,,,,,,,
34.73,-0.052747221,-0.119482185,-0.169684199,,,,,,,,,,
34.735,-0.046540368,-0.105266936,-0.149436334,,,,,,,,,,
34.74,-0.040172165,-0.090682841,-0.128665167,,,,,,,,,,
34.745,-0.033666866,-0.075785391,-0.107449733,,,,,,,,,,
34.75,-0.027049003,-0.060631016,-0.085870075,,,,,,,,,,
34.755,-0.020343549,-0.045276504,-0.064007552,,,,,,,,,,
34.76,-0.013575777,-0.029780031,-0.041944587,,,,,,,,,,
34.765,-0.006771093,-0.014199938,-0.019764307,,,,,,,,,,
34.77,4.48E-05,0.001405503,0.002450477,,,,,,,,,,
34.775,0.006846466,0.016977746,0.024616355,,,,,,,,,,
34.78,0.013608517,0.032458319,0.046650224,,,,,,,,,,
34.785,0.020305794,0.047789604,0.068470191,,,,,,,,,,
34.79,0.026913254,0.062914603,0.089994813,,,,,,,,,,
34.795,0.03340666,0.07777671,0.111143821,,,,,,,,,,
34.8,0.039761889,0.092320901,0.131838887,,,,,,,,,,
34.805,0.045955445,0.1064935,0.15200348,,,,,,,,,,
34.81,0.051964476,0.120241693,0.171562703,,,,,,,,,,
34.815,0.057766938,0.133514748,0.190444581,,,,,,,,,,
34.82,0.063341582,0.146264262,0.208579835,,,,,,,,,,
34.825,0.068668064,0.158443018,0.22590151,,,,,,,,,,
34.83,0.073727097,0.170006321,0.242346272,,,,,,,,,,
34.835,0.078500215,0.18091247,0.257854264,,,,,,,,,,
34.84,0.082970339,0.191121506,0.272368845,,,,,,,,,,
34.845,0.087121258,0.200596201,0.285837346,,,,,,,,,,
34.85,0.090938174,0.209302761,0.298211572,,,,,,,,,,
34.855,0.094407259,0.217209908,0.309446754,,,,,,,,,,
34.86,0.097516689,0.224288935,0.319502795,,,,,,,,,,
34.865,0.100255215,0.230515325,0.32834436,,,,,,,,,,
34.87,0.102613489,0.235867293,0.335940309,,,,,,,,,,
34.875,0.104583663,0.240325955,0.34226418,,,,,,,,,,
34.88,0.106159003,0.243876349,0.347294728,,,,,,,,,,
34.885,0.107334205,0.246507017,0.351015391,,,,,,,,,,
34.89,0.108105954,0.248209351,0.35341433,,,,,,,,,,
34.895,0.108472069,0.2489786,0.354484985,,,,,,,,,,
34.9,0.108431728,0.248813873,0.354225745,,,,,,,,,,
34.905,0.107986163,0.247717143,0.352639654,,,,,,,,,,
34.91,0.107137689,0.24569407,0.349734942,,,,,,,,,,
34.915,0.105890311,0.242754162,0.345525001,,,,,,,,,,
34.92,0.104249302,0.238909993,0.340027626,,,,,,,,,,
34.925,0.10222169,0.234177185,0.333265686,,,,,,,,,,
34.93,0.099815553,0.228575197,0.325266678,,,,,,,,,,
34.935,0.097040579,0.22212678,0.316062919,,,,,,,,,,
34.94,0.093907984,0.214857095,0.305690626,,,,,,,,,,
34.945,0.090429946,0.206794973,0.294190773,,,,,,,,,,
34.95,0.086620098,0.197972203,0.281608552,,,,,,,,,,
34.955,0.082493362,0.188422911,0.267992642,,,,,,,,,,
34.96,0.078065729,0.178183957,0.253395951,,,,,,,,,,
34.965,0.073354,0.16729533,0.237874946,,,,,,,,,,
34.97,0.068376443,0.155798605,0.221489303,,,,,,,,,,
34.975,0.063152046,0.143737793,0.204301752,,,,,,,,,,
34.98,0.057700639,0.131159286,0.186378183,,,,,,,,,,
34.985,0.05204301,0.118111064,0.167787056,,,,,,,,,,
34.99,0.046200721,0.104642614,0.148598882,,,,,,,,,,
34.995,0.040195826,0.090805267,0.128886813,,,,,,,,,,
35,0.034050959,0.076651496,0.108725491,,,,,,,,,,
35.005,0.027789356,0.062234704,0.088191175,,,,,,,,,,
35.01,0.021434448,0.047609353,0.067361515,,,,,,,,,,
35.015,0.015010208,0.032830683,0.046315072,,,,,,,,,,
35.02,0.008540703,0.017954228,0.025130999,,,,,,,,,,
35.025,0.002050073,0.003035765,0.003888773,,,,,,,,,,
35.03,-0.004437247,-0.011868575,-0.017331662,,,,,,,,,,
35.035,-0.010897127,-0.026702994,-0.038451057,,,,,,,,,,
35.04,-0.017305486,-0.041412261,-0.059390455,,,,,,,,,,
35.045,-0.023638566,-0.055941346,-0.08007154,,,,,,,,,,
35.05,-0.029872806,-0.070236131,-0.100417425,,,,,,,,,,
35.055,-0.035985049,-0.084243617,-0.120352437,,,,,,,,,,
35.06,-0.041952708,-0.097911694,-0.13980242,,,,,,,,,,
35.065,-0.047753705,-0.1111897,-0.158695521,,,,,,,,,,
35.07,-0.053366651,-0.124028809,-0.176961953,,,,,,,,,,
35.075,-0.058770767,-0.136381386,-0.194534154,,,,,,,,,,
35.08,-0.063946321,-0.148202048,-0.211347449,,,,,,,,,,
35.085,-0.06887424,-0.159447633,-0.227340394,,,,,,,,,,
35.09,-0.073536622,-0.170076869,-0.24245414,,,,,,,,,,
35.095,-0.077916279,-0.180050775,-0.256633617,,,,,,,,,,
35.1,-0.081997396,-0.189333528,-0.269827446,,,,,,,,,,
35.105,-0.085765049,-0.197891223,-0.281987681,,,,,,,,,,
35.11,-0.089205729,-0.205692959,-0.293070505,,,,,,,,,,
35.115,-0.09230698,-0.212711067,-0.303036379,,,,,,,,,,
35.12,-0.095057655,-0.218920472,-0.311849677,,,,,,,,,,
35.125,-0.09744818,-0.224299055,-0.319479346,,,,,,,,,,
35.13,-0.099470031,-0.228828449,-0.325898801,,,,,,,,,,
35.135,-0.101116093,-0.232492927,-0.331086091,,,,,,,,,,
35.14,-0.102380958,-0.235280034,-0.335023729,,,,,,,,,,
35.145,-0.103260368,-0.237181074,-0.33769917,,,,,,,,,,
35.15,-0.103751417,-0.238190335,-0.339104461,,,,,,,,,,
35.155,-0.103853045,-0.238305385,-0.339236529,,,,,,,,,,
35.16,-0.103565448,-0.237527435,-0.338096898,,,,,,,,,,
35.165,-0.102890039,-0.235860947,-0.335692022,,,,,,,,,,
35.17,-0.101830086,-0.233313543,-0.332033093,,,,,,,,,,
35.175,-0.100390045,-0.229896201,-0.327135869,,,,,,,,,,
35.18,-0.098575859,-0.225623324,-0.321020682,,,,,,,,,,
35.185,-0.096394798,-0.22051228,-0.313712685,,,,,,,,,,
35.19,-0.093855602,-0.214583487,-0.305241109,,,,,,,,,,
35.195,-0.090968261,-0.207860608,-0.295639631,,,,,,,,,,
35.2,-0.087744112,-0.200370406,-0.284946189,,,,,,,,,,
35.205,-0.084195754,-0.192141726,-0.273202651,,,,,,,,,,
35.21,-0.080336847,-0.183206897,-0.260454655,,,,,,,,,,
35.215,-0.076182337,-0.173600698,-0.246751851,,,,,,,,,,
35.22,-0.071748234,-0.163360005,-0.232147117,,,,,,,,,,
35.225,-0.067051593,-0.152524128,-0.216696516,,,,,,,,,,
35.23,-0.062110253,-0.141135109,-0.200459558,,,,,,,,,,
35.235,-0.056943196,-0.129236112,-0.183498291,,,,,,,,,,
35.24,-0.051570154,-0.116872639,-0.165877392,,,,,,,,,,
35.245,-0.046011511,-0.104092037,-0.147664098,,,,,,,,,,
35.25,-0.040288339,-0.090942584,-0.128927605,,,,,,,,,,
35.255,-0.034422437,-0.077474217,-0.109738868,,,,,,,,,,
35.26,-0.028435984,-0.063738063,-0.090170722,,,,,,,,,,
35.265,-0.022351513,-0.049785942,-0.070297016,,,,,,,,,,
35.27,-0.016192178,-0.035670346,-0.050192662,,,,,,,,,,
35.275,-0.009981131,-0.0214447,-0.029933458,,,,,,,,,,
35.28,-0.003741728,-0.007162282,-0.009595567,,,,,,,,,,
35.285,0.002502459,0.007123305,0.010744844,,,,,,,,,,
35.29,0.008728095,0.021358452,0.031011383,,,,,,,,,,
35.295,0.014911712,0.035489902,0.051128287,,,,,,,,,,
35.3,0.021030235,0.049464963,0.07102055,,,,,,,,,,
35.305,0.027060795,0.063231497,0.090613848,,,,,,,,,,
35.31,0.032980831,0.076738253,0.109835398,,,,,,,,,,
35.315,0.038768081,0.089935063,0.128613749,,,,,,,,,,
35.32,0.044401367,0.10277298,0.146879274,,,,,,,,,,
35.325,0.049859462,0.115204583,0.164564459,,,,,,,,,,
35.33,0.055122159,0.127183874,0.181604016,,,,,,,,,,
35.335,0.060170113,0.138666743,0.197935044,,,,,,,,,,
35.34,0.064984528,0.149611044,0.213497654,,,,,,,,,,
35.345,0.069547694,0.159976643,0.22823485,,,,,,,,,,
35.35,0.073842866,0.169725712,0.242092687,,,,,,,,,,
35.355,0.077854236,0.178822672,0.25502073,,,,,,,,,,
35.36,0.081567117,0.187234544,0.266972174,,,,,,,,,,
35.365,0.084968236,0.194930993,0.277903746,,,,,,,,,,
35.37,0.088044989,0.201884373,0.287776213,,,,,,,,,,
35.375,0.090786546,0.208069807,0.296554463,,,,,,,,,,
35.38,0.093182999,0.213465509,0.304207234,,,,,,,,,,
35.385,0.095225924,0.218052494,0.310707801,,,,,,,,,,
35.39,0.096908109,0.22181487,0.316033774,,,,,,,,,,
35.395,0.098223906,0.224740101,0.32016718,,,,,,,,,,
35.4,0.099168846,0.22681845,0.323094377,,,,,,,,,,
35.405,0.099740051,0.228043546,0.324806422,,,,,,,,,,
35.41,0.099935933,0.228412356,0.325299044,,,,,,,,,,
35.415,0.099756302,0.2279249,0.324572273,,,,,,,,,,
35.42,0.099202633,0.226584403,0.322630868,,,,,,,,,,
35.425,0.098277375,0.224397324,0.319484171,,,,,,,,,,
35.43,0.096984684,0.221373274,0.315146009,,,,,,,,,,
35.435,0.095330184,0.217525024,0.309634485,,,,,,,,,,
35.44,0.093320497,0.212868354,0.302972328,,,,,,,,,,
35.445,0.09096379,0.207421999,0.295186393,,,,,,,,,,
35.45,0.088269735,0.201207923,0.286307583,,,,,,,,,,
35.455,0.085248797,0.194250484,0.276371095,,,,,,,,,,
35.46,0.081912995,0.186577074,0.265415912,,,,,,,,,,
35.465,0.078275461,0.178217757,0.253484731,,,,,,,,,,
35.47,0.074350293,0.169204876,0.240623883,,,,,,,,,,
35.475,0.070152737,0.159573232,0.226883141,,,,,,,,,,
35.48,0.065699197,0.149360335,0.212315452,,,,,,,,,,
35.485,0.06100667,0.13860509,0.196976685,,,,,,,,,,
35.49,0.056093401,0.127348788,0.180925662,,,,,,,,,,
35.495,0.050978181,0.11563471,0.164223672,,,,,,,,,,
35.5,0.04568063,0.103507277,0.146934485,,,,,,,,,,
35.505,0.040220923,0.091012662,0.129123658,,,,,,,,,,
35.51,0.034619985,0.078198473,0.110858929,,,,,,,,,,
35.515,0.028898976,0.065113211,0.092209628,,,,,,,,,,
35.52,0.023079704,0.051806229,0.07324597,,,,,,,,,,
35.525,0.017184361,0.038328074,0.05403975,,,,,,,,,,
35.53,0.011234975,0.024729321,0.034663346,,,,,,,,,,
35.535,0.005254335,0.011061232,0.015189582,,,,,,,,,,
35.54,-0.000735266,-0.002624763,-0.004308446,,,,,,,,,,
35.545,-0.006711259,-0.016277512,-0.023757474,,,,,,,,,,
35.55,-0.012651188,-0.029845752,-0.043084807,,,,,,,,,,
35.555,-0.018532676,-0.04327872,-0.062218256,,,,,,,,,,
35.56,-0.024334012,-0.056526467,-0.08108631,,,,,,,,,,
35.565,-0.030033305,-0.069539551,-0.099618753,,,,,,,,,,
35.57,-0.035609361,-0.082269475,-0.117746798,,,,,,,,,,
35.575,-0.041041633,-0.094669212,-0.135403061,,,,,,,,,,
35.58,-0.046309824,-0.106692722,-0.15252219,,,,,,,,,,
35.585,-0.05139456,-0.11829543,-0.169040899,,,,,,,,,,
35.59,-0.056276998,-0.129434848,-0.184898401,,,,,,,,,,
35.595,-0.060939425,-0.140069912,-0.200036258,,,,,,,,,,
35.6,-0.065364391,-0.150161431,-0.214398857,,,,,,,,,,
35.605,-0.069536065,-0.159672672,-0.227933898,,,,,,,,,,
35.61,-0.073439136,-0.168569043,-0.240591867,,,,,,,,,,
35.615,-0.077059469,-0.17681802,-0.25232681,,,,,,,,,,
35.62,-0.080384078,-0.184389902,-0.263096356,,,,,,,,,,
35.625,-0.083401025,-0.191257597,-0.272861761,,,,,,,,,,
35.63,-0.086099663,-0.197396339,-0.281587982,,,,,,,,,,
35.635,-0.088470414,-0.202784419,-0.289244217,,,,,,,,,,
35.64,-0.090505106,-0.207403067,-0.295803551,,,,,,,,,,
35.645,-0.092196726,-0.211236137,-0.301243104,,,,,,,,,,
35.65,-0.093539694,-0.214270547,-0.305544564,,,,,,,,,,
35.655,-0.094529535,-0.216496506,-0.308693665,,,,,,,,,,
35.66,-0.095163357,-0.217906979,-0.310680431,,,,,,,,,,
35.665,-0.095439435,-0.218497904,-0.311499569,,,,,,,,,,
35.67,-0.095357483,-0.218268771,-0.311149854,,,,,,,,,,
35.675,-0.094918638,-0.217221747,-0.309634648,,,,,,,,,,
35.68,-0.094124961,-0.215362071,-0.30696155,,,,,,,,,,
35.685,-0.092980444,-0.212698149,-0.303142619,,,,,,,,,,
35.69,-0.091489962,-0.209241639,-0.298194052,,,,,,,,,,
35.695,-0.089659755,-0.205006481,-0.292136366,,,,,,,,,,
35.7,-0.087497417,-0.20001011,-0.284994146,,,,,,,,,,
35.705,-0.08501176,-0.194272542,-0.276795973,,,,,,,,,,
35.71,-0.082212743,-0.187816675,-0.267574473,,,,,,,,,,
35.715,-0.079111443,-0.180667764,-0.257365898,,,,,,,,,,
35.72,-0.075720195,-0.172853986,-0.246210269,,,,,,,,,,
35.725,-0.072052037,-0.164405831,-0.234151002,,,,,,,,,,
35.73,-0.068121595,-0.15535589,-0.221234826,,,,,,,,,,
35.735,-0.063943939,-0.145739331,-0.207511763,,,,,,,,,,
35.74,-0.059535172,-0.135593182,-0.193034581,,,,,,,,,,
35.745,-0.054912393,-0.124956412,-0.17785877,,,,,,,,,,
35.75,-0.050093326,-0.113869587,-0.162042585,,,,,,,,,,
35.755,-0.045096241,-0.102375496,-0.145646396,,,,,,,,,,
35.76,-0.039940365,-0.09051764,-0.128732627,,,,,,,,,,
35.765,-0.034645383,-0.078341187,-0.11136568,,,,,,,,,,
35.77,-0.029231062,-0.065892424,-0.093611468,,,,,,,,,,
35.775,-0.023718299,-0.053218555,-0.075537162,,,,,,,,,,
35.78,-0.018127691,-0.040367342,-0.05721123,,,,,,,,,,
35.785,-0.012480369,-0.027387527,-0.038702773,,,,,,,,,,
35.79,-0.00679756,-0.014327957,-0.020081472,,,,,,,,,,
35.795,-0.001100631,-0.001237657,-0.001417457,,,,,,,,,,
35.8,0.004589099,0.011834104,0.017219205,,,,,,,,,,
35.805,0.010250346,0.02483829,0.035758746,,,,,,,,,,
35.81,0.015861956,0.037726281,0.054131629,,,,,,,,,,
35.815,0.021403145,0.050449925,0.072269335,,,,,,,,,,
35.82,0.026853179,0.062961754,0.090104281,,,,,,,,,,
35.825,0.032192067,0.07521513,0.107569934,,,,,,,,,,
35.83,0.037399797,0.087164585,0.124601443,,,,,,,,,,
35.835,0.042457381,0.098765874,0.141135912,,,,,,,,,,
35.84,0.047346051,0.109975932,0.157111832,,,,,,,,,,
35.845,0.052047895,0.120753372,0.172470377,,,,,,,,,,
35.85,0.056545677,0.131058674,0.187155153,,,,,,,,,,
35.855,0.060823047,0.140853834,0.20111206,,,,,,,,,,
35.86,0.064864354,0.150102948,0.214289916,,,,,,,,,,
35.865,0.068654891,0.15877239,0.226640877,,,,,,,,,,
35.87,0.072181133,0.166830712,0.238119909,,,,,,,,,,
35.875,0.075430219,0.174248434,0.248685321,,,,,,,,,,
35.88,0.078390573,0.180999024,0.258299295,,,,,,,,,,
35.885,0.081051733,0.187058348,0.266927348,,,,,,,,,,
35.89,0.083404269,0.192404784,0.27453877,,,,,,,,,,
35.895,0.085439894,0.197019364,0.28110674,,,,,,,,,,
35.9,0.087151774,0.200886379,0.286608574,,,,,,,,,,
35.905,0.08853387,0.203992437,0.291025352,,,,,,,,,,
35.91,0.089581803,0.206327007,0.294342387,,,,,,,,,,
35.915,0.09029231,0.207882973,0.296549243,,,,,,,,,,
35.92,0.090663036,0.208655825,0.297639532,,,,,,,,,,
35.925,0.090693552,0.208643656,0.297611015,,,,,,,,,,
35.93,0.090384313,0.207848263,0.296465877,,,,,,,,,,
35.935,0.089736751,0.206274058,0.294210318,,,,,,,,,,
35.94,0.088754289,0.203927951,0.290854707,,,,,,,,,,
35.945,0.087441139,0.200820209,0.286413489,,,,,,,,,,
35.95,0.08580254,0.196964148,0.280905423,,,,,,,,,,
35.955,0.083845402,0.192375051,0.274352874,,,,,,,,,,
35.96,0.08157767,0.187071627,0.266782283,,,,,,,,,,
35.965,0.079008114,0.181075178,0.258223892,,,,,,,,,,
35.97,0.076147046,0.174409235,0.248711431,,,,,,,,,,
35.975,0.073005768,0.167099916,0.238282391,,,,,,,,,,
35.98,0.069596301,0.159176014,0.226977413,,,,,,,,,,
35.985,0.06593203,0.150668212,0.214840514,,,,,,,,,,
35.99,0.062027048,0.141609424,0.201918657,,,,,,,,,,
35.995,0.057896297,0.132034626,0.188261706,,,,,,,,,,
36,0.053555657,0.121980828,0.173922255,,,,,,,,,,
36.005,0.049021764,0.11148649,0.158955256,,,,,,,,,,
36.01,0.044311833,0.100591663,0.143417954,,,,,,,,,,
36.015,0.039443969,0.08933822,0.127369672,,,,,,,,,,
36.02,0.034436415,0.077768958,0.110871661,,,,,,,,,,
36.025,0.029308337,0.065927665,0.093986408,,,,,,,,,,
36.03,0.024079109,0.053859498,0.076778076,,,,,,,,,,
36.035,0.018768278,0.041610318,0.059312011,,,,,,,,,,
36.04,0.013396168,0.029225988,0.041653883,,,,,,,,,,
36.045,0.00798286,0.016753495,0.023870481,,,,,,,,,,
36.05,0.002548616,0.004240092,0.006028931,,,,,,,,,,
36.055,-0.002885924,-0.008267626,-0.011803942,,,,,,,,,,
36.06,-0.008300555,-0.020722387,-0.029561191,,,,,,,,,,
36.065,-0.013675119,-0.033077433,-0.047176075,,,,,,,,,,
36.07,-0.018989272,-0.045286692,-0.064582864,,,,,,,,,,
36.075,-0.024223485,-0.057304672,-0.08171669,,,,,,,,,,
36.08,-0.029358087,-0.069086165,-0.09851334,,,,,,,,,,
36.085,-0.034373947,-0.080587648,-0.114910611,,,,,,,,,,
36.09,-0.039252583,-0.091766394,-0.130847701,,,,,,,,,,
36.095,-0.043975817,-0.102580715,-0.146265282,,,,,,,,,,
36.1,-0.04852614,-0.112990722,-0.16110659,,,,,,,,,,
36.105,-0.052886805,-0.122958122,-0.175316833,,,,,,,,,,
36.11,-0.05704174,-0.13244613,-0.188843711,,,,,,,,,,
36.115,-0.060975628,-0.141419823,-0.20163762,,,,,,,,,,
36.12,-0.064674088,-0.14984666,-0.213651764,,,,,,,,,,
36.125,-0.068123592,-0.157695693,-0.224842395,,,,,,,,,,
36.13,-0.071311473,-0.164938305,-0.235168868,,,,,,,,,,
36.135,-0.074226274,-0.171548646,-0.244594043,,,,,,,,,,
36.14,-0.076857401,-0.177502783,-0.253083821,,,,,,,,,,
36.145,-0.079195336,-0.182779303,-0.26060815,,,,,,,,,,
36.15,-0.081231886,-0.187359862,-0.267140338,,,,,,,,,,
36.155,-0.082959774,-0.191228343,-0.272657501,,,,,,,,,,
36.16,-0.084372965,-0.194371195,-0.277140811,,,,,,,,,,
36.165,-0.085466663,-0.19677812,-0.280575043,,,,,,,,,,
36.17,-0.086237152,-0.198441354,-0.282949172,,,,,,,,,,
36.175,-0.08668199,-0.199355612,-0.28425608,,,,,,,,,,
36.18,-0.086800105,-0.19951904,-0.284492752,,,,,,,,,,
36.185,-0.086591379,-0.198932339,-0.28366005,,,,,,,,,,
36.19,-0.086057173,-0.197598699,-0.281762885,,,,,,,,,,
36.195,-0.085200032,-0.195524664,-0.27881036,,,,,,,,,,
36.2,-0.084023593,-0.192719414,-0.274815272,,,,,,,,,,
36.205,-0.082532665,-0.189194426,-0.269794396,,,,,,,,,,
36.21,-0.080733458,-0.184964289,-0.263768333,,,,,,,,,,
36.215,-0.078633128,-0.180046354,-0.256761598,,,,,,,,,,
36.22,-0.076239962,-0.174460019,-0.248802034,,,,,,,,,,
36.225,-0.073563503,-0.168227347,-0.239921158,,,,,,,,,,
36.23,-0.070614234,-0.161373251,-0.230154109,,,,,,,,,,
36.235,-0.067403618,-0.153924391,-0.219538897,,,,,,,,,,
36.24,-0.063944166,-0.145909641,-0.208116851,,,,,,,,,,
36.245,-0.06024924,-0.137360349,-0.195932451,,,,,,,,,,
36.25,-0.056333073,-0.128309581,-0.183032637,,,,,,,,,,
36.255,-0.052210793,-0.118791986,-0.169467172,,,,,,,,,,
36.26,-0.047898103,-0.108844266,-0.15528808,,,,,,,,,,
36.265,-0.043411655,-0.098504827,-0.140549887,,,,,,,,,,
36.27,-0.038768629,-0.087812879,-0.125308739,,,,,,,,,,
36.275,-0.033986647,-0.076809311,-0.109622821,,,,,,,,,,
36.28,-0.029084007,-0.065536309,-0.093552006,,,,,,,,,,
36.285,-0.024079373,-0.054036464,-0.077157173,,,,,,,,,,
36.29,-0.018991692,-0.042353312,-0.060500612,,,,,,,,,,
36.295,-0.013840353,-0.030531507,-0.043645441,,,,,,,,,,
36.3,-0.008644715,-0.018615486,-0.026655372,,,,,,,,,,
36.305,-0.003424517,-0.006650057,-0.009594324,,,,,,,,,,
36.31,0.001800417,0.005319282,0.007473224,,,,,,,,,,
36.315,0.007010536,0.017247575,0.024483035,,,,,,,,,,
36.32,0.012186146,0.029090353,0.04137158,,,,,,,,,,
36.325,0.017307795,0.040802859,0.058075171,,,,,,,,,,
36.33,0.022356331,0.05234128,0.074531421,,,,,,,,,,
36.335,0.027312806,0.063662747,0.090678991,,,,,,,,,,
36.34,0.032158608,0.074724884,0.106457469,,,,,,,,,,
36.345,0.036875777,0.085486452,0.121808089,,,,,,,,,,
36.35,0.041446572,0.095907651,0.136674123,,,,,,,,,,
36.355,0.045853926,0.105949855,0.1510003,,,,,,,,,,
36.36,0.05008168,0.115575754,0.164733496,,,,,,,,,,
36.365,0.054114023,0.124749966,0.177823326,,,,,,,,,,
36.37,0.057936066,0.133438891,0.190221535,,,,,,,,,,
36.375,0.061533824,0.141610489,0.201882415,,,,,,,,,,
36.38,0.064894159,0.149234973,0.212763679,,,,,,,,,,
36.385,0.068004465,0.156284691,0.222825537,,,,,,,,,,
36.39,0.070853734,0.16273406,0.232031506,,,,,,,,,,
36.395,0.073431497,0.168559707,0.240348466,,,,,,,,,,
36.4,0.075728466,0.173741015,0.247746644,,,,,,,,,,
36.405,0.077736499,0.178259582,0.254199755,,,,,,,,,,
36.41,0.079448484,0.182099401,0.25968503,,,,,,,,,,
36.415,0.080858485,0.185247368,0.264183555,,,,,,,,,,
36.42,0.081961668,0.187692936,0.267680014,,,,,,,,,,
36.425,0.082754385,0.189427929,0.270163072,,,,,,,,,,
36.43,0.083234084,0.190447129,0.271624919,,,,,,,,,,
36.435,0.083399587,0.190748054,0.272061976,,,,,,,,,,
36.44,0.083250724,0.190330803,0.271474359,,,,,,,,,,
36.445,0.082788729,0.189198096,0.269865829,,,,,,,,,,
36.45,0.082015693,0.187355669,0.267244342,,,,,,,,,,
36.455,0.080935257,0.184811577,0.263621605,,,,,,,,,,
36.46,0.079552073,0.181576644,0.25901272,,,,,,,,,,
36.465,0.077871706,0.177664288,0.253436854,,,,,,,,,,
36.47,0.075901038,0.173090481,0.246916861,,,,,,,,,,
36.475,0.073648143,0.167873543,0.23947869,,,,,,,,,,
36.48,0.071121944,0.162034231,0.231151865,,,,,,,,,,
36.485,0.068332349,0.155595767,0.221969584,,,,,,,,,,
36.49,0.06529059,0.14858337,0.211967682,,,,,,,,,,
36.495,0.06200846,0.141024445,0.201185155,,,,,,,,,,
36.5,0.05849875,0.132948506,0.189664223,,,,,,,,,,
36.505,0.054775168,0.124386866,0.177449449,,,,,,,,,,
36.51,0.050851999,0.115372517,0.164587929,,,,,,,,,,
36.515,0.046744437,0.10594031,0.151129348,,,,,,,,,,
36.52,0.042468523,0.096126543,0.137125618,,,,,,,,,,
36.525,0.038040398,0.085968702,0.122629995,,,,,,,,,,
36.53,0.033477077,0.075505653,0.107698239,,,,,,,,,,
36.535,0.028796328,0.064777501,0.092387387,,,,,,,,,,
36.54,0.024015661,0.053824978,0.076755547,,,,,,,,,,
36.545,0.019153367,0.042689686,0.060862322,,,,,,,,,,
36.55,0.014227935,0.031413887,0.044768108,,,,,,,,,,
36.555,0.009258022,0.020040322,0.028533766,,,,,,,,,,
36.56,0.004262463,0.008611904,0.012220608,,,,,,,,,,
36.565,-0.000739902,-0.002828217,-0.004109476,,,,,,,,,,
36.57,-0.005730279,-0.014236891,-0.020395231,,,,,,,,,,
36.575,-0.010689738,-0.025571328,-0.036575443,,,,,,,,,,
36.58,-0.015599802,-0.036788913,-0.052589037,,,,,,,,,,
36.585,-0.020442164,-0.047847711,-0.068376212,,,,,,,,,,
36.59,-0.025198545,-0.058706358,-0.083877904,,,,,,,,,,
36.595,-0.029851344,-0.069324374,-0.099036117,,,,,,,,,,
36.6,-0.03438325,-0.079662283,-0.113794384,,,,,,,,,,
36.605,-0.038777402,-0.089681555,-0.12809796,,,,,,,,,,
36.61,-0.043017539,-0.099345206,-0.141893721,,,,,,,,,,
36.615,-0.047087986,-0.108617439,-0.155130416,,,,,,,,,,
36.62,-0.050973758,-0.117464089,-0.167759517,,,,,,,,,,
36.625,-0.054660831,-0.12585269,-0.179734357,,,,,,,,,,
36.63,-0.058135441,-0.133752628,-0.191010964,,,,,,,,,,
36.635,-0.061385034,-0.141134776,-0.201548241,,,,,,,,,,
36.64,-0.064398035,-0.147972507,-0.211307743,,,,,,,,,,
36.645,-0.067163451,-0.154241267,-0.220254286,,,,,,,,,,
36.65,-0.069671279,-0.159918171,-0.228355463,,,,,,,,,,
36.655,-0.071912822,-0.164983037,-0.23558239,,,,,,,,,,
36.66,-0.073880039,-0.169418168,-0.241909519,,,,,,,,,,
36.665,-0.075566248,-0.173207901,-0.247314517,,,,,,,,,,
36.67,-0.076965691,-0.176339054,-0.25177879,,,,,,,,,,
36.675,-0.078073436,-0.178801237,-0.255287195,,,,,,,,,,
36.68,-0.078886213,-0.180586487,-0.257828463,,,,,,,,,,
36.685,-0.079401556,-0.181689119,-0.259394417,,,,,,,,,,
36.69,-0.079617873,-0.18210639,-0.259981316,,,,,,,,,,
36.695,-0.07953511,-0.181838113,-0.2595887,,,,,,,,,,
36.7,-0.079154371,-0.180886371,-0.258219583,,,,,,,,,,
36.705,-0.078477395,-0.179256054,-0.255881168,,,,,,,,,,
36.71,-0.077507484,-0.176954689,-0.252584012,,,,,,,,,,
36.715,-0.076248946,-0.173992048,-0.2483422,,,,,,,,,,
36.72,-0.074706996,-0.170380487,-0.243173466,,,,,,,,,,
36.725,-0.072887947,-0.166134841,-0.237099054,,,,,,,,,,
36.73,-0.07079935,-0.161272267,-0.230143468,,,,,,,,,,
36.735,-0.068449464,-0.155812037,-0.222334447,,,,,,,,,,
36.74,-0.065847703,-0.149776061,-0.213703068,,,,,,,,,,
36.745,-0.063004351,-0.143187867,-0.204283268,,,,,,,,,,
36.75,-0.059930489,-0.136073334,-0.194111961,,,,,,,,,,
36.755,-0.056638162,-0.128460122,-0.183228764,,,,,,,,,,
36.76,-0.053140182,-0.120377956,-0.171676049,,,,,,,,,,
36.765,-0.049450046,-0.111857923,-0.159498518,,,,,,,,,,
36.77,-0.0455819,-0.102932811,-0.146742919,,,,,,,,,,
36.775,-0.041550675,-0.093637051,-0.133458571,,,,,,,,,,
36.78,-0.037371869,-0.084006239,-0.11969633,,,,,,,,,,
36.785,-0.033061429,-0.074077145,-0.105508784,,,,,,,,,,
36.79,-0.02863561,-0.063887529,-0.090950092,,,,,,,,,,
36.795,-0.024111424,-0.053476327,-0.07607578,,,,,,,,,,
36.8,-0.019505985,-0.04288298,-0.060942289,,,,,,,,,,
36.805,-0.014836554,-0.032147522,-0.045606937,,,,,,,,,,
36.81,-0.010120897,-0.021310636,-0.030127913,,,,,,,,,,
36.815,-0.005376761,-0.010413357,-0.014563481,,,,,,,,,,
36.82,-0.000621898,0.000503649,0.001027641,,,,,,,,,,
36.825,0.004125835,0.011399065,0.01658678,,,,,,,,,,
36.83,0.008848658,0.022231985,0.032055568,,,,,,,,,,
36.835,0.013529008,0.032962039,0.047376034,,,,,,,,,,
36.84,0.018149356,0.043549125,0.062490929,,,,,,,,,,
36.845,0.022692695,0.053953508,0.077343774,,,,,,,,,,
36.85,0.027142043,0.064136756,0.091879328,,,,,,,,,,
36.855,0.031480854,0.074060974,0.106043616,,,,,,,,,,
36.86,0.035693242,0.083689168,0.119784074,,,,,,,,,,
36.865,0.039763676,0.092986013,0.13304989,,,,,,,,,,
36.87,0.043677101,0.101917114,0.145792231,,,,,,,,,,
36.875,0.047419237,0.110449675,0.157964099,,,,,,,,,,
36.88,0.050976478,0.118552235,0.169520811,,,,,,,,,,
36.885,0.054335771,0.126195355,0.180420272,,,,,,,,,,
36.89,0.057484958,0.133351196,0.190622712,,,,,,,,,,
36.895,0.060412699,0.139993567,0.200090964,,,,,,,,,,
36.9,0.063108298,0.146098565,0.208791203,,,,,,,,,,
36.905,0.065562282,0.151644455,0.216691917,,,,,,,,,,
36.91,0.067765938,0.156611123,0.223764948,,,,,,,,,,
36.915,0.069711352,0.160981031,0.229985389,,,,,,,,,,
36.92,0.071391707,0.164739172,0.235331423,,,,,,,,,,
36.925,0.072801557,0.167872164,0.239784458,,,,,,,,,,
36.93,0.073935713,0.170369373,0.243329466,,,,,,,,,,
36.935,0.07479054,0.172222859,0.245955031,,,,,,,,,,
36.94,0.075363415,0.173426577,0.247652601,,,,,,,,,,
36.945,0.07565273,0.173977043,0.248417704,,,,,,,,,,
36.95,0.075657769,0.173873651,0.248249162,,,,,,,,,,
36.955,0.075379145,0.17311776,0.247149189,,,,,,,,,,
36.96,0.074818404,0.171713294,0.245123588,,,,,,,,,,
36.965,0.073978119,0.169666634,0.24218162,,,,,,,,,,
36.97,0.072862021,0.166986791,0.238336021,,,,,,,,,,
36.975,0.071474564,0.163684565,0.233602639,,,,,,,,,,
36.98,0.069821572,0.159773371,0.228000892,,,,,,,,,,
36.985,0.06790967,0.155269362,0.221553415,,,,,,,,,,
36.99,0.065746463,0.150190077,0.214285584,,,,,,,,,,
36.995,0.063340421,0.144555404,0.206226226,,,,,,,,,,
37,0.060701066,0.138387709,0.197406891,,,,,,,,,,
37.005,0.057838636,0.131711049,0.187861997,,,,,,,,,,
37.01,0.054764222,0.124550879,0.177628461,,,,,,,,,,
37.015,0.051489605,0.116935098,0.166745823,,,,,,,,,,
37.02,0.04802743,0.108893165,0.155256082,,,,,,,,,,
37.025,0.04439105,0.100455601,0.143203168,,,,,,,,,,
37.03,0.040594274,0.091654766,0.130633271,,,,,,,,,,
37.035,0.036651598,0.082524369,0.117594248,,,,,,,,,,
37.04,0.032578218,0.073099062,0.104135873,,,,,,,,,,
37.045,0.028389425,0.063414599,0.090309138,,,,,,,,,,
37.05,0.024101072,0.053507708,0.076166434,,,,,,,,,,
37.055,0.019729484,0.043415961,0.061761463,,,,,,,,,,
37.06,0.015291172,0.033177323,0.047148408,,,,,,,,,,
37.065,0.010802806,0.02283049,0.032382326,,,,,,,,,,
37.07,0.006281361,0.012414321,0.017518886,,,,,,,,,,
37.075,0.001743798,0.001968132,0.002613886,,,,,,,,,,
37.08,-0.002792724,-0.008469107,-0.012276938,,,,,,,,,,
37.085,-0.007311291,-0.018858187,-0.027097772,,,,,,,,,,
37.09,-0.011795095,-0.029160129,-0.041792991,,,,,,,,,,
37.095,-0.016227186,-0.039336739,-0.056308156,,,,,,,,,,
37.1,-0.020591034,-0.049350011,-0.070588948,,,,,,,,,,
37.105,-0.024870435,-0.059162334,-0.084582143,,,,,,,,,,
37.11,-0.02904947,-0.068737679,-0.098236093,,,,,,,,,,
37.115,-0.033112467,-0.078040429,-0.111500052,,,,,,,,,,
37.12,-0.037044388,-0.087035841,-0.124324931,,,,,,,,,,
37.125,-0.040830678,-0.095690856,-0.136663249,,,,,,,,,,
37.13,-0.044457413,-0.103973784,-0.14846986,,,,,,,,,,
37.135,-0.047911098,-0.11185375,-0.159701115,,,,,,,,,,
37.14,-0.051178895,-0.119301871,-0.170315716,,,,,,,,,,
37.145,-0.054249057,-0.126291087,-0.180275151,,,,,,,,,,
37.15,-0.057110158,-0.132795741,-0.18954283,,,,,,,,,,
37.155,-0.059751768,-0.138791971,-0.198085151,,,,,,,,,,
37.16,-0.062164221,-0.144258189,-0.205871194,,,,,,,,,,
37.165,-0.064338791,-0.149174813,-0.212872929,,,,,,,,,,
37.17,-0.066267678,-0.153523929,-0.219065184,,,,,,,,,,
37.175,-0.067943966,-0.157289961,-0.22442583,,,,,,,,,,
37.18,-0.069361513,-0.160460063,-0.228936319,,,,,,,,,,
37.185,-0.070515537,-0.163022793,-0.232580656,,,,,,,,,,
37.19,-0.07140211,-0.164969289,-0.235346408,,,,,,,,,,
37.195,-0.072017929,-0.166293517,-0.237224645,,,,,,,,,,
37.2,-0.072361322,-0.166991203,-0.238209482,,,,,,,,,,
37.205,-0.072431313,-0.167060327,-0.238298399,,,,,,,,,,
37.21,-0.072227908,-0.166501799,-0.237492339,,,,,,,,,,
37.215,-0.071752241,-0.165318608,-0.235795736,,,,,,,,,,
37.22,-0.071006616,-0.163515717,-0.233215832,,,,,,,,,,
37.225,-0.069994057,-0.161100911,-0.229763766,,,,,,,,,,
37.23,-0.068718781,-0.158084293,-0.22545373,,,,,,,,,,
37.235,-0.067185925,-0.154477643,-0.220302741,,,,,,,,,,
37.24,-0.065401544,-0.150295309,-0.214331502,,,,,,,,,,
37.245,-0.06337287,-0.145554096,-0.207563498,,,,,,,,,,
37.25,-0.061107726,-0.140272394,-0.200025118,,,,,,,,,,
37.255,-0.058614896,-0.134470357,-0.191745676,,,,,,,,,,
37.26,-0.055904225,-0.128170988,-0.182757212,,,,,,,,,,
37.265,-0.052986236,-0.121398601,-0.173094597,,,,,,,,,,
37.27,-0.049872085,-0.114178845,-0.162794598,,,,,,,,,,
37.275,-0.046573823,-0.106539628,-0.151897089,,,,,,,,,,
37.28,-0.043104179,-0.098510545,-0.140443684,,,,,,,,,,
37.285,-0.039476405,-0.090121797,-0.128478012,,,,,,,,,,
37.29,-0.035704506,-0.08140549,-0.116045801,,,,,,,,,,
37.295,-0.031802775,-0.072395152,-0.103194332,,,,,,,,,,
37.3,-0.027786213,-0.063124765,-0.089972606,,,,,,,,,,
37.305,-0.023670184,-0.053629419,-0.076430464,,,,,,,,,,
37.31,-0.019470319,-0.043945406,-0.062619543,,,,,,,,,,
37.315,-0.015202573,-0.034109435,-0.048592091,,,,,,,,,,
37.32,-0.010883244,-0.024158345,-0.034400937,,,,,,,,,,
37.325,-0.006528715,-0.014130083,-0.02009994,,,,,,,,,,
37.33,-0.002155391,-0.004062533,-0.005742959,,,,,,,,,,
37.335,0.002220042,0.006006522,0.008615888,,,,,,,,,,
37.34,0.006581046,0.016039137,0.022922562,,,,,,,,,,
37.345,0.010911088,0.025997318,0.037123164,,,,,,,,,,
37.35,0.01519396,0.035843781,0.051164252,,,,,,,,,,
37.355,0.019413369,0.045541772,0.06499341,,,,,,,,,,
37.36,0.023553472,0.055054496,0.078558466,,,,,,,,,,
37.365,0.02759867,0.064346479,0.091808717,,,,,,,,,,
37.37,0.031533814,0.073383092,0.104694606,,,,,,,,,,
37.375,0.03534408,0.082130477,0.117167961,,,,,,,,,,
37.38,0.039015222,0.090555743,0.129182188,,,,,,,,,,
37.385,0.042533459,0.098627798,0.140692447,,,,,,,,,,
37.39,0.045885604,0.106316549,0.1516561,,,,,,,,,,
37.395,0.049059401,0.113593286,0.162032232,,,,,,,,,,
37.4,0.052042814,0.120431135,0.171782315,,,,,,,,,,
37.405,0.05482482,0.126804864,0.180870487,,,,,,,,,,
37.41,0.057395229,0.132690857,0.189263112,,,,,,,,,,
37.415,0.059744502,0.138067495,0.196929223,,,,,,,,,,
37.42,0.061864055,0.142915082,0.203840737,,,,,,,,,,
37.425,0.063746045,0.147216022,0.209972654,,,,,,,,,,
37.43,0.0653837,0.150954573,0.215302337,,,,,,,,,,
37.435,0.06677118,0.15411734,0.219810823,,,,,,,,,,
37.44,0.067903503,0.156693242,0.223482049,,,,,,,,,,
37.445,0.068776602,0.15867304,0.226302984,,,,,,,,,,
37.45,0.069387753,0.160049965,0.228263968,,,,,,,,,,
37.455,0.06973477,0.160819785,0.229358772,,,,,,,,,,
37.46,0.069816764,0.160980201,0.229584253,,,,,,,,,,
37.465,0.069633764,0.160531188,0.228940389,,,,,,,,,,
37.47,0.069186838,0.159475477,0.227430835,,,,,,,,,,
37.475,0.068478034,0.157817797,0.225062517,,,,,,,,,,
37.48,0.067510322,0.155564956,0.221845103,,,,,,,,,,
37.485,0.066287876,0.152726414,0.217791986,,,,,,,,,,
37.49,0.064815628,0.149313738,0.212919687,,,,,,,,,,
37.495,0.063099461,0.145340427,0.207247399,,,,,,,,,,
37.5,0.061146339,0.140822262,0.200797749,,,,,,,,,,
37.505,0.058963909,0.135777266,0.193596362,,,,,,,,,,
37.51,0.056560794,0.130225114,0.185671178,,,,,,,,,,
37.515,0.05394649,0.12418736,0.177053217,,,,,,,,,,
37.52,0.051131199,0.117687856,0.16777637,,,,,,,,,,
37.525,0.048125802,0.110751796,0.157876425,,,,,,,,,,
37.53,0.044942199,0.103405793,0.147391623,,,,,,,,,,
37.535,0.041592673,0.095678566,0.13636283,,,,,,,,,,
37.54,0.038090076,0.087600046,0.124832578,,,,,,,,,,
37.545,0.034448099,0.079201017,0.112845026,,,,,,,,,,
37.55,0.03068077,0.07051398,0.10044669,,,,,,,,,,
37.555,0.026802452,0.061572578,0.087685215,,,,,,,,,,
37.56,0.022828098,0.052410667,0.074609228,,,,,,,,,,
37.565,0.018773132,0.043063532,0.0612692,,,,,,,,,,
37.57,0.014652878,0.033567325,0.047716281,,,,,,,,,,
37.575,0.010483244,0.023957852,0.034001933,,,,,,,,,,
37.58,0.006280127,0.014271883,0.020178712,,,,,,,,,,
37.585,0.002059551,0.004546698,0.00629957,,,,,,,,,,
37.59,-0.002162429,-0.0051809,-0.00758278,,,,,,,,,,
37.595,-0.006369705,-0.014874182,-0.021415686,,,,,,,,,,
37.6,-0.010546467,-0.024495845,-0.035146062,,,,,,,,,,
37.605,-0.014676711,-0.034009542,-0.048722088,,,,,,,,,,
37.61,-0.018744746,-0.043379467,-0.062092471,,,,,,,,,,
37.615,-0.022735295,-0.052569863,-0.075206183,,,,,,,,,,
37.62,-0.02663335,-0.061545968,-0.088013829,,,,,,,,,,
37.625,-0.030424067,-0.070274256,-0.100467183,,,,,,,,,,
37.63,-0.034093322,-0.078721634,-0.112519073,,,,,,,,,,
37.635,-0.037627466,-0.086856345,-0.124124241,,,,,,,,,,
37.64,-0.041013018,-0.094647975,-0.135239143,,,,,,,,,,
37.645,-0.044237514,-0.102067418,-0.145822107,,,,,,,,,,
37.65,-0.047288918,-0.109086759,-0.155833493,,,,,,,,,,
37.655,-0.050155713,-0.115680012,-0.165236264,,,,,,,,,,
37.66,-0.052827452,-0.121822791,-0.173995314,,,,,,,,,,
37.665,-0.055294344,-0.127492159,-0.18207806,,,,,,,,,,
37.67,-0.057547231,-0.132667339,-0.189455001,,,,,,,,,,
37.675,-0.059577964,-0.137329645,-0.196098918,,,,,,,,,,
37.68,-0.061379247,-0.141461806,-0.201985581,,,,,,,,,,
37.685,-0.062944473,-0.145048885,-0.207093759,,,,,,,,,,
37.69,-0.064268117,-0.14807833,-0.211405269,,,,,,,,,,
37.695,-0.065345495,-0.150539354,-0.214904799,,,,,,,,,,
37.7,-0.06617301,-0.152423284,-0.217580368,,,,,,,,,,
37.705,-0.066747844,-0.153724331,-0.219423206,,,,,,,,,,
37.71,-0.067068312,-0.154438154,-0.220427312,,,,,,,,,,
37.715,-0.067133705,-0.154563034,-0.220590311,,,,,,,,,,
37.72,-0.066944059,-0.154099638,-0.21991316,,,,,,,,,,
37.725,-0.066500577,-0.153050686,-0.218399637,,,,,,,,,,
37.73,-0.065805331,-0.151420843,-0.216056819,,,,,,,,,,
37.735,-0.064861391,-0.149217584,-0.212895246,,,,,,,,,,
37.74,-0.063672703,-0.146450307,-0.208928377,,,,,,,,,,
37.745,-0.062244344,-0.14313037,-0.204172364,,,,,,,,,,
37.75,-0.060582093,-0.139271368,-0.198646942,,,,,,,,,,
37.755,-0.05869266,-0.134889199,-0.192374622,,,,,,,,,,
37.76,-0.056583701,-0.130001195,-0.185380196,,,,,,,,,,
37.765,-0.054263496,-0.12462689,-0.177691947,,,,,,,,,,
37.77,-0.051741169,-0.118787761,-0.169340422,,,,,,,,,,
37.775,-0.049026733,-0.112506795,-0.160358484,,,,,,,,,,
37.78,-0.046130899,-0.105808494,-0.15078149,,,,,,,,,,
37.785,-0.043064804,-0.098719504,-0.140647154,,,,,,,,,,
37.79,-0.039840643,-0.091267452,-0.129995104,,,,,,,,,,
37.795,-0.036470902,-0.083481143,-0.118866557,,,,,,,,,,
37.8,-0.032968543,-0.075391159,-0.107305265,,,,,,,,,,
37.805,-0.029347152,-0.067028921,-0.095355947,,,,,,,,,,
37.81,-0.025620555,-0.058426334,-0.083064602,,,,,,,,,,
37.815,-0.021803255,-0.049616972,-0.070479047,,,,,,,,,,
37.82,-0.017909852,-0.040634961,-0.057647765,,,,,,,,,,
37.825,-0.013955288,-0.031514466,-0.044619913,,,,,,,,,,
37.83,-0.009954779,-0.022290476,-0.031445467,,,,,,,,,,
37.835,-0.005923537,-0.0129989,-0.018175161,,,,,,,,,,
37.84,-0.00187693,-0.003674701,-0.004859531,,,,,,,,,,
37.845,0.002169543,0.005646597,0.008450611,,,,,,,,,,
37.85,0.006200771,0.014928996,0.021704231,,,,,,,,,,
37.855,0.010201461,0.024137624,0.034851341,,,,,,,,,,
37.86,0.014156106,0.033237816,0.047841964,,,,,,,,,,
37.865,0.018050148,0.042194336,0.060626735,,,,,,,,,,
37.87,0.021868776,0.050973829,0.073157576,,,,,,,,,,
37.875,0.025597488,0.059543503,0.085387358,,,,,,,,,,
37.88,0.029222426,0.067870591,0.09726986,,,,,,,,,,
37.885,0.032730167,0.075923985,0.108760527,,,,,,,,,,
37.89,0.036107464,0.083674097,0.119816546,,,,,,,,,,
37.895,0.039341715,0.091091455,0.130396455,,,,,,,,,,
37.9,0.042421143,0.098148538,0.140461017,,,,,,,,,,
37.905,0.04533398,0.104819569,0.149973077,,,,,,,,,,
37.91,0.048069621,0.111079666,0.158897358,,,,,,,,,,
37.915,0.050617963,0.116905575,0.167201091,,,,,,,,,,
37.92,0.052969751,0.12227641,0.174854035,,,,,,,,,,
37.925,0.055116323,0.127172755,0.18182827,,,,,,,,,,
37.93,0.057050029,0.131576308,0.18809854,,,,,,,,,,
37.935,0.058763926,0.135471755,0.193642419,,,,,,,,,,
37.94,0.060251769,0.138845496,0.198440421,,,,,,,,,,
37.945,0.061508304,0.141685107,0.202475626,,,,,,,,,,
37.95,0.062529257,0.143981029,0.205734284,,,,,,,,,,
37.955,0.063311153,0.145726089,0.208205596,,,,,,,,,,
37.96,0.063851217,0.146914185,0.209881738,,,,,,,,,,
37.965,0.064148289,0.14754183,0.210757733,,,,,,,,,,
37.97,0.064201403,0.147608457,0.21083193,,,,,,,,,,
37.975,0.064010747,0.147114335,0.210105781,,,,,,,,,,
37.98,0.063577645,0.146062271,0.208583295,,,,,,,,,,
37.985,0.062904056,0.144457969,0.206272053,,,,,,,,,,
37.99,0.061992816,0.142308225,0.203182456,,,,,,,,,,
37.995,0.060847979,0.139622024,0.19932752,,,,,,,,,,
38,0.059474254,0.136411062,0.194723397,,,,,,,,,,
38.005,0.057877125,0.132688508,0.189389263,,,,,,,,,,
38.01,0.056063354,0.128469151,0.183346431,,,,,,,,,,
38.015,0.054039966,0.123770152,0.176619184,,,,,,,,,,
38.02,0.051814925,0.11861042,0.16923471,,,,,,,,,,
38.025,0.049397215,0.113010123,0.161222017,,,,,,,,,,
38.03,0.046796229,0.106991284,0.152612613,,,,,,,,,,
38.035,0.044021992,0.100577848,0.143440464,,,,,,,,,,
38.04,0.041085552,0.093794703,0.13374139,,,,,,,,,,
38.045,0.037998398,0.086668023,0.123552891,,,,,,,,,,
38.05,0.034772219,0.079225845,0.112914625,,,,,,,,,,
38.055,0.0314198,0.071496887,0.101867921,,,,,,,,,,
38.06,0.027953887,0.063510599,0.090454941,,,,,,,,,,
38.065,0.024387815,0.055297994,0.07871991,,,,,,,,,,
38.07,0.02073528,0.04689082,0.066707891,,,,,,,,,,
38.075,0.017010245,0.038320759,0.054464625,,,,,,,,,,
38.08,0.013227041,0.02962072,0.042036866,,,,,,,,,,
38.085,0.009400097,0.020824305,0.029472222,,,,,,,,,,
38.09,0.005544035,0.01196458,0.016818265,,,,,,,,,,
38.095,0.001673488,0.003074956,0.004122846,,,,,,,,,,
38.1,-0.002196869,-0.005810193,-0.008565557,,,,,,,,,,
38.105,-0.006052355,-0.014657613,-0.021199051,,,,,,,,,,
38.11,-0.009878202,-0.023434317,-0.03373036,,,,,,,,,,
38.115,-0.013660314,-0.03210668,-0.046111827,,,,,,,,,,
38.12,-0.017384105,-0.040642064,-0.058296979,,,,,,,,,,
38.125,-0.0210354,-0.049008943,-0.070240431,,,,,,,,,,
38.13,-0.024600779,-0.057175619,-0.081897289,,,,,,,,,,
38.135,-0.028066814,-0.065111423,-0.09322381,,,,,,,,,,
38.14,-0.031420357,-0.072787114,-0.104178109,,,,,,,,,,
38.145,-0.034648985,-0.080174126,-0.114719346,,,,,,,,,,
38.15,-0.037740745,-0.087244629,-0.124808156,,,,,,,,,,
38.155,-0.040684019,-0.093972796,-0.1344075,,,,,,,,,,
38.16,-0.043467897,-0.100333921,-0.143482015,,,,,,,,,,
38.165,-0.046082068,-0.106304169,-0.151998097,,,,,,,,,,
38.17,-0.048516868,-0.111861635,-0.159924606,,,,,,,,,,
38.175,-0.050763375,-0.116986601,-0.167232694,,,,,,,,,,
38.18,-0.052813316,-0.121659973,-0.173895755,,,,,,,,,,
38.185,-0.054659363,-0.125864672,-0.179889497,,,,,,,,,,
38.19,-0.056294653,-0.129586259,-0.185192576,,,,,,,,,,
38.195,-0.057713383,-0.132811044,-0.189786153,,,,,,,,,,
38.2,-0.058910477,-0.135527363,-0.193653879,,,,,,,,,,
38.205,-0.059881744,-0.137726335,-0.196782386,,,,,,,,,,
38.21,-0.060623793,-0.139400323,-0.199161243,,,,,,,,,,
38.215,-0.061134211,-0.140543455,-0.200782402,,,,,,,,,,
38.22,-0.061411508,-0.141152773,-0.201640961,,,,,,,,,,
38.225,-0.06145484,-0.141226669,-0.201735114,,,,,,,,,,
38.23,-0.061264598,-0.140765461,-0.201065497,,,,,,,,,,
38.235,-0.060841757,-0.139771977,-0.199635782,,,,,,,,,,
38.24,-0.060188217,-0.138250748,-0.197452871,,,,,,,,,,
38.245,-0.059306784,-0.136208164,-0.194525893,,,,,,,,,,
38.25,-0.058201362,-0.133652969,-0.190867095,,,,,,,,,,
38.255,-0.056876237,-0.130595572,-0.186491557,,,,,,,,,,
38.26,-0.055336845,-0.127048197,-0.181416759,,,,,,,,,,
38.265,-0.053589567,-0.123025111,-0.175662772,,,,,,,,,,
38.27,-0.051641132,-0.118542273,-0.169252725,,,,,,,,,,
38.275,-0.049499318,-0.113617173,-0.162211638,,,,,,,,,,
38.28,-0.047172449,-0.108269131,-0.154566858,,,,,,,,,,
38.285,-0.04466981,-0.102519136,-0.146348655,,,,,,,,,,
38.29,-0.04200103,-0.096389282,-0.13758863,,,,,,,,,,
38.295,-0.039176692,-0.089903404,-0.128320568,,,,,,,,,,
38.3,-0.036207643,-0.083086675,-0.118580631,,,,,,,,,,
38.305,-0.033105563,-0.075965242,-0.108406176,,,,,,,,,,
38.31,-0.029882416,-0.0685664,-0.097836062,,,,,,,,,,
38.315,-0.026550507,-0.06091877,-0.086911207,,,,,,,,,,
38.32,-0.02312274,-0.053051558,-0.075673515,,,,,,,,,,
38.325,-0.019612271,-0.044994652,-0.064165496,,,,,,,,,,
38.33,-0.016032686,-0.036779162,-0.052431507,,,,,,,,,,
38.335,-0.012397601,-0.028436406,-0.040516303,,,,,,,,,,
38.34,-0.008720984,-0.01999782,-0.028464827,,,,,,,,,,
38.345,-0.005017003,-0.011495977,-0.016323263,,,,,,,,,,
38.35,-0.001299701,-0.002963153,-0.004137844,,,,,,,,,,
38.355,0.002416798,0.005568674,0.008045549,,,,,,,,,,
38.36,0.006118281,0.014066863,0.020180556,,,,,,,,,,
38.365,0.00979067,0.022499097,0.03222093,,,,,,,,,,
38.37,0.013420032,0.030833858,0.044121495,,,,,,,,,,
38.375,0.016992433,0.039039463,0.055837364,,,,,,,,,,
38.38,0.020494518,0.047084703,0.067323833,,,,,,,,,,
38.385,0.02391299,0.054939546,0.078538092,,,,,,,,,,
38.39,0.027234793,0.062574405,0.08943788,,,,,,,,,,
38.395,0.030447617,0.069960338,0.099981773,,,,,,,,,,
38.4,0.033539435,0.077069771,0.1101305,,,,,,,,,,
38.405,0.03649851,0.083876151,0.11984613,,,,,,,,,,
38.41,0.039313686,0.090353827,0.129091987,,,,,,,,,,
38.415,0.041974764,0.096478453,0.137833627,,,,,,,,,,
38.42,0.044471482,0.102227438,0.146038721,,,,,,,,,,
38.425,0.046794559,0.107579347,0.153676506,,,,,,,,,,
38.43,0.048935664,0.112514049,0.160718571,,,,,,,,,,
38.435,0.050886778,0.117013645,0.167139164,,,,,,,,,,
38.44,0.052640555,0.121061646,0.172914394,,,,,,,,,,
38.445,0.054190916,0.124642728,0.178023069,,,,,,,,,,
38.45,0.055532174,0.127744162,0.182446671,,,,,,,,,,
38.455,0.056659204,0.13035488,0.18616937,,,,,,,,,,
38.46,0.057568338,0.132465227,0.189177698,,,,,,,,,,
38.465,0.058256375,0.134067686,0.191461047,,,,,,,,,,
38.47,0.058720855,0.135157294,0.193011866,,,,,,,,,,
38.475,0.058960579,0.135730123,0.193825099,,,,,,,,,,
38.48,0.058975048,0.135784654,0.193898389,,,,,,,,,,
38.485,0.05876434,0.135321506,0.193232609,,,,,,,,,,
38.49,0.058329746,0.134343064,0.191831301,,,,,,,,,,
38.495,0.057673285,0.132853469,0.189700519,,,,,,,,,,
38.5,0.056797605,0.130859288,0.186849484,,,,,,,,,,
38.505,0.055706457,0.12836881,0.18329025,,,,,,,,,,
38.51,0.054404444,0.125391961,0.179036916,,,,,,,,,,
38.515,0.052896796,0.121940898,0.174106718,,,,,,,,,,
38.52,0.051189595,0.11802946,0.168519622,,,,,,,,,,
38.525,0.049289756,0.113673151,0.162297663,,,,,,,,,,
38.53,0.047204816,0.108889092,0.155465294,,,,,,,,,,
38.535,0.044942985,0.103696256,0.148049833,,,,,,,,,,
38.54,0.042513159,0.098114993,0.140080225,,,,,,,,,,
38.545,0.039925037,0.092166946,0.131587594,,,,,,,,,,
38.55,0.037188668,0.085875624,0.12260537,,,,,,,,,,
38.555,0.034314917,0.079265509,0.113168557,,,,,,,,,,
38.56,0.031314984,0.072362191,0.103313589,,,,,,,,,,
38.565,0.028200442,0.065192582,0.093079064,,,,,,,,,,
38.57,0.024983561,0.05778471,0.082504698,,,,,,,,,,
38.575,0.021676737,0.050166937,0.071631297,,,,,,,,,,
38.58,0.018292592,0.042368939,0.060501032,,,,,,,,,,
38.585,0.014844334,0.034420887,0.049156974,,,,,,,,,,
38.59,0.01134542,0.026353329,0.037642705,,,,,,,,,,
38.595,0.007809068,0.018197517,0.02600272,,,,,,,,,,
38.6,0.004249021,0.009984903,0.014281884,,,,,,,,,,
38.605,0.000679071,0.001746915,0.002525002,,,,,,,,,,
38.61,-0.002887287,-0.006484693,-0.009222534,,,,,,,,,,
38.615,-0.006436342,-0.014678335,-0.020915688,,,,,,,,,,
38.62,-0.009954483,-0.022802889,-0.032509771,,,,,,,,,,
38.625,-0.01342842,-0.030826957,-0.043960317,,,,,,,,,,
38.63,-0.016844825,-0.038719998,-0.055223607,,,,,,,,,,
38.635,-0.020190626,-0.046451973,-0.066256899,,,,,,,,,,
38.64,-0.023453303,-0.053993327,-0.077018012,,,,,,,,,,
38.645,-0.026620443,-0.061315275,-0.087466009,,,,,,,,,,
38.65,-0.029680009,-0.068390216,-0.097561477,,,,,,,,,,
38.655,-0.032620703,-0.07519132,-0.107266051,,,,,,,,,,
38.66,-0.035431378,-0.081692802,-0.116543012,,,,,,,,,,
38.665,-0.038101579,-0.087870122,-0.125357602,,,,,,,,,,
38.67,-0.04062129,-0.093700155,-0.13367656,,,,,,,,,,
38.675,-0.042981166,-0.09916089,-0.14146881,,,,,,,,,,
38.68,-0.045172382,-0.104231897,-0.148705382,,,,,,,,,,
38.685,-0.047186815,-0.108894605,-0.155359256,,,,,,,,,,
38.69,-0.049017238,-0.113131525,-0.161405893,,,,,,,,,,
38.695,-0.050656935,-0.116927007,-0.166823019,,,,,,,,,,
38.7,-0.05209993,-0.120267459,-0.17159093,,,,,,,,,,
38.705,-0.053341041,-0.123140715,-0.175692459,,,,,,,,,,
38.71,-0.054376035,-0.125536274,-0.17911293,,,,,,,,,,
38.715,-0.055201117,-0.127446067,-0.181840423,,,,,,,,,,
38.72,-0.055813637,-0.128863465,-0.183865729,,,,,,,,,,
38.725,-0.056211559,-0.129783637,-0.185182308,,,,,,,,,,
38.73,-0.056393866,-0.130204226,-0.185786333,,,,,,,,,,
38.735,-0.056360433,-0.130124345,-0.185676862,,,,,,,,,,
38.74,-0.05611171,-0.129545137,-0.184855501,,,,,,,,,,
38.745,-0.055648922,-0.128469708,-0.183326762,,,,,,,,,,
38.75,-0.054974354,-0.126903289,-0.181097943,,,,,,,,,,
38.755,-0.0540911,-0.124852643,-0.178178841,,,,,,,,,,
38.76,-0.053002727,-0.122326561,-0.174581875,,,,,,,,,,
38.765,-0.051713842,-0.119335668,-0.170322386,,,,,,,,,,
38.77,-0.050229864,-0.115892489,-0.165417807,,,,,,,,,,
38.775,-0.048556778,-0.112010936,-0.159888253,,,,,,,,,,
38.78,-0.046701418,-0.107706926,-0.153756246,,,,,,,,,,
38.785,-0.044671178,-0.102997938,-0.147046469,,,,,,,,,,
38.79,-0.042474183,-0.097902577,-0.139785792,,,,,,,,,,
38.795,-0.040119175,-0.092441337,-0.132003324,,,,,,,,,,
38.8,-0.037615625,-0.086635968,-0.123730039,,,,,,,,,,
38.805,-0.034973229,-0.08050934,-0.114998555,,,,,,,,,,
38.81,-0.032202618,-0.074085658,-0.105843441,,,,,,,,,,
38.815,-0.029314467,-0.067390475,-0.0963007,,,,,,,,,,
38.82,-0.026320201,-0.060449725,-0.086407666,,,,,,,,,,
38.825,-0.023231404,-0.053290799,-0.076203166,,,,,,,,,,
38.83,-0.020060128,-0.045941676,-0.065726964,,,,,,,,,,
38.835,-0.016818614,-0.038430951,-0.055019825,,,,,,,,,,
38.84,-0.013519365,-0.030787745,-0.044123246,,,,,,,,,,
38.845,-0.010175094,-0.023041835,-0.033079564,,,,,,,,,,
38.85,-0.006798694,-0.015223314,-0.0219314,,,,,,,,,,
38.855,-0.003403176,-0.007362217,-0.010721631,,,,,,,,,,
38.86,-1.41E-06,0.000511147,0.000506538,,,,,,,,,,
38.865,0.003393357,0.008366556,0.011709949,,,,,,,,,,
38.87,0.006768376,0.016173832,0.022845727,,,,,,,,,,
38.875,0.010110644,0.023903237,0.03387124,,,,,,,,,,
38.88,0.013407577,0.031525189,0.044744614,,,,,,,,,,
38.885,0.016646667,0.039010739,0.055424427,,,,,,,,,,
38.89,0.019815538,0.046331407,0.065870098,,,,,,,,,,
38.895,0.02290234,0.053459508,0.076042151,,,,,,,,,,
38.9,0.025895482,0.060368112,0.08590235,,,,,,,,,,
38.905,0.028783701,0.06703122,0.095413448,,,,,,,,,,
38.91,0.03155613,0.073423831,0.104539856,,,,,,,,,,
38.915,0.034202775,0.079521946,0.11324754,,,,,,,,,,
38.92,0.03671353,0.08530292,0.121503931,,,,,,,,,,
38.925,0.03907923,0.090745322,0.129278645,,,,,,,,,,
38.93,0.041291021,0.09582902,0.136543021,,,,,,,,,,
38.935,0.043340859,0.100535367,0.143270184,,,,,,,,,,
38.94,0.045221339,0.104847224,0.149435761,,,,,,,,,,
38.945,0.046925501,0.108748995,0.155017497,,,,,,,,,,
38.95,0.04844723,0.112226621,0.159995251,,,,,,,,,,
38.955,0.049781144,0.115267759,0.164351252,,,,,,,,,,
38.96,0.050922704,0.117861925,0.168070404,,,,,,,,,,
38.965,0.051867561,0.120000112,0.171139836,,,,,,,,,,
38.97,0.052612964,0.121675093,0.173549294,,,,,,,,,,
38.975,0.053156138,0.122881681,0.175291045,,,,,,,,,,
38.98,0.053495697,0.123616185,0.176360016,,,,,,,,,,
38.985,0.053630705,0.12387689,0.176753559,,,,,,,,,,
38.99,0.053561054,0.12366388,0.176471529,,,,,,,,,,
38.995,0.053287421,0.122979165,0.175516826,,,,,,,,,,
39,0.052811389,0.121826286,0.173894278,,,,,,,,,,
39.005,0.052135018,0.120210724,0.171611596,,,,,,,,,,
39.01,0.051261431,0.11813979,0.16867903,,,,,,,,,,
39.015,0.050194214,0.115622332,0.165109158,,,,,,,,,,
39.02,0.048937865,0.11266899,0.160916823,,,,,,,,,,
39.025,0.047497595,0.109291997,0.156119524,,,,,,,,,,
39.03,0.045879116,0.105505389,0.150736807,,,,,,,,,,
39.035,0.044089064,0.101324194,0.144790353,,,,,,,,,,
39.04,0.042134641,0.096765412,0.138303941,,,,,,,,,,
39.045,0.040023393,0.091847271,0.131303767,,,,,,,,,,
39.05,0.037763919,0.08658915,0.123817192,,,,,,,,,,
39.055,0.035365048,0.08101181,0.11587393,,,,,,,,,,
39.06,0.032836055,0.075137357,0.107505069,,,,,,,,,,
39.065,0.030186908,0.068988552,0.098743446,,,,,,,,,,
39.07,0.027428009,0.062589445,0.089623052,,,,,,,,,,
39.075,0.024569962,0.055965096,0.080179424,,,,,,,,,,
39.08,0.021623752,0.049141034,0.07044916,,,,,,,,,,
39.085,0.018600853,0.042143546,0.06046948,,,,,,,,,,
39.09,0.015512806,0.034999783,0.050279165,,,,,,,,,,
39.095,0.01237148,0.027737347,0.039917344,,,,,,,,,,
39.1,0.009188824,0.020383643,0.029423418,,,,,,,,,,
39.105,0.005977123,0.012967081,0.018837642,,,,,,,,,,
39.11,0.002748557,0.005516012,0.008200476,,,,,,,,,,
39.115,-0.000484544,-0.001941353,-0.002447686,,,,,,,,,,
39.12,-0.003709906,-0.009376811,-0.013066474,,,,,,,,,,
39.125,-0.006915289,-0.016761927,-0.023615485,,,,,,,,,,
39.13,-0.010088599,-0.024068974,-0.034054897,,,,,,,,,,
39.135,-0.013217619,-0.03127058,-0.044345441,,,,,,,,,,
39.14,-0.016290878,-0.038339266,-0.054448068,,,,,,,,,,
39.145,-0.019296701,-0.045248823,-0.064325009,,,,,,,,,,
39.15,-0.022223587,-0.051973317,-0.073939309,,,,,,,,,,
39.155,-0.025060821,-0.058487555,-0.083254897,,,,,,,,,,
39.16,-0.027797901,-0.064767145,-0.092236982,,,,,,,,,,
39.165,-0.03042433,-0.070789061,-0.100852131,,,,,,,,,,
39.17,-0.032930499,-0.076530727,-0.109068498,,,,,,,,,,
39.175,-0.03530723,-0.081970901,-0.116855388,,,,,,,,,,
39.18,-0.037545561,-0.087089841,-0.124184316,,,,,,,,,,
39.185,-0.039637305,-0.091868502,-0.131028146,,,,,,,,,,
39.19,-0.041574765,-0.096289516,-0.137361743,,,,,,,,,,
39.195,-0.043350832,-0.100336834,-0.143162166,,,,,,,,,,
39.2,-0.044959059,-0.103995956,-0.148408218,,,,,,,,,,
39.205,-0.046393593,-0.107253462,-0.153080914,,,,,,,,,,
39.21,-0.047649221,-0.110097992,-0.157163632,,,,,,,,,,
39.215,-0.048721487,-0.112519477,-0.160641646,,,,,,,,,,
39.22,-0.049606705,-0.114509493,-0.163502938,,,,,,,,,,
39.225,-0.050301732,-0.116061325,-0.165737727,,,,,,,,,,
39.23,-0.050804221,-0.117169694,-0.167338403,,,,,,,,,,
39.235,-0.051112669,-0.117831239,-0.168299836,,,,,,,,,,
39.24,-0.051226249,-0.11804424,-0.168619656,,,,,,,,,,
39.245,-0.051144697,-0.117808604,-0.168297552,,,,,,,,,,
39.25,-0.050868762,-0.117125879,-0.167335579,,,,,,,,,,
39.255,-0.05039974,-0.115999508,-0.165738512,,,,,,,,,,
39.26,-0.049739585,-0.114434389,-0.163513415,,,,,,,,,,
39.265,-0.048891333,-0.112437237,-0.160669384,,,,,,,,,,
39.27,-0.047858213,-0.110016248,-0.157218304,,,,,,,,,,
39.275,-0.046644525,-0.107181295,-0.153174315,,,,,,,,,,
39.28,-0.045255089,-0.103943804,-0.148553112,,,,,,,,,,
39.285,-0.04369539,-0.100316494,-0.143373377,,,,,,,,,,
39.29,-0.041971542,-0.096313909,-0.137655606,,,,,,,,,,
39.295,-0.040090532,-0.09195161,-0.131422147,,,,,,,,,,
39.3,-0.038059617,-0.087246756,-0.124697212,,,,,,,,,,
39.305,-0.035886628,-0.082217362,-0.117507393,,,,,,,,,,
39.31,-0.033580307,-0.07688335,-0.109880322,,,,,,,,,,
39.315,-0.031149542,-0.071265078,-0.101845573,,,,,,,,,,
39.32,-0.028603608,-0.065384302,-0.093434421,,,,,,,,,,
39.325,-0.025952286,-0.059263652,-0.08467917,,,,,,,,,,
39.33,-0.023206045,-0.052926749,-0.075613399,,,,,,,,,,
39.335,-0.020375354,-0.046397844,-0.066272254,,,,,,,,,,
39.34,-0.01747097,-0.039702045,-0.056691474,,,,,,,,,,
39.345,-0.014504105,-0.032865,-0.046907626,,,,,,,,,,
39.35,-0.011486194,-0.025912689,-0.036958385,,,,,,,,,,
39.355,-0.008428615,-0.018871965,-0.026881764,,,,,,,,,,
39.36,-0.005343191,-0.011769476,-0.01671618,,,,,,,,,,
39.365,-0.002241657,-0.004632184,-0.006500486,,,,,,,,,,
39.37,0.000864318,0.002512667,0.003726113,,,,,,,,,,
39.375,0.003962587,0.009637852,0.013925039,,,,,,,,,,
39.38,0.007041371,0.016716547,0.02405717,,,,,,,,,,
39.385,0.01008929,0.023721751,0.034083946,,,,,,,,,,
39.39,0.013094446,0.030626945,0.043967396,,,,,,,,,,
39.395,0.016045393,0.037406002,0.053669781,,,,,,,,,,
39.4,0.018931257,0.044033383,0.06315442,,,,,,,,,,
39.405,0.021740901,0.050483921,0.072385209,,,,,,,,,,
39.41,0.024463744,0.056733225,0.081327273,,,,,,,,,,
39.415,0.027089582,0.062757803,0.089946681,,,,,,,,,,
39.42,0.029608501,0.068534939,0.098210982,,,,,,,,,,
39.425,0.03201102,0.074042758,0.106088841,,,,,,,,,,
39.43,0.03428809,0.079260597,0.113550593,,,,,,,,,,
39.435,0.036431114,0.084169026,0.120568244,,,,,,,,,,
39.44,0.038432202,0.088749496,0.127115109,,,,,,,,,,
39.445,0.040283752,0.092984952,0.133166834,,,,,,,,,,
39.45,0.041978853,0.096859712,0.138700971,,,,,,,,,,
39.455,0.043511185,0.100359108,0.14369629,,,,,,,,,,
39.46,0.044875119,0.103470305,0.148134615,,,,,,,,,,
39.465,0.04606562,0.106181966,0.151999628,,,,,,,,,,
39.47,0.047078168,0.10848401,0.155276671,,,,,,,,,,
39.475,0.047909347,0.110367924,0.157954073,,,,,,,,,,
39.48,0.048556019,0.111827134,0.160022228,,,,,,,,,,
39.485,0.049016032,0.112856412,0.161473698,,,,,,,,,,
39.49,0.049287803,0.113452155,0.162303483,,,,,,,,,,
39.495,0.049370592,0.113612568,0.162509276,,,,,,,,,,
39.5,0.049264044,0.113337538,0.162090819,,,,,,,,,,
39.505,0.048969084,0.112628552,0.161050162,,,,,,,,,,
39.51,0.048486777,0.111488656,0.159392321,,,,,,,,,,
39.515,0.047819273,0.109922802,0.157123991,,,,,,,,,,
39.52,0.04696943,0.107937398,0.154254682,,,,,,,,,,
39.525,0.045940623,0.105540501,0.150796089,,,,,,,,,,
39.53,0.044736906,0.102741546,0.146761967,,,,,,,,,,
39.535,0.043363134,0.099552022,0.142168543,,,,,,,,,,
39.54,0.041824978,0.095984385,0.137034159,,,,,,,,,,
39.545,0.040128284,0.092052714,0.131379115,,,,,,,,,,
39.55,0.038279804,0.087772467,0.125225644,,,,,,,,,,
39.555,0.03628692,0.083160501,0.118598264,,,,,,,,,,
39.56,0.03415756,0.07823484,0.111522843,,,,,,,,,,
39.565,0.031899867,0.07301472,0.104027066,,,,,,,,,,
39.57,0.02952279,0.067520716,0.096140666,,,,,,,,,,
39.575,0.027035613,0.061774137,0.087894165,,,,,,,,,,
39.58,0.02444802,0.055797333,0.07931981,,,,,,,,,,
39.585,0.021770087,0.049613702,0.070451241,,,,,,,,,,
39.59,0.019012264,0.04324749,0.061323031,,,,,,,,,,
39.595,0.016185078,0.036723006,0.051970501,,,,,,,,,,
39.6,0.013299693,0.030065849,0.042430172,,,,,,,,,,
39.605,0.010367302,0.023302187,0.032739281,,,,,,,,,,
39.61,0.007399001,0.016457704,0.022935174,,,,,,,,,,
39.615,0.004406593,0.009558989,0.013056034,,,,,,,,,,
39.62,0.001401683,0.002633233,0.003140298,,,,,,,,,,
39.625,-0.001604485,-0.004293307,-0.006773793,,,,,,,,,,
39.63,-0.004599948,-0.011194054,-0.016647901,,,,,,,,,,
39.635,-0.007573212,-0.01804162,-0.026443678,,,,,,,,,,
39.64,-0.010513065,-0.024809981,-0.036123398,,,,,,,,,,
39.645,-0.013407945,-0.03147355,-0.045649881,,,,,,,,,,
39.65,-0.016246792,-0.038005921,-0.054986279,,,,,,,,,,
39.655,-0.019018927,-0.044382111,-0.064096687,,,,,,,,,,
39.66,-0.021713394,-0.050578162,-0.072946321,,,,,,,,,,
39.665,-0.024320154,-0.056569838,-0.081501064,,,,,,,,,,
39.67,-0.026829388,-0.062334041,-0.089728242,,,,,,,,,,
39.675,-0.029231301,-0.067849295,-0.097596496,,,,,,,,,,
39.68,-0.031516712,-0.073094274,-0.105075811,,,,,,,,,,
39.685,-0.033677186,-0.078048728,-0.112137666,,,,,,,,,,
39.69,-0.035704435,-0.082694275,-0.11875542,,,,,,,,,,
39.695,-0.037590593,-0.087013439,-0.124904012,,,,,,,,,,
39.7,-0.039328736,-0.090989353,-0.13056027,,,,,,,,,,
39.705,-0.040912449,-0.094607395,-0.135703059,,,,,,,,,,
39.71,-0.042335651,-0.097854301,-0.140313166,,,,,,,,,,
39.715,-0.043593019,-0.100717582,-0.144373546,,,,,,,,,,
39.72,-0.044680172,-0.103186682,-0.147869213,,,,,,,,,,
39.725,-0.04559292,-0.105253151,-0.150787634,,,,,,,,,,
39.73,-0.04632806,-0.106909035,-0.153118445,,,,,,,,,,
39.735,-0.04688304,-0.108148356,-0.154853237,,,,,,,,,,
39.74,-0.047256096,-0.108967422,-0.155986748,,,,,,,,,,
39.745,-0.047445941,-0.109363549,-0.156515218,,,,,,,,,,
39.75,-0.047452224,-0.109335449,-0.156437675,,,,,,,,,,
39.755,-0.047275235,-0.10888436,-0.155755503,,,,,,,,,,
39.76,-0.046915725,-0.108012696,-0.154472315,,,,,,,,,,
39.765,-0.046375673,-0.106724255,-0.152594109,,,,,,,,,,
39.77,-0.045657431,-0.105024842,-0.150129095,,,,,,,,,,
39.775,-0.044763719,-0.102921906,-0.147088104,,,,,,,,,,
39.78,-0.04369867,-0.100424081,-0.1434837,,,,,,,,,,
39.785,-0.042466576,-0.09754181,-0.139330852,,,,,,,,,,
39.79,-0.041072251,-0.094287055,-0.13464683,,,,,,,,,,
39.795,-0.03952165,-0.090673002,-0.129450576,,,,,,,,,,
39.8,-0.037821108,-0.08671431,-0.123763333,,,,,,,,,,
39.805,-0.035977281,-0.082426842,-0.117607934,,,,,,,,,,
39.81,-0.033997826,-0.077827975,-0.111009246,,,,,,,,,,
39.815,-0.031890565,-0.072935987,-0.103993577,,,,,,,,,,
39.82,-0.029663816,-0.067770395,-0.09658893,,,,,,,,,,
39.825,-0.027326647,-0.062351881,-0.088824863,,,,,,,,,,
39.83,-0.024888144,-0.056701869,-0.080731936,,,,,,,,,,
39.835,-0.022357885,-0.05084264,-0.072342303,,,,,,,,,,
39.84,-0.019746029,-0.044797503,-0.063688898,,,,,,,,,,
39.845,-0.017062894,-0.038590327,-0.054805853,,,,,,,,,,
39.85,-0.014318678,-0.032245368,-0.045728005,,,,,,,,,,
39.855,-0.01152438,-0.025787661,-0.036490728,,,,,,,,,,
39.86,-0.008690871,-0.019242521,-0.027130241,,,,,,,,,,
39.865,-0.005829191,-0.012635421,-0.017683018,,,,,,,,,,
39.87,-0.002950542,-0.005992166,-0.008185763,,,,,,,,,,
39.875,-6.62E-05,0.000661427,0.001324746,,,,,,,,,,
39.88,0.002812822,0.007299587,0.010811578,,,,,,,,,,
39.885,0.005675086,0.013896572,0.020238089,,,,,,,,,,
39.89,0.00850971,0.020426867,0.02956816,,,,,,,,,,
39.895,0.011305566,0.026865294,0.038765589,,,,,,,,,,
39.9,0.01405214,0.033187114,0.047795342,,,,,,,,,,
39.905,0.016738761,0.039368068,0.056622889,,,,,,,,,,
39.91,0.019355054,0.045384498,0.06521449,,,,,,,,,,
39.915,0.021891211,0.051213374,0.073537516,,,,,,,,,,
39.92,0.024337572,0.056832497,0.081560308,,,,,,,,,,
39.925,0.026684643,0.062220611,0.089252866,,,,,,,,,,
39.93,0.028923834,0.067357276,0.09658594,,,,,,,,,,
39.935,0.031046601,0.072223174,0.103532065,,,,,,,,,,
39.94,0.033044734,0.076800027,0.110065477,,,,,,,,,,
39.945,0.034911069,0.081070929,0.116161717,,,,,,,,,,
39.95,0.036638472,0.085019885,0.121798178,,,,,,,,,,
39.955,0.038220421,0.088632473,0.126954429,,,,,,,,,,
39.96,0.039651334,0.091895418,0.131611475,,,,,,,,,,
39.965,0.040925854,0.094796893,0.135752474,,,,,,,,,,
39.97,0.0420394,0.097326408,0.139362657,,,,,,,,,,
39.975,0.042987869,0.099475249,0.142429478,,,,,,,,,,
39.98,0.043768273,0.101235805,0.144942187,,,,,,,,,,
39.985,0.044377756,0.102602071,0.146892383,,,,,,,,,,
39.99,0.044814394,0.103569821,0.148273915,,,,,,,,,,
39.995,0.045076919,0.104136057,0.14908276,,,,,,,,,,
40,0.045164737,0.104299538,0.149316969,,,,,,,,,,
40.005,0.045077771,0.104060657,0.148977092,,,,,,,,,,
40.01,0.044816734,0.103421295,0.148065656,,,,,,,,,,
40.015,0.044383027,0.102384569,0.146587431,,,,,,,,,,
40.02,0.043778737,0.100955769,0.144549366,,,,,,,,,,
40.025,0.043006482,0.099141106,0.141960671,,,,,,,,,,
40.03,0.042069737,0.096948427,0.138832428,,,,,,,,,,
40.035,0.040972321,0.094387179,0.135177741,,,,,,,,,,
40.04,0.039718885,0.091468074,0.131012061,,,,,,,,,,
40.045,0.038314636,0.088203059,0.126352358,,,,,,,,,,
40.05,0.036765407,0.084605531,0.121217589,,,,,,,,,,
40.055,0.035077338,0.080690181,0.115628666,,,,,,,,,,
40.06,0.033257555,0.07647252,0.109607964,,,,,,,,,,
40.065,0.031313162,0.071969601,0.103179373,,,,,,,,,,
40.07,0.029252063,0.067199499,0.096368634,,,,,,,,,,
40.075,0.027082401,0.062181068,0.089202711,,,,,,,,,,
40.08,0.024812794,0.056934098,0.081709534,,,,,,,,,,
40.085,0.022452218,0.05147949,0.073918716,,,,,,,,,,
40.09,0.02000986,0.04583844,0.065860817,,,,,,,,,,
40.095,0.017495574,0.040033078,0.057567008,,,,,,,,,,
40.1,0.014918909,0.034086324,0.049069622,,,,,,,,,,
40.105,0.012290035,0.028021098,0.04040183,,,,,,,,,,
40.11,0.00961918,0.021860821,0.031596691,,,,,,,,,,
40.115,0.006916822,0.015629662,0.022688464,,,,,,,,,,
40.12,0.004193328,0.009351517,0.013711538,,,,,,,,,,
40.125,0.001459437,0.003050353,0.004700296,,,,,,,,,,
40.13,-0.001274572,-0.003249433,-0.004310992,,,,,,,,,,
40.135,-0.003997939,-0.009523823,-0.013287449,,,,,,,,,,
40.14,-0.006700299,-0.015748787,-0.022195049,,,,,,,,,,
40.145,-0.009371382,-0.02190055,-0.030999994,,,,,,,,,,
40.15,-0.012000838,-0.027955729,-0.039668649,,,,,,,,,,
40.155,-0.01457874,-0.033891521,-0.048168323,,,,,,,,,,
40.16,-0.017095271,-0.039685283,-0.05646692,,,,,,,,,,
40.165,-0.019540926,-0.045315165,-0.06453311,,,,,,,,,,
40.17,-0.021906485,-0.050759983,-0.07233643,,,,,,,,,,
40.175,-0.024183078,-0.055999309,-0.079847864,,,,,,,,,,
40.18,-0.026362035,-0.061013592,-0.087039266,,,,,,,,,,
40.185,-0.028435405,-0.065784095,-0.093883601,,,,,,,,,,
40.19,-0.030395189,-0.070293073,-0.100355568,,,,,,,,,,
40.195,-0.032234122,-0.074523878,-0.106431264,,,,,,,,,,
40.2,-0.033945417,-0.078460934,-0.112088005,,,,,,,,,,
40.205,-0.035522924,-0.082089804,-0.117305353,,,,,,,,,,
40.21,-0.036960631,-0.085397199,-0.122063913,,,,,,,,,,
40.215,-0.038253359,-0.08837107,-0.126346458,,,,,,,,,,
40.22,-0.039396576,-0.091000879,-0.130137657,,,,,,,,,,
40.225,-0.040386016,-0.093277355,-0.133423749,,,,,,,,,,
40.23,-0.04121833,-0.095192291,-0.13619327,,,,,,,,,,
40.235,-0.041890557,-0.096739088,-0.13843659,,,,,,,,,,
40.24,-0.04240041,-0.097912577,-0.140146063,,,,,,,,,,
40.245,-0.0427464,-0.098708952,-0.141316084,,,,,,,,,,
40.25,-0.042927467,-0.099125858,-0.141943308,,,,,,,,,,
40.255,-0.042943151,-0.099162572,-0.142026152,,,,,,,,,,
40.26,-0.042793979,-0.098819587,-0.141565117,,,,,,,,,,
40.265,-0.042480439,-0.09809884,-0.140563158,,,,,,,,,,
40.27,-0.042004397,-0.09700392,-0.139024857,,,,,,,,,,
40.275,-0.041367907,-0.095539639,-0.136956979,,,,,,,,,,
40.28,-0.040573399,-0.093712263,-0.13436848,,,,,,,,,,
40.285,-0.039624486,-0.09152938,-0.131269903,,,,,,,,,,
40.29,-0.038525016,-0.089000149,-0.127673876,,,,,,,,,,
40.295,-0.037279301,-0.086134648,-0.123595206,,,,,,,,,,
40.3,-0.035892676,-0.082944504,-0.119049967,,,,,,,,,,
40.305,-0.034370656,-0.079442437,-0.114056431,,,,,,,,,,
40.31,-0.03271911,-0.075642325,-0.108634363,,,,,,,,,,
40.315,-0.030944846,-0.071558969,-0.102805247,,,,,,,,,,
40.32,-0.029054843,-0.067208721,-0.096591803,,,,,,,,,,
40.325,-0.027056403,-0.062608532,-0.090018791,,,,,,,,,,
40.33,-0.024957495,-0.05777625,-0.083111492,,,,,,,,,,
40.335,-0.022766377,-0.052730808,-0.075896933,,,,,,,,,,
40.34,-0.02049153,-0.047491921,-0.068403325,,,,,,,,,,
40.345,-0.018141811,-0.042079805,-0.060659624,,,,,,,,,,
40.35,-0.015726363,-0.036515508,-0.052695801,,,,,,,,,,
40.355,-0.013254358,-0.030820568,-0.044542748,,,,,,,,,,
40.36,-0.010735558,-0.025016842,-0.036231894,,,,,,,,,,
40.365,-0.008179472,-0.019126884,-0.027795435,,,,,,,,,,
40.37,-0.005596021,-0.013173232,-0.019265771,,,,,,,,,,
40.375,-0.002995336,-0.007178749,-0.010675769,,,,,,,,,,
40.38,-0.000387207,-0.001166438,-0.002058382,,,,,,,,,,
40.385,0.00221825,0.004840614,0.006553123,,,,,,,,,,
40.39,0.00481101,0.010819606,0.01512591,,,,,,,,,,
40.395,0.007381246,0.01674754,0.023626933,,,,,,,,,,
40.4,0.00991908,0.022601901,0.032023709,,,,,,,,,,
40.405,0.012414821,0.028360375,0.040284272,,,,,,,,,,
40.41,0.01485908,0.034000957,0.048376819,,,,,,,,,,
40.415,0.01724243,0.039502234,0.05627061,,,,,,,,,,
40.42,0.019555911,0.044843254,0.063935738,,,,,,,,,,
40.425,0.021790821,0.050003713,0.071342751,,,,,,,,,,
40.43,0.023938653,0.05496417,0.078463745,,,,,,,,,,
40.435,0.025991366,0.059705707,0.085271526,,,,,,,,,,
40.44,0.027941237,0.064210509,0.091740402,,,,,,,,,,
40.445,0.02978091,0.068461705,0.097845922,,,,,,,,,,
40.45,0.031503417,0.072443149,0.103564955,,,,,,,,,,
40.455,0.03310238,0.076139945,0.108876004,,,,,,,,,,
40.46,0.034571668,0.079538476,0.113759144,,,,,,,,,,
40.465,0.035905855,0.082625857,0.118196057,,,,,,,,,,
40.47,0.03710013,0.085390637,0.122170174,,,,,,,,,,
40.475,0.038150008,0.087822741,0.125666836,,,,,,,,,,
40.48,0.039051543,0.089913231,0.128673063,,,,,,,,,,
40.485,0.03980181,0.091654237,0.131177913,,,,,,,,,,
40.49,0.040397833,0.093039762,0.133172392,,,,,,,,,,
40.495,0.040837724,0.094064726,0.134649402,,,,,,,,,,
40.5,0.04112003,0.094725619,0.135603931,,,,,,,,,,
40.505,0.041243663,0.095020287,0.136032956,,,,,,,,,,
40.51,0.041208487,0.094948268,0.135935357,,,,,,,,,,
40.515,0.04101492,0.094510163,0.1353123,,,,,,,,,,
40.52,0.040663719,0.093708097,0.13416679,,,,,,,,,,
40.525,0.040156577,0.09254572,0.132503837,,,,,,,,,,
40.53,0.039495525,0.091027922,0.130330615,,,,,,,,,,
40.535,0.038683286,0.089160862,0.127656221,,,,,,,,,,
40.54,0.037723297,0.086952252,0.124491476,,,,,,,,,,
40.545,0.036619222,0.084411235,0.120849419,,,,,,,,,,
40.55,0.035375647,0.081547743,0.116744808,,,,,,,,,,
40.555,0.03399752,0.078373246,0.112193824,,,,,,,,,,
40.56,0.032490511,0.0749006,0.10721499,,,,,,,,,,
40.565,0.030860391,0.071143412,0.101828176,,,,,,,,,,
40.57,0.029113736,0.067116357,0.096054603,,,,,,,,,,
40.575,0.027257357,0.062835671,0.089917282,,,,,,,,,,
40.58,0.025298541,0.0583181,0.083440581,,,,,,,,,,
40.585,0.023244971,0.053581276,0.076649931,,,,,,,,,,
40.59,0.021104732,0.048644098,0.069572172,,,,,,,,,,
40.595,0.018886023,0.043525821,0.062235221,,,,,,,,,,
40.6,0.016597824,0.038246399,0.054667752,,,,,,,,,,
40.605,0.014248752,0.032826662,0.046899572,,,,,,,,,,
40.61,0.011847968,0.027287796,0.038961141,,,,,,,,,,
40.615,0.009404937,0.021651388,0.030883576,,,,,,,,,,
40.62,0.006928963,0.01593933,0.022698376,,,,,,,,,,
40.625,0.00442988,0.010173928,0.014437609,,,,,,,,,,
40.63,0.001917289,0.004377602,0.006133505,,,,,,,,,,
40.635,-0.00059902,-0.001427145,-0.002181487,,,,,,,,,,
40.64,-0.003109195,-0.007217752,-0.010475116,,,,,,,,,,
40.645,-0.00560375,-0.012971663,-0.018715079,,,,,,,,,,
40.65,-0.008073003,-0.01866679,-0.026869322,,,,,,,,,,
40.655,-0.01050732,-0.024280908,-0.034906357,,,,,,,,,,
40.66,-0.012897507,-0.029792343,-0.042794797,,,,,,,,,,
40.665,-0.015234266,-0.035179848,-0.050504275,,,,,,,,,,
40.67,-0.017508615,-0.040422744,-0.058005259,,,,,,,,,,
40.675,-0.019711971,-0.045500483,-0.065268476,,,,,,,,,,
40.68,-0.021835736,-0.050393759,-0.072266142,,,,,,,,,,
40.685,-0.023871892,-0.055083719,-0.078971549,,,,,,,,,,
40.69,-0.025812621,-0.059552501,-0.085358685,,,,,,,,,,
40.695,-0.027650614,-0.06378294,-0.091403335,,,,,,,,,,
40.7,-0.029378679,-0.067759008,-0.097082456,,,,,,,,,,
40.705,-0.030990397,-0.071465576,-0.102374298,,,,,,,,,,
40.71,-0.032479724,-0.074888449,-0.107258973,,,,,,,,,,
40.715,-0.033840732,-0.078014764,-0.111718156,,,,,,,,,,
40.72,-0.035068659,-0.080832834,-0.115734947,,,,,,,,,,
40.725,-0.036158803,-0.083332116,-0.119294477,,,,,,,,,,
40.73,-0.037106873,-0.085503335,-0.122383578,,,,,,,,,,
40.735,-0.037909727,-0.087338554,-0.124990816,,,,,,,,,,
40.74,-0.038564449,-0.088831057,-0.127107091,,,,,,,,,,
40.745,-0.039068505,-0.089975474,-0.128724783,,,,,,,,,,
40.75,-0.039420368,-0.090767915,-0.129838418,,,,,,,,,,
40.755,-0.039618697,-0.091205696,-0.130444513,,,,,,,,,,
40.76,-0.039662936,-0.091287782,-0.130541653,,,,,,,,,,
40.765,-0.039553462,-0.091014343,-0.130130112,,,,,,,,,,
40.77,-0.0392906,-0.090387039,-0.129212495,,,,,,,,,,
40.775,-0.038875616,-0.089408846,-0.127793184,,,,,,,,,,
40.78,-0.038310492,-0.088084073,-0.125878449,,,,,,,,,,
40.785,-0.037597633,-0.086418619,-0.123476722,,,,,,,,,,
40.79,-0.03673974,-0.084419465,-0.120598333,,,,,,,,,,
40.795,-0.03574048,-0.082094845,-0.117254987,,,,,,,,,,
40.8,-0.034603953,-0.079454461,-0.113460792,,,,,,,,,,
40.805,-0.033334868,-0.076509046,-0.109231297,,,,,,,,,,
40.81,-0.031938441,-0.073270586,-0.104583707,,,,,,,,,,
40.815,-0.030420185,-0.06975219,-0.099536914,,,,,,,,,,
40.82,-0.028786269,-0.065967976,-0.094111347,,,,,,,,,,
40.825,-0.0270434,-0.061933111,-0.088328669,,,,,,,,,,
40.83,-0.025198265,-0.057663863,-0.08221224,,,,,,,,,,
40.835,-0.023258363,-0.053177128,-0.075786524,,,,,,,,,,
40.84,-0.021231412,-0.048490757,-0.069076954,,,,,,,,,,
40.845,-0.019125341,-0.043623527,-0.062110273,,,,,,,,,,
40.85,-0.016948607,-0.038594628,-0.05491398,,,,,,,,,,
40.855,-0.014709717,-0.033424072,-0.047516624,,,,,,,,,,
40.86,-0.01241743,-0.028132223,-0.039947239,,,,,,,,,,
40.865,-0.010080892,-0.02274007,-0.032235736,,,,,,,,,,
40.87,-0.007709037,-0.017268635,-0.024412247,,,,,,,,,,
40.875,-0.005311273,-0.011739306,-0.016507534,,,,,,,,,,
40.88,-0.002897168,-0.00617389,-0.008552601,,,,,,,,,,
40.885,-0.000475942,-0.000594254,-0.000578357,,,,,,,,,,
40.89,0.001942844,0.00497817,0.007384076,,,,,,,,,,
40.895,0.004349637,0.010521643,0.015303778,,,,,,,,,,
40.9,0.006735184,0.016014361,0.023149977,,,,,,,,,,
40.905,0.009090154,0.021435188,0.030892251,,,,,,,,,,
40.91,0.011405465,0.026763254,0.038500761,,,,,,,,,,
40.915,0.013672319,0.031977867,0.045946088,,,,,,,,,,
40.92,0.015881718,0.037058861,0.053199852,,,,,,,,,,
40.925,0.018025328,0.041986752,0.060233966,,,,,,,,,,
40.93,0.020094926,0.046742501,0.067021549,,,,,,,,,,
40.935,0.022082646,0.051307955,0.073537029,,,,,,,,,,
40.94,0.023980572,0.055665664,0.079755267,,,,,,,,,,
40.945,0.025781923,0.059799062,0.085652839,,,,,,,,,,
40.95,0.027479584,0.063692502,0.091207509,,,,,,,,,,
40.955,0.029067071,0.067331341,0.096398177,,,,,,,,,,
40.96,0.030538406,0.070701797,0.101205436,,,,,,,,,,
40.965,0.031888105,0.073791418,0.105611486,,,,,,,,,,
40.97,0.033110977,0.076588743,0.109600029,,,,,,,,,,
40.975,0.034202563,0.079083135,0.113156019,,,,,,,,,,
40.98,0.035158802,0.081265689,0.116266936,,,,,,,,,,
40.985,0.035976168,0.083128554,0.118921306,,,,,,,,,,
40.99,0.036651972,0.084664858,0.121109798,,,,,,,,,,
40.995,0.037183653,0.085869324,0.12282476,,,,,,,,,,
41,0.037569416,0.086737833,0.124060478,,,,,,,,,,
41.005,0.037808166,0.087267493,0.124813004,,,,,,,,,,
41.01,0.037899215,0.087457042,0.125080388,,,,,,,,,,
41.015,0.03784237,0.087306357,0.12486255,,,,,,,,,,
41.02,0.037638054,0.086816528,0.124161065,,,,,,,,,,
41.025,0.037287537,0.085990195,0.122979551,,,,,,,,,,
41.03,0.036792281,0.084831285,0.121323579,,,,,,,,,,
41.035,0.036154435,0.083344683,0.119200203,,,,,,,,,,
41.04,0.035376747,0.081537013,0.116618708,,,,,,,,,,
41.045,0.034462554,0.079415708,0.113589742,,,,,,,,,,
41.05,0.033415526,0.076989682,0.110125725,,,,,,,,,,
41.055,0.032240123,0.074268742,0.106241135,,,,,,,,,,
41.06,0.030941092,0.071264094,0.101951501,,,,,,,,,,
41.065,0.029523802,0.067987814,0.097274232,,,,,,,,,,
41.07,0.027993995,0.064452952,0.09222806,,,,,,,,,,
41.075,0.026357862,0.060673722,0.086833196,,,,,,,,,,
41.08,0.024621922,0.056665292,0.081111026,,,,,,,,,,
41.085,0.022793072,0.052443506,0.075084382,,,,,,,,,,
41.09,0.020878675,0.048025102,0.068776893,,,,,,,,,,
41.095,0.018886208,0.043427588,0.062213349,,,,,,,,,,
41.1,0.016823592,0.038669076,0.05541977,,,,,,,,,,
41.105,0.014699006,0.033768347,0.04842258,,,,,,,,,,
41.11,0.012520708,0.028744615,0.041249114,,,,,,,,,,
41.115,0.010297232,0.023617554,0.033927532,,,,,,,,,,
41.12,0.008037447,0.018407235,0.026486154,,,,,,,,,,
41.125,0.005750064,0.013133902,0.018953967,,,,,,,,,,
41.13,0.003444113,0.007818093,0.011360445,,,,,,,,,,
41.135,0.001128605,0.002480368,0.003734751,,,,,,,,,,
41.14,-0.001187288,-0.002858562,-0.003893569,,,,,,,,,,
41.145,-0.003494675,-0.008177991,-0.011494918,,,,,,,,,,
41.15,-0.005784573,-0.013457444,-0.019040104,,,,,,,,,,
41.155,-0.008048105,-0.018676494,-0.026500063,,,,,,,,,,
41.16,-0.01027647,-0.023814946,-0.033846055,,,,,,,,,,
41.165,-0.012461173,-0.028853221,-0.041049917,,,,,,,,,,
41.17,-0.014593807,-0.033771894,-0.048084197,,,,,,,,,,
41.175,-0.016666194,-0.038551982,-0.054921728,,,,,,,,,,
41.18,-0.018670294,-0.043175243,-0.061536533,,,,,,,,,,
41.185,-0.020598622,-0.047624034,-0.067903509,,,,,,,,,,
41.19,-0.022443717,-0.051881413,-0.073998359,,,,,,,,,,
41.195,-0.024198498,-0.055931135,-0.079797766,,,,,,,,,,
41.2,-0.025856399,-0.059757964,-0.085279973,,,,,,,,,,
41.205,-0.027410996,-0.063347389,-0.09042399,,,,,,,,,,
41.21,-0.028856517,-0.066685908,-0.095210583,,,,,,,,,,
41.215,-0.030187455,-0.069760955,-0.099621719,,,,,,,,,,
41.22,-0.031398688,-0.072561052,-0.103640839,,,,,,,,,,
41.225,-0.032485934,-0.075075623,-0.10725276,,,,,,,,,,
41.23,-0.033445018,-0.077295544,-0.110444326,,,,,,,,,,
41.235,-0.034272347,-0.079212629,-0.113203639,,,,,,,,,,
41.24,-0.034965191,-0.080819758,-0.115520492,,,,,,,,,,
41.245,-0.035520901,-0.082111044,-0.117386614,,,,,,,,,,
41.25,-0.035937601,-0.083082127,-0.11879537,,,,,,,,,,
41.255,-0.036213957,-0.083729435,-0.119741897,,,,,,,,,,
41.26,-0.036348957,-0.08405096,-0.120223095,,,,,,,,,,
41.265,-0.036342372,-0.084045936,-0.120237709,,,,,,,,,,
41.27,-0.036194504,-0.083714786,-0.119786192,,,,,,,,,,
41.275,-0.03590612,-0.083059155,-0.118870712,,,,,,,,,,
41.28,-0.035478431,-0.082082091,-0.117495627,,,,,,,,,,
41.285,-0.034913363,-0.080787908,-0.115666608,,,,,,,,,,
41.29,-0.034213347,-0.079181862,-0.113391195,,,,,,,,,,
41.295,-0.03338103,-0.077270691,-0.110678873,,,,,,,,,,
41.3,-0.032419948,-0.075062197,-0.107540557,,,,,,,,,,
41.305,-0.031334089,-0.072565305,-0.103989016,,,,,,,,,,
41.31,-0.030127736,-0.069789919,-0.100038346,,,,,,,,,,
41.315,-0.02880585,-0.06674732,-0.095704458,,,,,,,,,,
41.32,-0.027373788,-0.063449414,-0.091004442,,,,,,,,,,
41.325,-0.025837173,-0.059909316,-0.085957015,,,,,,,,,,
41.33,-0.024202167,-0.056141192,-0.080582187,,,,,,,,,,
41.335,-0.022475289,-0.052159767,-0.074901246,,,,,,,,,,
41.34,-0.020663314,-0.047980655,-0.068936408,,,,,,,,,,
41.345,-0.018773411,-0.043620384,-0.062711233,,,,,,,,,,
41.35,-0.01681304,-0.039096293,-0.056250278,,,,,,,,,,
41.355,-0.014789796,-0.034425944,-0.049578784,,,,,,,,,,
41.36,-0.012711632,-0.02962779,-0.042722801,,,,,,,,,,
41.365,-0.010586775,-0.024720606,-0.035709332,,,,,,,,,,
41.37,-0.00842339,-0.019723706,-0.028565658,,,,,,,,,,
41.375,-0.006229866,-0.014656328,-0.021319802,,,,,,,,,,
41.38,-0.004015,-0.009538515,-0.014000184,,,,,,,,,,
41.385,-0.00178726,-0.004390214,-0.006635153,,,,,,,,,,
41.39,0.000444634,0.00076865,0.000746452,,,,,,,,,,
41.395,0.002671938,0.005918001,0.008115821,,,,,,,,,,
41.4,0.004886035,0.011037742,0.015444204,,,,,,,,,,
41.405,0.007078155,0.016107895,0.022703077,,,,,,,,,,
41.41,0.009239919,0.021109115,0.029864226,,,,,,,,,,
41.415,0.011363038,0.026021717,0.036899868,,,,,,,,,,
41.42,0.01343923,0.030826687,0.043782542,,,,,,,,,,
41.425,0.015460485,0.03550531,0.050485547,,,,,,,,,,
41.43,0.017419067,0.04003968,0.056983088,,,,,,,,,,
41.435,0.019307541,0.044411989,0.063249871,,,,,,,,,,
41.44,0.021118583,0.048605553,0.069261608,,,,,,,,,,
41.445,0.022845107,0.052604064,0.07499518,,,,,,,,,,
41.45,0.024480775,0.056392051,0.080428264,,,,,,,,,,
41.455,0.026019249,0.059955183,0.085540043,,,,,,,,,,
41.46,0.027454485,0.063279708,0.090310925,,,,,,,,,,
41.465,0.028781205,0.066352825,0.09472234,,,,,,,,,,
41.47,0.029994216,0.069162979,0.098757524,,,,,,,,,,
41.475,0.031088807,0.071699531,0.102401022,,,,,,,,,,
41.48,0.032061039,0.073952658,0.105639077,,,,,,,,,,
41.485,0.032907212,0.075913988,0.108459248,,,,,,,,,,
41.49,0.03362407,0.077576223,0.110851097,,,,,,,,,,
41.495,0.034209263,0.078933043,0.112805648,,,,,,,,,,
41.5,0.034660444,0.079979444,0.114315603,,,,,,,,,,
41.505,0.034976196,0.080711735,0.115375686,,,,,,,,,,
41.51,0.035155367,0.081127418,0.115982268,,,,,,,,,,
41.515,0.0351976,0.081224979,0.116133307,,,,,,,,,,
41.52,0.035102608,0.081004552,0.115828763,,,,,,,,,,
41.525,0.034871126,0.080467396,0.115070437,,,,,,,,,,
41.53,0.034504158,0.079615971,0.113861783,,,,,,,,,,
41.535,0.034003308,0.078454006,0.112207917,,,,,,,,,,
41.54,0.033370426,0.076986483,0.110115931,,,,,,,,,,
41.545,0.032608359,0.07521944,0.10759454,,,,,,,,,,
41.55,0.031720193,0.073160251,0.104654087,,,,,,,,,,
41.555,0.030709404,0.070817351,0.101306816,,,,,,,,,,
41.56,0.029580143,0.068200144,0.097566254,,,,,,,,,,
41.565,0.028337128,0.065319373,0.093447504,,,,,,,,,,
41.57,0.026985246,0.062186545,0.088967403,,,,,,,,,,
41.575,0.025529976,0.058814347,0.084144132,,,,,,,,,,
41.58,0.023977201,0.055216297,0.078996962,,,,,,,,,,
41.585,0.022333109,0.051406662,0.07354662,,,,,,,,,,
41.59,0.020604184,0.047400779,0.067815082,,,,,,,,,,
41.595,0.018797357,0.043214677,0.061825126,,,,,,,,,,
41.6,0.01691968,0.03886511,0.055600852,,,,,,,,,,
41.605,0.014978626,0.034369253,0.049167071,,,,,,,,,,
41.61,0.012981883,0.029745347,0.042549225,,,,,,,,,,
41.615,0.01093716,0.025011359,0.035773697,,,,,,,,,,
41.62,0.008852632,0.020186453,0.028867741,,,,,,,,,,
41.625,0.006736492,0.015289576,0.021858391,,,,,,,,,,
41.63,0.004596974,0.010340136,0.014773563,,,,,,,,,,
41.635,0.002442583,0.005357484,0.007641452,,,,,,,,,,
41.64,0.000281818,0.000361529,0.00049013,,,,,,,,,,
41.645,-0.001876895,-0.004628172,-0.006652094,,,,,,,,,,
41.65,-0.004024956,-0.009592097,-0.013756905,,,,,,,,,,
41.655,-0.006154022,-0.014510609,-0.020796492,,,,,,,,,,
41.66,-0.008255765,-0.01936451,-0.027743224,,,,,,,,,,
41.665,-0.010322032,-0.024134671,-0.034569437,,,,,,,,,,
41.67,-0.012344732,-0.028802531,-0.041248647,,,,,,,,,,
41.675,-0.014316051,-0.033349724,-0.047754781,,,,,,,,,,
41.68,-0.016228422,-0.037758562,-0.054062114,,,,,,,,,,
41.685,-0.018074357,-0.04201179,-0.060146383,,,,,,,,,,
41.69,-0.019846781,-0.046092949,-0.065983837,,,,,,,,,,
41.695,-0.021538818,-0.049986083,-0.071551612,,,,,,,,,,
41.7,-0.023143984,-0.053676206,-0.076828352,,,,,,,,,,
41.705,-0.024656081,-0.057149286,-0.081793758,,,,,,,,,,
41.71,-0.026069303,-0.060391783,-0.086428497,,,,,,,,,,
41.715,-0.027378266,-0.063391333,-0.090714722,,,,,,,,,,
41.72,-0.028577844,-0.066136719,-0.094636532,,,,,,,,,,
41.725,-0.029663581,-0.068617392,-0.098178522,,,,,,,,,,
41.73,-0.030631347,-0.070823944,-0.101327566,,,,,,,,,,
41.735,-0.031477525,-0.072748401,-0.104072136,,,,,,,,,,
41.74,-0.032198846,-0.074383544,-0.106401595,,,,,,,,,,
41.745,-0.032793017,-0.075723278,-0.108307686,,,,,,,,,,
41.75,-0.033257637,-0.076763081,-0.109783872,,,,,,,,,,
41.755,-0.033591298,-0.077499249,-0.110824862,,,,,,,,,,
41.76,-0.03379285,-0.077929264,-0.111427311,,,,,,,,,,
41.765,-0.033861739,-0.078052049,-0.111589838,,,,,,,,,,
41.77,-0.033797804,-0.077867781,-0.111312433,,,,,,,,,,
41.775,-0.03360172,-0.077377571,-0.110596994,,,,,,,,,,
41.78,-0.033274395,-0.076584007,-0.109447322,,,,,,,,,,
41.785,-0.032817285,-0.075490755,-0.10786847,,,,,,,,,,
41.79,-0.03223241,-0.07410273,-0.105867409,,,,,,,,,,
41.795,-0.031522298,-0.07242594,-0.103453216,,,,,,,,,,
41.8,-0.030689873,-0.070467669,-0.100635728,,,,,,,,,,
41.805,-0.029738524,-0.068236119,-0.097427037,,,,,,,,,,
41.81,-0.028672212,-0.065740494,-0.093840534,,,,,,,,,,
41.815,-0.027495483,-0.062991126,-0.089890952,,,,,,,,,,
41.82,-0.026213058,-0.059999405,-0.085594592,,,,,,,,,,
41.825,-0.024830277,-0.056777434,-0.08096933,,,,,,,,,,
41.83,-0.023352785,-0.053338449,-0.076033648,,,,,,,,,,
41.835,-0.021786511,-0.049696144,-0.070807604,,,,,,,,,,
41.84,-0.020137809,-0.0458654,-0.065312737,,,,,,,,,,
41.845,-0.018413432,-0.041861714,-0.059570911,,,,,,,,,,
41.85,-0.016620081,-0.037701045,-0.053605242,,,,,,,,,,
41.855,-0.014765049,-0.033399858,-0.047439777,,,,,,,,,,
41.86,-0.012855789,-0.028975836,-0.041099004,,,,,,,,,,
41.865,-0.010899661,-0.024446479,-0.034608208,,,,,,,,,,
41.87,-0.008904603,-0.019829598,-0.027993326,,,,,,,,,,
41.875,-0.006878443,-0.015143831,-0.02128046,,,,,,,,,,
41.88,-0.004829153,-0.010407692,-0.014496185,,,,,,,,,,
41.885,-0.002764978,-0.005639538,-0.007667449,,,,,,,,,,
41.89,-0.000694067,-0.00085839,-0.000821119,,,,,,,,,,
41.895,0.001375638,0.00391682,0.006015904,,,,,,,,,,
41.9,0.00343563,0.008667674,0.012816632,,,,,,,,,,
41.905,0.005478012,0.013375603,0.019554775,,,,,,,,,,
41.91,0.007494764,0.018022032,0.02620364,,,,,,,,,,
41.915,0.009477854,0.022588929,0.032737359,,,,,,,,,,
41.92,0.011419603,0.027058822,0.039130725,,,,,,,,,,
41.925,0.013312554,0.031414082,0.045358844,,,,,,,,,,
41.93,0.015149391,0.035637864,0.051397578,,,,,,,,,,
41.935,0.016922919,0.039714022,0.057223812,,,,,,,,,,
41.94,0.018626508,0.043626791,0.062815106,,,,,,,,,,
41.945,0.020253353,0.047360962,0.06814983,,,,,,,,,,
41.95,0.021797426,0.05090263,0.073207837,,,,,,,,,,
41.955,0.023252716,0.054238248,0.077969965,,,,,,,,,,
41.96,0.024613744,0.057354957,0.082417766,,,,,,,,,,
41.965,0.025875196,0.0602411,0.086534711,,,,,,,,,,
41.97,0.027032492,0.062886098,0.090305401,,,,,,,,,,
41.975,0.028081125,0.065279955,0.09371564,,,,,,,,,,
41.98,0.029017088,0.067413895,0.096752734,,,,,,,,,,
41.985,0.029836962,0.069280094,0.099405677,,,,,,,,,,
41.99,0.030537788,0.070871872,0.101664773,,,,,,,,,,
41.995,0.031117131,0.072183353,0.10352191,,,,,,,,,,
42,0.031572835,0.073210093,0.104970817,,,,,,,,,,
42.005,0.031903462,0.073948616,0.106006577,,,,,,,,,,
42.01,0.032108079,0.074396457,0.106625678,,,,,,,,,,
42.015,0.032186022,0.074552531,0.106826933,,,,,,,,,,
42.02,0.032137207,0.074416847,0.106610054,,,,,,,,,,
42.025,0.031962223,0.073990375,0.105976861,,,,,,,,,,
42.03,0.031662005,0.073275376,0.104930546,,,,,,,,,,
42.035,0.031237704,0.072275247,0.103475856,,,,,,,,,,
42.04,0.030691462,0.070994463,0.101619399,,,,,,,,,,
42.045,0.030025569,0.069438534,0.099369007,,,,,,,,,,
42.05,0.029242767,0.067614256,0.096734235,,,,,,,,,,
42.055,0.028346295,0.065529095,0.093725974,,,,,,,,,,
42.06,0.027340055,0.063191584,0.090356717,,,,,,,,,,
42.065,0.026228057,0.060611428,0.086640186,,,,,,,,,,
42.07,0.02501501,0.057799168,0.082591491,,,,,,,,,,
42.075,0.023705741,0.054765961,0.078227203,,,,,,,,,,
42.08,0.022305683,0.051524002,0.073564506,,,,,,,,,,
42.085,0.020820551,0.048086463,0.068622339,,,,,,,,,,
42.09,0.019256374,0.044466894,0.063420517,,,,,,,,,,
42.095,0.017619305,0.040679597,0.057979584,,,,,,,,,,
42.1,0.015916047,0.036739841,0.052321169,,,,,,,,,,
42.105,0.014153319,0.032663009,0.046467673,,,,,,,,,,
42.11,0.012338063,0.02846536,0.040442162,,,,,,,,,,
42.115,0.010477486,0.024163393,0.034268307,,,,,,,,,,
42.12,0.00857889,0.019774153,0.027970475,,,,,,,,,,
42.125,0.006649909,0.015314753,0.021573278,,,,,,,,,,
42.13,0.004698029,0.010802707,0.015101597,,,,,,,,,,
42.135,0.002730898,0.006255631,0.008581064,,,,,,,,,,
42.14,0.00075641,0.001691329,0.002036852,,,,,,,,,,
42.145,-0.001217644,-0.002872453,-0.004505391,,,,,,,,,,
42.15,-0.003183709,-0.007418187,-0.011020275,,,,,,,,,,
42.155,-0.005133859,-0.011928081,-0.017482512,,,,,,,,,,
42.16,-0.007060494,-0.016384697,-0.023866959,,,,,,,,,,
42.165,-0.008956045,-0.020770828,-0.030148941,,,,,,,,,,
42.17,-0.010813224,-0.025069522,-0.036304115,,,,,,,,,,
42.175,-0.012624813,-0.029264123,-0.042308962,,,,,,,,,,
42.18,-0.01438383,-0.033338605,-0.048140151,,,,,,,,,,
42.185,-0.016083337,-0.037277071,-0.053775217,,,,,,,,,,
42.19,-0.017717071,-0.04106442,-0.059192716,,,,,,,,,,
42.195,-0.01927858,-0.044686222,-0.064371748,,,,,,,,,,
42.2,-0.020761913,-0.048128677,-0.06929268,,,,,,,,,,
42.205,-0.022161385,-0.051378312,-0.073936501,,,,,,,,,,
42.21,-0.023471673,-0.054423036,-0.078285665,,,,,,,,,,
42.215,-0.024687682,-0.057251357,-0.082323625,,,,,,,,,,
42.22,-0.025804868,-0.059852286,-0.086034985,,,,,,,,,,
42.225,-0.026818857,-0.062216285,-0.08940583,,,,,,,,,,
42.23,-0.027725841,-0.064334513,-0.092423353,,,,,,,,,,
42.235,-0.028522557,-0.066198801,-0.095076332,,,,,,,,,,
42.24,-0.029205813,-0.067802244,-0.097354749,,,,,,,,,,
42.245,-0.029773269,-0.069139217,-0.099250375,,,,,,,,,,
42.25,-0.03022281,-0.070204643,-0.100756302,,,,,,,,,,
42.255,-0.030552879,-0.070994487,-0.101866843,,,,,,,,,,
42.26,-0.030762334,-0.07150632,-0.102578547,,,,,,,,,,
42.265,-0.03085059,-0.071738307,-0.102889023,,,,,,,,,,
42.27,-0.030817435,-0.071689657,-0.102797461,,,,,,,,,,
42.275,-0.030663354,-0.071361062,-0.102304761,,,,,,,,,,
42.28,-0.030388788,-0.070754137,-0.101413284,,,,,,,,,,
42.285,-0.029995194,-0.069871413,-0.100127015,,,,,,,,,,
42.29,-0.029484307,-0.068716697,-0.098451168,,,,,,,,,,
42.295,-0.028858022,-0.06729497,-0.096393003,,,,,,,,,,
42.3,-0.028119099,-0.06561185,-0.093960853,,,,,,,,,,
42.305,-0.027270587,-0.063674226,-0.091164464,,,,,,,,,,
42.31,-0.026315678,-0.061490119,-0.088015335,,,,,,,,,,
42.315,-0.025258446,-0.059068131,-0.084526058,,,,,,,,,,
42.32,-0.024103056,-0.056418161,-0.080710693,,,,,,,,,,
42.325,-0.022854178,-0.053550518,-0.076584343,,,,,,,,,,
42.33,-0.021516892,-0.050476666,-0.072163525,,,,,,,,,,
42.335,-0.020096641,-0.04720899,-0.067466025,,,,,,,,,,
42.34,-0.018598993,-0.043760148,-0.062510129,,,,,,,,,,
42.345,-0.017030013,-0.040143753,-0.057315899,,,,,,,,,,
42.35,-0.015395878,-0.036374443,-0.051903635,,,,,,,,,,
42.355,-0.013703152,-0.032466845,-0.046294775,,,,,,,,,,
42.36,-0.011958401,-0.028436263,-0.040511504,,,,,,,,,,
42.365,-0.010168557,-0.024298946,-0.034576686,,,,,,,,,,
42.37,-0.008340791,-0.020071142,-0.028513647,,,,,,,,,,
42.375,-0.006482141,-0.015769201,-0.022346072,,,,,,,,,,
42.38,-0.004599923,-0.011410453,-0.016098454,,,,,,,,,,
42.385,-0.002701548,-0.00701198,-0.00979521,,,,,,,,,,
42.39,-0.000794493,-0.002590926,-0.003461217,,,,,,,,,,
42.395,0.001113699,0.001835348,0.002878794,,,,,,,,,,
42.4,0.003015574,0.00624942,0.009199849,,,,,,,,,,
42.405,0.004903669,0.010633978,0.015477171,,,,,,,,,,
42.41,0.006770482,0.014972042,0.021686084,,,,,,,,,,
42.415,0.008608612,0.019246358,0.027802414,,,,,,,,,,
42.42,0.010411061,0.023440438,0.033802047,,,,,,,,,,
42.425,0.01217069,0.027537792,0.03966175,,,,,,,,,,
42.43,0.013880542,0.031522447,0.045358467,,,,,,,,,,
42.435,0.015534122,0.035378631,0.050869956,,,,,,,,,,
42.44,0.017124988,0.039091478,0.056174865,,,,,,,,,,
42.445,0.018646914,0.042646441,0.061252586,,,,,,,,,,
42.45,0.020094109,0.046029485,0.066083233,,,,,,,,,,
42.455,0.02146091,0.049227557,0.070648154,,,,,,,,,,
42.46,0.02274199,0.052228292,0.074929645,,,,,,,,,,
42.465,0.023932491,0.055019939,0.07891111,,,,,,,,,,
42.47,0.025027829,0.057591609,0.082577177,,,,,,,,,,
42.475,0.026023649,0.059933697,0.085913879,,,,,,,,,,
42.48,0.026916183,0.062036994,0.088908148,,,,,,,,,,
42.485,0.027702043,0.063893395,0.091548672,,,,,,,,,,
42.49,0.028378078,0.065496068,0.093825613,,,,,,,,,,
42.495,0.028941835,0.066838839,0.095730054,,,,,,,,,,
42.5,0.02939127,0.06791652,0.097255112,,,,,,,,,,
42.505,0.029724653,0.068725183,0.098395202,,,,,,,,,,
42.51,0.029940784,0.069262071,0.099146283,,,,,,,,,,
42.515,0.030039176,0.069524942,0.099505703,,,,,,,,,,
42.52,0.030019391,0.069513255,0.099472712,,,,,,,,,,
42.525,0.029881759,0.06922733,0.099047945,,,,,,,,,,
42.53,0.029626929,0.068668576,0.098233152,,,,,,,,,,
42.535,0.029256032,0.067839237,0.097032471,,,,,,,,,,
42.54,0.028770621,0.066743285,0.095451035,,,,,,,,,,
42.545,0.028172742,0.065385273,0.093495277,,,,,,,,,,
42.55,0.027464748,0.063770716,0.091173714,,,,,,,,,,
42.555,0.026649629,0.061906471,0.088495764,,,,,,,,,,
42.56,0.025730661,0.059800392,0.085472584,,,,,,,,,,
42.565,0.024711673,0.057460791,0.082116507,,,,,,,,,,
42.57,0.023596591,0.054897342,0.078441284,,,,,,,,,,
42.575,0.022390061,0.052120705,0.074461951,,,,,,,,,,
42.58,0.021097026,0.049141803,0.070194537,,,,,,,,,,
42.585,0.019722583,0.045972798,0.065656493,,,,,,,,,,
42.59,0.018272284,0.042626612,0.060866105,,,,,,,,,,
42.595,0.016752082,0.039116596,0.055842878,,,,,,,,,,
42.6,0.015168052,0.03545676,0.05060675,,,,,,,,,,
42.605,0.013526494,0.031662024,0.04517899,,,,,,,,,,
42.61,0.011833957,0.02774772,0.039581514,,,,,,,,,,
42.615,0.010097084,0.023729274,0.033836383,,,,,,,,,,
42.62,0.008322787,0.019623069,0.027966737,,,,,,,,,,
42.625,0.006518139,0.015445619,0.021996151,,,,,,,,,,
42.63,0.004690226,0.011213451,0.015948261,,,,,,,,,,
42.635,0.002846166,0.006943478,0.00984717,,,,,,,,,,
42.64,0.000993482,0.002652932,0.003717236,,,,,,,,,,
42.645,-0.000860642,-0.001641177,-0.002417182,,,,,,,,,,
42.65,-0.0027089,-0.00592203,-0.008531955,,,,,,,,,,
42.655,-0.004543887,-0.010172263,-0.014602537,,,,,,,,,,
42.66,-0.0063584,-0.014375329,-0.020605113,,,,,,,,,,
42.665,-0.008145318,-0.018514659,-0.026516037,,,,,,,,,,
42.67,-0.009897483,-0.022573798,-0.032311802,,,,,,,,,,
42.675,-0.011608158,-0.02653662,-0.037969821,,,,,,,,,,
42.68,-0.013270632,-0.030387737,-0.04346789,,,,,,,,,,
42.685,-0.014878405,-0.034111921,-0.048784407,,,,,,,,,,
42.69,-0.016425297,-0.037694457,-0.053898628,,,,,,,,,,
42.695,-0.017905245,-0.041121434,-0.058790771,,,,,,,,,,
42.7,-0.01931257,-0.044379528,-0.063441731,,,,,,,,,,
42.705,-0.020641938,-0.047455912,-0.067833477,,,,,,,,,,
42.71,-0.021888201,-0.050338786,-0.071949328,,,,,,,,,,
42.715,-0.02304654,-0.053016978,-0.075773266,,,,,,,,,,
42.72,-0.024112515,-0.055480253,-0.079290711,,,,,,,,,,
42.725,-0.025082126,-0.057719205,-0.082488467,,,,,,,,,,
42.73,-0.025951579,-0.059725525,-0.085354252,,,,,,,,,,
42.735,-0.026717623,-0.061491568,-0.08787735,,,,,,,,,,
42.74,-0.027377452,-0.063010851,-0.090048568,,,,,,,,,,
42.745,-0.027928671,-0.064277802,-0.091859974,,,,,,,,,,
42.75,-0.02836924,-0.065287907,-0.093304889,,,,,,,,,,
42.755,-0.028697728,-0.066037528,-0.094378512,,,,,,,,,,
42.76,-0.028912943,-0.0665245,-0.095077459,,,,,,,,,,
42.765,-0.029014266,-0.066747284,-0.095399425,,,,,,,,,,
42.77,-0.029001647,-0.066705468,-0.095344285,,,,,,,,,,
42.775,-0.028875245,-0.066399709,-0.094912823,,,,,,,,,,
42.78,-0.028635895,-0.065831879,-0.094107573,,,,,,,,,,
42.785,-0.028284818,-0.065004745,-0.092932592,,,,,,,,,,
42.79,-0.027823467,-0.063922096,-0.091393301,,,,,,,,,,
42.795,-0.027253947,-0.0625889,-0.089496369,,,,,,,,,,
42.8,-0.026578708,-0.061010966,-0.087250195,,,,,,,,,,
42.805,-0.025800541,-0.059195225,-0.08466444,,,,,,,,,,
42.81,-0.024922782,-0.057149213,-0.081750002,,,,,,,,,,
42.815,-0.023949082,-0.054881679,-0.078519032,,,,,,,,,,
42.82,-0.022883387,-0.052402241,-0.0749852,,,,,,,,,,
42.825,-0.021730099,-0.049721018,-0.071162767,,,,,,,,,,
42.83,-0.020493878,-0.046849237,-0.067067768,,,,,,,,,,
42.835,-0.019179957,-0.043798707,-0.062716844,,,,,,,,,,
42.84,-0.017793487,-0.040581869,-0.058127704,,,,,,,,,,
42.845,-0.016340326,-0.037211657,-0.053319119,,,,,,,,,,
42.85,-0.014826219,-0.033701897,-0.048310383,,,,,,,,,,
42.855,-0.013257318,-0.030066858,-0.043121922,,,,,,,,,,
42.86,-0.011639938,-0.026321179,-0.03777441,,,,,,,,,,
42.865,-0.009980468,-0.022479811,-0.032289332,,,,,,,,,,
42.87,-0.008285467,-0.018558338,-0.026688595,,,,,,,,,,
42.875,-0.006561727,-0.014572391,-0.020994503,,,,,,,,,,
42.88,-0.004816248,-0.010537872,-0.015229722,,,,,,,,,,
42.885,-0.003055607,-0.00647088,-0.009416967,,,,,,,,,,
42.89,-0.001286847,-0.002387631,-0.00357932,,,,,,,,,,
42.895,0.000483014,0.001695812,0.002260387,,,,,,,,,,
42.9,0.002247006,0.005763217,0.008079064,,,,,,,,,,
42.905,0.003998354,0.009798612,0.013853863,,,,,,,,,,
42.91,0.005730071,0.013786396,0.019562218,,,,,,,,,,
42.915,0.007435325,0.017710842,0.025181929,,,,,,,,,,
42.92,0.009107662,0.021556702,0.030691039,,,,,,,,,,
42.925,0.010740394,0.025308994,0.03606818,,,,,,,,,,
42.93,0.012327345,0.028953304,0.041292637,,,,,,,,,,
42.935,0.013862229,0.032475341,0.046344237,,,,,,,,,,
42.94,0.015339374,0.035861807,0.051203566,,,,,,,,,,
42.945,0.016752969,0.039099669,0.055852043,,,,,,,,,,
42.95,0.0180977,0.042176431,0.060271917,,,,,,,,,,
42.955,0.019368586,0.045080499,0.064446388,,,,,,,,,,
42.96,0.02056071,0.047800916,0.068359692,,,,,,,,,,
42.965,0.021669777,0.050327279,0.071997222,,,,,,,,,,
42.97,0.022691508,0.05265038,0.075345184,,,,,,,,,,
42.975,0.023622063,0.054761422,0.078391233,,,,,,,,,,
42.98,0.024458062,0.056652725,0.081124072,,,,,,,,,,
42.985,0.025196567,0.058317639,0.083533833,,,,,,,,,,
42.99,0.02583472,0.059750101,0.085611649,,,,,,,,,,
42.995,0.026370285,0.060944932,0.087350117,,,,,,,,,,
43,0.026801504,0.061898379,0.088743338,,,,,,,,,,
43.005,0.027126871,0.062607094,0.089786523,,,,,,,,,,
43.01,0.027345339,0.063068986,0.090476335,,,,,,,,,,
43.015,0.027456199,0.063282784,0.090810954,,,,,,,,,,
43.02,0.027459515,0.063248224,0.090789773,,,,,,,,,,
43.025,0.027355486,0.062966056,0.090413664,,,,,,,,,,
43.03,0.027144791,0.062437965,0.089684774,,,,,,,,,,
43.035,0.026828549,0.061666493,0.088606852,,,,,,,,,,
43.04,0.026408203,0.060655401,0.087184615,,,,,,,,,,
43.045,0.025885724,0.059409055,0.085424395,,,,,,,,,,
43.05,0.025263158,0.057932919,0.083333811,,,,,,,,,,
43.055,0.024543248,0.056233393,0.080921496,,,,,,,,,,
43.06,0.023728935,0.054317529,0.078197672,,,,,,,,,,
43.065,0.022823812,0.052193267,0.075173326,,,,,,,,,,
43.07,0.021831343,0.049869583,0.071860968,,,,,,,,,,
43.075,0.020755713,0.047355755,0.068273956,,,,,,,,,,
43.08,0.019601295,0.044662088,0.06442667,,,,,,,,,,
43.085,0.018372721,0.041799637,0.060334807,,,,,,,,,,
43.09,0.017075004,0.038779665,0.056014592,,,,,,,,,,
43.095,0.01571321,0.035614154,0.051483255,,,,,,,,,,
43.1,0.014293,0.032315874,0.046758832,,,,,,,,,,
43.105,0.012819978,0.028897889,0.041860141,,,,,,,,,,
43.11,0.011300066,0.025373609,0.036806423,,,,,,,,,,
43.115,0.009739167,0.021757008,0.031617463,,,,,,,,,,
43.12,0.008143517,0.018062431,0.026313844,,,,,,,,,,
43.125,0.006519351,0.014304273,0.020916251,,,,,,,,,,
43.13,0.004872947,0.010497291,0.015445721,,,,,,,,,,
43.135,0.003210806,0.0066564,0.009923832,,,,,,,,,,
43.14,0.001539306,0.002796556,0.004371869,,,,,,,,,,
43.145,-0.000134894,-0.001067268,-0.001188525,,,,,,,,,,
43.15,-0.001805499,-0.004919916,-0.006735618,,,,,,,,,,
43.155,-0.003465794,-0.008746451,-0.012248025,,,,,,,,,,
43.16,-0.005109366,-0.01253232,-0.017704444,,,,,,,,,,
43.165,-0.006729816,-0.016262772,-0.02308364,,,,,,,,,,
43.17,-0.008321055,-0.019923496,-0.028364776,,,,,,,,,,
43.175,-0.00987673,-0.023500516,-0.033527697,,,,,,,,,,
43.18,-0.011390775,-0.026980146,-0.038552302,,,,,,,,,,
43.185,-0.012857711,-0.030348821,-0.043419321,,,,,,,,,,
43.19,-0.014271622,-0.033593912,-0.048110296,,,,,,,,,,
43.195,-0.015627204,-0.036702981,-0.052607019,,,,,,,,,,
43.2,-0.016919235,-0.039663976,-0.056892264,,,,,,,,,,
43.205,-0.018142819,-0.042465835,-0.06094991,,,,,,,,,,
43.21,-0.019293487,-0.04509797,-0.064764322,,,,,,,,,,
43.215,-0.020366923,-0.047550289,-0.06832094,,,,,,,,,,
43.22,-0.021358925,-0.049813505,-0.071606373,,,,,,,,,,
43.225,-0.022265776,-0.051879309,-0.074608257,,,,,,,,,,
43.23,-0.023084231,-0.053739849,-0.077315009,,,,,,,,,,
43.235,-0.023810981,-0.055388218,-0.079716616,,,,,,,,,,
43.24,-0.024443335,-0.056818417,-0.081804154,,,,,,,,,,
43.245,-0.024978973,-0.058025176,-0.083569509,,,,,,,,,,
43.25,-0.025416108,-0.059004058,-0.085006432,,,,,,,,,,
43.255,-0.025753077,-0.059751492,-0.086109537,,,,,,,,,,
43.26,-0.0259886,-0.060265118,-0.086874866,,,,,,,,,,
43.265,-0.026122191,-0.06054298,-0.087299852,,,,,,,,,,
43.27,-0.026153117,-0.06058434,-0.087383068,,,,,,,,,,
43.275,-0.026081542,-0.060389371,-0.087124581,,,,,,,,,,
43.28,-0.025907749,-0.059958933,-0.086525789,,,,,,,,,,
43.285,-0.025632868,-0.059294946,-0.085589258,,,,,,,,,,
43.29,-0.025257825,-0.058400273,-0.084318964,,,,,,,,,,
43.295,-0.024784371,-0.057278577,-0.082720057,,,,,,,,,,
43.3,-0.024214348,-0.055934346,-0.080799126,,,,,,,,,,
43.305,-0.023550142,-0.054373317,-0.078563817,,,,,,,,,,
43.31,-0.022794411,-0.052601583,-0.076023226,,,,,,,,,,
43.315,-0.021950002,-0.05062619,-0.073187335,,,,,,,,,,
43.32,-0.021020438,-0.048454922,-0.070067501,,,,,,,,,,
43.325,-0.020009437,-0.046096587,-0.066676203,,,,,,,,,,
43.33,-0.018921064,-0.043560466,-0.063026783,,,,,,,,,,
43.335,-0.017759365,-0.040856536,-0.059133582,,,,,,,,,,
43.34,-0.01652917,-0.037995401,-0.055012,,,,,,,,,,
43.345,-0.015235356,-0.034988552,-0.050678415,,,,,,,,,,
43.35,-0.013883006,-0.031847583,-0.046149887,,,,,,,,,,
43.355,-0.012477372,-0.028584708,-0.041444246,,,,,,,,,,
43.36,-0.011024115,-0.025212815,-0.036580008,,,,,,,,,,
43.365,-0.009529,-0.02174516,-0.031576424,,,,,,,,,,
43.37,-0.00799783,-0.018195338,-0.026453117,,,,,,,,,,
43.375,-0.006436612,-0.01457717,-0.021230248,,,,,,,,,,
43.38,-0.004851519,-0.010905028,-0.015928263,,,,,,,,,,
43.385,-0.003248755,-0.007193091,-0.010568141,,,,,,,,,,
43.39,-0.001634687,-0.00345599,-0.0051709,,,,,,,,,,
43.395,-1.54E-05,0.000291652,0.000242297,,,,,,,,,,
43.4,0.001602703,0.004035139,0.005650082,,,,,,,,,,
43.405,0.003213204,0.007759769,0.011031314,,,,,,,,,,
43.41,0.004809814,0.011451034,0.016364907,,,,,,,,,,
43.415,0.006386343,0.015094378,0.021629647,,,,,,,,,,
43.42,0.007936394,0.018675769,0.02680497,,,,,,,,,,
43.425,0.009453997,0.022181028,0.031870635,,,,,,,,,,
43.43,0.010933165,0.025596598,0.036806548,,,,,,,,,,
43.435,0.012368232,0.028908961,0.041593224,,,,,,,,,,
43.44,0.013753402,0.032105316,0.046212148,,,,,,,,,,
43.445,0.015083268,0.035172953,0.050644981,,,,,,,,,,
43.45,0.016352755,0.038099976,0.054874185,,,,,,,,,,
43.455,0.017556669,0.040874937,0.058883423,,,,,,,,,,
43.46,0.018690463,0.043486914,0.06265682,,,,,,,,,,
43.465,0.019749597,0.045925473,0.066179415,,,,,,,,,,
43.47,0.020730144,0.048181306,0.069437573,,,,,,,,,,
43.475,0.02162816,0.050245453,0.072418493,,,,,,,,,,
43.48,0.022440189,0.052109756,0.075110417,,,,,,,,,,
43.485,0.023162906,0.053766937,0.077502736,,,,,,,,,,
43.49,0.023793593,0.055210743,0.079586336,,,,,,,,,,
43.495,0.024329703,0.056435291,0.081352816,,,,,,,,,,
43.5,0.024769106,0.057435832,0.082795371,,,,,,,,,,
43.505,0.025110127,0.058208709,0.083908564,,,,,,,,,,
43.51,0.025351396,0.058750748,0.084687904,,,,,,,,,,
43.515,0.025492106,0.059059783,0.085130467,,,,,,,,,,
43.52,0.025531561,0.059134895,0.085234714,,,,,,,,,,
43.525,0.025469717,0.058975837,0.085000404,,,,,,,,,,
43.53,0.025306829,0.058582889,0.084428522,,,,,,,,,,
43.535,0.025043739,0.057958031,0.083521604,,,,,,,,,,
43.54,0.024681361,0.057103765,0.082283444,,,,,,,,,,
43.545,0.024221281,0.056023274,0.080719021,,,,,,,,,,
43.55,0.023665376,0.054721069,0.078834812,,,,,,,,,,
43.555,0.023015889,0.05320257,0.076638474,,,,,,,,,,
43.56,0.022275241,0.051473601,0.0741388,,,,,,,,,,
43.565,0.021446486,0.049541161,0.071346009,,,,,,,,,,
43.57,0.020533039,0.047413275,0.068271373,,,,,,,,,,
43.575,0.019538385,0.045098316,0.064927384,,,,,,,,,,
43.58,0.01846651,0.042605372,0.061327306,,,,,,,,,,
43.585,0.017321746,0.039944783,0.057485861,,,,,,,,,,
43.59,0.016108702,0.037127199,0.053418562,,,,,,,,,,
43.595,0.014832194,0.034163622,0.049141625,,,,,,,,,,
43.6,0.013497413,0.031066159,0.044672468,,,,,,,,,,
43.605,0.012109536,0.027847157,0.040029064,,,,,,,,,,
43.61,0.010674393,0.02451939,0.035230068,,,,,,,,,,
43.615,0.009197687,0.021096254,0.030294823,,,,,,,,,,
43.62,0.007685153,0.017591555,0.025243304,,,,,,,,,,
43.625,0.006142999,0.014019175,0.020095758,,,,,,,,,,
43.63,0.004577429,0.010393525,0.014872754,,,,,,,,,,
43.635,0.002994566,0.006729221,0.009595452,,,,,,,,,,
43.64,0.001400705,0.003040919,0.004285082,,,,,,,,,,
43.645,-0.000197631,-0.000656625,-0.001037209,,,,,,,,,,
43.65,-0.001794135,-0.004348496,-0.006349954,,,,,,,,,,
43.655,-0.003382513,-0.00801985,-0.011631794,,,,,,,,,,
43.66,-0.00495639,-0.011656104,-0.016861561,,,,,,,,,,
43.665,-0.006509338,-0.015242617,-0.022018425,,,,,,,,,,
43.67,-0.008035205,-0.018764911,-0.027081427,,,,,,,,,,
43.675,-0.009527903,-0.02220907,-0.032030448,,,,,,,,,,
43.68,-0.010981389,-0.025561402,-0.036845859,,,,,,,,,,
43.685,-0.012389809,-0.028808268,-0.041508042,,,,,,,,,,
43.69,-0.01374751,-0.031936777,-0.045998531,,,,,,,,,,
43.695,-0.01504913,-0.034934533,-0.050299523,,,,,,,,,,
43.7,-0.016289538,-0.0377895,-0.054393813,,,,,,,,,,
43.705,-0.017463753,-0.040490184,-0.058265034,,,,,,,,,,
43.71,-0.018566972,-0.043025891,-0.061897941,,,,,,,,,,
43.715,-0.019595025,-0.045386605,-0.065278122,,,,,,,,,,
43.72,-0.020543873,-0.047562778,-0.06839219,,,,,,,,,,
43.725,-0.021409516,-0.049545879,-0.07122793,,,,,,,,,,
43.73,-0.022188773,-0.05132806,-0.073774217,,,,,,,,,,
43.735,-0.022878511,-0.052902304,-0.076021055,,,,,,,,,,
43.74,-0.023475992,-0.05426238,-0.077959757,,,,,,,,,,
43.745,-0.023978909,-0.055403182,-0.079582761,,,,,,,,,,
43.75,-0.024385214,-0.056320188,-0.080884006,,,,,,,,,,
43.755,-0.024693336,-0.057009991,-0.081858444,,,,,,,,,,
43.76,-0.0249022,-0.057470031,-0.082502582,,,,,,,,,,
43.765,-0.025011005,-0.057698643,-0.082814281,,,,,,,,,,
43.77,-0.025019326,-0.057695079,-0.082792632,,,,,,,,,,
43.775,-0.024927487,-0.05745976,-0.082438144,,,,,,,,,,
43.78,-0.024735675,-0.05699371,-0.08175262,,,,,,,,,,
43.785,-0.02444488,-0.05629908,-0.080739322,,,,,,,,,,
43.79,-0.024056385,-0.055379045,-0.079402714,,,,,,,,,,
43.795,-0.023571933,-0.054237504,-0.077748731,,,,,,,,,,
43.8,-0.022993415,-0.052879092,-0.075784389,,,,,,,,,,
43.805,-0.022323386,-0.051309686,-0.073517978,,,,,,,,,,
43.81,-0.021564686,-0.049536058,-0.0709593,,,,,,,,,,
43.815,-0.020720398,-0.047565369,-0.06811882,,,,,,,,,,
43.82,-0.019794016,-0.045405985,-0.065008434,,,,,,,,,,
43.825,-0.018789228,-0.043066908,-0.061641256,,,,,,,,,,
43.83,-0.017710404,-0.040557713,-0.058031096,,,,,,,,,,
43.835,-0.016561833,-0.037888714,-0.054192766,,,,,,,,,,
43.84,-0.015348237,-0.035071139,-0.050142477,,,,,,,,,,
43.845,-0.014074583,-0.032116415,-0.045896588,,,,,,,,,,
43.85,-0.012746068,-0.029036609,-0.041472446,,,,,,,,,,
43.855,-0.01136815,-0.025844585,-0.036888399,,,,,,,,,,
43.86,-0.009946506,-0.022553277,-0.032163216,,,,,,,,,,
43.865,-0.008486952,-0.019176004,-0.027315919,,,,,,,,,,
43.87,-0.006995297,-0.015726564,-0.022366557,,,,,,,,,,
43.875,-0.005477821,-0.012219132,-0.017335251,,,,,,,,,,
43.88,-0.003940544,-0.008667709,-0.012242227,,,,,,,,,,
43.885,-0.002389768,-0.005086994,-0.007108321,,,,,,,,,,
43.89,-0.000831627,-0.001491505,-0.001954299,,,,,,,,,,
43.895,0.000727421,0.002104367,0.00319917,,,,,,,,,,
43.9,0.002281167,0.005686049,0.008331243,,,,,,,,,,
43.905,0.003823309,0.009238881,0.013421169,,,,,,,,,,
43.91,0.005347761,0.012748754,0.018448571,,,,,,,,,,
43.915,0.006848365,0.016201534,0.02339338,,,,,,,,,,
43.92,0.00831912,0.019583161,0.028235604,,,,,,,,,,
43.925,0.00975412,0.022880257,0.032956048,,,,,,,,,,
43.93,0.011147598,0.026079692,0.037535931,,,,,,,,,,
43.935,0.012493943,0.029168606,0.041956848,,,,,,,,,,
43.94,0.013787878,0.032134776,0.046201381,,,,,,,,,,
43.945,0.015024237,0.034966596,0.050252824,,,,,,,,,,
43.95,0.01619801,0.037652652,0.054094994,,,,,,,,,,
43.955,0.017304862,0.040182353,0.057712891,,,,,,,,,,
43.96,0.018340266,0.042545998,0.061092438,,,,,,,,,,
43.965,0.019300065,0.044734159,0.064220332,,,,,,,,,,
43.97,0.020180678,0.046738271,0.067084404,,,,,,,,,,
43.975,0.020978742,0.048550744,0.069673886,,,,,,,,,,
43.98,0.021690988,0.050164498,0.071978564,,,,,,,,,,
43.985,0.022315001,0.051573221,0.073989802,,,,,,,,,,
43.99,0.022848364,0.052771938,0.075700141,,,,,,,,,,
43.995,0.023288932,0.053755956,0.077103213,,,,,,,,,,
44,0.023635263,0.054521805,0.078193783,,,,,,,,,,
44.005,0.023886039,0.055066901,0.078968311,,,,,,,,,,
44.01,0.024040305,0.055389451,0.079424128,,,,,,,,,,
44.015,0.024097752,0.055488458,0.079560012,,,,,,,,,,
44.02,0.024058331,0.055364159,0.079376076,,,,,,,,,,
44.025,0.023922243,0.055017337,0.078873684,,,,,,,,,,
44.03,0.02369034,0.054449918,0.078055303,,,,,,,,,,
44.035,0.023363767,0.053664574,0.076924973,,,,,,,,,,
44.04,0.02294391,0.052665031,0.075487846,,,,,,,,,,
44.045,0.022432679,0.051455485,0.073750182,,,,,,,,,,
44.05,0.021832424,0.050041244,0.071719629,,,,,,,,,,
44.055,0.021145714,0.048428447,0.069404998,,,,,,,,,,
44.06,0.02037542,0.046624023,0.066815967,,,,,,,,,,
44.065,0.019524897,0.044635398,0.063963506,,,,,,,,,,
44.07,0.018597646,0.042471247,0.060859522,,,,,,,,,,
44.075,0.01759753,0.040140557,0.057517014,,,,,,,,,,
44.08,0.016528664,0.037652967,0.053949743,,,,,,,,,,
44.085,0.015395535,0.035018763,0.05017246,,,,,,,,,,
44.09,0.014202725,0.032249003,0.046200909,,,,,,,,,,
44.095,0.012955166,0.029354969,0.042051081,,,,,,,,,,
44.1,0.011657998,0.026348512,0.037740127,,,,,,,,,,
44.105,0.010316427,0.023242145,0.033285664,,,,,,,,,,
44.11,0.008936063,0.02004837,0.02870568,,,,,,,,,,
44.115,0.007522677,0.016780161,0.024018822,,,,,,,,,,
44.12,0.006081667,0.01345078,0.019244196,,,,,,,,,,
44.125,0.004619115,0.010073785,0.014401067,,,,,,,,,,
44.13,0.003140994,0.006662525,0.009508765,,,,,,,,,,
44.135,0.001653067,0.003231122,0.004587301,,,,,,,,,,
44.14,0.000161265,-0.000206709,-0.000343694,,,,,,,,,,
44.145,-0.001328155,-0.003637377,-0.005264709,,,,,,,,,,
44.15,-0.002809479,-0.007046926,-0.010155762,,,,,,,,,,
44.155,-0.004276655,-0.010421634,-0.014997395,,,,,,,,,,
44.16,-0.005723944,-0.013748258,-0.019770477,,,,,,,,,,
44.165,-0.007145651,-0.017013523,-0.024455987,,,,,,,,,,
44.17,-0.00853612,-0.020204223,-0.029035173,,,,,,,,,,
44.175,-0.009889784,-0.023307933,-0.033490094,,,,,,,,,,
44.18,-0.011201374,-0.026312497,-0.037803175,,,,,,,,,,
44.185,-0.012465675,-0.029205849,-0.041957198,,,,,,,,,,
44.19,-0.013677513,-0.031976698,-0.045936017,,,,,,,,,,
44.195,-0.014832299,-0.034614424,-0.049724098,,,,,,,,,,
44.2,-0.015925501,-0.037108535,-0.053306376,,,,,,,,,,
44.205,-0.016952935,-0.039449126,-0.056669009,,,,,,,,,,
44.21,-0.017910419,-0.041627573,-0.059798984,,,,,,,,,,
44.215,-0.018794558,-0.043635221,-0.062684219,,,,,,,,,,
44.22,-0.019601832,-0.045464316,-0.065313398,,,,,,,,,,
44.225,-0.02032905,-0.047107868,-0.067676746,,,,,,,,,,
44.23,-0.020973506,-0.048559864,-0.069765196,,,,,,,,,,
44.235,-0.021533045,-0.049814445,-0.071570812,,,,,,,,,,
44.24,-0.022005275,-0.050867252,-0.07308694,,,,,,,,,,
44.245,-0.022388609,-0.051714324,-0.074307973,,,,,,,,,,
44.25,-0.022681854,-0.052352765,-0.075229495,,,,,,,,,,
44.255,-0.02288373,-0.052780257,-0.075848281,,,,,,,,,,
44.26,-0.022993714,-0.052995694,-0.076162429,,,,,,,,,,
44.265,-0.023011465,-0.052998592,-0.076171192,,,,,,,,,,
44.27,-0.022937074,-0.052789052,-0.075874908,,,,,,,,,,
44.275,-0.02277095,-0.052368563,-0.075275393,,,,,,,,,,
44.28,-0.022514056,-0.051739183,-0.074375492,,,,,,,,,,
44.285,-0.022167526,-0.050903581,-0.073179205,,,,,,,,,,
44.29,-0.02173288,-0.049865572,-0.071691781,,,,,,,,,,
44.295,-0.021212107,-0.048629847,-0.069919657,,,,,,,,,,
44.3,-0.020607341,-0.047201359,-0.067870335,,,,,,,,,,
44.305,-0.019921243,-0.045586184,-0.065552464,,,,,,,,,,
44.31,-0.019156546,-0.043791246,-0.062975714,,,,,,,,,,
44.315,-0.018316631,-0.041823818,-0.060150872,,,,,,,,,,
44.32,-0.017404773,-0.03969208,-0.057089399,,,,,,,,,,
44.325,-0.016424925,-0.037404858,-0.053804048,,,,,,,,,,
44.33,-0.015380986,-0.034971698,-0.050308152,,,,,,,,,,
44.335,-0.014277225,-0.032402348,-0.046616059,,,,,,,,,,
44.34,-0.013118227,-0.029707341,-0.042742677,,,,,,,,,,
44.345,-0.011908571,-0.026897693,-0.038703895,,,,,,,,,,
44.35,-0.010653157,-0.023984759,-0.034516037,,,,,,,,,,
44.355,-0.00935711,-0.020980309,-0.030196027,,,,,,,,,,
44.36,-0.008025636,-0.017896552,-0.025761306,,,,,,,,,,
44.365,-0.006663943,-0.014745989,-0.02122976,,,,,,,,,,
44.37,-0.005277898,-0.011541109,-0.016619614,,,,,,,,,,
44.375,-0.003872895,-0.008294967,-0.011949417,,,,,,,,,,
44.38,-0.002454444,-0.005020396,-0.007238018,,,,,,,,,,
44.385,-0.001028417,-0.001730652,-0.002504219,,,,,,,,,,
44.39,0.000399499,0.001561302,0.002233019,,,,,,,,,,
44.395,0.00182379,0.004842043,0.006954648,,,,,,,,,,
44.4,0.003238694,0.008098587,0.011641868,,,,,,,,,,
44.405,0.004638445,0.011318014,0.016276062,,,,,,,,,,
44.41,0.006017634,0.014487453,0.020838723,,,,,,,,,,
44.415,0.007370681,0.017594182,0.025311591,,,,,,,,,,
44.42,0.008692305,0.020626043,0.029677026,,,,,,,,,,
44.425,0.009977338,0.023571035,0.033917662,,,,,,,,,,
44.43,0.011220683,0.026417226,0.038016583,,,,,,,,,,
44.435,0.012417455,0.029153587,0.041957671,,,,,,,,,,
44.44,0.013562842,0.031769402,0.04572537,,,,,,,,,,
44.445,0.014652363,0.034254213,0.049304692,,,,,,,,,,
44.45,0.015681676,0.036598302,0.052681553,,,,,,,,,,
44.455,0.016646841,0.038792593,0.055842823,,,,,,,,,,
44.46,0.017543955,0.040828503,0.05877593,,,,,,,,,,
44.465,0.018369722,0.042697775,0.061469386,,,,,,,,,,
44.47,0.019120812,0.044393612,0.063912786,,,,,,,,,,
44.475,0.019794324,0.045909236,0.066096628,,,,,,,,,,
44.48,0.020387736,0.04723866,0.06801231,,,,,,,,,,
44.485,0.020898623,0.048376882,0.069652667,,,,,,,,,,
44.49,0.021325251,0.049319778,0.071011418,,,,,,,,,,
44.495,0.021665908,0.050063353,0.072083415,,,,,,,,,,
44.5,0.021919472,0.050605134,0.072864546,,,,,,,,,,
44.505,0.022084891,0.050943226,0.073352265,,,,,,,,,,
44.51,0.022161689,0.051076449,0.073544783,,,,,,,,,,
44.515,0.022149516,0.051004528,0.073441612,,,,,,,,,,
44.52,0.022048775,0.050728021,0.07304357,,,,,,,,,,
44.525,0.021859679,0.050248256,0.072352655,,,,,,,,,,
44.53,0.021583091,0.049567307,0.071371852,,,,,,,,,,
44.535,0.021220526,0.048688155,0.070105401,,,,,,,,,,
44.54,0.02077319,0.047614778,0.068558861,,,,,,,,,,
44.545,0.020243109,0.046351548,0.06673859,,,,,,,,,,
44.55,0.019632478,0.044903501,0.064652056,,,,,,,,,,
44.555,0.018943891,0.043277062,0.062308412,,,,,,,,,,
44.56,0.018180129,0.04147875,0.059717033,,,,,,,,,,
44.565,0.017344516,0.039515674,0.056888615,,,,,,,,,,
44.57,0.016440309,0.037396227,0.053834862,,,,,,,,,,
44.575,0.01547133,0.035129075,0.050568401,,,,,,,,,,
44.58,0.014441436,0.032723366,0.04710225,,,,,,,,,,
44.585,0.01335481,0.030188951,0.043450822,,,,,,,,,,
44.59,0.012215942,0.027536314,0.039629007,,,,,,,,,,
44.595,0.011029345,0.024775955,0.035652142,,,,,,,,,,
44.6,0.009799876,0.021919206,0.031536634,,,,,,,,,,
44.605,0.008532442,0.01897773,0.027299138,,,,,,,,,,
44.61,0.007232244,0.01596341,0.022956654,,,,,,,,,,
44.615,0.005904508,0.012888476,0.018526948,,,,,,,,,,
44.62,0.004554587,0.009765231,0.014027906,,,,,,,,,,
44.625,0.003187896,0.006606449,0.00947768,,,,,,,,,,
44.63,0.001810112,0.003424597,0.004894763,,,,,,,,,,
44.635,0.000426672,0.000232678,0.000297586,,,,,,,,,,
44.64,-0.000956861,-0.002956596,-0.004295305,,,,,,,,,,
44.645,-0.002334895,-0.006130227,-0.008865391,,,,,,,,,,
44.65,-0.003701918,-0.009275604,-0.013394303,,,,,,,,,,
44.655,-0.005052461,-0.012379996,-0.01786388,,,,,,,,,,
44.66,-0.006381001,-0.015430885,-0.022256085,,,,,,,,,,
44.665,-0.007682391,-0.018416249,-0.026553366,,,,,,,,,,
44.67,-0.008951393,-0.021323985,-0.030738544,,,,,,,,,,
44.675,-0.010182952,-0.024142417,-0.034794689,,,,,,,,,,
44.68,-0.011372169,-0.026860261,-0.038705827,,,,,,,,,,
44.685,-0.012514314,-0.029466894,-0.042456213,,,,,,,,,,
44.69,-0.013604719,-0.031951566,-0.046030969,,,,,,,,,,
44.695,-0.014639112,-0.034304751,-0.049415766,,,,,,,,,,
44.7,-0.01561328,-0.036517009,-0.052597282,,,,,,,,,,
44.705,-0.016523421,-0.038579559,-0.055562736,,,,,,,,,,
44.71,-0.017365927,-0.040484167,-0.058300499,,,,,,,,,,
44.715,-0.018137552,-0.042223516,-0.060799846,,,,,,,,,,
44.72,-0.018835148,-0.043790665,-0.063050807,,,,,,,,,,
44.725,-0.019455999,-0.0451793,-0.065044618,,,,,,,,,,
44.73,-0.019997682,-0.04638429,-0.066773655,,,,,,,,,,
44.735,-0.02045808,-0.047400849,-0.068231242,,,,,,,,,,
44.74,-0.02083551,-0.048225042,-0.069411653,,,,,,,,,,
44.745,-0.021128482,-0.048853617,-0.070310515,,,,,,,,,,
44.75,-0.02133603,-0.049284571,-0.070924628,,,,,,,,,,
44.755,-0.02145733,-0.049516079,-0.071251729,,,,,,,,,,
44.76,-0.021491966,-0.04954762,-0.071290814,,,,,,,,,,
44.765,-0.021439814,-0.049379267,-0.071042197,,,,,,,,,,
44.77,-0.021301287,-0.049011917,-0.070507115,,,,,,,,,,
44.775,-0.021076928,-0.048447273,-0.069688015,,,,,,,,,,
44.78,-0.020767754,-0.047687867,-0.068588792,,,,,,,,,,
44.785,-0.020375149,-0.046737036,-0.067214051,,,,,,,,,,
44.79,-0.019900812,-0.04559872,-0.065569553,,,,,,,,,,
44.795,-0.019346803,-0.044277988,-0.063662473,,,,,,,,,,
44.8,-0.01871526,-0.042780097,-0.061500847,,,,,,,,,,
44.805,-0.018008988,-0.041111595,-0.059093592,,,,,,,,,,
44.81,-0.017230906,-0.039279123,-0.056450852,,,,,,,,,,
44.815,-0.016384235,-0.037290519,-0.053583616,,,,,,,,,,
44.82,-0.015472457,-0.035153888,-0.050503767,,,,,,,,,,
44.825,-0.014499333,-0.032878073,-0.047223965,,,,,,,,,,
44.83,-0.013468913,-0.030472425,-0.043757796,,,,,,,,,,
44.835,-0.012385449,-0.027946964,-0.040119473,,,,,,,,,,
44.84,-0.011253343,-0.025311893,-0.036323903,,,,,,,,,,
44.845,-0.010077109,-0.022578015,-0.032386637,,,,,,,,,,
44.85,-0.008861743,-0.019756658,-0.02832387,,,,,,,,,,
44.855,-0.007612118,-0.016859254,-0.02415214,,,,,,,,,,
44.86,-0.006333304,-0.013897501,-0.01988836,,,,,,,,,,
44.865,-0.005030534,-0.010883678,-0.015550017,,,,,,,,,,
44.87,-0.00370909,-0.00783001,-0.011154711,,,,,,,,,,
44.875,-0.002374307,-0.004748697,-0.006720225,,,,,,,,,,
44.88,-0.001031771,-0.0016524,-0.002264653,,,,,,,,,,
44.885,0.000313247,0.001446229,0.002194042,,,,,,,,,,
44.89,0.001655244,0.00453499,0.006637812,,,,,,,,,,
44.895,0.002988705,0.007601233,0.011048698,,,,,,,,,,
44.9,0.004308321,0.01063242,0.015408865,,,,,,,,,,
44.905,0.005608757,0.013616533,0.019700781,,,,,,,,,,
44.91,0.006884715,0.016541687,0.023907308,,,,,,,,,,
44.915,0.008131172,0.019395783,0.028011408,,,,,,,,,,
44.92,0.009342976,0.022167601,0.031996667,,,,,,,,,,
44.925,0.010515344,0.02484605,0.035847179,,,,,,,,,,
44.93,0.011643632,0.027420289,0.039547625,,,,,,,,,,
44.935,0.012723275,0.029880089,0.043083175,,,,,,,,,,
44.94,0.013749963,0.032215762,0.046439865,,,,,,,,,,
44.945,0.014719743,0.034417917,0.049604349,,,,,,,,,,
44.95,0.015628554,0.03647785,0.052564039,,,,,,,,,,
44.955,0.016472931,0.038387613,0.055307419,,,,,,,,,,
44.96,0.017249498,0.040139638,0.057823728,,,,,,,,,,
44.965,0.01795516,0.041726943,0.060102893,,,,,,,,,,
44.97,0.018587251,0.04314352,0.0621363,,,,,,,,,,
44.975,0.01914315,0.044383929,0.063916067,,,,,,,,,,
44.98,0.019620877,0.045443308,0.065435302,,,,,,,,,,
44.985,0.020018583,0.04631765,0.066688295,,,,,,,,,,
44.99,0.020334702,0.047003934,0.067670497,,,,,,,,,,
44.995,0.020568037,0.047499334,0.068378149,,,,,,,,,,
45,0.020718006,0.047802316,0.068808889,,,,,,,,,,
45.005,0.020783881,0.047911966,0.068961674,,,,,,,,,,
45.01,0.020765646,0.047828139,0.068835935,,,,,,,,,,
45.015,0.020663516,0.047551292,0.068432773,,,,,,,,,,
45.02,0.020477894,0.047083091,0.067754296,,,,,,,,,,
45.025,0.020209779,0.046425664,0.066803665,,,,,,,,,,
45.03,0.01986033,0.045582035,0.065585015,,,,,,,,,,
45.035,0.019431024,0.04455574,0.064103878,,,,,,,,,,
45.04,0.018923701,0.043351404,0.062366512,,,,,,,,,,
45.045,0.018340663,0.041974188,0.06038028,,,,,,,,,,
45.05,0.01768418,0.040429781,0.058153779,,,,,,,,,,
45.055,0.016957137,0.038724851,0.055696343,,,,,,,,,,
45.06,0.016162607,0.03686657,0.053018055,,,,,,,,,,
45.065,0.01530389,0.034862546,0.050130301,,,,,,,,,,
45.07,0.014384523,0.032721075,0.047045027,,,,,,,,,,
45.075,0.013408433,0.030451253,0.043774957,,,,,,,,,,
45.08,0.012379663,0.028062314,0.040333727,,,,,,,,,,
45.085,0.011302367,0.025563905,0.036735253,,,,,,,,,,
45.09,0.01018102,0.022966622,0.032994376,,,,,,,,,,
45.095,0.009020201,0.020281054,0.029126532,,,,,,,,,,
45.1,0.007824692,0.017518109,0.025147465,,,,,,,,,,
45.105,0.00659935,0.014688951,0.021073147,,,,,,,,,,
45.11,0.005349144,0.011805465,0.01692046,,,,,,,,,,
45.115,0.004079151,0.008879067,0.012706187,,,,,,,,,,
45.12,0.002794595,0.005921711,0.008447175,,,,,,,,,,
45.125,0.001500668,0.002945528,0.004161007,,,,,,,,,,
45.13,0.000202516,-3.76E-05,-0.000135162,,,,,,,,,,
45.135,-0.001094462,-0.003015813,-0.004424258,,,,,,,,,,
45.14,-0.002385022,-0.00597682,-0.008688654,,,,,,,,,,
45.145,-0.003663989,-0.008908817,-0.012911198,,,,,,,,,,
45.15,-0.0049262,-0.01180034,-0.01707533,,,,,,,,,,
45.155,-0.006166631,-0.014639536,-0.021164217,,,,,,,,,,
45.16,-0.00738025,-0.017414961,-0.025161285,,,,,,,,,,
45.165,-0.008562328,-0.020115851,-0.029050957,,,,,,,,,,
45.17,-0.009707976,-0.022731453,-0.032817704,,,,,,,,,,
45.175,-0.010812709,-0.025251029,-0.03644632,,,,,,,,,,
45.18,-0.011872356,-0.027664927,-0.039922725,,,,,,,,,,
45.185,-0.012882482,-0.029963751,-0.043233292,,,,,,,,,,
45.19,-0.013839036,-0.03213799,-0.046364717,,,,,,,,,,
45.195,-0.014738629,-0.034179281,-0.04930473,,,,,,,,,,
45.2,-0.015577431,-0.03608008,-0.052042232,,,,,,,,,,
45.205,-0.016352079,-0.03783262,-0.054566196,,,,,,,,,,
45.21,-0.017059828,-0.039430006,-0.056866811,,,,,,,,,,
45.215,-0.017697621,-0.040866628,-0.058935492,,,,,,,,,,
45.22,-0.018263136,-0.042136651,-0.060764153,,,,,,,,,,
45.225,-0.018754393,-0.043235161,-0.062345763,,,,,,,,,,
45.23,-0.019169208,-0.044158357,-0.063674656,,,,,,,,,,
45.235,-0.019506157,-0.044902834,-0.064745934,,,,,,,,,,
45.24,-0.019764184,-0.045465618,-0.06555535,,,,,,,,,,
45.245,-0.019942261,-0.045844977,-0.066100541,,,,,,,,,,
45.25,-0.02003968,-0.046039895,-0.066379732,,,,,,,,,,
45.255,-0.02005651,-0.046049582,-0.066392073,,,,,,,,,,
45.26,-0.019992626,-0.045874385,-0.066138041,,,,,,,,,,
45.265,-0.019848438,-0.045515541,-0.065619321,,,,,,,,,,
45.27,-0.019624639,-0.044974752,-0.064838117,,,,,,,,,,
45.275,-0.019322362,-0.044254339,-0.063798243,,,,,,,,,,
45.28,-0.018942789,-0.043357877,-0.062504341,,,,,,,,,,
45.285,-0.018487624,-0.042289143,-0.060961901,,,,,,,,,,
45.29,-0.01795899,-0.041052469,-0.05917746,,,,,,,,,,
45.295,-0.017358889,-0.039653506,-0.057158835,,,,,,,,,,
45.3,-0.016690007,-0.038098161,-0.05491447,,,,,,,,,,
45.305,-0.015955146,-0.036392606,-0.052453481,,,,,,,,,,
45.31,-0.015157363,-0.034544102,-0.049786372,,,,,,,,,,
45.315,-0.014299845,-0.03256058,-0.046924179,,,,,,,,,,
45.32,-0.013386496,-0.03044981,-0.04387853,,,,,,,,,,
45.325,-0.012420785,-0.02822062,-0.040662037,,,,,,,,,,
45.33,-0.011406658,-0.025882306,-0.037288049,,,,,,,,,,
45.335,-0.01034856,-0.023444195,-0.033769972,,,,,,,,,,
45.34,-0.009250552,-0.020916229,-0.030122323,,,,,,,,,,
45.345,-0.008117092,-0.018308956,-0.026360129,,,,,,,,,,
45.35,-0.006952949,-0.015632707,-0.022498368,,,,,,,,,,
45.355,-0.005762796,-0.012898235,-0.018552584,,,,,,,,,,
45.36,-0.004551272,-0.010116789,-0.014539065,,,,,,,,,,
45.365,-0.003323486,-0.007299512,-0.010473664,,,,,,,,,,
45.37,-0.002084325,-0.00445768,-0.006372779,,,,,,,,,,
45.375,-0.000838716,-0.001602751,-0.002252989,,,,,,,,,,
45.38,0.000408288,0.001253915,0.001869272,,,,,,,,,,
45.385,0.001651727,0.004100924,0.00597767,,,,,,,,,,
45.39,0.002886583,0.006926893,0.010055535,,,,,,,,,,
45.395,0.004107972,0.009720487,0.014086737,,,,,,,,,,
45.4,0.005310898,0.0124708,0.018055294,,,,,,,,,,
45.405,0.006490704,0.015166793,0.021945505,,,,,,,,,,
45.41,0.007642711,0.017797856,0.025741824,,,,,,,,,,
45.415,0.008762178,0.020353462,0.029429349,,,,,,,,,,
45.42,0.009844855,0.022823776,0.032993461,,,,,,,,,,
45.425,0.010886385,0.025198884,0.036420234,,,,,,,,,,
45.43,0.011882799,0.027469553,0.03969614,,,,,,,,,,
45.435,0.012830061,0.029626968,0.042808378,,,,,,,,,,
45.44,0.013724458,0.031662551,0.045744868,,,,,,,,,,
45.445,0.014562516,0.033568371,0.048494034,,,,,,,,,,
45.45,0.015341099,0.035337289,0.05104537,,,,,,,,,,
45.455,0.01605697,0.03696235,0.053389036,,,,,,,,,,
45.46,0.016707558,0.038437101,0.055515849,,,,,,,,,,
45.465,0.017290252,0.039756311,0.057417802,,,,,,,,,,
45.47,0.017802876,0.040914769,0.059087644,,,,,,,,,,
45.475,0.018243609,0.041908023,0.060519135,,,,,,,,,,
45.48,0.018610584,0.042732643,0.061706937,,,,,,,,,,
45.485,0.01890257,0.043385493,0.062646679,,,,,,,,,,
45.49,0.019118552,0.043864119,0.063335006,,,,,,,,,,
45.495,0.019257826,0.044167073,0.063769647,,,,,,,,,,
45.5,0.019319794,0.0442935,0.063949258,,,,,,,,,,
45.505,0.019304563,0.044242845,0.063873471,,,,,,,,,,
45.51,0.019212196,0.044015865,0.063542978,,,,,,,,,,
45.515,0.0190432,0.043613697,0.062959637,,,,,,,,,,
45.52,0.018798376,0.043038094,0.06212595,,,,,,,,,,
45.525,0.018478879,0.04229162,0.061045917,,,,,,,,,,
45.53,0.018086072,0.041377723,0.059723959,,,,,,,,,,
45.535,0.017621546,0.040300047,0.058165859,,,,,,,,,,
45.54,0.017087422,0.039063092,0.056378059,,,,,,,,,,
45.545,0.016485876,0.037672351,0.054368168,,,,,,,,,,
45.55,0.01581936,0.036133411,0.052144533,,,,,,,,,,
45.555,0.01509059,0.03445236,0.049716112,,,,,,,,,,
45.56,0.014302759,0.032636411,0.047093074,,,,,,,,,,
45.565,0.01345895,0.030693055,0.044286249,,,,,,,,,,
45.57,0.012562592,0.028629771,0.04130685,,,,,,,,,,
45.575,0.01161753,0.026455227,0.038167047,,,,,,,,,,
45.58,0.010627419,0.024178362,0.03487976,,,,,,,,,,
45.585,0.009596395,0.021808025,0.031458133,,,,,,,,,,
45.59,0.008528665,0.019353849,0.02791587,,,,,,,,,,
45.595,0.007428402,0.016826017,0.024267635,,,,,,,,,,
45.6,0.006300134,0.014234278,0.020527716,,,,,,,,,,
45.605,0.005148521,0.011589078,0.016711136,,,,,,,,,,
45.61,0.003977966,0.008901417,0.012833468,,,,,,,,,,
45.615,0.002793233,0.006181632,0.008909963,,,,,,,,,,
45.62,0.001599182,0.003440641,0.00495633,,,,,,,,,,
45.625,0.00040039,0.000689585,0.000988369,,,,,,,,,,
45.63,-0.000798228,-0.002060699,-0.002977989,,,,,,,,,,
45.635,-0.001991956,-0.004799488,-0.006927226,,,,,,,,,,
45.64,-0.003176001,-0.007515612,-0.010843482,,,,,,,,,,
45.645,-0.00434561,-0.010198299,-0.014711193,,,,,,,,,,
45.65,-0.005496182,-0.012837224,-0.018515225,,,,,,,,,,
45.655,-0.006623143,-0.015421747,-0.022240426,,,,,,,,,,
45.66,-0.007721985,-0.017941619,-0.025872011,,,,,,,,,,
45.665,-0.008788339,-0.020386906,-0.029395783,,,,,,,,,,
45.67,-0.009818182,-0.0227483,-0.03279776,,,,,,,,,,
45.675,-0.010807375,-0.025016034,-0.036064689,,,,,,,,,,
45.68,-0.011751929,-0.027181326,-0.039183524,,,,,,,,,,
45.685,-0.012648228,-0.029235985,-0.042142418,,,,,,,,,,
45.69,-0.013492843,-0.031171587,-0.044929474,,,,,,,,,,
45.695,-0.014282333,-0.032980516,-0.047533941,,,,,,,,,,
45.7,-0.015013649,-0.03465621,-0.04994582,,,,,,,,,,
45.705,-0.015684023,-0.036191729,-0.052155598,,,,,,,,,,
45.71,-0.016290924,-0.037580998,-0.054154691,,,,,,,,,,
45.715,-0.016831882,-0.038819136,-0.055935488,,,,,,,,,,
45.72,-0.017304781,-0.039901091,-0.057491239,,,,,,,,,,
45.725,-0.017707998,-0.040822526,-0.058815795,,,,,,,,,,
45.73,-0.01803979,-0.041580363,-0.059904354,,,,,,,,,,
45.735,-0.01829896,-0.042171531,-0.060752891,,,,,,,,,,
45.74,-0.018484679,-0.042593668,-0.061358036,,,,,,,,,,
45.745,-0.018596223,-0.042845507,-0.061717941,,,,,,,,,,
45.75,-0.018633249,-0.042926225,-0.061831417,,,,,,,,,,
45.755,-0.01859576,-0.042835447,-0.061698153,,,,,,,,,,
45.76,-0.018483925,-0.042573719,-0.061318946,,,,,,,,,,
45.765,-0.018298241,-0.042142371,-0.060695821,,,,,,,,,,
45.77,-0.0180396,-0.041543319,-0.059831351,,,,,,,,,,
45.775,-0.017709106,-0.040778688,-0.058729173,,,,,,,,,,
45.78,-0.017308097,-0.03985204,-0.057394079,,,,,,,,,,
45.785,-0.016838307,-0.038767207,-0.055831586,,,,,,,,,,
45.79,-0.016301793,-0.037528514,-0.054048024,,,,,,,,,,
45.795,-0.015700523,-0.036140979,-0.052050889,,,,,,,,,,
45.8,-0.01503711,-0.034610572,-0.049848243,,,,,,,,,,
45.805,-0.014314311,-0.032943175,-0.047449147,,,,,,,,,,
45.81,-0.013534897,-0.031145616,-0.044863212,,,,,,,,,,
45.815,-0.012702179,-0.029225284,-0.042101205,,,,,,,,,,
45.82,-0.011819507,-0.027189853,-0.03917402,,,,,,,,,,
45.825,-0.010890504,-0.025047436,-0.036093553,,,,,,,,,,
45.83,-0.009918952,-0.022806816,-0.0328723,,,,,,,,,,
45.835,-0.008908709,-0.020477026,-0.029523152,,,,,,,,,,
45.84,-0.007863865,-0.018067286,-0.026059596,,,,,,,,,,
45.845,-0.006788755,-0.015587308,-0.02249566,,,,,,,,,,
45.85,-0.00568745,-0.013047156,-0.018845499,,,,,,,,,,
45.855,-0.004564521,-0.010456836,-0.015123856,,,,,,,,,,
45.86,-0.003424475,-0.00782687,-0.011345669,,,,,,,,,,
45.865,-0.00227191,-0.005167785,-0.007525929,,,,,,,,,,
45.87,-0.00111148,-0.002490202,-0.00367996,,,,,,,,,,
45.875,5.23E-05,0.000195169,0.000176791,,,,,,,,,,
45.88,0.001214679,0.002877593,0.004029028,,,,,,,,,,
45.885,0.002370912,0.005546322,0.007861296,,,,,,,,,,
45.89,0.003516591,0.008190691,0.01165823,,,,,,,,,,
45.895,0.004647096,0.010800268,0.015404823,,,,,,,,,,
45.9,0.005757745,0.013364501,0.019086095,,,,,,,,,,
45.905,0.00684428,0.015873067,0.022687364,,,,,,,,,,
45.91,0.007902226,0.018316157,0.026194239,,,,,,,,,,
45.915,0.00892735,0.020683907,0.029593035,,,,,,,,,,
45.92,0.009915753,0.022966859,0.032869927,,,,,,,,,,
45.925,0.01086335,0.025155971,0.036012029,,,,,,,,,,
45.93,0.011766315,0.02724252,0.039006909,,,,,,,,,,
45.935,0.01262126,0.029218144,0.041842534,,,,,,,,,,
45.94,0.013424773,0.031074987,0.044507852,,,,,,,,,,
45.945,0.014173386,0.032805692,0.046992203,,,,,,,,,,
45.95,0.014864403,0.034403379,0.049285842,,,,,,,,,,
45.955,0.015494916,0.035861544,0.051379647,,,,,,,,,,
45.96,0.016062521,0.037174545,0.053265393,,,,,,,,,,
45.965,0.016564984,0.038337338,0.054935728,,,,,,,,,,
45.97,0.017000265,0.039344949,0.05638397,,,,,,,,,,
45.975,0.017366807,0.04019364,0.057604552,,,,,,,,,,
45.98,0.017663036,0.040880183,0.058592643,,,,,,,,,,
45.985,0.017887783,0.041401626,0.059344608,,,,,,,,,,
45.99,0.018040262,0.041756024,0.059857431,,,,,,,,,,
45.995,0.018119909,0.041942255,0.060129236,,,,,,,,,,
46,0.018126243,0.041959341,0.060159181,,,,,,,,,,
46.005,0.018059527,0.041807352,0.059947156,,,,,,,,,,
46.01,0.017920109,0.041487231,0.05949419,,,,,,,,,,
46.015,0.017708366,0.04100009,0.058802417,,,,,,,,,,
46.02,0.017425351,0.040347982,0.057874494,,,,,,,,,,
46.025,0.017072162,0.039533681,0.056714509,,,,,,,,,,
46.03,0.01665031,0.038560555,0.055327257,,,,,,,,,,
46.035,0.016161454,0.037432446,0.053718409,,,,,,,,,,
46.04,0.015607733,0.036154096,0.051894548,,,,,,,,,,
46.045,0.014991254,0.034730737,0.049863244,,,,,,,,,,
46.05,0.014314663,0.033168098,0.047632676,,,,,,,,,,
46.055,0.013580745,0.031472618,0.045211965,,,,,,,,,,
46.06,0.012792343,0.029651169,0.042611098,,,,,,,,,,
46.065,0.011952715,0.027711208,0.039840578,,,,,,,,,,
46.07,0.011065258,0.025660432,0.036911598,,,,,,,,,,
46.075,0.010133686,0.023507439,0.033836302,,,,,,,,,,
46.08,0.009161583,0.021260808,0.030626952,,,,,,,,,,
46.085,0.008153056,0.018929653,0.027296712,,,,,,,,,,
46.09,0.007112159,0.016523507,0.023858964,,,,,,,,,,
46.095,0.006043158,0.014052216,0.020327876,,,,,,,,,,
46.1,0.004950323,0.01152558,0.016717555,,,,,,,,,,
46.105,0.003838106,0.008953917,0.013042731,,,,,,,,,,
46.11,0.002711058,0.006347812,0.009318391,,,,,,,,,,
46.115,0.001573688,0.003717648,0.005559519,,,,,,,,,,
46.12,0.000430694,0.001074078,0.001781257,,,,,,,,,,
46.125,-0.000713388,-0.001571923,-0.002000939,,,,,,,,,,
46.13,-0.001853849,-0.004209783,-0.005771797,,,,,,,,,,
46.135,-0.002986154,-0.00682887,-0.009516147,,,,,,,,,,
46.14,-0.004105683,-0.009418492,-0.013218831,,,,,,,,,,
46.145,-0.005207911,-0.011968048,-0.016864616,,,,,,,,,,
46.15,-0.006288353,-0.014467465,-0.02043907,,,,,,,,,,
46.155,-0.007342696,-0.016906477,-0.0239277,,,,,,,,,,
46.16,-0.008366633,-0.019275156,-0.027316159,,,,,,,,,,
46.165,-0.009355932,-0.021563969,-0.030591087,,,,,,,,,,
46.17,-0.010306612,-0.023763772,-0.033739105,,,,,,,,,,
46.175,-0.011214925,-0.025865475,-0.03674746,,,,,,,,,,
46.18,-0.012077137,-0.027860769,-0.039604042,,,,,,,,,,
46.185,-0.012889721,-0.029741591,-0.042297389,,,,,,,,,,
46.19,-0.013649548,-0.031500255,-0.044816681,,,,,,,,,,
46.195,-0.01435349,-0.03312962,-0.047151579,,,,,,,,,,
46.2,-0.014998588,-0.034623353,-0.049293029,,,,,,,,,,
46.205,-0.015582476,-0.035975207,-0.05123231,,,,,,,,,,
46.21,-0.01610256,-0.037179779,-0.052961543,,,,,,,,,,
46.215,-0.016556966,-0.038232448,-0.054474014,,,,,,,,,,
46.22,-0.016943816,-0.03912888,-0.055763638,,,,,,,,,,
46.225,-0.017261567,-0.039865411,-0.056825211,,,,,,,,,,
46.23,-0.017508989,-0.040439356,-0.057654646,,,,,,,,,,
46.235,-0.017685036,-0.040848441,-0.05824872,,,,,,,,,,
46.24,-0.017789002,-0.041090881,-0.0586052,,,,,,,,,,
46.245,-0.017820501,-0.041166078,-0.058722608,,,,,,,,,,
46.25,-0.017779485,-0.041073718,-0.058600958,,,,,,,,,,
46.255,-0.017666072,-0.040814226,-0.058240607,,,,,,,,,,
46.26,-0.017480975,-0.040388732,-0.057643262,,,,,,,,,,
46.265,-0.01722478,-0.039799284,-0.056811689,,,,,,,,,,
46.27,-0.016898752,-0.039048245,-0.05574923,,,,,,,,,,
46.275,-0.016504087,-0.038138698,-0.054460486,,,,,,,,,,
46.28,-0.016042555,-0.037074638,-0.052950946,,,,,,,,,,
46.285,-0.015515958,-0.03586051,-0.05122693,,,,,,,,,,
46.29,-0.014926568,-0.034501101,-0.04929547,,,,,,,,,,
46.295,-0.01427691,-0.033002315,-0.047164893,,,,,,,,,,
46.3,-0.013569524,-0.031370544,-0.044843864,,,,,,,,,,
46.305,-0.012807491,-0.02961216,-0.042341965,,,,,,,,,,
46.31,-0.011993807,-0.027734691,-0.039669719,,,,,,,,,,
46.315,-0.011131901,-0.025746108,-0.036838224,,,,,,,,,,
46.32,-0.01022529,-0.023654213,-0.033858947,,,,,,,,,,
46.325,-0.009277708,-0.021467724,-0.03074445,,,,,,,,,,
46.33,-0.008293108,-0.019196006,-0.027507567,,,,,,,,,,
46.335,-0.007275538,-0.016848059,-0.024161582,,,,,,,,,,
46.34,-0.006229213,-0.014433558,-0.020720096,,,,,,,,,,
46.345,-0.005158453,-0.011962851,-0.017197701,,,,,,,,,,
46.35,-0.004067606,-0.009445683,-0.013608552,,,,,,,,,,
46.355,-0.002961139,-0.00689238,-0.009967457,,,,,,,,,,
46.36,-0.001843711,-0.004313711,-0.006289672,,,,,,,,,,
46.365,-0.000719619,-0.001720077,-0.002590046,,,,,,,,,,
46.37,0.000406213,0.000878073,0.001116303,,,,,,,,,,
46.375,0.001529358,0.003469707,0.004813933,,,,,,,,,,
46.38,0.002645198,0.006044404,0.008487847,,,,,,,,,,
46.385,0.003749071,0.008591748,0.012123036,,,,,,,,,,
46.39,0.004836512,0.011101137,0.015704572,,,,,,,,,,
46.395,0.005903167,0.013562437,0.019217726,,,,,,,,,,
46.4,0.006944616,0.015965694,0.022648264,,,,,,,,,,
46.405,0.007956624,0.018300978,0.025982101,,,,,,,,,,
46.41,0.008935214,0.020558871,0.029205679,,,,,,,,,,
46.415,0.00987619,0.022730198,0.032305953,,,,,,,,,,
46.42,0.010775773,0.024806097,0.03527018,,,,,,,,,,
46.425,0.011630339,0.02677819,0.038086435,,,,,,,,,,
46.43,0.012436513,0.028638601,0.040743306,,,,,,,,,,
46.435,0.013190874,0.030379693,0.043229941,,,,,,,,,,
46.44,0.013890493,0.031994533,0.045536436,,,,,,,,,,
46.445,0.014532668,0.033476571,0.047653346,,,,,,,,,,
46.45,0.015114665,0.034819968,0.04957228,,,,,,,,,,
46.455,0.015634222,0.036019335,0.05128562,,,,,,,,,,
46.46,0.016089253,0.03706986,0.05278644,,,,,,,,,,
46.465,0.01647797,0.037967476,0.054068906,,,,,,,,,,
46.47,0.016798812,0.038708633,0.055127925,,,,,,,,,,
46.475,0.017050667,0.039290492,0.055959405,,,,,,,,,,
46.48,0.017232578,0.039710902,0.056560325,,,,,,,,,,
46.485,0.017343759,0.039968362,0.05692816,,,,,,,,,,
46.49,0.017383977,0.040061871,0.057061947,,,,,,,,,,
46.495,0.017353078,0.039991455,0.056961359,,,,,,,,,,
46.5,0.017251256,0.039757523,0.056627046,,,,,,,,,,
46.505,0.017079069,0.039361173,0.056060623,,,,,,,,,,
46.51,0.016837309,0.038804249,0.055264886,,,,,,,,,,
46.515,0.016527026,0.038089425,0.054243163,,,,,,,,,,
46.52,0.016149678,0.03721956,0.053000023,,,,,,,,,,
46.525,0.015706922,0.036198692,0.051540943,,,,,,,,,,
46.53,0.015200538,0.035031022,0.049872007,,,,,,,,,,
46.535,0.01463279,0.033721545,0.048000426,,,,,,,,,,
46.54,0.014006109,0.032275843,0.045934329,,,,,,,,,,
46.545,0.013323121,0.030700097,0.043682206,,,,,,,,,,
46.55,0.01258667,0.029000739,0.041253644,,,,,,,,,,
46.555,0.011799905,0.027185162,0.038658983,,,,,,,,,,
46.56,0.010966123,0.02526086,0.035908897,,,,,,,,,,
46.565,0.010088756,0.023235825,0.033014983,,,,,,,,,,
46.57,0.009171617,0.021118605,0.029989503,,,,,,,,,,
46.575,0.008218343,0.018917948,0.026844795,,,,,,,,,,
46.58,0.007232973,0.016642949,0.023594085,,,,,,,,,,
46.585,0.006219615,0.014303172,0.020251097,,,,,,,,,,
46.59,0.005182524,0.011908218,0.016829361,,,,,,,,,,
46.595,0.004125819,0.00946791,0.013343195,,,,,,,,,,
46.6,0.003054105,0.006992507,0.009807218,,,,,,,,,,
46.605,0.001971647,0.004492055,0.006235848,,,,,,,,,,
46.61,0.000883018,0.001976783,0.002643752,,,,,,,,,,
46.615,-0.000207367,-0.000542785,-0.00095396,,,,,,,,,,
46.62,-0.001294997,-0.003056436,-0.004542689,,,,,,,,,,
46.625,-0.002375538,-0.005553889,-0.008107754,,,,,,,,,,
46.63,-0.003444393,-0.008024844,-0.011634351,,,,,,,,,,
46.635,-0.004497265,-0.010459193,-0.015108057,,,,,,,,,,
46.64,-0.005529944,-0.012847105,-0.018514876,,,,,,,,,,
46.645,-0.006538214,-0.015178708,-0.02184059,,,,,,,,,,
46.65,-0.007517902,-0.017444655,-0.02507184,,,,,,,,,,
46.655,-0.008465166,-0.019635697,-0.028195435,,,,,,,,,,
46.66,-0.009376113,-0.021743016,-0.031198599,,,,,,,,,,
46.665,-0.010246976,-0.023758022,-0.034069172,,,,,,,,,,
46.67,-0.011074484,-0.025672702,-0.036795696,,,,,,,,,,
46.675,-0.011855134,-0.027479382,-0.039366966,,,,,,,,,,
46.68,-0.012585658,-0.029170648,-0.041772721,,,,,,,,,,
46.685,-0.013263512,-0.030739871,-0.044003291,,,,,,,,,,
46.69,-0.013885862,-0.032180928,-0.046049792,,,,,,,,,,
46.695,-0.014450099,-0.033487925,-0.047903986,,,,,,,,,,
46.7,-0.014954261,-0.034655695,-0.04955862,,,,,,,,,,
46.705,-0.015396372,-0.035679887,-0.051007155,,,,,,,,,,
46.71,-0.015774569,-0.03655621,-0.052243899,,,,,,,,,,
46.715,-0.016087643,-0.037281411,-0.053264209,,,,,,,,,,
46.72,-0.01633442,-0.037852914,-0.054064162,,,,,,,,,,
46.725,-0.016513729,-0.038268314,-0.054640681,,,,,,,,,,
46.73,-0.016625319,-0.03852628,-0.054991861,,,,,,,,,,
46.735,-0.016668801,-0.038626215,-0.055116528,,,,,,,,,,
46.74,-0.016643832,-0.038567676,-0.055014555,,,,,,,,,,
46.745,-0.016550963,-0.038351152,-0.054686565,,,,,,,,,,
46.75,-0.01639062,-0.037978049,-0.054134358,,,,,,,,,,
46.755,-0.016163352,-0.037449874,-0.053360568,,,,,,,,,,
46.76,-0.015870471,-0.036769054,-0.052368589,,,,,,,,,,
46.765,-0.01551332,-0.035938775,-0.051162856,,,,,,,,,,
46.77,-0.015093167,-0.034962541,-0.049748785,,,,,,,,,,
46.775,-0.014612221,-0.033844517,-0.048132254,,,,,,,,,,
46.78,-0.014072512,-0.032589573,-0.046320379,,,,,,,,,,
46.785,-0.0134762,-0.031203154,-0.044320907,,,,,,,,,,
46.79,-0.012825904,-0.029690845,-0.042142246,,,,,,,,,,
46.795,-0.012124446,-0.028059193,-0.03979354,,,,,,,,,,
46.8,-0.011374738,-0.026315146,-0.03728502,,,,,,,,,,
46.805,-0.010579831,-0.024465926,-0.034626837,,,,,,,,,,
46.81,-0.00974335,-0.022519127,-0.03183025,,,,,,,,,,
46.815,-0.008868485,-0.020483199,-0.028907035,,,,,,,,,,
46.82,-0.007958988,-0.018366457,-0.02586937,,,,,,,,,,
46.825,-0.007018765,-0.016177629,-0.022729693,,,,,,,,,,
46.83,-0.006051527,-0.013925878,-0.019501226,,,,,,,,,,
46.835,-0.005061286,-0.011620587,-0.016197477,,,,,,,,,,
46.84,-0.004052187,-0.009271068,-0.012831785,,,,,,,,,,
46.845,-0.003028588,-0.006887141,-0.009418298,,,,,,,,,,
46.85,-0.001994393,-0.004478758,-0.005971153,,,,,,,,,,
46.855,-0.000954032,-0.002055532,-0.002504265,,,,,,,,,,
46.86,8.81E-05,0.00037238,0.000967935,,,,,,,,,,
46.865,0.001128075,0.002794974,0.004431015,,,,,,,,,,
46.87,0.002161507,0.005202541,0.007871028,,,,,,,,,,
46.875,0.003184008,0.007585109,0.011273925,,,,,,,,,,
46.88,0.004191774,0.009932927,0.01462542,,,,,,,,,,
46.885,0.00518054,0.012236456,0.017912106,,,,,,,,,,
46.89,0.006146054,0.014486347,0.021120765,,,,,,,,,,
46.895,0.00708492,0.016673294,0.024237938,,,,,,,,,,
46.9,0.007992973,0.018788636,0.027251152,,,,,,,,,,
46.905,0.008866601,0.020823614,0.030148362,,,,,,,,,,
46.91,0.009702542,0.022770181,0.03291748,,,,,,,,,,
46.915,0.010497276,0.02462047,0.035547507,,,,,,,,,,
46.92,0.011247507,0.026366839,0.038027924,,,,,,,,,,
46.925,0.011950482,0.0280025,0.040348592,,,,,,,,,,
46.93,0.012603342,0.029520822,0.042500334,,,,,,,,,,
46.935,0.013203314,0.030915632,0.044474515,,,,,,,,,,
46.94,0.013748293,0.032181497,0.046263284,,,,,,,,,,
46.945,0.014236087,0.033313474,0.047859516,,,,,,,,,,
46.95,0.014664676,0.034306844,0.049256943,,,,,,,,,,
46.955,0.015032539,0.035158005,0.050450118,,,,,,,,,,
46.96,0.015338343,0.035863571,0.051434475,,,,,,,,,,
46.965,0.015580713,0.036420637,0.052206133,,,,,,,,,,
46.97,0.015758888,0.036827298,0.052762313,,,,,,,,,,
46.975,0.015872281,0.037082137,0.053101085,,,,,,,,,,
46.98,0.015920425,0.037184165,0.053221171,,,,,,,,,,
46.985,0.015903291,0.037133133,0.053122431,,,,,,,,,,
46.99,0.015821043,0.036929747,0.052805668,,,,,,,,,,
46.995,0.015674193,0.036574757,0.052272383,,,,,,,,,,
47,0.015463241,0.036069851,0.051524965,,,,,,,,,,
47.005,0.015189293,0.035417439,0.050566984,,,,,,,,,,
47.01,0.014853643,0.034620379,0.049402518,,,,,,,,,,
47.015,0.014457496,0.033681893,0.048036576,,,,,,,,,,
47.02,0.014002681,0.032606421,0.046475205,,,,,,,,,,
47.025,0.013491256,0.031398244,0.044724879,,,,,,,,,,
47.03,0.012925284,0.03006257,0.042793061,,,,,,,,,,
47.035,0.012307158,0.028605209,0.040688056,,,,,,,,,,
47.04,0.011639567,0.027032185,0.038418644,,,,,,,,,,
47.045,0.010925143,0.025349975,0.035994269,,,,,,,,,,
47.05,0.01016709,0.023565924,0.033425245,,,,,,,,,,
47.055,0.009368443,0.021687319,0.03072229,,,,,,,,,,
47.06,0.008532416,0.019722006,0.027896595,,,,,,,,,,
47.065,0.007662676,0.017678218,0.024959955,,,,,,,,,,
47.07,0.006762759,0.015564497,0.021924628,,,,,,,,,,
47.075,0.005836306,0.013389475,0.018803044,,,,,,,,,,
47.08,0.004887162,0.011162441,0.015608337,,,,,,,,,,
47.085,0.003919403,0.008892384,0.012353603,,,,,,,,,,
47.09,0.002936667,0.006588791,0.009052262,,,,,,,,,,
47.095,0.001943263,0.004261174,0.005717997,,,,,,,,,,
47.1,0.0009432,0.001919212,0.002364624,,,,,,,,,,
47.105,-5.95E-05,-0.000427602,-0.000994163,,,,,,,,,,
47.11,-0.00106065,-0.002769459,-0.004344549,,,,,,,,,,
47.115,-0.002056078,-0.005096821,-0.007672667,,,,,,,,,,
47.12,-0.003041878,-0.007400081,-0.010964949,,,,,,,,,,
47.125,-0.004013968,-0.009669807,-0.014207957,,,,,,,,,,
47.13,-0.004968282,-0.011896588,-0.017388269,,,,,,,,,,
47.135,-0.005901001,-0.014071574,-0.020493013,,,,,,,,,,
47.14,-0.006808427,-0.016185602,-0.023509507,,,,,,,,,,
47.145,-0.007686691,-0.018230175,-0.026425385,,,,,,,,,,
47.15,-0.008532304,-0.020196817,-0.029228825,,,,,,,,,,
47.155,-0.009341899,-0.022077715,-0.031908529,,,,,,,,,,
47.16,-0.010112276,-0.023865036,-0.034453471,,,,,,,,,,
47.165,-0.010840042,-0.025551596,-0.036853427,,,,,,,,,,
47.17,-0.01152254,-0.027130611,-0.039098809,,,,,,,,,,
47.175,-0.012156846,-0.028595772,-0.041180394,,,,,,,,,,
47.18,-0.012740448,-0.029940947,-0.043089913,,,,,,,,,,
47.185,-0.013270982,-0.03116105,-0.044819784,,,,,,,,,,
47.19,-0.013746412,-0.032251079,-0.046362971,,,,,,,,,,
47.195,-0.014164688,-0.033206655,-0.047713513,,,,,,,,,,
47.2,-0.014524272,-0.034024137,-0.048865923,,,,,,,,,,
47.205,-0.014823676,-0.034700357,-0.049815842,,,,,,,,,,
47.21,-0.015061765,-0.035232576,-0.050559509,,,,,,,,,,
47.215,-0.015237598,-0.035618907,-0.051094241,,,,,,,,,,
47.22,-0.015350541,-0.035857941,-0.051418075,,,,,,,,,,
47.225,-0.015400205,-0.035948756,-0.05152989,,,,,,,,,,
47.23,-0.015386467,-0.035891293,-0.051429547,,,,,,,,,,
47.235,-0.015309505,-0.035685998,-0.051117743,,,,,,,,,,
47.24,-0.015169478,-0.035333926,-0.050595984,,,,,,,,,,
47.245,-0.014967195,-0.034836603,-0.049866716,,,,,,,,,,
47.25,-0.014703634,-0.034196439,-0.048933097,,,,,,,,,,
47.255,-0.014379628,-0.033416259,-0.047799498,,,,,,,,,,
47.26,-0.013996706,-0.032499346,-0.046470531,,,,,,,,,,
47.265,-0.01355668,-0.031449724,-0.044952098,,,,,,,,,,
47.27,-0.01306108,-0.030272158,-0.04325066,,,,,,,,,,
47.275,-0.012512198,-0.028971403,-0.041373462,,,,,,,,,,
47.28,-0.011912375,-0.02755308,-0.03932842,,,,,,,,,,
47.285,-0.011263985,-0.026023313,-0.037124259,,,,,,,,,,
47.29,-0.010569755,-0.024388496,-0.03477025,,,,,,,,,,
47.295,-0.009832801,-0.022655318,-0.032276253,,,,,,,,,,
47.3,-0.009055986,-0.020831437,-0.029652751,,,,,,,,,,
47.305,-0.008242518,-0.018924373,-0.026910809,,,,,,,,,,
47.31,-0.00739596,-0.016942008,-0.024061683,,,,,,,,,,
47.315,-0.006519881,-0.014892722,-0.021117448,,,,,,,,,,
47.32,-0.005617576,-0.012785291,-0.018090263,,,,,,,,,,
47.325,-0.004693181,-0.010628065,-0.014992746,,,,,,,,,,
47.33,-0.003750347,-0.008430305,-0.011837797,,,,,,,,,,
47.335,-0.002792915,-0.006201196,-0.008638381,,,,,,,,,,
47.34,-0.001824898,-0.003949918,-0.005407891,,,,,,,,,,
47.345,-0.000850388,-0.001685618,-0.002159547,,,,,,,,,,
47.35,0.000126767,0.000581933,0.001093245,,,,,,,,,,
47.355,0.001102268,0.002843653,0.004336987,,,,,,,,,,
47.36,0.002072195,0.005090213,0.007558353,,,,,,,,,,
47.365,0.003032572,0.007312331,0.010744182,,,,,,,,,,
47.37,0.003979497,0.00950079,0.013881388,,,,,,,,,,
47.375,0.004908919,0.011646776,0.016956896,,,,,,,,,,
47.38,0.005817151,0.013741355,0.019958416,,,,,,,,,,
47.385,0.0067004,0.015776023,0.022873549,,,,,,,,,,
47.39,0.00755495,0.017742536,0.025690287,,,,,,,,,,
47.395,0.008377401,0.019632946,0.028397477,,,,,,,,,,
47.4,0.009164322,0.021439322,0.0309839,,,,,,,,,,
47.405,0.009912435,0.023154539,0.033439028,,,,,,,,,,
47.41,0.010618942,0.024771723,0.035753186,,,,,,,,,,
47.415,0.011280752,0.026284213,0.037916921,,,,,,,,,,
47.42,0.011895188,0.027686049,0.039921398,,,,,,,,,,
47.425,0.012459811,0.028971708,0.041758726,,,,,,,,,,
47.43,0.012972253,0.030135919,0.043421729,,,,,,,,,,
47.435,0.013430424,0.031174249,0.044903479,,,,,,,,,,
47.44,0.013832625,0.032082546,0.046198455,,,,,,,,,,
47.445,0.014177097,0.032857295,0.047301583,,,,,,,,,,
47.45,0.014462529,0.033495543,0.048208337,,,,,,,,,,
47.455,0.014687808,0.033995003,0.048915582,,,,,,,,,,
47.46,0.014852078,0.034353793,0.049420656,,,,,,,,,,
47.465,0.01495468,0.034570767,0.049721631,,,,,,,,,,
47.47,0.014995217,0.034645098,0.049817711,,,,,,,,,,
47.475,0.014973716,0.034576841,0.049708919,,,,,,,,,,
47.48,0.014890227,0.034366586,0.049395862,,,,,,,,,,
47.485,0.014745205,0.034015328,0.048880263,,,,,,,,,,
47.49,0.014539317,0.03352488,0.048164548,,,,,,,,,,
47.495,0.014273499,0.032897556,0.047251933,,,,,,,,,,
47.5,0.013948901,0.032136107,0.046146467,,,,,,,,,,
47.505,0.013567003,0.031243873,0.044853199,,,,,,,,,,
47.51,0.013129384,0.030224989,0.043377534,,,,,,,,,,
47.515,0.012637899,0.029083558,0.041725986,,,,,,,,,,
47.52,0.012094734,0.02782474,0.039905577,,,,,,,,,,
47.525,0.011502109,0.026453951,0.037924077,,,,,,,,,,
47.53,0.010862506,0.024976961,0.035789895,,,,,,,,,,
47.535,0.01017884,0.023400002,0.03351209,,,,,,,,,,
47.54,0.00945393,0.02172999,0.031100204,,,,,,,,,,
47.545,0.008690717,0.019973563,0.028564443,,,,,,,,,,
47.55,0.007892556,0.018138357,0.025915401,,,,,,,,,,
47.555,0.007062757,0.01623214,0.023164237,,,,,,,,,,
47.56,0.006204751,0.014262703,0.02032237,,,,,,,,,,
47.565,0.005322189,0.0122382,0.017401585,,,,,,,,,,
47.57,0.004418736,0.010167323,0.014414109,,,,,,,,,,
47.575,0.003498263,0.008058424,0.011372347,,,,,,,,,,
47.58,0.002564592,0.005920257,0.008288766,,,,,,,,,,
47.585,0.001621508,0.003761818,0.005176176,,,,,,,,,,
47.59,0.00067299,0.001591877,0.002047436,,,,,,,,,,
47.595,-0.000277027,-0.000580691,-0.001084609,,,,,,,,,,
47.6,-0.001224643,-0.002746804,-0.004207126,,,,,,,,,,
47.605,-0.002165902,-0.004897678,-0.007307062,,,,,,,,,,
47.61,-0.003096858,-0.007024671,-0.010372118,,,,,,,,,,
47.615,-0.004013673,-0.009118942,-0.013389511,,,,,,,,,,
47.62,-0.00491266,-0.011171906,-0.016346931,,,,,,,,,,
47.625,-0.005789961,-0.0131755,-0.019232429,,,,,,,,,,
47.63,-0.006642079,-0.015121374,-0.02203442,,,,,,,,,,
47.635,-0.007465485,-0.017001778,-0.024741203,,,,,,,,,,
47.64,-0.008256903,-0.018809203,-0.027342077,,,,,,,,,,
47.645,-0.009012931,-0.020536448,-0.029826599,,,,,,,,,,
47.65,-0.009730625,-0.022176344,-0.032184587,,,,,,,,,,
47.655,-0.010406985,-0.023722547,-0.034406715,,,,,,,,,,
47.66,-0.011039327,-0.02516886,-0.036484299,,,,,,,,,,
47.665,-0.011625099,-0.026509552,-0.038408765,,,,,,,,,,
47.67,-0.012161964,-0.027739299,-0.040172637,,,,,,,,,,
47.675,-0.012647755,-0.028853412,-0.041769061,,,,,,,,,,
47.68,-0.013080567,-0.029847536,-0.043191631,,,,,,,,,,
47.685,-0.013458769,-0.030717743,-0.044434822,,,,,,,,,,
47.69,-0.013780757,-0.03146085,-0.045494019,,,,,,,,,,
47.695,-0.014045306,-0.032074025,-0.046365111,,,,,,,,,,
47.7,-0.014251447,-0.032554935,-0.047044794,,,,,,,,,,
47.705,-0.014398432,-0.032901914,-0.047530764,,,,,,,,,,
47.71,-0.014485625,-0.033113943,-0.047821314,,,,,,,,,,
47.715,-0.014512996,-0.03319033,-0.047915507,,,,,,,,,,
47.72,-0.014480442,-0.033130972,-0.0478134,,,,,,,,,,
47.725,-0.01438817,-0.032936398,-0.047515734,,,,,,,,,,
47.73,-0.014236688,-0.032607741,-0.047024068,,,,,,,,,,
47.735,-0.014026789,-0.032146476,-0.046340835,,,,,,,,,,
47.74,-0.013759373,-0.031554762,-0.045469085,,,,,,,,,,
47.745,-0.013435644,-0.030835329,-0.044412744,,,,,,,,,,
47.75,-0.013057191,-0.02999134,-0.043176481,,,,,,,,,,
47.755,-0.012625516,-0.029026407,-0.041765644,,,,,,,,,,
47.76,-0.012142619,-0.027944736,-0.040186228,,,,,,,,,,
47.765,-0.01161053,-0.026750998,-0.038445112,,,,,,,,,,
47.77,-0.011031511,-0.025450222,-0.036549657,,,,,,,,,,
47.775,-0.010408006,-0.024047817,-0.034507823,,,,,,,,,,
47.78,-0.009742734,-0.022549942,-0.032328317,,,,,,,,,,
47.785,-0.009038434,-0.020962634,-0.03002023,,,,,,,,,,
47.79,-0.008298151,-0.019292576,-0.027593167,,,,,,,,,,
47.795,-0.007525012,-0.017546739,-0.025057367,,,,,,,,,,
47.8,-0.006722277,-0.015732418,-0.022423317,,,,,,,,,,
47.805,-0.00589329,-0.013856935,-0.019701948,,,,,,,,,,
47.81,-0.005041528,-0.011928192,-0.016904531,,,,,,,,,,
47.815,-0.004170555,-0.009954069,-0.014042685,,,,,,,,,,
47.82,-0.003283884,-0.007942672,-0.011128147,,,,,,,,,,
47.825,-0.002385325,-0.005902228,-0.00817297,,,,,,,,,,
47.83,-0.001478564,-0.003841173,-0.005189182,,,,,,,,,,
47.835,-0.00056731,-0.00176785,-0.00218913,,,,,,,,,,
47.84,0.000344676,0.000309234,0.000815017,,,,,,,,,,
47.845,0.001253583,0.002381658,0.003810908,,,,,,,,,,
47.85,0.00215583,0.00444087,0.006786384,,,,,,,,,,
47.855,0.003047638,0.006478732,0.009729269,,,,,,,,,,
47.86,0.003925331,0.008486813,0.0126277,,,,,,,,,,
47.865,0.00478542,0.010457069,0.015469794,,,,,,,,,,
47.87,0.005624335,0.01238154,0.018244143,,,,,,,,,,
47.875,0.006438597,0.014252532,0.020939507,,,,,,,,,,
47.88,0.007225013,0.016062346,0.023545058,,,,,,,,,,
47.885,0.007980456,0.017803915,0.026050196,,,,,,,,,,
47.89,0.008701763,0.019470169,0.028444992,,,,,,,,,,
47.895,0.009386139,0.02105448,0.03071976,,,,,,,,,,
47.9,0.010030884,0.02255051,0.032865416,,,,,,,,,,
47.905,0.01063331,0.023952375,0.034873447,,,,,,,,,,
47.91,0.011191166,0.025254411,0.03673595,,,,,,,,,,
47.915,0.011702222,0.02645152,0.038445415,,,,,,,,,,
47.92,0.012164426,0.027538937,0.039995235,,,,,,,,,,
47.925,0.012576072,0.028512511,0.041379304,,,,,,,,,,
47.93,0.012935676,0.029368378,0.042592269,,,,,,,,,,
47.935,0.013241609,0.030103248,0.043629302,,,,,,,,,,
47.94,0.01349293,0.030714344,0.044486632,,,,,,,,,,
47.945,0.013688699,0.031199368,0.045160928,,,,,,,,,,
47.95,0.013828157,0.031556422,0.045649797,,,,,,,,,,
47.955,0.013910868,0.03178438,0.045951485,,,,,,,,,,
47.96,0.013936624,0.031882368,0.04606513,,,,,,,,,,
47.965,0.013905411,0.031850231,0.045990383,,,,,,,,,,
47.97,0.013817499,0.031688309,0.045727963,,,,,,,,,,
47.975,0.013673383,0.031397414,0.045279247,,,,,,,,,,
47.98,0.013473737,0.030978836,0.044646267,,,,,,,,,,
47.985,0.013219478,0.030434461,0.043831867,,,,,,,,,,
47.99,0.012911764,0.02976663,0.042839765,,,,,,,,,,
47.995,0.012551985,0.028978276,0.04167421,,,,,,,,,,
48,0.012141708,0.028072762,0.040340204,,,,,,,,,,
48.005,0.01168262,0.027053837,0.038843416,,,,,,,,,,
48.01,0.011176809,0.025925927,0.037190241,,,,,,,,,,
48.015,0.010626376,0.024693701,0.03538756,,,,,,,,,,
48.02,0.01003366,0.023362252,0.033443026,,,,,,,,,,
48.025,0.009401124,0.021937251,0.031364835,,,,,,,,,,
48.03,0.008731407,0.020424542,0.029161475,,,,,,,,,,
48.035,0.008027277,0.01883032,0.026842235,,,,,,,,,,
48.04,0.007291793,0.01716139,0.024416791,,,,,,,,,,
48.045,0.006527912,0.015424548,0.021895103,,,,,,,,,,
48.05,0.005738829,0.013626813,0.019287588,,,,,,,,,,
48.055,0.004927906,0.011775777,0.016605082,,,,,,,,,,
48.06,0.004098337,0.009878971,0.013858621,,,,,,,,,,
48.065,0.003253651,0.007944092,0.011059431,,,,,,,,,,
48.07,0.002397241,0.00597924,0.008219162,,,,,,,,,,
48.075,0.001532559,0.00399236,0.005349366,,,,,,,,,,
48.08,0.00066323,0.001991507,0.002461725,,,,,,,,,,
48.085,-0.000207147,-1.50E-05,-0.000431802,,,,,,,,,,
48.09,-0.001075174,-0.002018925,-0.003319481,,,,,,,,,,
48.095,-0.001937259,-0.004012268,-0.006189538,,,,,,,,,,
48.1,-0.00278991,-0.005986755,-0.009030321,,,,,,,,,,
48.105,-0.00362977,-0.00793438,-0.011830164,,,,,,,,,,
48.11,-0.004453426,-0.009847278,-0.014577735,,,,,,,,,,
48.115,-0.00525753,-0.011717622,-0.017261927,,,,,,,,,,
48.12,-0.006038852,-0.013537831,-0.019871769,,,,,,,,,,
48.125,-0.006794296,-0.015300606,-0.022396771,,,,,,,,,,
48.13,-0.00752073,-0.016998697,-0.024826768,,,,,,,,,,
48.135,-0.008215315,-0.01862526,-0.027151898,,,,,,,,,,
48.14,-0.008875334,-0.020173759,-0.029362774,,,,,,,,,,
48.145,-0.009498124,-0.021637937,-0.03145059,,,,,,,,,,
48.15,-0.01008123,-0.023011964,-0.033406932,,,,,,,,,,
48.155,-0.010622416,-0.024290254,-0.035223934,,,,,,,,,,
48.16,-0.011119493,-0.02546768,-0.036894422,,,,,,,,,,
48.165,-0.011570455,-0.026539496,-0.038411776,,,,,,,,,,
48.17,-0.011973682,-0.027501489,-0.039769994,,,,,,,,,,
48.175,-0.012327576,-0.028349755,-0.040963768,,,,,,,,,,
48.18,-0.012630731,-0.02908099,-0.041988397,,,,,,,,,,
48.185,-0.012882088,-0.029692281,-0.042839867,,,,,,,,,,
48.19,-0.0130807,-0.030181357,-0.043515009,,,,,,,,,,
48.195,-0.013225872,-0.03054632,-0.044011216,,,,,,,,,,
48.2,-0.01331708,-0.030785773,-0.044326741,,,,,,,,,,
48.205,-0.013353984,-0.030898912,-0.044460539,,,,,,,,,,
48.21,-0.013336475,-0.030885335,-0.044412312,,,,,,,,,,
48.215,-0.013264844,-0.030745303,-0.044182439,,,,,,,,,,
48.22,-0.013139351,-0.030479621,-0.043772181,,,,,,,,,,
48.225,-0.012960673,-0.030089402,-0.043183417,,,,,,,,,,
48.23,-0.0127296,-0.029576401,-0.042418675,,,,,,,,,,
48.235,-0.012447216,-0.028942923,-0.041481421,,,,,,,,,,
48.24,-0.012114715,-0.028191678,-0.040375785,,,,,,,,,,
48.245,-0.011733488,-0.027325771,-0.039106352,,,,,,,,,,
48.25,-0.011305213,-0.026349031,-0.037678653,,,,,,,,,,
48.255,-0.01083162,-0.025265455,-0.036098804,,,,,,,,,,
48.26,-0.010314743,-0.02407966,-0.03437326,,,,,,,,,,
48.265,-0.009756828,-0.022796684,-0.032509391,,,,,,,,,,
48.27,-0.009160188,-0.021421948,-0.030515061,,,,,,,,,,
48.275,-0.008527226,-0.019961097,-0.028398455,,,,,,,,,,
48.28,-0.007860649,-0.018420273,-0.026168392,,,,,,,,,,
48.285,-0.007163114,-0.016805932,-0.023834308,,,,,,,,,,
48.29,-0.006437506,-0.015124807,-0.021405848,,,,,,,,,,
48.295,-0.005686847,-0.013383821,-0.018892918,,,,,,,,,,
48.3,-0.004914169,-0.011590196,-0.016306162,,,,,,,,,,
48.305,-0.004122719,-0.009751443,-0.01365609,,,,,,,,,,
48.31,-0.003315781,-0.007875085,-0.010953587,,,,,,,,,,
48.315,-0.002496642,-0.005968963,-0.008209974,,,,,,,,,,
48.32,-0.001668593,-0.004040901,-0.005436441,,,,,,,,,,
48.325,-0.000835062,-0.002098808,-0.002644313,,,,,,,,,,
48.33,6.11E-07,-0.000150658,0.000154831,,,,,,,,,,
48.335,0.000835036,0.00179544,0.002949503,,,,,,,,,,
48.34,0.001664741,0.003731539,0.005728357,,,,,,,,,,
48.345,0.002486368,0.005649721,0.008480054,,,,,,,,,,
48.35,0.003296611,0.007542058,0.011193277,,,,,,,,,,
48.355,0.004092183,0.009400781,0.013857125,,,,,,,,,,
48.36,0.004869824,0.011218326,0.016460613,,,,,,,,,,
48.365,0.005626488,0.012987297,0.018993179,,,,,,,,,,
48.37,0.006359123,0.014700469,0.021444655,,,,,,,,,,
48.375,0.007064722,0.016350896,0.023805004,,,,,,,,,,
48.38,0.007740438,0.017931913,0.026064705,,,,,,,,,,
48.385,0.008383559,0.019436989,0.028214709,,,,,,,,,,
48.39,0.008991412,0.020860104,0.030246279,,,,,,,,,,
48.395,0.009561653,0.022195611,0.032151398,,,,,,,,,,
48.4,0.010092081,0.02343809,0.033922328,,,,,,,,,,
48.405,0.01058039,0.024582436,0.035551945,,,,,,,,,,
48.41,0.011024791,0.025624342,0.037033832,,,,,,,,,,
48.415,0.011423541,0.026559558,0.038362211,,,,,,,,,,
48.42,0.011775009,0.027384303,0.039531679,,,,,,,,,,
48.425,0.012077777,0.028095432,0.040537817,,,,,,,,,,
48.43,0.012330726,0.028690241,0.041376766,,,,,,,,,,
48.435,0.01253286,0.029166245,0.042045116,,,,,,,,,,
48.44,0.012683426,0.029521903,0.042540516,,,,,,,,,,
48.445,0.012781919,0.029755929,0.042861258,,,,,,,,,,
48.45,0.012827988,0.029867422,0.043005985,,,,,,,,,,
48.455,0.012821457,0.029856187,0.042974524,,,,,,,,,,
48.46,0.012762409,0.029722536,0.042767353,,,,,,,,,,
48.465,0.012651206,0.029467077,0.042385374,,,,,,,,,,
48.47,0.012488263,0.029091113,0.041830449,,,,,,,,,,
48.475,0.012274317,0.028596434,0.041105187,,,,,,,,,,
48.48,0.012010361,0.027985226,0.040212683,,,,,,,,,,
48.485,0.011697497,0.027260196,0.039156711,,,,,,,,,,
48.49,0.011337124,0.026424526,0.037942062,,,,,,,,,,
48.495,0.010930757,0.025481848,0.036573805,,,,,,,,,,
48.5,0.010480005,0.024436137,0.035057634,,,,,,,,,,
48.505,0.009986848,0.023291815,0.033400204,,,,,,,,,,
48.51,0.009453365,0.022053864,0.031608348,,,,,,,,,,
48.515,0.008881679,0.020727477,0.029689571,,,,,,,,,,
48.52,0.008274269,0.019318197,0.02765191,,,,,,,,,,
48.525,0.007633683,0.017832099,0.02550388,,,,,,,,,,
48.53,0.006962488,0.016275342,0.023254362,,,,,,,,,,
48.535,0.006263579,0.01465435,0.020912643,,,,,,,,,,
48.54,0.005539724,0.012976061,0.018488658,,,,,,,,,,
48.545,0.004793925,0.01124738,0.015992184,,,,,,,,,,
48.55,0.00402928,0.009475393,0.013433615,,,,,,,,,,
48.555,0.003249011,0.007667616,0.010823554,,,,,,,,,,
48.56,0.002456227,0.005831472,0.008172665,,,,,,,,,,
48.565,0.001654295,0.003974493,0.005491852,,,,,,,,,,
48.57,0.000846519,0.002104448,0.002792058,,,,,,,,,,
48.575,3.62E-05,0.00022894,8.45E-05,,,,,,,,,,
48.58,-0.000773417,-0.001644365,-0.002619909,,,,,,,,,,
48.585,-0.001578952,-0.003507679,-0.005310022,,,,,,,,,,
48.59,-0.002377096,-0.005353448,-0.007974802,,,,,,,,,,
48.595,-0.003164634,-0.00717417,-0.010603587,,,,,,,,,,
48.6,-0.003938207,-0.008962266,-0.013185519,,,,,,,,,,
48.605,-0.00469479,-0.01071061,-0.015710193,,,,,,,,,,
48.61,-0.005431249,-0.012412056,-0.018167337,,,,,,,,,,
48.615,-0.006144556,-0.014059654,-0.020547048,,,,,,,,,,
48.62,-0.006831857,-0.015646791,-0.022839638,,,,,,,,,,
48.625,-0.007490416,-0.017167126,-0.025035836,,,,,,,,,,
48.63,-0.008117414,-0.018614503,-0.027126904,,,,,,,,,,
48.635,-0.00871038,-0.019983025,-0.02910426,,,,,,,,,,
48.64,-0.009266967,-0.021267403,-0.030960139,,,,,,,,,,
48.645,-0.009784686,-0.022462411,-0.032687084,,,,,,,,,,
48.65,-0.010261662,-0.023563234,-0.034278062,,,,,,,,,,
48.655,-0.010695992,-0.02456569,-0.03572691,,,,,,,,,,
48.66,-0.011085805,-0.025465836,-0.037027801,,,,,,,,,,
48.665,-0.011429583,-0.026260036,-0.038175634,,,,,,,,,,
48.67,-0.011726049,-0.026945222,-0.039165781,,,,,,,,,,
48.675,-0.011973871,-0.027518959,-0.039994634,,,,,,,,,,
48.68,-0.012172116,-0.027978858,-0.040658847,,,,,,,,,,
48.685,-0.012320103,-0.028323224,-0.041155854,,,,,,,,,,
48.69,-0.012417156,-0.028551028,-0.041484023,,,,,,,,,,
48.695,-0.012462957,-0.028661391,-0.041642058,,,,,,,,,,
48.7,-0.01245744,-0.028654,-0.041629449,,,,,,,,,,
48.705,-0.012400658,-0.028529243,-0.041446611,,,,,,,,,,
48.71,-0.012292805,-0.028287818,-0.04109441,,,,,,,,,,
48.715,-0.012134382,-0.027930607,-0.040574451,,,,,,,,,,
48.72,-0.011926177,-0.02745952,-0.039889048,,,,,,,,,,
48.725,-0.011668886,-0.02687671,-0.039041352,,,,,,,,,,
48.73,-0.011363768,-0.026184501,-0.038034742,,,,,,,,,,
48.735,-0.011012123,-0.025385975,-0.036873629,,,,,,,,,,
48.74,-0.010615414,-0.024484778,-0.035562967,,,,,,,,,,
48.745,-0.010175273,-0.023484496,-0.034108189,,,,,,,,,,
48.75,-0.00969365,-0.022389354,-0.032515369,,,,,,,,,,
48.755,-0.009172438,-0.02120418,-0.030791247,,,,,,,,,,
48.76,-0.008613852,-0.019933775,-0.028943069,,,,,,,,,,
48.765,-0.008020237,-0.018583368,-0.026978328,,,,,,,,,,
48.77,-0.00739404,-0.017158814,-0.024905348,,,,,,,,,,
48.775,-0.006737863,-0.015666002,-0.022732645,,,,,,,,,,
48.78,-0.006054582,-0.014110904,-0.020469087,,,,,,,,,,
48.785,-0.005346909,-0.012500244,-0.018124166,,,,,,,,,,
48.79,-0.004617656,-0.0108406,-0.015707567,,,,,,,,,,
48.795,-0.003870005,-0.009138677,-0.013229059,,,,,,,,,,
48.8,-0.00310699,-0.007401534,-0.010698952,,,,,,,,,,
48.805,-0.002331694,-0.005636541,-0.008127837,,,,,,,,,,
48.81,-0.00154734,-0.003850654,-0.005525945,,,,,,,,,,
48.815,-0.000757247,-0.002051232,-0.002904037,,,,,,,,,,
48.82,3.54E-05,-0.000245893,-0.000273049,,,,,,,,,,
48.825,0.000827206,0.001558114,0.002356488,,,,,,,,,,
48.83,0.001615076,0.003353644,0.004973745,,,,,,,,,,
48.835,0.002395801,0.005133069,0.00756784,,,,,,,,,,
48.84,0.00316611,0.006889204,0.010128319,,,,,,,,,,
48.845,0.003922751,0.008615097,0.012644767,,,,,,,,,,
48.85,0.004662799,0.010303569,0.015106807,,,,,,,,,,
48.855,0.005383153,0.011947612,0.017504292,,,,,,,,,,
48.86,0.006080694,0.013540824,0.019827833,,,,,,,,,,
48.865,0.006752748,0.015076649,0.022067666,,,,,,,,,,
48.87,0.007396641,0.016548676,0.024214617,,,,,,,,,,
48.875,0.00800958,0.017951196,0.026260165,,,,,,,,,,
48.88,0.008589174,0.019278569,0.028195903,,,,,,,,,,
48.885,0.009133123,0.020525224,0.030013895,,,,,,,,,,
48.89,0.009639128,0.021686178,0.031706784,,,,,,,,,,
48.895,0.010105012,0.022756948,0.033267957,,,,,,,,,,
48.9,0.010529018,0.023732997,0.03469081,,,,,,,,,,
48.905,0.010909497,0.024610353,0.035969642,,,,,,,,,,
48.91,0.01124476,0.02538589,0.037099512,,,,,,,,,,
48.915,0.011533611,0.026056224,0.038075595,,,,,,,,,,
48.92,0.011774877,0.026618615,0.038894031,,,,,,,,,,
48.925,0.011967574,0.027071147,0.039551663,,,,,,,,,,
48.93,0.012110957,0.027411939,0.040045876,,,,,,,,,,
48.935,0.012204459,0.027639357,0.040374607,,,,,,,,,,
48.94,0.01224759,0.02775289,0.040536742,,,,,,,,,,
48.945,0.012240409,0.027752152,0.040531837,,,,,,,,,,
48.95,0.01218301,0.027636938,0.040359629,,,,,,,,,,
48.955,0.012075536,0.027408048,0.040021184,,,,,,,,,,
48.96,0.011918575,0.027066526,0.039518024,,,,,,,,,,
48.965,0.011712899,0.026613611,0.038852104,,,,,,,,,,
48.97,0.011459213,0.026051418,0.038026412,,,,,,,,,,
48.975,0.011158552,0.025382226,0.037044518,,,,,,,,,,
48.98,0.010812373,0.024608783,0.035910405,,,,,,,,,,
48.985,0.010422003,0.023734408,0.034628866,,,,,,,,,,
48.99,0.009989096,0.022762793,0.033205406,,,,,,,,,,
48.995,0.009515577,0.021697806,0.031645796,,,,,,,,,,
49,0.00900341,0.020544043,0.029956457,,,,,,,,,,
49.005,0.008454716,0.019306295,0.028144773,,,,,,,,,,
49.01,0.007871717,0.017989495,0.026218034,,,,,,,,,,
49.015,0.00725685,0.016599145,0.024184244,,,,,,,,,,
49.02,0.006612683,0.015141071,0.022052126,,,,,,,,,,
49.025,0.005941941,0.013621204,0.01983035,,,,,,,,,,
49.03,0.005247384,0.012045814,0.017528085,,,,,,,,,,
49.035,0.004531919,0.010421549,0.015155052,,,,,,,,,,
49.04,0.003798499,0.008755015,0.012721074,,,,,,,,,,
49.045,0.003050258,0.007053096,0.010236081,,,,,,,,,,
49.05,0.002290136,0.00532287,0.0077106,,,,,,,,,,
49.055,0.001521235,0.003571424,0.005155191,,,,,,,,,,
49.06,0.000746839,0.001805963,0.002580199,,,,,,,,,,
49.065,-2.99E-05,3.38E-05,-3.50E-06,,,,,,,,,,
49.07,-0.00080574,-0.001737621,-0.002585159,,,,,,,,,,
49.075,-0.001577478,-0.003501093,-0.00515426,,,,,,,,,,
49.08,-0.002341886,-0.005249341,-0.007700024,,,,,,,,,,
49.085,-0.003095871,-0.006975017,-0.010211795,,,,,,,,,,
49.09,-0.003836269,-0.008671165,-0.012679278,,,,,,,,,,
49.095,-0.004560188,-0.010330718,-0.015092207,,,,,,,,,,
49.1,-0.005264565,-0.0119468,-0.01744042,,,,,,,,,,
49.105,-0.00594653,-0.013512652,-0.019714324,,,,,,,,,,
49.11,-0.006603231,-0.01502204,-0.02190451,,,,,,,,,,
49.115,-0.00723205,-0.01646838,-0.024001802,,,,,,,,,,
49.12,-0.00783028,-0.017845828,-0.025997612,,,,,,,,,,
49.125,-0.008395616,-0.019148806,-0.027883691,,,,,,,,,,
49.13,-0.008925766,-0.020371771,-0.029652049,,,,,,,,,,
49.135,-0.00941855,-0.021509588,-0.031295521,,,,,,,,,,
49.14,-0.00987201,-0.022557864,-0.03280728,,,,,,,,,,
49.145,-0.010284336,-0.023512031,-0.03418102,,,,,,,,,,
49.15,-0.010653733,-0.024368034,-0.035411122,,,,,,,,,,
49.155,-0.010978806,-0.025122573,-0.036492523,,,,,,,,,,
49.16,-0.011258165,-0.025772478,-0.037420842,,,,,,,,,,
49.165,-0.011490752,-0.02631484,-0.038192204,,,,,,,,,,
49.17,-0.011675717,-0.026747622,-0.038803433,,,,,,,,,,
49.175,-0.01181232,-0.027069105,-0.039252146,,,,,,,,,,
49.18,-0.011900049,-0.027277805,-0.039536484,,,,,,,,,,
49.185,-0.011938657,-0.027372798,-0.039655307,,,,,,,,,,
49.19,-0.011927904,-0.027354039,-0.039608334,,,,,,,,,,
49.195,-0.011867967,-0.027221255,-0.039395841,,,,,,,,,,
49.2,-0.011759097,-0.026975063,-0.039018662,,,,,,,,,,
49.205,-0.011601829,-0.026616623,-0.038478623,,,,,,,,,,
49.21,-0.011396914,-0.026147547,-0.037778162,,,,,,,,,,
49.215,-0.011145294,-0.025569456,-0.03691998,,,,,,,,,,
49.22,-0.010847982,-0.024885113,-0.03590798,,,,,,,,,,
49.225,-0.010506353,-0.0240974,-0.034746621,,,,,,,,,,
49.23,-0.010121798,-0.023209398,-0.033440592,,,,,,,,,,
49.235,-0.009696015,-0.022224914,-0.031995604,,,,,,,,,,
49.24,-0.009230719,-0.021148259,-0.030418006,,,,,,,,,,
49.245,-0.008727975,-0.01998377,-0.0287142,,,,,,,,,,
49.25,-0.008189989,-0.018736262,-0.026891503,,,,,,,,,,
49.255,-0.007618966,-0.017411357,-0.024957776,,,,,,,,,,
49.26,-0.007017364,-0.016014362,-0.022921158,,,,,,,,,,
49.265,-0.006387782,-0.014551084,-0.020790088,,,,,,,,,,
49.27,-0.005732832,-0.013027808,-0.018573975,,,,,,,,,,
49.275,-0.005055219,-0.011451018,-0.016281988,,,,,,,,,,
49.28,-0.004357827,-0.009826973,-0.01392378,,,,,,,,,,
49.285,-0.003643637,-0.008162854,-0.011509483,,,,,,,,,,
49.29,-0.00291559,-0.006465648,-0.009049232,,,,,,,,,,
49.295,-0.002176844,-0.004742346,-0.006553295,,,,,,,,,,
49.3,-0.001430418,-0.00300015,-0.004032282,,,,,,,,,,
49.305,-0.00067948,-0.001246684,-0.001496948,,,,,,,,,,
49.31,7.29E-05,0.000510912,0.001042186,,,,,,,,,,
49.315,0.000823492,0.002265376,0.003574346,,,,,,,,,,
49.32,0.001569304,0.004009098,0.006088807,,,,,,,,,,
49.325,0.00230714,0.005734742,0.008575086,,,,,,,,,,
49.33,0.003033932,0.007435254,0.011022687,,,,,,,,,,
49.335,0.003746607,0.009103429,0.013421359,,,,,,,,,,
49.34,0.004442222,0.010732068,0.015761027,,,,,,,,,,
49.345,0.005117956,0.012314619,0.018031895,,,,,,,,,,
49.35,0.00577092,0.013844426,0.02022443,,,,,,,,,,
49.355,0.006398571,0.015314825,0.022329459,,,,,,,,,,
49.36,0.006998195,0.016719928,0.024338184,,,,,,,,,,
49.365,0.007567364,0.018053832,0.026242299,,,,,,,,,,
49.37,0.008103773,0.01931081,0.02803383,,,,,,,,,,
49.375,0.008605176,0.020485637,0.029705357,,,,,,,,,,
49.38,0.00906946,0.02157363,0.031249986,,,,,,,,,,
49.385,0.009494894,0.022569998,0.032661372,,,,,,,,,,
49.39,0.009879706,0.023470725,0.033933611,,,,,,,,,,
49.395,0.010222373,0.024272205,0.035061595,,,,,,,,,,
49.4,0.010521472,0.024971002,0.036040698,,,,,,,,,,
49.405,0.010775828,0.025564226,0.036866963,,,,,,,,,,
49.41,0.010984473,0.026049613,0.037537143,,,,,,,,,,
49.415,0.011146603,0.026425155,0.03804861,,,,,,,,,,
49.42,0.011261557,0.02668926,0.038399349,,,,,,,,,,
49.425,0.011329023,0.026841024,0.038588115,,,,,,,,,,
49.43,0.011348811,0.026880025,0.038614352,,,,,,,,,,
49.435,0.011320911,0.026806038,0.038478085,,,,,,,,,,
49.44,0.011245502,0.026619547,0.038180212,,,,,,,,,,
49.445,0.011122991,0.026321543,0.037722181,,,,,,,,,,
49.45,0.010953973,0.025913273,0.037106135,,,,,,,,,,
49.455,0.010739288,0.025396601,0.036334959,,,,,,,,,,
49.46,0.010479879,0.024773979,0.035412104,,,,,,,,,,
49.465,0.010176965,0.024048049,0.034341622,,,,,,,,,,
49.47,0.009831983,0.023222003,0.033128276,,,,,,,,,,
49.475,0.009446322,0.022299567,0.031777443,,,,,,,,,,
49.48,0.009021754,0.021284642,0.030294977,,,,,,,,,,
49.485,0.0085602,0.020181638,0.028687356,,,,,,,,,,
49.49,0.008063524,0.018995449,0.026961669,,,,,,,,,,
49.495,0.007533959,0.017731022,0.025125196,,,,,,,,,,
49.5,0.006973908,0.016393919,0.023185988,,,,,,,,,,
49.505,0.006385673,0.01498999,0.021152353,,,,,,,,,,
49.51,0.005771877,0.013525109,0.019032975,,,,,,,,,,
49.515,0.005135164,0.012005595,0.016836951,,,,,,,,,,
49.52,0.004478197,0.010438001,0.014573693,,,,,,,,,,
49.525,0.00380376,0.008828906,0.012252871,,,,,,,,,,
49.53,0.00311487,0.007185225,0.009884306,,,,,,,,,,
49.535,0.002414338,0.005514028,0.007478147,,,,,,,,,,
49.54,0.001705186,0.003822276,0.005044485,,,,,,,,,,
49.545,0.000990533,0.002117248,0.002593597,,,,,,,,,,
49.55,0.000273354,0.000406209,0.000135989,,,,,,,,,,
49.555,-0.000443409,-0.001303715,-0.002318176,,,,,,,,,,
49.56,-0.00115659,-0.003005234,-0.004758483,,,,,,,,,,
49.565,-0.001863309,-0.004691254,-0.007174673,,,,,,,,,,
49.57,-0.002560619,-0.006354658,-0.009556641,,,,,,,,,,
49.575,-0.003245439,-0.007988419,-0.011894512,,,,,,,,,,
49.58,-0.003914986,-0.009585741,-0.014178469,,,,,,,,,,
49.585,-0.004566416,-0.011139896,-0.016399032,,,,,,,,,,
49.59,-0.005196998,-0.012644432,-0.018547162,,,,,,,,,,
49.595,-0.005804161,-0.014093131,-0.020613733,,,,,,,,,,
49.6,-0.006385429,-0.015479935,-0.022590347,,,,,,,,,,
49.605,-0.00693832,-0.016799151,-0.024468934,,,,,,,,,,
49.61,-0.007460598,-0.01804544,-0.026241661,,,,,,,,,,
49.615,-0.007950166,-0.019213526,-0.027901466,,,,,,,,,,
49.62,-0.008404906,-0.02029873,-0.029441519,,,,,,,,,,
49.625,-0.008822972,-0.021296624,-0.030855753,,,,,,,,,,
49.63,-0.009202737,-0.02220318,-0.032138388,,,,,,,,,,
49.635,-0.009542639,-0.023014661,-0.03328435,,,,,,,,,,
49.64,-0.00984143,-0.023728158,-0.034289187,,,,,,,,,,
49.645,-0.010097887,-0.024340594,-0.035148859,,,,,,,,,,
49.65,-0.010311035,-0.024849674,-0.035860185,,,,,,,,,,
49.655,-0.010480037,-0.025253532,-0.036420464,,,,,,,,,,
49.66,-0.010604287,-0.025550704,-0.036827742,,,,,,,,,,
49.665,-0.010683274,-0.025739993,-0.03708064,,,,,,,,,,
49.67,-0.010716853,-0.025821038,-0.037178408,,,,,,,,,,
49.675,-0.010704889,-0.025793716,-0.037121065,,,,,,,,,,
49.68,-0.010647659,-0.025658283,-0.036909039,,,,,,,,,,
49.685,-0.010545495,-0.025415709,-0.036543704,,,,,,,,,,
49.69,-0.010398871,-0.025067167,-0.036026811,,,,,,,,,,
49.695,-0.010208566,-0.024614341,-0.03536093,,,,,,,,,,
49.7,-0.009975351,-0.024059378,-0.034549254,,,,,,,,,,
49.705,-0.009700333,-0.023404812,-0.033595362,,,,,,,,,,
49.71,-0.009384743,-0.022653629,-0.032503693,,,,,,,,,,
49.715,-0.00903012,-0.021809228,-0.031279055,,,,,,,,,,
49.72,-0.008637939,-0.020875375,-0.029926815,,,,,,,,,,
49.725,-0.00821003,-0.01985614,-0.028452884,,,,,,,,,,
49.73,-0.007748248,-0.018756106,-0.026863763,,,,,,,,,,
49.735,-0.007254581,-0.017579968,-0.025166314,,,,,,,,,,
49.74,-0.00673114,-0.01633286,-0.023367713,,,,,,,,,,
49.745,-0.00618013,-0.01502014,-0.021475961,,,,,,,,,,
49.75,-0.005603984,-0.013647479,-0.019498956,,,,,,,,,,
49.755,-0.005005221,-0.012220753,-0.017445058,,,,,,,,,,
49.76,-0.004386391,-0.010746128,-0.015323115,,,,,,,,,,
49.765,-0.003750119,-0.009229814,-0.013141953,,,,,,,,,,
49.77,-0.003099206,-0.007678307,-0.010910809,,,,,,,,,,
49.775,-0.002436336,-0.006098179,-0.008639076,,,,,,,,,,
49.78,-0.001764239,-0.004495976,-0.006336331,,,,,,,,,,
49.785,-0.001085838,-0.002878457,-0.004012106,,,,,,,,,,
49.79,-0.000403923,-0.00125248,-0.001676137,,,,,,,,,,
49.795,0.000278559,0.000375196,0.00066184,,,,,,,,,,
49.8,0.000958771,0.001997798,0.002992269,,,,,,,,,,
49.805,0.001633844,0.00360845,0.005305485,,,,,,,,,,
49.81,0.002300926,0.005200589,0.007591959,,,,,,,,,,
49.815,0.00295732,0.006767611,0.009842313,,,,,,,,,,
49.82,0.003600364,0.008303021,0.012047214,,,,,,,,,,
49.825,0.004227318,0.009800598,0.014197796,,,,,,,,,,
49.83,0.004835682,0.011254167,0.016285196,,,,,,,,,,
49.835,0.005422929,0.012657747,0.01830103,,,,,,,,,,
49.84,0.005986516,0.014005663,0.020237122,,,,,,,,,,
49.845,0.006524302,0.015292408,0.022085711,,,,,,,,,,
49.85,0.007033916,0.016512851,0.023839392,,,,,,,,,,
49.855,0.007513382,0.01766203,0.025491077,,,,,,,,,,
49.86,0.007960907,0.018735485,0.027034291,,,,,,,,,,
49.865,0.008374584,0.019728839,0.028462812,,,,,,,,,,
49.87,0.00875274,0.02063821,0.029771114,,,,,,,,,,
49.875,0.009093946,0.021460013,0.030954042,,,,,,,,,,
49.88,0.00939678,0.022191105,0.032007114,,,,,,,,,,
49.885,0.009659988,0.022828553,0.032926261,,,,,,,,,,
49.89,0.00988269,0.023370041,0.033707998,,,,,,,,,,
49.895,0.010063919,0.023813571,0.034349468,,,,,,,,,,
49.9,0.010203181,0.024157459,0.034848339,,,,,,,,,,
49.905,0.010299892,0.024400664,0.035202883,,,,,,,,,,
49.91,0.010353743,0.024542331,0.035411937,,,,,,,,,,
49.915,0.010364558,0.024582064,0.035475077,,,,,,,,,,
49.92,0.010332346,0.024520064,0.035392295,,,,,,,,,,
49.925,0.010257331,0.024356726,0.035164354,,,,,,,,,,
49.93,0.01013985,0.024092904,0.034792454,,,,,,,,,,
49.935,0.009980655,0.023730083,0.034278474,,,,,,,,,,
49.94,0.009780269,0.023269922,0.033624806,,,,,,,,,,
49.945,0.00953976,0.022714496,0.032834431,,,,,,,,,,
49.95,0.009260095,0.022066445,0.031910915,,,,,,,,,,
49.955,0.00894255,0.021328562,0.030858433,,,,,,,,,,
49.96,0.008588397,0.020503996,0.02968138,,,,,,,,,,
49.965,0.00819919,0.019596433,0.028385074,,,,,,,,,,
49.97,0.007776619,0.018609806,0.026974984,,,,,,,,,,
49.975,0.007322489,0.017548271,0.02545709,,,,,,,,,,
49.98,0.006838742,0.016416496,0.023837845,,,,,,,,,,
49.985,0.006327314,0.015219203,0.022124113,,,,,,,,,,
49.99,0.005790505,0.013961457,0.020323084,,,,,,,,,,
49.995,0.005230434,0.012648596,0.018442289,,,,,,,,,,
50,0.004649488,0.011286087,0.016489747,,,,,,,,,,
50.005,0.00404995,0.009879562,0.014473428,,,,,,,,,,
50.01,0.003434413,0.008435001,0.012401707,,,,,,,,,,
50.015,0.002805416,0.006958405,0.010283269,,,,,,,,,,
50.02,0.002165526,0.005455858,0.008126735,,,,,,,,,,
50.025,0.001517422,0.003933623,0.005941051,,,,,,,,,,
50.03,0.000863709,0.002397904,0.003735151,,,,,,,,,,
50.035,0.000207158,0.000855048,0.001518163,,,,,,,,,,
50.04,-0.000449713,-0.000688586,-0.000700883,,,,,,,,,,
50.045,-0.001104164,-0.002226765,-0.002912913,,,,,,,,,,
50.05,-0.00175351,-0.003753119,-0.005108876,,,,,,,,,,
50.055,-0.002395125,-0.005261454,-0.007279959,,,,,,,,,,
50.06,-0.003026436,-0.006745669,-0.009417246,,,,,,,,,,
50.065,-0.003644748,-0.008199638,-0.011512167,,,,,,,,,,
50.07,-0.004247719,-0.009617561,-0.013556227,,,,,,,,,,
50.075,-0.004832873,-0.010993721,-0.015541166,,,,,,,,,,
50.08,-0.00539785,-0.012322473,-0.017459073,,,,,,,,,,
50.085,-0.005940544,-0.013598608,-0.019302135,,,,,,,,,,
50.09,-0.006458569,-0.014816953,-0.021063069,,,,,,,,,,
50.095,-0.006949926,-0.01597254,-0.02273479,,,,,,,,,,
50.1,-0.007412756,-0.017060991,-0.024310708,,,,,,,,,,
50.105,-0.007845039,-0.018077799,-0.025784569,,,,,,,,,,
50.11,-0.008245129,-0.019018909,-0.027150489,,,,,,,,,,
50.115,-0.008611542,-0.019880771,-0.028403172,,,,,,,,,,
50.12,-0.008942759,-0.020659998,-0.029537625,,,,,,,,,,
50.125,-0.009237505,-0.021353432,-0.030549478,,,,,,,,,,
50.13,-0.009494669,-0.02195858,-0.03143478,,,,,,,,,,
50.135,-0.009713194,-0.022472998,-0.032190217,,,,,,,,,,
50.14,-0.009892251,-0.022894801,-0.032812831,,,,,,,,,,
50.145,-0.010031206,-0.023222323,-0.033300402,,,,,,,,,,
50.15,-0.01012954,-0.023454546,-0.033651213,,,,,,,,,,
50.155,-0.010186897,-0.02359056,-0.033863894,,,,,,,,,,
50.16,-0.010203125,-0.023630027,-0.033937895,,,,,,,,,,
50.165,-0.010178214,-0.023572978,-0.033873193,,,,,,,,,,
50.17,-0.010112271,-0.023419812,-0.033670101,,,,,,,,,,
50.175,-0.010005689,-0.02317126,-0.03332986,,,,,,,,,,
50.18,-0.009858848,-0.022828482,-0.032854023,,,,,,,,,,
50.185,-0.009672409,-0.022393145,-0.032244674,,,,,,,,,,
50.19,-0.00944713,-0.021866964,-0.031504542,,,,,,,,,,
50.195,-0.009184043,-0.021252439,-0.030636904,,,,,,,,,,
50.2,-0.00888427,-0.020552229,-0.029645387,,,,,,,,,,
50.205,-0.008548909,-0.019769119,-0.02853421,,,,,,,,,,
50.21,-0.008179538,-0.018906593,-0.02730819,,,,,,,,,,
50.215,-0.007777602,-0.017968228,-0.025972402,,,,,,,,,,
50.22,-0.007344705,-0.016957956,-0.024532489,,,,,,,,,,
50.225,-0.006882647,-0.015879908,-0.022994512,,,,,,,,,,
50.23,-0.006393348,-0.014738789,-0.021364828,,,,,,,,,,
50.235,-0.005878777,-0.013539141,-0.019650221,,,,,,,,,,
50.24,-0.005341094,-0.012286037,-0.017857759,,,,,,,,,,
50.245,-0.004782484,-0.010984665,-0.015995008,,,,,,,,,,
50.25,-0.004205107,-0.009640389,-0.014069403,,,,,,,,,,
50.255,-0.003611479,-0.008258696,-0.012089143,,,,,,,,,,
50.26,-0.003003803,-0.006845358,-0.01006225,,,,,,,,,,
50.265,-0.002384641,-0.005406132,-0.007997025,,,,,,,,,,
50.27,-0.001756444,-0.003946896,-0.005902053,,,,,,,,,,
50.275,-0.001121876,-0.002473713,-0.003785815,,,,,,,,,,
50.28,-0.000483387,-0.000992544,-0.001657069,,,,,,,,,,
50.285,0.00015637,0.000490536,0.000475636,,,,,,,,,,
50.29,0.000794855,0.001969546,0.002603372,,,,,,,,,,
50.295,0.001429495,0.003438345,0.004717629,,,,,,,,,,
50.3,0.002057739,0.004891104,0.006809737,,,,,,,,,,
50.305,0.002677067,0.00632187,0.008871108,,,,,,,,,,
50.31,0.00328496,0.007724888,0.010893494,,,,,,,,,,
50.315,0.003879021,0.00909434,0.012868635,,,,,,,,,,
50.32,0.004456729,0.010424818,0.014788492,,,,,,,,,,
50.325,0.005015966,0.011710902,0.016645357,,,,,,,,,,
50.33,0.005554408,0.012947317,0.018431678,,,,,,,,,,
50.335,0.006069878,0.014129307,0.020140278,,,,,,,,,,
50.34,0.006560413,0.015251942,0.021764176,,,,,,,,,,
50.345,0.007024045,0.0163108,0.023296942,,,,,,,,,,
50.35,0.007458806,0.017301621,0.024732377,,,,,,,,,,
50.355,0.007863049,0.018220564,0.026064764,,,,,,,,,,
50.36,0.008235195,0.019063734,0.027288811,,,,,,,,,,
50.365,0.008573653,0.019828049,0.028399523,,,,,,,,,,
50.37,0.008877137,0.020510351,0.02939262,,,,,,,,,,
50.375,0.009144515,0.021108013,0.030264063,,,,,,,,,,
50.38,0.009374705,0.021618756,0.031010454,,,,,,,,,,
50.385,0.00956682,0.022040566,0.03162895,,,,,,,,,,
50.39,0.009720044,0.022371816,0.03211707,,,,,,,,,,
50.395,0.009833809,0.022611247,0.032473057,,,,,,,,,,
50.4,0.00990771,0.022758037,0.032695597,,,,,,,,,,
50.405,0.00994151,0.022811756,0.032783971,,,,,,,,,,
50.41,0.009934991,0.022772206,0.032737856,,,,,,,,,,
50.415,0.009888386,0.022639668,0.032557665,,,,,,,,,,
50.42,0.009801848,0.022414966,0.032244327,,,,,,,,,,
50.425,0.009675764,0.022099004,0.031799168,,,,,,,,,,
50.43,0.009510662,0.02169314,0.031224277,,,,,,,,,,
50.435,0.009307167,0.021199307,0.0305221,,,,,,,,,,
50.44,0.009066278,0.020619497,0.029695676,,,,,,,,,,
50.445,0.008788887,0.019956238,0.028748533,,,,,,,,,,
50.45,0.008476196,0.01921244,0.02768469,,,,,,,,,,
50.455,0.008129563,0.018391181,0.026508618,,,,,,,,,,
50.46,0.007750386,0.017495923,0.025225228,,,,,,,,,,
50.465,0.007340226,0.016530521,0.023839985,,,,,,,,,,
50.47,0.006900809,0.015498867,0.022358652,,,,,,,,,,
50.475,0.006433852,0.014405348,0.02078741,,,,,,,,,,
50.48,0.005941416,0.01325454,0.019132854,,,,,,,,,,
50.485,0.005425486,0.01205112,0.017401812,,,,,,,,,,
50.49,0.004888136,0.010800177,0.015601448,,,,,,,,,,
50.495,0.004331699,0.00950695,0.013739351,,,,,,,,,,
50.5,0.003758457,0.008176664,0.011823032,,,,,,,,,,
50.505,0.00317067,0.006814929,0.009860582,,,,,,,,,,
50.51,0.002570788,0.005427318,0.007860122,,,,,,,,,,
50.515,0.001961238,0.004019486,0.005829757,,,,,,,,,,
50.52,0.001344593,0.00259734,0.003778053,,,,,,,,,,
50.525,0.000723252,0.001166718,0.00171334,,,,,,,,,,
50.53,9.99E-05,-0.00026662,-0.000355887,,,,,,,,,,
50.535,-0.000522955,-0.001696595,-0.002421158,,,,,,,,,,
50.54,-0.001142718,-0.003117494,-0.004473854,,,,,,,,,,
50.545,-0.001756905,-0.00452345,-0.006505694,,,,,,,,,,
50.55,-0.002363015,-0.005908768,-0.008508317,,,,,,,,,,
50.555,-0.002958479,-0.00726775,-0.010473377,,,,,,,,,,
50.56,-0.003540965,-0.008594867,-0.012393048,,,,,,,,,,
50.565,-0.004108063,-0.009884711,-0.01425935,,,,,,,,,,
50.57,-0.004657363,-0.011132056,-0.016064669,,,,,,,,,,
50.575,-0.005186699,-0.012331813,-0.017801806,,,,,,,,,,
50.58,-0.00569387,-0.013479035,-0.019463527,,,,,,,,,,
50.585,-0.006176838,-0.014569262,-0.02104316,,,,,,,,,,
50.59,-0.006633692,-0.01559788,-0.022534318,,,,,,,,,,
50.595,-0.007062536,-0.016560844,-0.023930912,,,,,,,,,,
50.6,-0.007461622,-0.017454349,-0.025227367,,,,,,,,,,
50.605,-0.007829405,-0.018274705,-0.026418419,,,,,,,,,,
50.61,-0.008164258,-0.019018626,-0.02749934,,,,,,,,,,
50.615,-0.008464943,-0.019683283,-0.028465732,,,,,,,,,,
50.62,-0.008730163,-0.020265915,-0.029313871,,,,,,,,,,
50.625,-0.008958948,-0.020764272,-0.030040313,,,,,,,,,,
50.63,-0.009150385,-0.021176537,-0.03064222,,,,,,,,,,
50.635,-0.009303637,-0.021500962,-0.03111727,,,,,,,,,,
50.64,-0.00941824,-0.021736407,-0.031463642,,,,,,,,,,
50.645,-0.009493675,-0.021882156,-0.031680149,,,,,,,,,,
50.65,-0.009529741,-0.021937498,-0.031765909,,,,,,,,,,
50.655,-0.009526226,-0.021902383,-0.031720855,,,,,,,,,,
50.66,-0.009483314,-0.021777186,-0.031545339,,,,,,,,,,
50.665,-0.009401192,-0.021562463,-0.031240091,,,,,,,,,,
50.67,-0.009280297,-0.021259119,-0.030806683,,,,,,,,,,
50.675,-0.009121065,-0.020868749,-0.030246963,,,,,,,,,,
50.68,-0.008924369,-0.020392915,-0.029563447,,,,,,,,,,
50.685,-0.00869102,-0.019833713,-0.028759026,,,,,,,,,,
50.69,-0.008421915,-0.019193589,-0.027837274,,,,,,,,,,
50.695,-0.008118349,-0.018475309,-0.026802102,,,,,,,,,,
50.7,-0.007781541,-0.017681863,-0.025657828,,,,,,,,,,
50.705,-0.007413035,-0.016816704,-0.024409457,,,,,,,,,,
50.71,-0.00701425,-0.015883518,-0.023062124,,,,,,,,,,
50.715,-0.006587059,-0.014886152,-0.021621566,,,,,,,,,,
50.72,-0.006133226,-0.013828836,-0.020093863,,,,,,,,,,
50.725,-0.005654651,-0.012716053,-0.018485401,,,,,,,,,,
50.73,-0.005153384,-0.011552428,-0.016802985,,,,,,,,,,
50.735,-0.004631507,-0.010342753,-0.015053541,,,,,,,,,,
50.74,-0.004091319,-0.00909221,-0.013244486,,,,,,,,,,
50.745,-0.003534996,-0.007805981,-0.011383375,,,,,,,,,,
50.75,-0.002964994,-0.006489324,-0.009477846,,,,,,,,,,
50.755,-0.002383613,-0.005147814,-0.00753589,,,,,,,,,,
50.76,-0.001793434,-0.003787012,-0.005565583,,,,,,,,,,
50.765,-0.001196779,-0.002412552,-0.003575089,,,,,,,,,,
50.77,-0.000596267,-0.001030075,-0.001572604,,,,,,,,,,
50.775,5.69E-06,0.000354581,0.000433509,,,,,,,,,,
50.78,0.000606573,0.001735757,0.002434997,,,,,,,,,,
50.785,0.001203708,0.003107775,0.004423619,,,,,,,,,,
50.79,0.001794819,0.004464904,0.006391098,,,,,,,,,,
50.795,0.002377339,0.005801613,0.008329387,,,,,,,,,,
50.8,0.002948763,0.007112387,0.010230521,,,,,,,,,,
50.805,0.003506797,0.008391827,0.012086645,,,,,,,,,,
50.81,0.004049191,0.009634696,0.013890161,,,,,,,,,,
50.815,0.004573552,0.010835975,0.015633678,,,,,,,,,,
50.82,0.005077795,0.011990662,0.017310048,,,,,,,,,,
50.825,0.005559841,0.013094091,0.018912447,,,,,,,,,,
50.83,0.006017647,0.014141754,0.020434321,,,,,,,,,,
50.835,0.00644944,0.015129355,0.021869427,,,,,,,,,,
50.84,0.006853367,0.016052942,0.023212094,,,,,,,,,,
50.845,0.007227858,0.016908697,0.024456695,,,,,,,,,,
50.85,0.007571364,0.017693204,0.025598318,,,,,,,,,,
50.855,0.007882535,0.018403326,0.026632356,,,,,,,,,,
50.86,0.008160039,0.01903618,0.027554627,,,,,,,,,,
50.865,0.008402858,0.01958926,0.028361517,,,,,,,,,,
50.87,0.008610066,0.020060445,0.029049761,,,,,,,,,,
50.875,0.008780716,0.020447764,0.029616703,,,,,,,,,,
50.88,0.008914291,0.020749834,0.030060147,,,,,,,,,,
50.885,0.009010207,0.020965491,0.030378365,,,,,,,,,,
50.89,0.009068218,0.021093931,0.03057023,,,,,,,,,,
50.895,0.009088068,0.021134756,0.030635133,,,,,,,,,,
50.9,0.009069744,0.021087891,0.030572922,,,,,,,,,,
50.905,0.009013477,0.020953596,0.030384022,,,,,,,,,,
50.91,0.008919523,0.020732691,0.03006947,,,,,,,,,,
50.915,0.008788326,0.020425985,0.029630605,,,,,,,,,,
50.92,0.008620625,0.020034985,0.029069422,,,,,,,,,,
50.925,0.008417053,0.019561493,0.028388567,,,,,,,,,,
50.93,0.008178584,0.019007385,0.027590832,,,,,,,,,,
50.935,0.007906411,0.018375105,0.026679714,,,,,,,,,,
50.94,0.007601499,0.017667531,0.025659253,,,,,,,,,,
50.945,0.007265353,0.01688751,0.024533719,,,,,,,,,,
50.95,0.006899479,0.016038426,0.02330789,,,,,,,,,,
50.955,0.006505295,0.015124013,0.021987046,,,,,,,,,,
50.96,0.006084666,0.014147996,0.020576789,,,,,,,,,,
50.965,0.005639383,0.013114582,0.019082998,,,,,,,,,,
50.97,0.005171296,0.012028165,0.017512133,,,,,,,,,,
50.975,0.004682411,0.010893229,0.015870727,,,,,,,,,,
50.98,0.004174897,0.009714543,0.014165629,,,,,,,,,,
50.985,0.003650887,0.008497177,0.012404173,,,,,,,,,,
50.99,0.003112561,0.007246186,0.010593625,,,,,,,,,,
50.995,0.002562356,0.005966702,0.008741553,,,,,,,,,,
51,0.002002497,0.004664213,0.006855777,,,,,,,,,,
51.005,0.001435374,0.003344129,0.004944192,,,,,,,,,,
51.01,0.000863408,0.002011924,0.003014724,,,,,,,,,,
51.015,0.000288941,0.00067314,0.001075469,,,,,,,,,,
51.02,-0.000285653,-0.000666542,-0.000865473,,,,,,,,,,
51.025,-0.000857816,-0.002001652,-0.002800089,,,,,,,,,,
51.03,-0.001425343,-0.0033266,-0.004720307,,,,,,,,,,
51.035,-0.001985724,-0.00463585,-0.006618125,,,,,,,,,,
51.04,-0.002536637,-0.005923979,-0.008485714,,,,,,,,,,
51.045,-0.003075883,-0.00718571,-0.010315339,,,,,,,,,,
51.05,-0.003601126,-0.008415791,-0.012099332,,,,,,,,,,
51.055,-0.004110357,-0.009609077,-0.013830413,,,,,,,,,,
51.06,-0.004601322,-0.010760827,-0.015501347,,,,,,,,,,
51.065,-0.005072019,-0.011866157,-0.017105304,,,,,,,,,,
51.07,-0.005520615,-0.012920485,-0.018635594,,,,,,,,,,
51.075,-0.005945157,-0.013919639,-0.020086019,,,,,,,,,,
51.08,-0.006343937,-0.014859446,-0.021450643,,,,,,,,,,
51.085,-0.006715438,-0.015735926,-0.022723727,,,,,,,,,,
51.09,-0.007058084,-0.01654573,-0.023900202,,,,,,,,,,
51.095,-0.007370521,-0.017285473,-0.024975241,,,,,,,,,,
51.1,-0.00765161,-0.017952033,-0.025944424,,,,,,,,,,
51.105,-0.007900097,-0.018542971,-0.026803889,,,,,,,,,,
51.11,-0.008115053,-0.019055664,-0.027550122,,,,,,,,,,
51.115,-0.008295688,-0.01948813,-0.028180203,,,,,,,,,,
51.12,-0.008441285,-0.019838808,-0.028691589,,,,,,,,,,
51.125,-0.008551255,-0.020106174,-0.029082316,,,,,,,,,,
51.13,-0.0086253,-0.020289266,-0.02935081,,,,,,,,,,
51.135,-0.008663169,-0.020387512,-0.029496118,,,,,,,,,,
51.14,-0.00866472,-0.020400525,-0.029517814,,,,,,,,,,
51.145,-0.008630124,-0.020328376,-0.029415883,,,,,,,,,,
51.15,-0.008559446,-0.020171505,-0.029190932,,,,,,,,,,
51.155,-0.008453138,-0.019930597,-0.028844022,,,,,,,,,,
51.16,-0.008311751,-0.019606828,-0.028376725,,,,,,,,,,
51.165,-0.008135854,-0.019201687,-0.027791219,,,,,,,,,,
51.17,-0.007926331,-0.018716882,-0.027089951,,,,,,,,,,
51.175,-0.007684131,-0.018154613,-0.026276018,,,,,,,,,,
51.18,-0.007410352,-0.017517285,-0.025352997,,,,,,,,,,
51.185,-0.007106112,-0.016807724,-0.024324843,,,,,,,,,,
51.19,-0.006772813,-0.016028919,-0.023195988,,,,,,,,,,
51.195,-0.006411816,-0.015184218,-0.021971196,,,,,,,,,,
51.2,-0.006024746,-0.014277267,-0.020655818,,,,,,,,,,
51.205,-0.005613211,-0.013312033,-0.019255389,,,,,,,,,,
51.21,-0.005179019,-0.012292475,-0.017775825,,,,,,,,,,
51.215,-0.004724042,-0.01122306,-0.016223474,,,,,,,,,,
51.22,-0.004250149,-0.010108367,-0.014604885,,,,,,,,,,
51.225,-0.003759407,-0.008952952,-0.012926927,,,,,,,,,,
51.23,-0.003253827,-0.007761829,-0.011196642,,,,,,,,,,
51.235,-0.00273558,-0.006540057,-0.009421483,,,,,,,,,,
51.24,-0.002206823,-0.005292739,-0.007608836,,,,,,,,,,
51.245,-0.001669803,-0.00402507,-0.005766295,,,,,,,,,,
51.25,-0.001126752,-0.002742575,-0.003901792,,,,,,,,,,
51.255,-0.00057996,-0.001450524,-0.002023004,,,,,,,,,,
51.26,-3.18E-05,-0.000154343,-0.00013788,,,,,,,,,,
51.265,0.000515626,0.001140419,0.001745602,,,,,,,,,,
51.27,0.00105994,0.002428422,0.003619553,,,,,,,,,,
51.275,0.001598908,0.003704245,0.005476199,,,,,,,,,,
51.28,0.002130285,0.004962565,0.007307704,,,,,,,,,,
51.285,0.002651971,0.006197989,0.009106312,,,,,,,,,,
51.29,0.003161635,0.0074055,0.010864671,,,,,,,,,,
51.295,0.003657286,0.008580003,0.012575374,,,,,,,,,,
51.3,0.004136907,0.009716593,0.014231222,,,,,,,,,,
51.305,0.004598419,0.010810521,0.015825406,,,,,,,,,,
51.31,0.005040037,0.011857328,0.017351172,,,,,,,,,,
51.315,0.005459918,0.01285261,0.018802263,,,,,,,,,,
51.32,0.005856368,0.013792252,0.020172636,,,,,,,,,,
51.325,0.00622771,0.014672487,0.021456573,,,,,,,,,,
51.33,0.00657249,0.015489511,0.022648826,,,,,,,,,,
51.335,0.006889245,0.016240027,0.023744383,,,,,,,,,,
51.34,0.007176788,0.016921086,0.024738881,,,,,,,,,,
51.345,0.007433912,0.017529783,0.025628128,,,,,,,,,,
51.35,0.007659611,0.018063593,0.026408486,,,,,,,,,,
51.355,0.007853011,0.018520553,0.027076825,,,,,,,,,,
51.36,0.008013353,0.01889874,0.02763044,,,,,,,,,,
51.365,0.008139982,0.019196616,0.028067121,,,,,,,,,,
51.37,0.008232432,0.019413128,0.028385125,,,,,,,,,,
51.375,0.008290357,0.019547386,0.02858328,,,,,,,,,,
51.38,0.008313549,0.019598944,0.02866087,,,,,,,,,,
51.385,0.008302009,0.019567789,0.02861762,,,,,,,,,,
51.39,0.008255737,0.019454075,0.028453984,,,,,,,,,,
51.395,0.008175021,0.019258416,0.028170598,,,,,,,,,,
51.4,0.008060288,0.018981784,0.027768837,,,,,,,,,,
51.405,0.007911879,0.018625412,0.027250636,,,,,,,,,,
51.41,0.007730654,0.018190886,0.026618165,,,,,,,,,,
51.415,0.007517309,0.017680188,0.025874246,,,,,,,,,,
51.42,0.007272713,0.017095531,0.025022188,,,,,,,,,,
51.425,0.006998013,0.01643953,0.024065707,,,,,,,,,,
51.43,0.006694364,0.015715014,0.023008812,,,,,,,,,,
51.435,0.006363042,0.014925145,0.021856227,,,,,,,,,,
51.44,0.006005482,0.014073371,0.020612916,,,,,,,,,,
51.445,0.00562319,0.01316326,0.019284103,,,,,,,,,,
51.45,0.005217754,0.012198828,0.017875563,,,,,,,,,,
51.455,0.004790944,0.01118421,0.016393413,,,,,,,,,,
51.46,0.004344478,0.010123754,0.014843802,,,,,,,,,,
51.465,0.00388028,0.009021999,0.013233478,,,,,,,,,,
51.47,0.003400278,0.007883718,0.011569282,,,,,,,,,,
51.475,0.00290649,0.006713656,0.009858267,,,,,,,,,,
51.48,0.00240103,0.005516885,0.008107704,,,,,,,,,,
51.485,0.001885936,0.004298506,0.006325144,,,,,,,,,,
51.49,0.001363425,0.003063631,0.004518068,,,,,,,,,,
51.495,0.00083562,0.001817534,0.002694069,,,,,,,,,,
51.5,0.000304858,0.000565498,0.000860989,,,,,,,,,,
51.505,-0.000226793,-0.00068718,-0.000973447,,,,,,,,,,
51.51,-0.000756941,-0.001935177,-0.002801519,,,,,,,,,,
51.515,-0.001283469,-0.003173282,-0.00461551,,,,,,,,,,
51.52,-0.001804247,-0.00439625,-0.006407738,,,,,,,,,,
51.525,-0.002316996,-0.005598891,-0.008170686,,,,,,,,,,
51.53,-0.002819662,-0.006776126,-0.009896884,,,,,,,,,,
51.535,-0.003310134,-0.00792306,-0.011579132,,,,,,,,,,
51.54,-0.00378635,-0.009034874,-0.013210398,,,,,,,,,,
51.545,-0.004246277,-0.010106887,-0.014783813,,,,,,,,,,
51.55,-0.004688115,-0.01113457,-0.0162928,,,,,,,,,,
51.555,-0.005109892,-0.012113722,-0.017731079,,,,,,,,,,
51.56,-0.005510018,-0.013040214,-0.019092673,,,,,,,,,,
51.565,-0.005886731,-0.013910183,-0.02037186,,,,,,,,,,
51.57,-0.006238493,-0.014720077,-0.021563379,,,,,,,,,,
51.575,-0.006563815,-0.01546657,-0.022662308,,,,,,,,,,
51.58,-0.006861317,-0.016146463,-0.023664091,,,,,,,,,,
51.585,-0.007129801,-0.016757076,-0.024564682,,,,,,,,,,
51.59,-0.007368136,-0.017295888,-0.025360374,,,,,,,,,,
51.595,-0.007575405,-0.017760628,-0.026047987,,,,,,,,,,
51.6,-0.007750719,-0.018149519,-0.026624669,,,,,,,,,,
51.605,-0.007893396,-0.018461045,-0.027088261,,,,,,,,,,
51.61,-0.008002827,-0.018693882,-0.027436878,,,,,,,,,,
51.615,-0.008078567,-0.018847184,-0.027669174,,,,,,,,,,
51.62,-0.008120286,-0.01892051,-0.027784524,,,,,,,,,,
51.625,-0.008127851,-0.018913444,-0.027782478,,,,,,,,,,
51.63,-0.008101239,-0.018826207,-0.027663179,,,,,,,,,,
51.635,-0.008040606,-0.018659379,-0.027427404,,,,,,,,,,
51.64,-0.007946198,-0.018413693,-0.027076316,,,,,,,,,,
51.645,-0.007818443,-0.01809033,-0.026611476,,,,,,,,,,
51.65,-0.007657936,-0.017690787,-0.026035061,,,,,,,,,,
51.655,-0.007465232,-0.017216811,-0.02534982,,,,,,,,,,
51.66,-0.007241271,-0.016670448,-0.024558693,,,,,,,,,,
51.665,-0.006986971,-0.016054236,-0.023665257,,,,,,,,,,
51.67,-0.00670339,-0.015370766,-0.022673523,,,,,,,,,,
51.675,-0.006391822,-0.014623095,-0.021587715,,,,,,,,,,
51.68,-0.006053581,-0.013814456,-0.020412638,,,,,,,,,,
51.685,-0.005690088,-0.012948363,-0.019153417,,,,,,,,,,
51.69,-0.005302938,-0.012028641,-0.01781562,,,,,,,,,,
51.695,-0.004893728,-0.011059083,-0.016404875,,,,,,,,,,
51.7,-0.004464161,-0.010043899,-0.014927394,,,,,,,,,,
51.705,-0.004016082,-0.008987636,-0.013389686,,,,,,,,,,
51.71,-0.003551353,-0.007894643,-0.011798119,,,,,,,,,,
51.715,-0.00307202,-0.006769585,-0.010159635,,,,,,,,,,
51.72,-0.002580088,-0.005617525,-0.008481293,,,,,,,,,,
51.725,-0.002077685,-0.004443144,-0.006770239,,,,,,,,,,
51.73,-0.001566896,-0.003251424,-0.005033711,,,,,,,,,,
51.735,-0.001049871,-0.002047633,-0.003279241,,,,,,,,,,
51.74,-0.000528786,-0.000836757,-0.001514288,,,,,,,,,,
51.745,-5.83E-06,0.000376201,0.000253785,,,,,,,,,,
51.75,0.00051676,0.001585852,0.002017265,,,,,,,,,,
51.755,0.001036768,0.002787216,0.003768835,,,,,,,,,,
51.76,0.001551957,0.003975273,0.005501107,,,,,,,,,,
51.765,0.002060118,0.005144889,0.007206728,,,,,,,,,,
51.77,0.002559171,0.006291172,0.008878515,,,,,,,,,,
51.775,0.003047068,0.00740935,0.010509499,,,,,,,,,,
51.78,0.003521698,0.008494763,0.012092828,,,,,,,,,,
51.785,0.003981107,0.009542767,0.013621838,,,,,,,,,,
51.79,0.004423345,0.010549046,0.015090198,,,,,,,,,,
51.795,0.00484655,0.011509481,0.016491876,,,,,,,,,,
51.8,0.005248911,0.012419942,0.017820969,,,,,,,,,,
51.805,0.005628758,0.013276686,0.019072144,,,,,,,,,,
51.81,0.005984491,0.014076212,0.020240126,,,,,,,,,,
51.815,0.006314673,0.014815238,0.021320223,,,,,,,,,,
51.82,0.00661797,0.015490696,0.02230799,,,,,,,,,,
51.825,0.006893063,0.016099982,0.023199479,,,,,,,,,,
51.83,0.007138833,0.016640555,0.023991104,,,,,,,,,,
51.835,0.007354267,0.017110158,0.024679697,,,,,,,,,,
51.84,0.007538486,0.017507051,0.025262749,,,,,,,,,,
51.845,0.007690666,0.017829658,0.025737868,,,,,,,,,,
51.85,0.007810319,0.018076664,0.026103355,,,,,,,,,,
51.855,0.007896954,0.018247201,0.026357887,,,,,,,,,,
51.86,0.007950262,0.018340863,0.026500655,,,,,,,,,,
51.865,0.0079701,0.018357189,0.026531294,,,,,,,,,,
51.87,0.007956427,0.018296326,0.026449946,,,,,,,,,,
51.875,0.007909278,0.018158735,0.026257251,,,,,,,,,,
51.88,0.00782894,0.017945053,0.025954293,,,,,,,,,,
51.885,0.007715795,0.017656307,0.025542649,,,,,,,,,,
51.89,0.007570306,0.017294017,0.025024286,,,,,,,,,,
51.895,0.007393236,0.016859756,0.02440163,,,,,,,,,,
51.9,0.007185431,0.016355577,0.023677629,,,,,,,,,,
51.905,0.00694777,0.015783699,0.022855494,,,,,,,,,,
51.91,0.006681318,0.015146788,0.021939109,,,,,,,,,,
51.915,0.006387235,0.014447516,0.020932452,,,,,,,,,,
51.92,0.00606683,0.013688995,0.019840062,,,,,,,,,,
51.925,0.005721461,0.012874664,0.018666879,,,,,,,,,,
51.93,0.005352664,0.012008022,0.017417963,,,,,,,,,,
51.935,0.004962116,0.011092735,0.016098827,,,,,,,,,,
51.94,0.004551472,0.010132995,0.014715151,,,,,,,,,,
51.945,0.00412261,0.00913288,0.013273133,,,,,,,,,,
51.95,0.003677335,0.00809661,0.011778838,,,,,,,,,,
51.955,0.003217541,0.007028761,0.010238814,,,,,,,,,,
51.96,0.002745148,0.00593391,0.008659741,,,,,,,,,,
51.965,0.002262268,0.004816523,0.007048268,,,,,,,,,,
51.97,0.00177094,0.003681734,0.005411426,,,,,,,,,,
51.975,0.001273254,0.002534134,0.003756116,,,,,,,,,,
51.98,0.000771382,0.001378603,0.002089293,,,,,,,,,,
51.985,0.000267495,0.000220195,0.000418167,,,,,,,,,,
51.99,-0.000236284,-0.000936264,-0.001250329,,,,,,,,,,
51.995,-0.000737885,-0.002085999,-0.002909038,,,,,,,,,,
52,-0.001235146,-0.003224048,-0.00455109,,,,,,,,,,
52.005,-0.001726032,-0.004345787,-0.006169521,,,,,,,,,,
52.01,-0.002208424,-0.005446457,-0.007757657,,,,,,,,,,
52.015,-0.002680271,-0.006521497,-0.00930884,,,,,,,,,,
52.02,-0.003139607,-0.007566377,-0.01081667,,,,,,,,,,
52.025,-0.003584494,-0.008576872,-0.012275027,,,,,,,,,,
52.03,-0.004013142,-0.009548753,-0.013677787,,,,,,,,,,
52.035,-0.004423734,-0.010478044,-0.015019215,,,,,,,,,,
52.04,-0.004814711,-0.011360938,-0.016293958,,,,,,,,,,
52.045,-0.005184351,-0.012193951,-0.017496701,,,,,,,,,,
52.05,-0.005531289,-0.012973608,-0.018622699,,,,,,,,,,
52.055,-0.005854037,-0.013696816,-0.019667418,,,,,,,,,,
52.06,-0.006151236,-0.014360773,-0.020626821,,,,,,,,,,
52.065,-0.006421789,-0.014962699,-0.021497009,,,,,,,,,,
52.07,-0.006664596,-0.015500322,-0.022274678,,,,,,,,,,
52.075,-0.006878731,-0.015971666,-0.022956879,,,,,,,,,,
52.08,-0.007063432,-0.016374947,-0.023540952,,,,,,,,,,
52.085,-0.007218025,-0.01670855,-0.024024783,,,,,,,,,,
52.09,-0.007341857,-0.016971465,-0.024406642,,,,,,,,,,
52.095,-0.007434612,-0.017162774,-0.02468533,,,,,,,,,,
52.1,-0.007495928,-0.017281782,-0.024859921,,,,,,,,,,
52.105,-0.007525674,-0.017328312,-0.024930101,,,,,,,,,,
52.11,-0.007523798,-0.0173025,-0.024895916,,,,,,,,,,
52.115,-0.007490495,-0.017204459,-0.024757773,,,,,,,,,,
52.12,-0.007426022,-0.017035031,-0.024516593,,,,,,,,,,
52.125,-0.007330742,-0.01679528,-0.024173825,,,,,,,,,,
52.13,-0.007205211,-0.016486209,-0.023731125,,,,,,,,,,
52.135,-0.007050006,-0.016109379,-0.023190673,,,,,,,,,,
52.14,-0.006865899,-0.015666808,-0.022555105,,,,,,,,,,
52.145,-0.006653741,-0.015160386,-0.021827454,,,,,,,,,,
52.15,-0.006414574,-0.0145925,-0.021010885,,,,,,,,,,
52.155,-0.006149502,-0.01396587,-0.020109211,,,,,,,,,,
52.16,-0.005859699,-0.013283258,-0.019126477,,,,,,,,,,
52.165,-0.005546581,-0.012547659,-0.018066992,,,,,,,,,,
52.17,-0.005211519,-0.011762531,-0.016935456,,,,,,,,,,
52.175,-0.004855944,-0.010931158,-0.015736872,,,,,,,,,,
52.18,-0.004481438,-0.010057274,-0.01447638,,,,,,,,,,
52.185,-0.004089673,-0.009144608,-0.013159476,,,,,,,,,,
52.19,-0.003682317,-0.008197335,-0.011791832,,,,,,,,,,
52.195,-0.003261218,-0.007219317,-0.010379285,,,,,,,,,,
52.2,-0.002828148,-0.006214864,-0.008927825,,,,,,,,,,
52.205,-0.002385009,-0.005188285,-0.007443652,,,,,,,,,,
52.21,-0.001933716,-0.004143959,-0.005933068,,,,,,,,,,
52.215,-0.00147609,-0.003086255,-0.00440237,,,,,,,,,,
52.22,-0.001014123,-0.00201971,-0.002857988,,,,,,,,,,
52.225,-0.000549714,-0.000948801,-0.001306467,,,,,,,,,,
52.23,-8.49E-05,0.000122017,0.000245885,,,,,,,,,,
52.235,0.000378535,0.001188272,0.001792558,,,,,,,,,,
52.24,0.000838467,0.002245501,0.003327193,,,,,,,,,,
52.245,0.001293121,0.003289333,0.004843508,,,,,,,,,,
52.25,0.001740541,0.004315497,0.006335274,,,,,,,,,,
52.255,0.002179003,0.005319776,0.007796406,,,,,,,,,,
52.26,0.002606713,0.006298071,0.009220982,,,,,,,,,,
52.265,0.003021867,0.007246489,0.010603242,,,,,,,,,,
52.27,0.003422889,0.008161129,0.011937637,,,,,,,,,,
52.275,0.003808089,0.009038357,0.01321875,,,,,,,,,,
52.28,0.00417595,0.00987465,0.014441714,,,,,,,,,,
52.285,0.004525059,0.010666764,0.015601467,,,,,,,,,,
52.29,0.00485403,0.011411451,0.016693575,,,,,,,,,,
52.295,0.005161569,0.012105953,0.017713729,,,,,,,,,,
52.3,0.005446605,0.01274754,0.01865803,,,,,,,,,,
52.305,0.005707941,0.013333815,0.019522802,,,,,,,,,,
52.31,0.005944662,0.013862454,0.020304787,,,,,,,,,,
52.315,0.006155912,0.014331612,0.021001111,,,,,,,,,,
52.32,0.006340861,0.014739521,0.021609155,,,,,,,,,,
52.325,0.006498903,0.015084697,0.022126783,,,,,,,,,,
52.33,0.00662951,0.015366065,0.022552173,,,,,,,,,,
52.335,0.006732247,0.015582685,0.02288384,,,,,,,,,,
52.34,0.006806803,0.01573391,0.023120822,,,,,,,,,,
52.345,0.006853031,0.01581938,0.023262424,,,,,,,,,,
52.35,0.006870841,0.015839061,0.023308426,,,,,,,,,,
52.355,0.006860257,0.015793031,0.023258984,,,,,,,,,,
52.36,0.00682148,0.015681812,0.023114543,,,,,,,,,,
52.365,0.006754719,0.01550609,0.022876156,,,,,,,,,,
52.37,0.006660415,0.015266872,0.022544991,,,,,,,,,,
52.375,0.006539117,0.014965391,0.022122771,,,,,,,,,,
52.38,0.006391371,0.014603077,0.021611483,,,,,,,,,,
52.385,0.006217906,0.014181712,0.021013594,,,,,,,,,,
52.39,0.006019591,0.013703268,0.020331784,,,,,,,,,,
52.395,0.005797263,0.013169802,0.019569082,,,,,,,,,,
52.4,0.005551921,0.012583865,0.018728958,,,,,,,,,,
52.405,0.005284684,0.011948034,0.017815008,,,,,,,,,,
52.41,0.004996728,0.011265021,0.016831246,,,,,,,,,,
52.415,0.004689311,0.010537835,0.015781855,,,,,,,,,,
52.42,0.004363732,0.009769686,0.014671329,,,,,,,,,,
52.425,0.004021426,0.008963765,0.013504442,,,,,,,,,,
52.43,0.003663802,0.008123553,0.012285995,,,,,,,,,,
52.435,0.003292362,0.007252651,0.011021242,,,,,,,,,,
52.44,0.002908646,0.006354613,0.009715379,,,,,,,,,,
52.445,0.002514305,0.005433205,0.00837384,,,,,,,,,,
52.45,0.002110975,0.004492417,0.007002274,,,,,,,,,,
52.455,0.001700269,0.003535981,0.00560623,,,,,,,,,,
52.46,0.001283955,0.002567827,0.004191465,,,,,,,,,,
52.465,0.000863689,0.001592078,0.002763795,,,,,,,,,,
52.47,0.000441113,0.000612677,0.001329037,,,,,,,,,,
52.475,1.81E-05,-0.000366505,-0.000106979,,,,,,,,,,
52.48,-0.000403893,-0.001341378,-0.001538474,,,,,,,,,,
52.485,-0.000822973,-0.002308031,-0.002959613,,,,,,,,,,
52.49,-0.001237493,-0.003262629,-0.004364711,,,,,,,,,,
52.495,-0.00164584,-0.004201219,-0.005748113,,,,,,,,,,
52.5,-0.002046405,-0.005120123,-0.007104369,,,,,,,,,,
52.505,-0.0024375,-0.006015736,-0.008427997,,,,,,,,,,
52.51,-0.00281774,-0.006884389,-0.009713736,,,,,,,,,,
52.515,-0.003185532,-0.007722775,-0.010956575,,,,,,,,,,
52.52,-0.003539456,-0.008527576,-0.012151566,,,,,,,,,,
52.525,-0.003878157,-0.009295609,-0.013294013,,,,,,,,,,
52.53,-0.004200242,-0.010023887,-0.014379558,,,,,,,,,,
52.535,-0.004504564,-0.010709657,-0.015403872,,,,,,,,,,
52.54,-0.004789918,-0.01135015,-0.016362996,,,,,,,,,,
52.545,-0.005055176,-0.011943027,-0.017253349,,,,,,,,,,
52.55,-0.005299317,-0.012486005,-0.018071447,,,,,,,,,,
52.555,-0.005521599,-0.012976994,-0.018814108,,,,,,,,,,
52.56,-0.005721014,-0.013414237,-0.019478727,,,,,,,,,,
52.565,-0.005896833,-0.013796046,-0.020062757,,,,,,,,,,
52.57,-0.006048495,-0.014121019,-0.020563991,,,,,,,,,,
52.575,-0.00617542,-0.01438805,-0.020980767,,,,,,,,,,
52.58,-0.006277081,-0.014596217,-0.021311567,,,,,,,,,,
52.585,-0.006353217,-0.014744726,-0.021555223,,,,,,,,,,
52.59,-0.00640356,-0.014833228,-0.021711033,,,,,,,,,,
52.595,-0.006427981,-0.014861495,-0.021778624,,,,,,,,,,
52.6,-0.006426392,-0.014829466,-0.021757815,,,,,,,,,,
52.605,-0.006398871,-0.014737474,-0.021649066,,,,,,,,,,
52.61,-0.006345589,-0.01458604,-0.021452976,,,,,,,,,,
52.615,-0.006266767,-0.01437575,-0.021170515,,,,,,,,,,
52.62,-0.00616277,-0.014107721,-0.02080311,,,,,,,,,,
52.625,-0.006034088,-0.013783049,-0.020352405,,,,,,,,,,
52.63,-0.005881287,-0.013403156,-0.019820435,,,,,,,,,,
52.635,-0.005705015,-0.012969669,-0.019209477,,,,,,,,,,
52.64,-0.005506,-0.012484404,-0.018522238,,,,,,,,,,
52.645,-0.005285025,-0.011949354,-0.017761664,,,,,,,,,,
52.65,-0.005043082,-0.01136683,-0.016930995,,,,,,,,,,
52.655,-0.004781114,-0.010739162,-0.01603371,,,,,,,,,,
52.66,-0.00450016,-0.010068905,-0.015073589,,,,,,,,,,
52.665,-0.004201419,-0.009358859,-0.014054719,,,,,,,,,,
52.67,-0.003886152,-0.00861195,-0.012981234,,,,,,,,,,
52.675,-0.003555533,-0.007831117,-0.011857657,,,,,,,,,,
52.68,-0.003210961,-0.007019566,-0.010688631,,,,,,,,,,
52.685,-0.002853843,-0.006180587,-0.009478911,,,,,,,,,,
52.69,-0.00248553,-0.005317557,-0.008233569,,,,,,,,,,
52.695,-0.002107628,-0.004433918,-0.0069577,,,,,,,,,,
52.7,-0.00172157,-0.003533249,-0.005656447,,,,,,,,,,
52.705,-0.001328937,-0.00261914,-0.004335174,,,,,,,,,,
52.71,-0.000931355,-0.001695276,-0.002999323,,,,,,,,,,
52.715,-0.000530365,-0.000765356,-0.001654289,,,,,,,,,,
52.72,-0.000127532,0.000166932,-0.00030549,,,,,,,,,,
52.725,0.000275402,0.001097843,0.001041506,,,,,,,,,,
52.73,0.000676917,0.002023638,0.00238127,,,,,,,,,,
52.735,0.001075396,0.002940646,0.003708421,,,,,,,,,,
52.74,0.001469255,0.003845294,0.00501754,,,,,,,,,,
52.745,0.001856824,0.004733806,0.006303385,,,,,,,,,,
52.75,0.002236621,0.005602736,0.00756072,,,,,,,,,,
52.755,0.002607124,0.006448656,0.008784571,,,,,,,,,,
52.76,0.002966837,0.007268192,0.009969915,,,,,,,,,,
52.765,0.003314312,0.008057968,0.011111999,,,,,,,,,,
52.77,0.003648126,0.008815026,0.012206344,,,,,,,,,,
52.775,0.003966948,0.009536232,0.013248436,,,,,,,,,,
52.78,0.004269562,0.010218695,0.014234168,,,,,,,,,,
52.785,0.004554641,0.010859812,0.015159643,,,,,,,,,,
52.79,0.004821061,0.011456939,0.016021136,,,,,,,,,,
52.795,0.005067871,0.012007695,0.016815216,,,,,,,,,,
52.8,0.005293906,0.012509928,0.017538742,,,,,,,,,,
52.805,0.005498296,0.012961701,0.018188955,,,,,,,,,,
52.81,0.005680335,0.01336104,0.018763101,,,,,,,,,,
52.815,0.005839173,0.013706517,0.019259084,,,,,,,,,,
52.82,0.005974135,0.013996733,0.019675014,,,,,,,,,,
52.825,0.006084774,0.014230388,0.02000916,,,,,,,,,,
52.83,0.006170613,0.014406702,0.02026032,,,,,,,,,,
52.835,0.00623124,0.014524972,0.020427613,,,,,,,,,,
52.84,0.006266503,0.014584695,0.020510436,,,,,,,,,,
52.845,0.006276156,0.014585555,0.020508434,,,,,,,,,,
52.85,0.006260178,0.014527792,0.0204219,,,,,,,,,,
52.855,0.006218726,0.014411398,0.020251233,,,,,,,,,,
52.86,0.006151895,0.014236973,0.019997077,,,,,,,,,,
52.865,0.006059886,0.014005211,0.019660794,,,,,,,,,,
52.87,0.0059432,0.013717063,0.019243801,,,,,,,,,,
52.875,0.005802289,0.013373629,0.018747743,,,,,,,,,,
52.88,0.005637709,0.012976449,0.018174916,,,,,,,,,,
52.885,0.005450082,0.01252701,0.017527783,,,,,,,,,,
52.89,0.005240252,0.01202717,0.016808942,,,,,,,,,,
52.895,0.005009138,0.011478963,0.0160215,,,,,,,,,,
52.9,0.004757513,0.010884671,0.015168894,,,,,,,,,,
52.905,0.004486543,0.010246631,0.014254537,,,,,,,,,,
52.91,0.004197356,0.009567515,0.013282312,,,,,,,,,,
52.915,0.003891098,0.008850102,0.01225641,,,,,,,,,,
52.92,0.003568974,0.008097242,0.011180958,,,,,,,,,,
52.925,0.003232483,0.007312051,0.010060525,,,,,,,,,,
52.93,0.002882842,0.00649782,0.008899866,,,,,,,,,,
52.935,0.002521617,0.00565775,0.007703713,,,,,,,,,,
52.94,0.002150235,0.004795299,0.00647706,,,,,,,,,,
52.945,0.001770258,0.003914107,0.005225156,,,,,,,,,,
52.95,0.0013833,0.003017708,0.003953116,,,,,,,,,,
52.955,0.00099104,0.002109767,0.00266617,,,,,,,,,,
52.96,0.00059492,0.00119409,0.001369889,,,,,,,,,,
52.965,0.000196717,0.000274324,6.95E-05,,,,,,,,,,
52.97,-0.000201865,-0.000645665,-0.001229579,,,,,,,,,,
52.975,-0.000599225,-0.001562028,-0.002521803,,,,,,,,,,
52.98,-0.000993767,-0.002471144,-0.003801934,,,,,,,,,,
52.985,-0.001383748,-0.003369239,-0.005064675,,,,,,,,,,
52.99,-0.001767543,-0.004252477,-0.006304594,,,,,,,,,,
52.995,-0.002143478,-0.005117238,-0.007516672,,,,,,,,,,
53,-0.002510182,-0.005960089,-0.008695941,,,,,,,,,,
53.005,-0.002865937,-0.006777439,-0.009837347,,,,,,,,,,
53.01,-0.003209305,-0.007565819,-0.010936155,,,,,,,,,,
53.015,-0.003538876,-0.00832218,-0.011987968,,,,,,,,,,
53.02,-0.00385322,-0.009043289,-0.012988221,,,,,,,,,,
53.025,-0.004151072,-0.009726112,-0.013932891,,,,,,,,,,
53.03,-0.004431091,-0.01036791,-0.014818073,,,,,,,,,,
53.035,-0.004692115,-0.010966078,-0.015640038,,,,,,,,,,
53.04,-0.004933144,-0.011517929,-0.016395403,,,,,,,,,,
53.045,-0.005153097,-0.012021365,-0.017081122,,,,,,,,,,
53.05,-0.00535097,-0.012474316,-0.017694272,,,,,,,,,,
53.055,-0.005526136,-0.012874802,-0.018232343,,,,,,,,,,
53.06,-0.005677786,-0.013221247,-0.018693157,,,,,,,,,,
53.065,-0.005805203,-0.013512329,-0.01907483,,,,,,,,,,
53.07,-0.005907929,-0.013746647,-0.019375819,,,,,,,,,,
53.075,-0.005985561,-0.013923364,-0.019594911,,,,,,,,,,
53.08,-0.006037775,-0.014041845,-0.019731239,,,,,,,,,,
53.085,-0.006064292,-0.014101571,-0.019784314,,,,,,,,,,
53.09,-0.006065121,-0.014102222,-0.01975391,,,,,,,,,,
53.095,-0.006040207,-0.014044052,-0.019640204,,,,,,,,,,
53.1,-0.005989773,-0.013927336,-0.019443829,,,,,,,,,,
53.105,-0.005913978,-0.013752441,-0.0191655,,,,,,,,,,
53.11,-0.0058131,-0.013520205,-0.018806533,,,,,,,,,,
53.115,-0.005687705,-0.013231851,-0.018368569,,,,,,,,,,
53.12,-0.005538343,-0.012888421,-0.017853375,,,,,,,,,,
53.125,-0.005365591,-0.012491393,-0.017263206,,,,,,,,,,
53.13,-0.005170208,-0.012042771,-0.016600704,,,,,,,,,,
53.135,-0.004953215,-0.011544253,-0.01586853,,,,,,,,,,
53.14,-0.004715505,-0.010998025,-0.015069866,,,,,,,,,,
53.145,-0.004457992,-0.010406586,-0.01420825,,,,,,,,,,
53.15,-0.004181912,-0.009772418,-0.013287203,,,,,,,,,,
53.155,-0.003888493,-0.009098131,-0.012310655,,,,,,,,,,
53.16,-0.003578875,-0.008386809,-0.011282879,,,,,,,,,,
53.165,-0.003254488,-0.007641475,-0.010208137,,,,,,,,,,
53.17,-0.002916779,-0.006865263,-0.009091002,,,,,,,,,,
53.175,-0.002567157,-0.006061549,-0.007936217,,,,,,,,,,
53.18,-0.002207228,-0.005233882,-0.006748712,,,,,,,,,,
53.185,-0.001838455,-0.004385698,-0.005533414,,,,,,,,,,
53.19,-0.001462432,-0.00352059,-0.004295572,,,,,,,,,,
53.195,-0.001080872,-0.002642422,-0.003040437,,,,,,,,,,
53.2,-0.00069531,-0.001754889,-0.001773227,,,,,,,,,,
53.205,-0.000307441,-0.00086159,-0.000499276,,,,,,,,,,
53.21,8.10E-05,3.34E-05,0.000775897,,,,,,,,,,
53.215,0.00046829,0.000926252,0.002047001,,,,,,,,,,
53.22,0.000852923,0.001813382,0.003308748,,,,,,,,,,
53.225,0.001233119,0.00269094,0.004555747,,,,,,,,,,
53.23,0.00160732,0.003554969,0.005782715,,,,,,,,,,
53.235,0.001973888,0.004402051,0.006984542,,,,,,,,,,
53.24,0.002331327,0.005228621,0.008156198,,,,,,,,,,
53.245,0.002678057,0.00603099,0.009292685,,,,,,,,,,
53.25,0.003012626,0.006805822,0.010389348,,,,,,,,,,
53.255,0.003333527,0.007549971,0.011441568,,,,,,,,,,
53.26,0.003639502,0.008260092,0.012444883,,,,,,,,,,
53.265,0.003929244,0.008933344,0.01339517,,,,,,,,,,
53.27,0.004201514,0.009566933,0.014288463,,,,,,,,,,
53.275,0.004455158,0.010158162,0.015120977,,,,,,,,,,
53.28,0.004689173,0.010704543,0.015889276,,,,,,,,,,
53.285,0.004902582,0.011203933,0.016590201,,,,,,,,,,
53.29,0.005094441,0.011654173,0.017220858,,,,,,,,,,
53.295,0.005263926,0.012053422,0.017778618,,,,,,,,,,
53.3,0.005410482,0.012400036,0.018261229,,,,,,,,,,
53.305,0.005533426,0.012692733,0.018666728,,,,,,,,,,
53.31,0.005632259,0.012930252,0.018993401,,,,,,,,,,
53.315,0.005706689,0.013111676,0.019240001,,,,,,,,,,
53.32,0.005756445,0.013236375,0.019405546,,,,,,,,,,
53.325,0.005781307,0.013303961,0.019489398,,,,,,,,,,
53.33,0.005781212,0.013314024,0.019491294,,,,,,,,,,
53.335,0.005756224,0.013266834,0.019411277,,,,,,,,,,
53.34,0.005706447,0.013162616,0.019249762,,,,,,,,,,
53.345,0.005632252,0.013001899,0.01900751,,,,,,,,,,
53.35,0.005533886,0.012785461,0.018685645,,,,,,,,,,
53.355,0.005411858,0.01251438,0.018285416,,,,,,,,,,
53.36,0.005266831,0.01218984,0.017808774,,,,,,,,,,
53.365,0.005099363,0.011813427,0.017257716,,,,,,,,,,
53.37,0.004910187,0.01138669,0.016634543,,,,,,,,,,
53.375,0.004700224,0.010911613,0.015942045,,,,,,,,,,
53.38,0.004470378,0.010390329,0.015183195,,,,,,,,,,
53.385,0.004221644,0.009825026,0.01436107,,,,,,,,,,
53.39,0.003955196,0.009218244,0.013479362,,,,,,,,,,
53.395,0.003672159,0.008572729,0.012541783,,,,,,,,,,
53.4,0.003373791,0.007891093,0.01155218,,,,,,,,,,
53.405,0.003061396,0.007176415,0.010514823,,,,,,,,,,
53.41,0.002736315,0.006431839,0.009434236,,,,,,,,,,
53.415,0.002399909,0.005660439,0.008314767,,,,,,,,,,
53.42,0.002053687,0.004865543,0.007161217,,,,,,,,,,
53.425,0.00169913,0.004050702,0.005978546,,,,,,,,,,
53.43,0.001337643,0.003219243,0.004771514,,,,,,,,,,
53.435,0.000970957,0.002374763,0.00354533,,,,,,,,,,
53.44,0.000600559,0.001520953,0.0023051,,,,,,,,,,
53.445,0.000227946,0.000661324,0.001056016,,,,,,,,,,
53.45,-0.000145242,-0.000200506,-0.000196741,,,,,,,,,,
53.455,-0.000517394,-0.001060833,-0.001447864,,,,,,,,,,
53.46,-0.000886993,-0.001915977,-0.002692139,,,,,,,,,,
53.465,-0.001252492,-0.002762485,-0.003924437,,,,,,,,,,
53.47,-0.001612343,-0.003596796,-0.005139617,,,,,,,,,,
53.475,-0.001965009,-0.004415242,-0.006332617,,,,,,,,,,
53.48,-0.00230904,-0.005214518,-0.007498502,,,,,,,,,,
53.485,-0.002643012,-0.005991362,-0.008632416,,,,,,,,,,
53.49,-0.002965557,-0.006742387,-0.009729757,,,,,,,,,,
53.495,-0.003275393,-0.007464572,-0.010785835,,,,,,,,,,
53.5,-0.003571106,-0.008154972,-0.011796416,,,,,,,,,,
53.505,-0.003851613,-0.0088106,-0.012757339,,,,,,,,,,
53.51,-0.004115765,-0.009428771,-0.013664526,,,,,,,,,,
53.515,-0.004362381,-0.010007118,-0.014514363,,,,,,,,,,
53.52,-0.004590498,-0.010543091,-0.015303443,,,,,,,,,,
53.525,-0.00479929,-0.01103452,-0.016028359,,,,,,,,,,
53.53,-0.00498785,-0.011479494,-0.016686195,,,,,,,,,,
53.535,-0.005155291,-0.011876168,-0.017274436,,,,,,,,,,
53.54,-0.005301166,-0.01222289,-0.017790539,,,,,,,,,,
53.545,-0.005424875,-0.012518362,-0.018232364,,,,,,,,,,
53.55,-0.005525772,-0.012761369,-0.01859841,,,,,,,,,,
53.555,-0.005603575,-0.012950865,-0.018886957,,,,,,,,,,
53.56,-0.005658037,-0.01308618,-0.019096865,,,,,,,,,,
53.565,-0.005688916,-0.013166906,-0.019227575,,,,,,,,,,
53.57,-0.005696163,-0.013192599,-0.019278409,,,,,,,,,,
53.575,-0.005679735,-0.013163165,-0.019249123,,,,,,,,,,
53.58,-0.005639673,-0.01307894,-0.01914015,,,,,,,,,,
53.585,-0.005576281,-0.012940235,-0.018951892,,,,,,,,,,
53.59,-0.005489842,-0.012747559,-0.018685007,,,,,,,,,,
53.595,-0.005380616,-0.01250188,-0.018340912,,,,,,,,,,
53.6,-0.005249156,-0.012204232,-0.017920957,,,,,,,,,,
53.605,-0.005096046,-0.011855765,-0.017426768,,,,,,,,,,
53.61,-0.004921971,-0.011458029,-0.016860699,,,,,,,,,,
53.615,-0.004727528,-0.01101274,-0.016225013,,,,,,,,,,
53.62,-0.004513655,-0.010521565,-0.015522292,,,,,,,,,,
53.625,-0.004281154,-0.009986615,-0.014755583,,,,,,,,,,
53.63,-0.004031067,-0.00941023,-0.013928081,,,,,,,,,,
53.635,-0.00376443,-0.008794605,-0.01304313,,,,,,,,,,
53.64,-0.003482322,-0.008142284,-0.012104481,,,,,,,,,,
53.645,-0.003185912,-0.007456148,-0.01111604,,,,,,,,,,
53.65,-0.002876362,-0.006738788,-0.010081757,,,,,,,,,,
53.655,-0.002555084,-0.00599314,-0.009006065,,,,,,,,,,
53.66,-0.002223234,-0.005222501,-0.007893372,,,,,,,,,,
53.665,-0.001882212,-0.004429781,-0.006748224,,,,,,,,,,
53.67,-0.001533394,-0.003618203,-0.005575375,,,,,,,,,,
53.675,-0.001178275,-0.00279121,-0.004379632,,,,,,,,,,
53.68,-0.000818282,-0.001952194,-0.00316597,,,,,,,,,,
53.685,-0.000454845,-0.001104399,-0.001939343,,,,,,,,,,
53.69,-8.94E-05,-0.000251357,-0.000704758,,,,,,,,,,
53.695,0.000276431,0.000603377,0.00053263,,,,,,,,,,
53.7,0.000641259,0.001456452,0.001767791,,,,,,,,,,
53.705,0.001003629,0.00230444,0.002995618,,,,,,,,,,
53.71,0.001362064,0.003143716,0.004211054,,,,,,,,,,
53.715,0.001715103,0.003970977,0.005409149,,,,,,,,,,
53.72,0.002061206,0.004782963,0.00658499,,,,,,,,,,
53.725,0.002399189,0.005576118,0.007733713,,,,,,,,,,
53.73,0.002727514,0.006347397,0.008850616,,,,,,,,,,
53.735,0.003044854,0.007093699,0.009931139,,,,,,,,,,
53.74,0.003350115,0.007811805,0.01097079,,,,,,,,,,
53.745,0.003641851,0.008498973,0.011965342,,,,,,,,,,
53.75,0.003918936,0.009152422,0.012910707,,,,,,,,,,
53.755,0.004180324,0.009769255,0.01380293,,,,,,,,,,
53.76,0.004424854,0.010347146,0.014638423,,,,,,,,,,
53.765,0.004651505,0.010883771,0.015413745,,,,,,,,,,
53.77,0.004859479,0.011376741,0.016125644,,,,,,,,,,
53.775,0.00504779,0.011824126,0.016771165,,,,,,,,,,
53.78,0.00521578,0.012224183,0.017347748,,,,,,,,,,
53.785,0.005362729,0.012575107,0.01785288,,,,,,,,,,
53.79,0.005488019,0.012875477,0.018284482,,,,,,,,,,
53.795,0.005591107,0.01312407,0.018640839,,,,,,,,,,
53.8,0.005671579,0.013319829,0.018920384,,,,,,,,,,
53.805,0.005729112,0.013461816,0.019121929,,,,,,,,,,
53.81,0.005763334,0.013549515,0.019244619,,,,,,,,,,
53.815,0.005774242,0.013582505,0.019287953,,,,,,,,,,
53.82,0.005761705,0.013560606,0.019251579,,,,,,,,,,
53.825,0.005725738,0.013483761,0.019135662,,,,,,,,,,
53.83,0.005666487,0.013352401,0.018940696,,,,,,,,,,
53.835,0.005584141,0.013166832,0.018667293,,,,,,,,,,
53.84,0.005478972,0.012927842,0.018316545,,,,,,,,,,
53.845,0.005351408,0.012636297,0.017889976,,,,,,,,,,
53.85,0.005201916,0.012293418,0.017389106,,,,,,,,,,
53.855,0.005031083,0.01190036,0.01681594,,,,,,,,,,
53.86,0.004839644,0.011458831,0.016172855,,,,,,,,,,
53.865,0.004628285,0.010970547,0.015462398,,,,,,,,,,
53.87,0.004397853,0.010437347,0.014687331,,,,,,,,,,
53.875,0.004149283,0.009861377,0.013850929,,,,,,,,,,
53.88,0.003883478,0.009245019,0.012956435,,,,,,,,,,
53.885,0.0036015,0.008590567,0.012007512,,,,,,,,,,
53.89,0.003304505,0.00790075,0.011008047,,,,,,,,,,
53.895,0.002993703,0.007178385,0.009961994,,,,,,,,,,
53.9,0.002670261,0.006426279,0.008873605,,,,,,,,,,
53.905,0.002335585,0.005647465,0.007747331,,,,,,,,,,
53.91,0.0019909,0.00484523,0.00658775,,,,,,,,,,
53.915,0.001637674,0.004022676,0.005399546,,,,,,,,,,
53.92,0.001277272,0.003183185,0.004187678,,,,,,,,,,
53.925,0.000911155,0.00233013,0.002956962,,,,,,,,,,
53.93,0.000540842,0.001467047,0.001712507,,,,,,,,,,
53.935,0.000167809,0.000597427,0.000459473,,,,,,,,,,
53.94,-0.000206349,-0.000275221,-0.000797154,,,,,,,,,,
53.945,-0.000580119,-0.001147224,-0.002052134,,,,,,,,,,
53.95,-0.000952,-0.002014997,-0.003300225,,,,,,,,,,
53.955,-0.001320449,-0.002875142,-0.004536445,,,,,,,,,,
53.96,-0.001683929,-0.003723922,-0.0057555,,,,,,,,,,
53.965,-0.002041027,-0.004557823,-0.006952446,,,,,,,,,,
53.97,-0.002390161,-0.005373604,-0.008122319,,,,,,,,,,
53.975,-0.002729891,-0.006167642,-0.009260249,,,,,,,,,,
53.98,-0.003058921,-0.006936653,-0.010361435,,,,,,,,,,
53.985,-0.003375635,-0.007677596,-0.01142143,,,,,,,,,,
53.99,-0.003678834,-0.008387206,-0.012435749,,,,,,,,,,
53.995,-0.003967327,-0.009062481,-0.013399988,,,,,,,,,,
54,-0.004239691,-0.009700826,-0.014310287,,,,,,,,,,
54.005,-0.004494876,-0.010299275,-0.015162713,,,,,,,,,,
54.01,-0.004731902,-0.010855421,-0.015953549,,,,,,,,,,
54.015,-0.004949462,-0.011366964,-0.016679606,,,,,,,,,,
54.02,-0.005146773,-0.011831575,-0.017337697,,,,,,,,,,
54.025,-0.005323021,-0.012247353,-0.017924917,,,,,,,,,,
54.03,-0.005477234,-0.012612519,-0.018438849,,,,,,,,,,
54.035,-0.005608882,-0.012925405,-0.018877248,,,,,,,,,,
54.04,-0.005717323,-0.013184685,-0.01923802,,,,,,,,,,
54.045,-0.005802053,-0.013389229,-0.019519649,,,,,,,,,,
54.05,-0.005862665,-0.013538073,-0.019720869,,,,,,,,,,
54.055,-0.005898903,-0.013630553,-0.019840563,,,,,,,,,,
54.06,-0.005910412,-0.013666157,-0.019878229,,,,,,,,,,
54.065,-0.005897222,-0.013644696,-0.019833495,,,,,,,,,,
54.07,-0.005859218,-0.013566233,-0.019706414,,,,,,,,,,
54.075,-0.00579661,-0.013430982,-0.019497439,,,,,,,,,,
54.08,-0.00570948,-0.013239412,-0.019207158,,,,,,,,,,
54.085,-0.005598242,-0.012992342,-0.01883673,,,,,,,,,,
54.09,-0.005463211,-0.0126907,-0.018387542,,,,,,,,,,
54.095,-0.00530501,-0.012335714,-0.017861271,,,,,,,,,,
54.1,-0.005124149,-0.011928767,-0.017259968,,,,,,,,,,
54.105,-0.004921362,-0.011471533,-0.016586097,,,,,,,,,,
54.11,-0.004697464,-0.010965921,-0.015842252,,,,,,,,,,
54.115,-0.004453311,-0.010413956,-0.015031367,,,,,,,,,,
54.12,-0.004189936,-0.009817928,-0.014156862,,,,,,,,,,
54.125,-0.003908426,-0.009180367,-0.013222105,,,,,,,,,,
54.13,-0.003609858,-0.008503834,-0.01223093,,,,,,,,,,
54.135,-0.003295497,-0.007791161,-0.011187464,,,,,,,,,,
54.14,-0.00296669,-0.007045435,-0.01009587,,,,,,,,,,
54.145,-0.002624681,-0.006269667,-0.008960616,,,,,,,,,,
54.15,-0.002271007,-0.005467097,-0.007786473,,,,,,,,,,
54.155,-0.001906983,-0.004641236,-0.006578159,,,,,,,,,,
54.16,-0.00153421,-0.003795474,-0.005340726,,,,,,,,,,
54.165,-0.00115435,-0.002933343,-0.004079307,,,,,,,,,,
54.17,-0.000768903,-0.002058654,-0.002799083,,,,,,,,,,
54.175,-0.000379472,-0.001174955,-0.00150542,,,,,,,,,,
54.18,1.23E-05,-0.000286047,-0.00020373,,,,,,,,,,
54.185,0.000404581,0.00060421,0.001100571,,,,,,,,,,
54.19,0.000795896,0.001492125,0.002401998,,,,,,,,,,
54.195,0.001184547,0.00237392,0.00369509,,,,,,,,,,
54.2,0.001568802,0.003245764,0.004974428,,,,,,,,,,
54.205,0.001947083,0.004103966,0.006234596,,,,,,,,,,
54.21,0.002317651,0.004944897,0.007470274,,,,,,,,,,
54.215,0.002678892,0.005764805,0.008676237,,,,,,,,,,
54.22,0.003029419,0.006560346,0.009847392,,,,,,,,,,
54.225,0.003367611,0.007327973,0.0109787,,,,,,,,,,
54.23,0.003691922,0.00806446,0.012065382,,,,,,,,,,
54.235,0.004001094,0.008766553,0.013102754,,,,,,,,,,
54.24,0.004293667,0.009431299,0.014086419,,,,,,,,,,
54.245,0.004568427,0.01005577,0.015012172,,,,,,,,,,
54.25,0.004824138,0.010637281,0.015875975,,,,,,,,,,
54.255,0.005059595,0.011173255,0.016674143,,,,,,,,,,
54.26,0.005273801,0.011661445,0.017403202,,,,,,,,,,
54.265,0.005465855,0.012099678,0.01805999,,,,,,,,,,
54.27,0.005634854,0.012486084,0.018641628,,,,,,,,,,
54.275,0.005780022,0.012818997,0.019145517,,,,,,,,,,
54.28,0.005900674,0.013096899,0.019569522,,,,,,,,,,
54.285,0.005996305,0.013318574,0.019911626,,,,,,,,,,
54.29,0.00606644,0.013483079,0.020170438,,,,,,,,,,
54.295,0.006110731,0.013589679,0.02034473,,,,,,,,,,
54.3,0.006128869,0.013637785,0.020433564,,,,,,,,,,
54.305,0.006120886,0.013627249,0.020436545,,,,,,,,,,
54.31,0.006086699,0.013558085,0.020353717,,,,,,,,,,
54.315,0.006026485,0.013430508,0.020185093,,,,,,,,,,
54.32,0.005940461,0.013245068,0.019931417,,,,,,,,,,
54.325,0.00582888,0.013002531,0.0195938,,,,,,,,,,
54.33,0.005692292,0.012703888,0.019173469,,,,,,,,,,
54.335,0.005531242,0.012350405,0.01867214,,,,,,,,,,
54.34,0.005346225,0.011943623,0.018092075,,,,,,,,,,
54.345,0.005138205,0.011485205,0.017435427,,,,,,,,,,
54.35,0.004908068,0.010977121,0.016705006,,,,,,,,,,
54.355,0.004656585,0.010421594,0.015904058,,,,,,,,,,
54.36,0.004385005,0.009820923,0.015035724,,,,,,,,,,
54.365,0.004094475,0.009177664,0.014103697,,,,,,,,,,
54.37,0.003786048,0.008494653,0.01311211,,,,,,,,,,
54.375,0.003461204,0.007774769,0.012065015,,,,,,,,,,
54.38,0.003121295,0.007020961,0.010966832,,,,,,,,,,
54.385,0.002767757,0.006236593,0.009822428,,,,,,,,,,
54.39,0.002402119,0.005425015,0.008636508,,,,,,,,,,
54.395,0.002026024,0.004589606,0.007414115,,,,,,,,,,
54.4,0.001640984,0.003733975,0.006160686,,,,,,,,,,
54.405,0.001248713,0.002861946,0.004881385,,,,,,,,,,
54.41,0.000850868,0.001977005,0.003581702,,,,,,,,,,
54.415,0.000449117,0.001083034,0.002267356,,,,,,,,,,
54.42,4.52E-05,0.000183976,0.000943884,,,,,,,,,,
54.425,-0.000359019,-0.000716422,-0.000383015,,,,,,,,,,
54.43,-0.000761929,-0.00161441,-0.001707674,,,,,,,,,,
54.435,-0.001161837,-0.00250587,-0.003024327,,,,,,,,,,
54.44,-0.001556923,-0.003387144,-0.004327352,,,,,,,,,,
54.445,-0.001945469,-0.004254567,-0.0056112,,,,,,,,,,
54.45,-0.002325878,-0.005104232,-0.006870228,,,,,,,,,,
54.455,-0.002696551,-0.005932609,-0.008099034,,,,,,,,,,
54.46,-0.003055743,-0.006736278,-0.009292414,,,,,,,,,,
54.465,-0.003402037,-0.007511642,-0.010445178,,,,,,,,,,
54.47,-0.003733921,-0.008255321,-0.011552297,,,,,,,,,,
54.475,-0.00404992,-0.008964429,-0.012609094,,,,,,,,,,
54.48,-0.004348728,-0.009635728,-0.013611096,,,,,,,,,,
54.485,-0.004629097,-0.010266321,-0.014553769,,,,,,,,,,
54.49,-0.004889752,-0.010853736,-0.015433259,,,,,,,,,,
54.495,-0.005129712,-0.011395394,-0.016245832,,,,,,,,,,
54.5,-0.00534789,-0.011888775,-0.016987784,,,,,,,,,,
54.505,-0.005543391,-0.012332038,-0.01765614,,,,,,,,,,
54.51,-0.005715366,-0.012723326,-0.018248104,,,,,,,,,,
54.515,-0.005863149,-0.013060732,-0.018760973,,,,,,,,,,
54.52,-0.005986023,-0.013342997,-0.019192622,,,,,,,,,,
54.525,-0.006083598,-0.013569081,-0.019541372,,,,,,,,,,
54.53,-0.006155459,-0.013737816,-0.019805699,,,,,,,,,,
54.535,-0.006201326,-0.013848546,-0.019984383,,,,,,,,,,
54.54,-0.006220994,-0.013900972,-0.02007702,,,,,,,,,,
54.545,-0.006214416,-0.013894758,-0.020083074,,,,,,,,,,
54.55,-0.006181746,-0.013829906,-0.020002614,,,,,,,,,,
54.555,-0.006122986,-0.013706986,-0.019836171,,,,,,,,,,
54.56,-0.006038581,-0.013526281,-0.019584565,,,,,,,,,,
54.565,-0.005928891,-0.013288611,-0.019248785,,,,,,,,,,
54.57,-0.005794473,-0.012995173,-0.018830605,,,,,,,,,,
54.575,-0.005635902,-0.01264714,-0.018331909,,,,,,,,,,
54.58,-0.005453928,-0.012245965,-0.017754862,,,,,,,,,,
54.585,-0.005249314,-0.011793462,-0.017102099,,,,,,,,,,
54.59,-0.005023052,-0.011291618,-0.016376735,,,,,,,,,,
54.595,-0.004776088,-0.010742485,-0.015581777,,,,,,,,,,
54.6,-0.004509566,-0.010148473,-0.01472087,,,,,,,,,,
54.605,-0.0042247,-0.009512204,-0.013797959,,,,,,,,,,
54.61,-0.003922626,-0.008836344,-0.012816978,,,,,,,,,,
54.615,-0.003604834,-0.008123709,-0.011782343,,,,,,,,,,
54.62,-0.003272572,-0.007377547,-0.010698716,,,,,,,,,,
54.625,-0.002927279,-0.006600943,-0.00957081,,,,,,,,,,
54.63,-0.002570614,-0.00579706,-0.008403604,,,,,,,,,,
54.635,-0.002204044,-0.004969556,-0.007202355,,,,,,,,,,
54.64,-0.001829116,-0.004121892,-0.005972267,,,,,,,,,,
54.645,-0.00144754,-0.00325753,-0.004718672,,,,,,,,,,
54.65,-0.001060988,-0.002380271,-0.003447238,,,,,,,,,,
54.655,-0.000671018,-0.001493971,-0.002163467,,,,,,,,,,
54.66,-0.000279328,-0.00060206,-0.000872926,,,,,,,,,,
54.665,0.000112365,0.000291526,0.000418694,,,,,,,,,,
54.67,0.000502436,0.001182892,0.001705796,,,,,,,,,,
54.675,0.000889167,0.002068396,0.00298271,,,,,,,,,,
54.68,0.001270971,0.002944322,0.004244019,,,,,,,,,,
54.685,0.001646237,0.00380684,0.005484171,,,,,,,,,,
54.69,0.00201337,0.004652362,0.006697861,,,,,,,,,,
54.695,0.002370808,0.005477474,0.007879832,,,,,,,,,,
54.7,0.002717154,0.006278514,0.009024967,,,,,,,,,,
54.705,0.003050867,0.007052247,0.010128409,,,,,,,,,,
54.71,0.003370631,0.007795444,0.011185455,,,,,,,,,,
54.715,0.00367509,0.00850499,0.01219159,,,,,,,,,,
54.72,0.003962997,0.009177764,0.013142524,,,,,,,,,,
54.725,0.004233237,0.009811239,0.014034286,,,,,,,,,,
54.73,0.004484565,0.010402671,0.014863138,,,,,,,,,,
54.735,0.004716207,0.010949538,0.015625566,,,,,,,,,,
54.74,0.004927137,0.011449778,0.01631846,,,,,,,,,,
54.745,0.005116446,0.011901227,0.01693896,,,,,,,,,,
54.75,0.005283602,0.012301997,0.017484556,,,,,,,,,,
54.755,0.005427879,0.01265056,0.017953121,,,,,,,,,,
54.76,0.005548722,0.012945577,0.018342711,,,,,,,,,,
54.765,0.005645748,0.013185691,0.018651931,,,,,,,,,,
54.77,0.005718586,0.013370135,0.018879594,,,,,,,,,,
54.775,0.005767094,0.01349825,0.01902497,,,,,,,,,,
54.78,0.005791212,0.013569503,0.019087546,,,,,,,,,,
54.785,0.005790776,0.013583694,0.019067415,,,,,,,,,,
54.79,0.005765996,0.013540937,0.018964807,,,,,,,,,,
54.795,0.005717093,0.013441492,0.018780378,,,,,,,,,,
54.8,0.005644285,0.013285859,0.018515197,,,,,,,,,,
54.805,0.005547969,0.01307486,0.018170648,,,,,,,,,,
54.81,0.005428722,0.012809471,0.017748353,,,,,,,,,,
54.815,0.00528718,0.012490912,0.017250471,,,,,,,,,,
54.82,0.005123896,0.012120675,0.016679339,,,,,,,,,,
54.825,0.004939856,0.011700428,0.016037593,,,,,,,,,,
54.83,0.004735791,0.011232056,0.015328212,,,,,,,,,,
54.835,0.004512641,0.010717694,0.014554614,,,,,,,,,,
54.84,0.004271523,0.010159599,0.013720165,,,,,,,,,,
54.845,0.004013484,0.009560161,0.012828639,,,,,,,,,,
54.85,0.003739661,0.00892214,0.011884228,,,,,,,,,,
54.855,0.003451378,0.008248313,0.010891035,,,,,,,,,,
54.86,0.003149887,0.007541599,0.009853433,,,,,,,,,,
54.865,0.002836426,0.00680508,0.00877614,,,,,,,,,,
54.87,0.002512536,0.006042108,0.007663898,,,,,,,,,,
54.875,0.002179551,0.005255896,0.006521471,,,,,,,,,,
54.88,0.00183889,0.004449815,0.005354031,,,,,,,,,,
54.885,0.001492001,0.003627437,0.004166657,,,,,,,,,,
54.89,0.001140546,0.00279229,0.002964355,,,,,,,,,,
54.895,0.000785893,0.001947981,0.001752481,,,,,,,,,,
54.9,0.00042954,0.001098166,0.000536263,,,,,,,,,,
54.905,7.31E-05,0.000246485,-0.00067921,,,,,,,,,,
54.91,-0.000281897,-0.000603468,-0.001888677,,,,,,,,,,
54.915,-0.000633993,-0.001447928,-0.003086882,,,,,,,,,,
54.92,-0.000981743,-0.002283415,-0.004268823,,,,,,,,,,
54.925,-0.001323675,-0.003106336,-0.005429568,,,,,,,,,,
54.93,-0.00165837,-0.003913168,-0.00656407,,,,,,,,,,
54.935,-0.00198445,-0.004700517,-0.00766767,,,,,,,,,,
54.94,-0.002300559,-0.005465011,-0.008735827,,,,,,,,,,
54.945,-0.002605404,-0.006203404,-0.009763977,,,,,,,,,,
54.95,-0.002897719,-0.006912693,-0.010748009,,,,,,,,,,
54.955,-0.003176336,-0.007589854,-0.011683827,,,,,,,,,,
54.96,-0.003440136,-0.008231999,-0.012567626,,,,,,,,,,
54.965,-0.003688202,-0.008836567,-0.013395772,,,,,,,,,,
54.97,-0.003919331,-0.00940102,-0.014165081,,,,,,,,,,
54.975,-0.004132768,-0.009923015,-0.014872327,,,,,,,,,,
54.98,-0.004327675,-0.01040047,-0.015514776,,,,,,,,,,
54.985,-0.004503179,-0.010831495,-0.016090025,,,,,,,,,,
54.99,-0.004658711,-0.011214251,-0.016595761,,,,,,,,,,
54.995,-0.004793685,-0.011547315,-0.017030121,,,,,,,,,,
55,-0.004907588,-0.011829421,-0.017391568,,,,,,,,,,
55.005,-0.005000123,-0.012059391,-0.01767871,,,,,,,,,,
55.01,-0.00507096,-0.012236503,-0.017890716,,,,,,,,,,
55.015,-0.005119785,-0.012360144,-0.018026886,,,,,,,,,,
55.02,-0.005146586,-0.012429884,-0.018086942,,,,,,,,,,
55.025,-0.005151268,-0.012445556,-0.018070792,,,,,,,,,,
55.03,-0.00513393,-0.012407384,-0.017978969,,,,,,,,,,
55.035,-0.005094747,-0.012315594,-0.017811979,,,,,,,,,,
55.04,-0.005033894,-0.012170719,-0.017570779,,,,,,,,,,
55.045,-0.004951823,-0.01197367,-0.017256702,,,,,,,,,,
55.05,-0.004848905,-0.011725454,-0.016871262,,,,,,,,,,
55.055,-0.004725595,-0.011427239,-0.01641632,,,,,,,,,,
55.06,-0.00458253,-0.011080489,-0.01589408,,,,,,,,,,
55.065,-0.004420402,-0.010686944,-0.015306874,,,,,,,,,,
55.07,-0.004239868,-0.010248328,-0.014657463,,,,,,,,,,
55.075,-0.004041842,-0.009766659,-0.013948683,,,,,,,,,,
55.08,-0.003827209,-0.009244336,-0.013183806,,,,,,,,,,
55.085,-0.003596853,-0.008683661,-0.012366104,,,,,,,,,,
55.09,-0.00335189,-0.008087052,-0.011499163,,,,,,,,,,
55.095,-0.003093375,-0.007457443,-0.010586864,,,,,,,,,,
55.1,-0.002822395,-0.006797537,-0.009633084,,,,,,,,,,
55.105,-0.002540154,-0.006110172,-0.008641908,,,,,,,,,,
55.11,-0.002247849,-0.005398582,-0.007617613,,,,,,,,,,
55.115,-0.001946669,-0.004665913,-0.006564637,,,,,,,,,,
55.12,-0.001638053,-0.003915312,-0.005487244,,,,,,,,,,
55.125,-0.001323158,-0.003150101,-0.004390103,,,,,,,,,,
55.13,-0.001003379,-0.002373758,-0.003277887,,,,,,,,,,
55.135,-0.000680108,-0.001589501,-0.002155069,,,,,,,,,,
55.14,-0.00035467,-0.000800777,-0.001026442,,,,,,,,,,
55.145,-2.84E-05,-1.11E-05,0.000103221,,,,,,,,,,
55.15,0.000297317,0.000776193,0.001229478,,,,,,,,,,
55.155,0.000621191,0.001557856,0.002347528,,,,,,,,,,
55.16,0.000941764,0.002330294,0.003452755,,,,,,,,,,
55.165,0.001257762,0.003090272,0.004540754,,,,,,,,,,
55.17,0.001567874,0.003834807,0.005607113,,,,,,,,,,
55.175,0.001870848,0.004560537,0.00664737,,,,,,,,,,
55.18,0.002165373,0.005264287,0.007657413,,,,,,,,,,
55.185,0.002450305,0.005943399,0.008633228,,,,,,,,,,
55.19,0.002724556,0.006594976,0.0095708,,,,,,,,,,
55.195,0.002986954,0.007216104,0.010466465,,,,,,,,,,
55.2,0.003236358,0.007804427,0.011316658,,,,,,,,,,
55.205,0.003471902,0.008357649,0.012117986,,,,,,,,,,
55.21,0.003692516,0.00887321,0.012867367,,,,,,,,,,
55.215,0.003897389,0.00934921,0.013561878,,,,,,,,,,
55.22,0.004085673,0.009783865,0.014198831,,,,,,,,,,
55.225,0.004256594,0.010175253,0.014775705,,,,,,,,,,
55.23,0.004409625,0.010521918,0.015290379,,,,,,,,,,
55.235,0.004543977,0.010822725,0.015740941,,,,,,,,,,
55.24,0.004659203,0.011076431,0.016125642,,,,,,,,,,
55.245,0.004754904,0.011281975,0.016443143,,,,,,,,,,
55.25,0.004830657,0.011438906,0.016692353,,,,,,,,,,
55.255,0.004886149,0.011546634,0.016872436,,,,,,,,,,
55.26,0.004921268,0.011604772,0.016982803,,,,,,,,,,
55.265,0.004935823,0.011613341,0.01702324,,,,,,,,,,
55.27,0.004929871,0.011572648,0.016993767,,,,,,,,,,
55.275,0.004903422,0.011482754,0.016894612,,,,,,,,,,
55.28,0.004856587,0.011344324,0.016726409,,,,,,,,,,
55.285,0.004789642,0.011158222,0.016490134,,,,,,,,,,
55.29,0.004702893,0.010925314,0.016186796,,,,,,,,,,
55.295,0.004596622,0.010646622,0.01581782,,,,,,,,,,
55.3,0.004471322,0.010323692,0.015384931,,,,,,,,,,
55.305,0.004327559,0.009958065,0.01489006,,,,,,,,,,
55.31,0.00416595,0.009551191,0.014335254,,,,,,,,,,
55.315,0.003987173,0.009105169,0.013723082,,,,,,,,,,
55.32,0.003791946,0.008621932,0.013056139,,,,,,,,,,
55.325,0.003581097,0.008103509,0.012337186,,,,,,,,,,
55.33,0.003355536,0.007552309,0.011569381,,,,,,,,,,
55.335,0.003116115,0.006970844,0.010756085,,,,,,,,,,
55.34,0.002863871,0.006361453,0.009900496,,,,,,,,,,
55.345,0.002599922,0.005726803,0.009006321,,,,,,,,,,
55.35,0.002325226,0.005069745,0.008077358,,,,,,,,,,
55.355,0.002041061,0.004392983,0.007117447,,,,,,,,,,
55.36,0.001748556,0.00369942,0.006130532,,,,,,,,,,
55.365,0.001448847,0.002991949,0.005120829,,,,,,,,,,
55.37,0.001143179,0.002273692,0.004092411,,,,,,,,,,
55.375,0.000832827,0.001547471,0.003049582,,,,,,,,,,
55.38,0.000519049,0.000816406,0.001996724,,,,,,,,,,
55.385,0.000203159,8.36E-05,0.000938095,,,,,,,,,,
55.39,-0.000113564,-0.000648042,-0.000121981,,,,,,,,,,
55.395,-0.000429868,-0.001375582,-0.001179062,,,,,,,,,,
55.4,-0.000744377,-0.002095777,-0.002228824,,,,,,,,,,
55.405,-0.001055847,-0.002805834,-0.003266998,,,,,,,,,,
55.41,-0.001362998,-0.003503035,-0.004289255,,,,,,,,,,
55.415,-0.001664667,-0.004184385,-0.00529154,,,,,,,,,,
55.42,-0.001959436,-0.004847205,-0.006269608,,,,,,,,,,
55.425,-0.002246199,-0.00548889,-0.007219524,,,,,,,,,,
55.43,-0.002523814,-0.006106852,-0.008137455,,,,,,,,,,
55.435,-0.002791108,-0.006698634,-0.009019636,,,,,,,,,,
55.44,-0.003046974,-0.00726195,-0.009862468,,,,,,,,,,
55.445,-0.003290399,-0.007794568,-0.010662553,,,,,,,,,,
55.45,-0.003520401,-0.008294453,-0.011416641,,,,,,,,,,
55.455,-0.003736004,-0.008759669,-0.012121624,,,,,,,,,,
55.46,-0.003936397,-0.009188429,-0.012774745,,,,,,,,,,
55.465,-0.004120704,-0.009579186,-0.013373375,,,,,,,,,,
55.47,-0.004288202,-0.009930307,-0.013914992,,,,,,,,,,
55.475,-0.004438181,-0.010240629,-0.014397553,,,,,,,,,,
55.48,-0.004570055,-0.010509033,-0.014819069,,,,,,,,,,
55.485,-0.004683225,-0.010734515,-0.015177822,,,,,,,,,,
55.49,-0.004777286,-0.010916288,-0.015472523,,,,,,,,,,
55.495,-0.004851876,-0.011053859,-0.015701913,,,,,,,,,,
55.5,-0.004906607,-0.011146659,-0.01586515,,,,,,,,,,
55.505,-0.004941328,-0.011194446,-0.015961625,,,,,,,,,,
55.51,-0.004955894,-0.011197321,-0.015991095,,,,,,,,,,
55.515,-0.004950264,-0.011155292,-0.015953407,,,,,,,,,,
55.52,-0.004924407,-0.011068545,-0.015848819,,,,,,,,,,
55.525,-0.004878487,-0.010937718,-0.015677879,,,,,,,,,,
55.53,-0.004812712,-0.010763415,-0.015441297,,,,,,,,,,
55.535,-0.004727367,-0.010546348,-0.015140238,,,,,,,,,,
55.54,-0.004622783,-0.01028758,-0.014775984,,,,,,,,,,
55.545,-0.004499374,-0.009988284,-0.014350018,,,,,,,,,,
55.55,-0.004357684,-0.009649689,-0.013864313,,,,,,,,,,
55.555,-0.004198317,-0.00927331,-0.013320899,,,,,,,,,,
55.56,-0.004021934,-0.008860761,-0.012722166,,,,,,,,,,
55.565,-0.00382924,-0.008413794,-0.012070545,,,,,,,,,,
55.57,-0.003621061,-0.007934077,-0.011368956,,,,,,,,,,
55.575,-0.003398296,-0.007423878,-0.010620295,,,,,,,,,,
55.58,-0.003161821,-0.006885218,-0.009827817,,,,,,,,,,
55.585,-0.002912692,-0.006320198,-0.008994884,,,,,,,,,,
55.59,-0.002651899,-0.005731215,-0.008124941,,,,,,,,,,
55.595,-0.002380567,-0.005120812,-0.007221798,,,,,,,,,,
55.6,-0.002099859,-0.004491198,-0.006289247,,,,,,,,,,
55.605,-0.00181097,-0.003845107,-0.005331166,,,,,,,,,,
55.61,-0.001515034,-0.003185199,-0.004351798,,,,,,,,,,
55.615,-0.001213351,-0.00251402,-0.003355116,,,,,,,,,,
55.62,-0.00090714,-0.00183429,-0.00234536,,,,,,,,,,
55.625,-0.000597716,-0.001148868,-0.001326899,,,,,,,,,,
55.63,-0.000286404,-0.000460454,-0.000304002,,,,,,,,,,
55.635,2.55E-05,0.000228203,0.000719098,,,,,,,,,,
55.64,0.000336737,0.000914345,0.001737997,,,,,,,,,,
55.645,0.000645934,0.001595144,0.002748351,,,,,,,,,,
55.65,0.000951739,0.002267912,0.003746006,,,,,,,,,,
55.655,0.001253003,0.002929986,0.004726631,,,,,,,,,,
55.66,0.001548389,0.00357865,0.005686063,,,,,,,,,,
55.665,0.001836611,0.004211323,0.006620436,,,,,,,,,,
55.67,0.00211648,0.004825621,0.007525621,,,,,,,,,,
55.675,0.002386783,0.005418842,0.008397873,,,,,,,,,,
55.68,0.002646405,0.005988706,0.009233503,,,,,,,,,,
55.685,0.002894258,0.00653304,0.010029048,,,,,,,,,,
55.69,0.003129282,0.007049565,0.010781116,,,,,,,,,,
55.695,0.003350504,0.007536122,0.011486533,,,,,,,,,,
55.7,0.003557013,0.007990963,0.012142366,,,,,,,,,,
55.705,0.00374791,0.008412119,0.012745841,,,,,,,,,,
55.71,0.003922405,0.00879792,0.013294481,,,,,,,,,,
55.715,0.004079759,0.009146874,0.013786033,,,,,,,,,,
55.72,0.004219339,0.009457561,0.0142183,,,,,,,,,,
55.725,0.004340546,0.009728634,0.014589683,,,,,,,,,,
55.73,0.004442851,0.00995915,0.014898538,,,,,,,,,,
55.735,0.004525919,0.010148146,0.015143633,,,,,,,,,,
55.74,0.004589331,0.010294891,0.015324001,,,,,,,,,,
55.745,0.004632839,0.010398702,0.01543888,,,,,,,,,,
55.75,0.004656289,0.010459266,0.015487865,,,,,,,,,,
55.755,0.00465967,0.01047631,0.015470811,,,,,,,,,,
55.76,0.004642908,0.010449845,0.015387937,,,,,,,,,,
55.765,0.004606087,0.010379799,0.015239493,,,,,,,,,,
55.77,0.004549486,0.010266647,0.015026258,,,,,,,,,,
55.775,0.00447332,0.010110862,0.01474931,,,,,,,,,,
55.78,0.00437793,0.009912968,0.014409707,,,,,,,,,,
55.785,0.004263847,0.009673851,0.014009062,,,,,,,,,,
55.79,0.004131501,0.009394598,0.013549203,,,,,,,,,,
55.795,0.003981537,0.009076204,0.013032011,,,,,,,,,,
55.8,0.003814644,0.008720044,0.012459834,,,,,,,,,,
55.805,0.003631527,0.008327746,0.011835181,,,,,,,,,,
55.81,0.003433002,0.007900818,0.011160787,,,,,,,,,,
55.815,0.003219998,0.007441003,0.010439426,,,,,,,,,,
55.82,0.002993457,0.00695035,0.009674434,,,,,,,,,,
55.825,0.002754423,0.00643089,0.008869007,,,,,,,,,,
55.83,0.002503885,0.005884677,0.008026564,,,,,,,,,,
55.835,0.002243068,0.00531417,0.007150923,,,,,,,,,,
55.84,0.001973015,0.004721767,0.006245674,,,,,,,,,,
55.845,0.001694992,0.0041098,0.00531476,,,,,,,,,,
55.85,0.001410231,0.003480965,0.004362209,,,,,,,,,,
55.855,0.001119996,0.002838017,0.003392131,,,,,,,,,,
55.86,0.000825553,0.002183486,0.00240858,,,,,,,,,,
55.865,0.000528298,0.00152017,0.001415772,,,,,,,,,,
55.87,0.000229445,0.000851175,0.000417995,,,,,,,,,,
55.875,-6.97E-05,0.000179065,-0.000580539,,,,,,,,,,
55.88,-0.00036769,-0.000493236,-0.001575647,,,,,,,,,,
55.885,-0.000663371,-0.001162709,-0.002562983,,,,,,,,,,
55.89,-0.000955343,-0.001826561,-0.003538475,,,,,,,,,,
55.895,-0.001242386,-0.002482095,-0.004497997,,,,,,,,,,
55.9,-0.001523169,-0.003126208,-0.005437463,,,,,,,,,,
55.905,-0.001796543,-0.003756207,-0.006352895,,,,,,,,,,
55.91,-0.002061219,-0.004369457,-0.007240614,,,,,,,,,,
55.915,-0.00231609,-0.004963252,-0.008096805,,,,,,,,,,
55.92,-0.002560063,-0.005534917,-0.00891782,,,,,,,,,,
55.925,-0.002792036,-0.006082101,-0.009700325,,,,,,,,,,
55.93,-0.003011004,-0.006602451,-0.010441135,,,,,,,,,,
55.935,-0.0032161,-0.007093529,-0.01113704,,,,,,,,,,
55.94,-0.003406348,-0.007553199,-0.011785314,,,,,,,,,,
55.945,-0.003580938,-0.007979636,-0.012383309,,,,,,,,,,
55.95,-0.003739171,-0.0083707,-0.012928491,,,,,,,,,,
55.955,-0.003880353,-0.008724732,-0.013418749,,,,,,,,,,
55.96,-0.004003867,-0.009040314,-0.013852135,,,,,,,,,,
55.965,-0.004109258,-0.009315921,-0.01422688,,,,,,,,,,
55.97,-0.004196128,-0.00955019,-0.014541517,,,,,,,,,,
55.975,-0.004264059,-0.009742312,-0.014794883,,,,,,,,,,
55.98,-0.004312827,-0.009891302,-0.014986045,,,,,,,,,,
55.985,-0.004342199,-0.009996398,-0.015114284,,,,,,,,,,
55.99,-0.004352075,-0.010057262,-0.015179259,,,,,,,,,,
55.995,-0.004342488,-0.01007359,-0.015180752,,,,,,,,,,
56,-0.004313494,-0.010045152,-0.015118958,,,,,,,,,,
56.005,-0.004265246,-0.009972099,-0.014994242,,,,,,,,,,
56.01,-0.004198107,-0.00985484,-0.014807252,,,,,,,,,,
56.015,-0.004112315,-0.009693762,-0.014559024,,,,,,,,,,
56.02,-0.004008264,-0.009489493,-0.01425057,,,,,,,,,,
56.025,-0.003886495,-0.009242985,-0.01388341,,,,,,,,,,
56.03,-0.003747526,-0.008955343,-0.013459287,,,,,,,,,,
56.035,-0.003592087,-0.008627642,-0.012980032,,,,,,,,,,
56.04,-0.003420843,-0.008261428,-0.01244778,,,,,,,,,,
56.045,-0.003234624,-0.007858293,-0.01186488,,,,,,,,,,
56.05,-0.003034236,-0.007419915,-0.011233953,,,,,,,,,,
56.055,-0.00282062,-0.006948307,-0.010557641,,,,,,,,,,
56.06,-0.002594668,-0.006445555,-0.009838971,,,,,,,,,,
56.065,-0.002357408,-0.005913801,-0.009081082,,,,,,,,,,
56.07,-0.002109912,-0.005355262,-0.008287076,,,,,,,,,,
56.075,-0.001853288,-0.004772602,-0.007460519,,,,,,,,,,
56.08,-0.001588654,-0.004168259,-0.006604899,,,,,,,,,,
56.085,-0.001317153,-0.00354489,-0.005723791,,,,,,,,,,
56.09,-0.001040129,-0.002905243,-0.004820954,,,,,,,,,,
56.095,-0.000758664,-0.002252223,-0.003900208,,,,,,,,,,
56.1,-0.000473967,-0.001588517,-0.002965511,,,,,,,,,,
56.105,-0.000187376,-0.000917071,-0.002020649,,,,,,,,,,
56.11,9.99E-05,-0.000240973,-0.001069748,,,,,,,,,,
56.115,0.000386666,0.000436964,-0.000116676,,,,,,,,,,
56.12,0.000671719,0.001113745,0.000834651,,,,,,,,,,
56.125,0.000953746,0.001786327,0.001780157,,,,,,,,,,
56.13,0.001231567,0.002451753,0.002716065,,,,,,,,,,
56.135,0.001503985,0.00310722,0.003638408,,,,,,,,,,
56.14,0.001769916,0.003749839,0.004543487,,,,,,,,,,
56.145,0.002028179,0.004376792,0.005427532,,,,,,,,,,
56.15,0.002277768,0.004985366,0.006286886,,,,,,,,,,
56.155,0.002517577,0.005572936,0.007118175,,,,,,,,,,
56.16,0.002746628,0.006136954,0.007917871,,,,,,,,,,
56.165,0.002963999,0.00667495,0.008682889,,,,,,,,,,
56.17,0.003168661,0.007184722,0.009410043,,,,,,,,,,
56.175,0.003359916,0.007663977,0.010096478,,,,,,,,,,
56.18,0.003536931,0.008110735,0.010739422,,,,,,,,,,
56.185,0.003699057,0.00852306,0.011336333,,,,,,,,,,
56.19,0.003845594,0.008899302,0.011884922,,,,,,,,,,
56.195,0.003976068,0.009237742,0.012382908,,,,,,,,,,
56.2,0.004089941,0.009537123,0.012828452,,,,,,,,,,
56.205,0.004186657,0.009796095,0.013219865,,,,,,,,,,
56.21,0.004265949,0.01001366,0.013555569,,,,,,,,,,
56.215,0.004327532,0.010188936,0.013834432,,,,,,,,,,
56.22,0.004371243,0.010321279,0.014055342,,,,,,,,,,
56.225,0.004396843,0.010410173,0.014217535,,,,,,,,,,
56.23,0.004404365,0.010455299,0.014320535,,,,,,,,,,
56.235,0.004393792,0.010456624,0.014363963,,,,,,,,,,
56.24,0.004365281,0.01041431,0.014347873,,,,,,,,,,
56.245,0.004318837,0.010328449,0.01427241,,,,,,,,,,
56.25,0.004254789,0.010199549,0.014138042,,,,,,,,,,
56.255,0.004173472,0.010028382,0.013945494,,,,,,,,,,
56.26,0.004075221,0.00981567,0.013695662,,,,,,,,,,
56.265,0.003960577,0.009562389,0.013389703,,,,,,,,,,
56.27,0.003829946,0.009269898,0.013028932,,,,,,,,,,
56.275,0.003684006,0.008939378,0.012615113,,,,,,,,,,
56.28,0.003523341,0.008572324,0.012149909,,,,,,,,,,
56.285,0.003348638,0.008170499,0.011635442,,,,,,,,,,
56.29,0.003160647,0.007735678,0.011074006,,,,,,,,,,
56.295,0.002960153,0.00726961,0.010467836,,,,,,,,,,
56.3,0.002747998,0.006774552,0.00981965,,,,,,,,,,
56.305,0.002525083,0.006252661,0.009132235,,,,,,,,,,
56.31,0.002292304,0.005706104,0.008408357,,,,,,,,,,
56.315,0.002050728,0.005137311,0.007651169,,,,,,,,,,
56.32,0.001801267,0.004548754,0.006863864,,,,,,,,,,
56.325,0.001544839,0.003942839,0.006049752,,,,,,,,,,
56.33,0.001282648,0.003322169,0.005212213,,,,,,,,,,
56.335,0.001015678,0.002689504,0.004354803,,,,,,,,,,
56.34,0.000744998,0.002047342,0.003481097,,,,,,,,,,
56.345,0.00047172,0.001398402,0.002594653,,,,,,,,,,
56.35,0.000196886,0.000745413,0.001699241,,,,,,,,,,
56.355,-7.83E-05,9.11E-05,0.00079858,,,,,,,,,,
56.36,-0.000352777,-0.000561887,-0.000103632,,,,,,,,,,
56.365,-0.000625586,-0.00121091,-0.001003675,,,,,,,,,,
56.37,-0.000895591,-0.001853299,-0.001897783,,,,,,,,,,
56.375,-0.001161764,-0.00248646,-0.002782201,,,,,,,,,,
56.38,-0.001422976,-0.003107858,-0.003653437,,,,,,,,,,
56.385,-0.001678335,-0.003715031,-0.004507774,,,,,,,,,,
56.39,-0.001926796,-0.004305498,-0.005341687,,,,,,,,,,
56.395,-0.0021674,-0.004877129,-0.006151872,,,,,,,,,,
56.4,-0.002399172,-0.005427479,-0.006934853,,,,,,,,,,
56.405,-0.002621421,-0.005954514,-0.007687425,,,,,,,,,,
56.41,-0.002833107,-0.006456323,-0.008406583,,,,,,,,,,
56.415,-0.003033504,-0.006930915,-0.009089343,,,,,,,,,,
56.42,-0.003221854,-0.00737641,-0.009732837,,,,,,,,,,
56.425,-0.003397514,-0.007791412,-0.010334461,,,,,,,,,,
56.43,-0.00355965,-0.008174222,-0.010891884,,,,,,,,,,
56.435,-0.003707821,-0.00852341,-0.011402617,,,,,,,,,,
56.44,-0.00384147,-0.008837914,-0.011864688,,,,,,,,,,
56.445,-0.003960018,-0.00911663,-0.012276243,,,,,,,,,,
56.45,-0.004063168,-0.009358447,-0.012635473,,,,,,,,,,
56.455,-0.004150442,-0.009562756,-0.012941037,,,,,,,,,,
56.46,-0.004221535,-0.009728965,-0.0131917,,,,,,,,,,
56.465,-0.004276313,-0.009856446,-0.013386419,,,,,,,,,,
56.47,-0.004314498,-0.009944933,-0.013524387,,,,,,,,,,
56.475,-0.00433592,-0.009994386,-0.013605102,,,,,,,,,,
56.48,-0.004340631,-0.010004677,-0.013628335,,,,,,,,,,
56.485,-0.004328629,-0.009975938,-0.013593807,,,,,,,,,,
56.49,-0.004299918,-0.009908665,-0.013501877,,,,,,,,,,
56.495,-0.00425465,-0.009803148,-0.013352884,,,,,,,,,,
56.5,-0.004193032,-0.009659931,-0.013147375,,,,,,,,,,
56.505,-0.004115404,-0.009479992,-0.012886438,,,,,,,,,,
56.51,-0.004021937,-0.009264069,-0.012571027,,,,,,,,,,
56.515,-0.003913068,-0.009013039,-0.012202494,,,,,,,,,,
56.52,-0.003789334,-0.008728349,-0.011782396,,,,,,,,,,
56.525,-0.003651064,-0.008411149,-0.011312597,,,,,,,,,,
56.53,-0.003498897,-0.008062649,-0.010794914,,,,,,,,,,
56.535,-0.00333345,-0.00768461,-0.010231574,,,,,,,,,,
56.54,-0.003155344,-0.00727862,-0.009625088,,,,,,,,,,
56.545,-0.002965265,-0.006846171,-0.00897773,,,,,,,,,,
56.55,-0.002764049,-0.006389247,-0.008292392,,,,,,,,,,
56.555,-0.002552325,-0.005909819,-0.007572024,,,,,,,,,,
56.56,-0.002331033,-0.005409652,-0.006819402,,,,,,,,,,
56.565,-0.002101076,-0.004890885,-0.006037855,,,,,,,,,,
56.57,-0.001863217,-0.004355723,-0.005230647,,,,,,,,,,
56.575,-0.001618429,-0.003806143,-0.00440116,,,,,,,,,,
56.58,-0.001367815,-0.003244387,-0.003552768,,,,,,,,,,
56.585,-0.001112195,-0.002672891,-0.002689224,,,,,,,,,,
56.59,-0.000852544,-0.002093703,-0.001813989,,,,,,,,,,
56.595,-0.000590106,-0.001509158,-0.000930736,,,,,,,,,,
56.6,-0.000325675,-0.000921713,-4.33E-05,,,,,,,,,,
56.605,-6.04E-05,-0.000333532,0.000844621,,,,,,,,,,
56.61,0.000204597,0.000253109,0.001729425,,,,,,,,,,
56.615,0.000468432,0.000835752,0.002607225,,,,,,,,,,
56.62,0.00072995,0.001412249,0.003474403,,,,,,,,,,
56.625,0.000988103,0.001980279,0.004327356,,,,,,,,,,
56.63,0.001241935,0.002537698,0.005162436,,,,,,,,,,
56.635,0.001490408,0.003082175,0.0059761,,,,,,,,,,
56.64,0.001732451,0.003611792,0.006765091,,,,,,,,,,
56.645,0.001967165,0.004124389,0.007525887,,,,,,,,,,
56.65,0.002193606,0.004617967,0.00825533,,,,,,,,,,
56.655,0.002410869,0.005090616,0.008950462,,,,,,,,,,
56.66,0.002617951,0.005540591,0.009608232,,,,,,,,,,
56.665,0.002814175,0.005965993,0.010225855,,,,,,,,,,
56.67,0.002998608,0.006365216,0.010800821,,,,,,,,,,
56.675,0.003170474,0.006736834,0.011330629,,,,,,,,,,
56.68,0.003329134,0.007079225,0.011813042,,,,,,,,,,
56.685,0.003473861,0.007391061,0.012246057,,,,,,,,,,
56.69,0.003604087,0.007671287,0.012627849,,,,,,,,,,
56.695,0.003719292,0.007918617,0.012956731,,,,,,,,,,
56.7,0.003818884,0.008132119,0.013231356,,,,,,,,,,
56.705,0.003902529,0.008310994,0.013450574,,,,,,,,,,
56.71,0.003969761,0.008454581,0.013613465,,,,,,,,,,
56.715,0.00402035,0.008562087,0.013719245,,,,,,,,,,
56.72,0.004053991,0.008633266,0.013767557,,,,,,,,,,
56.725,0.004070517,0.008667743,0.01375818,,,,,,,,,,
56.73,0.004069938,0.008665394,0.013691082,,,,,,,,,,
56.735,0.004052113,0.008626143,0.013566587,,,,,,,,,,
56.74,0.004017064,0.008550255,0.013385207,,,,,,,,,,
56.745,0.003965001,0.008437954,0.013147669,,,,,,,,,,
56.75,0.003896027,0.008289618,0.012854962,,,,,,,,,,
56.755,0.003810366,0.008105865,0.012508415,,,,,,,,,,
56.76,0.003708451,0.007887429,0.012109423,,,,,,,,,,
56.765,0.003590579,0.007635039,0.011659579,,,,,,,,,,
56.77,0.003457268,0.007349825,0.01116092,,,,,,,,,,
56.775,0.003309076,0.007032912,0.010615445,,,,,,,,,,
56.78,0.003146551,0.006685495,0.010025458,,,,,,,,,,
56.785,0.002970378,0.006308934,0.009393446,,,,,,,,,,
56.79,0.002781271,0.005904882,0.008722051,,,,,,,,,,
56.795,0.00258004,0.005474837,0.00801419,,,,,,,,,,
56.8,0.002367379,0.005020563,0.007272652,,,,,,,,,,
56.805,0.002144371,0.004543962,0.006500768,,,,,,,,,,
56.81,0.001911802,0.004047059,0.005701612,,,,,,,,,,
56.815,0.001670653,0.003531719,0.004878524,,,,,,,,,,
56.82,0.001422106,0.003000273,0.004035051,,,,,,,,,,
56.825,0.001167056,0.002454884,0.003174718,,,,,,,,,,
56.83,0.000906635,0.00189772,0.002301053,,,,,,,,,,
56.835,0.000641961,0.001331184,0.001417718,,,,,,,,,,
56.84,0.000374138,0.000757755,0.000528547,,,,,,,,,,
56.845,0.000104393,0.000179839,-0.000362864,,,,,,,,,,
56.85,-0.000166094,-0.000400263,-0.001252848,,,,,,,,,,
56.855,-0.000436251,-0.00097979,-0.002137477,,,,,,,,,,
56.86,-0.000704692,-0.001556389,-0.003013273,,,,,,,,,,
56.865,-0.000970372,-0.002127516,-0.003876559,,,,,,,,,,
56.87,-0.001232148,-0.002690701,-0.004723585,,,,,,,,,,
56.875,-0.001488763,-0.00324333,-0.005550954,,,,,,,,,,
56.88,-0.001739274,-0.003783173,-0.006355309,,,,,,,,,,
56.885,-0.001982335,-0.004307637,-0.007133138,,,,,,,,,,
56.89,-0.002216958,-0.004814323,-0.007881264,,,,,,,,,,
56.895,-0.002442078,-0.005301102,-0.008596766,,,,,,,,,,
56.9,-0.002656653,-0.005765667,-0.009276482,,,,,,,,,,
56.905,-0.002859736,-0.006205758,-0.009917673,,,,,,,,,,
56.91,-0.003050435,-0.006619515,-0.010517821,,,,,,,,,,
56.915,-0.003227784,-0.007004932,-0.011074298,,,,,,,,,,
56.92,-0.003391065,-0.007360101,-0.01158486,,,,,,,,,,
56.925,-0.003539567,-0.007683463,-0.012047523,,,,,,,,,,
56.93,-0.0036724,-0.007973373,-0.012460397,,,,,,,,,,
56.935,-0.003789078,-0.008228222,-0.012821712,,,,,,,,,,
56.94,-0.003889018,-0.008446945,-0.013130138,,,,,,,,,,
56.945,-0.003971744,-0.008628239,-0.013384462,,,,,,,,,,
56.95,-0.0040369,-0.008771195,-0.013583549,,,,,,,,,,
56.955,-0.004084207,-0.008874971,-0.013726772,,,,,,,,,,
56.96,-0.00411327,-0.008938921,-0.013813555,,,,,,,,,,
56.965,-0.004124109,-0.008962497,-0.013843551,,,,,,,,,,
56.97,-0.004116666,-0.008945557,-0.013816796,,,,,,,,,,
56.975,-0.004090694,-0.008887757,-0.01373349,,,,,,,,,,
56.98,-0.004046462,-0.008789257,-0.013593976,,,,,,,,,,
56.985,-0.003984178,-0.008650361,-0.013398898,,,,,,,,,,
56.99,-0.003903949,-0.0084714,-0.013149217,,,,,,,,,,
56.995,-0.0038063,-0.008253051,-0.012845922,,,,,,,,,,
57,-0.003691546,-0.007996137,-0.012490356,,,,,,,,,,
57.005,-0.00356023,-0.007701542,-0.012084158,,,,,,,,,,
57.01,-0.003412856,-0.007370393,-0.011628997,,,,,,,,,,
57.015,-0.003250139,-0.007004114,-0.011126836,,,,,,,,,,
57.02,-0.003072726,-0.006604049,-0.010579919,,,,,,,,,,
57.025,-0.00288147,-0.006171898,-0.00999048,,,,,,,,,,
57.03,-0.002677144,-0.005709441,-0.009361027,,,,,,,,,,
57.035,-0.002460867,-0.005218617,-0.008694245,,,,,,,,,,
57.04,-0.002233424,-0.004701521,-0.007992948,,,,,,,,,,
57.045,-0.001995909,-0.004160325,-0.007260038,,,,,,,,,,
57.05,-0.001749417,-0.003597385,-0.006498679,,,,,,,,,,
57.055,-0.001494848,-0.003015083,-0.005712049,,,,,,,,,,
57.06,-0.001233538,-0.002415947,-0.004903405,,,,,,,,,,
57.065,-0.000966609,-0.001802634,-0.004076165,,,,,,,,,,
57.07,-0.000695183,-0.001177842,-0.003233795,,,,,,,,,,
57.075,-0.000420569,-0.000544196,-0.002379731,,,,,,,,,,
57.08,-0.000144041,9.53E-05,-0.001517573,,,,,,,,,,
57.085,0.000133315,0.000737964,-0.000650902,,,,,,,,,,
57.09,0.00041016,0.00138093,0.000216692,,,,,,,,,,
57.095,0.000685255,0.002021326,0.001081636,,,,,,,,,,
57.1,0.000957498,0.002656245,0.001940218,,,,,,,,,,
57.105,0.001225573,0.003283022,0.002789005,,,,,,,,,,
57.11,0.00148824,0.003898694,0.003624512,,,,,,,,,,
57.115,0.00174446,0.004500488,0.004443187,,,,,,,,,,
57.12,0.001993062,0.005085808,0.005241737,,,,,,,,,,
57.125,0.002232829,0.005651926,0.006016929,,,,,,,,,,
57.13,0.002462964,0.006196348,0.006765434,,,,,,,,,,
57.135,0.002682364,0.00671658,0.007484292,,,,,,,,,,
57.14,0.002890007,0.007210324,0.008170564,,,,,,,,,,
57.145,0.003085207,0.007675354,0.008821354,,,,,,,,,,
57.15,0.003267007,0.008109534,0.009434024,,,,,,,,,,
57.155,0.003434609,0.008510889,0.010006227,,,,,,,,,,
57.16,0.003587339,0.00887775,0.010535451,,,,,,,,,,
57.165,0.003724617,0.009208285,0.011019632,,,,,,,,,,
57.17,0.003845837,0.009501117,0.011456821,,,,,,,,,,
57.175,0.003950539,0.00975507,0.011845212,,,,,,,,,,
57.18,0.0040384,0.009968829,0.012183267,,,,,,,,,,
57.185,0.004109028,0.010141413,0.012469625,,,,,,,,,,
57.19,0.004162186,0.010272334,0.012703199,,,,,,,,,,
57.195,0.004197768,0.010360776,0.012883036,,,,,,,,,,
57.2,0.004215654,0.010406374,0.013008474,,,,,,,,,,
57.205,0.004215775,0.010409092,0.013079057,,,,,,,,,,
57.21,0.004198414,0.010368881,0.013094552,,,,,,,,,,
57.215,0.004163594,0.010285878,0.013054921,,,,,,,,,,
57.22,0.004111625,0.010160638,0.012960396,,,,,,,,,,
57.225,0.004042834,0.009993731,0.012811496,,,,,,,,,,
57.23,0.003957556,0.00978587,0.012608805,,,,,,,,,,
57.235,0.003856269,0.009538059,0.012353271,,,,,,,,,,
57.24,0.003739442,0.009251511,0.012046062,,,,,,,,,,
57.245,0.003607785,0.008927519,0.011688456,,,,,,,,,,
57.25,0.003461854,0.008567494,0.011281997,,,,,,,,,,
57.255,0.003302469,0.008173175,0.010828432,,,,,,,,,,
57.26,0.003130358,0.007746435,0.010329782,,,,,,,,,,
57.265,0.002946366,0.007288985,0.009788028,,,,,,,,,,
57.27,0.002751357,0.00680298,0.009205639,,,,,,,,,,
57.275,0.002546307,0.00629076,0.008585087,,,,,,,,,,
57.28,0.002331948,0.005754293,0.007928966,,,,,,,,,,
57.285,0.002109514,0.005196092,0.007240079,,,,,,,,,,
57.29,0.001879958,0.00461881,0.006521371,,,,,,,,,,
57.295,0.001644221,0.004024798,0.005775906,,,,,,,,,,
57.3,0.001403454,0.003416588,0.00500678,,,,,,,,,,
57.305,0.001158723,0.002797142,0.004217317,,,,,,,,,,
57.31,0.000911025,0.002168896,0.003410928,,,,,,,,,,
57.315,0.000661441,0.001534493,0.002590881,,,,,,,,,,
57.32,0.00041108,0.000896896,0.001760868,,,,,,,,,,
57.325,0.000160933,0.00025868,0.000924271,,,,,,,,,,
57.33,-8.79E-05,-0.000377508,8.47E-05,,,,,,,,,,
57.335,-0.00033425,-0.00100891,-0.000754322,,,,,,,,,,
57.34,-0.000577298,-0.001632862,-0.001589239,,,,,,,,,,
57.345,-0.000815959,-0.002246949,-0.00241642,,,,,,,,,,
57.35,-0.001049192,-0.002848514,-0.00323238,,,,,,,,,,
57.355,-0.001276254,-0.003435175,-0.004033643,,,,,,,,,,
57.36,-0.001496185,-0.004004626,-0.004816824,,,,,,,,,,
57.365,-0.001708022,-0.004554594,-0.005578532,,,,,,,,,,
57.37,-0.001911113,-0.005082806,-0.00631552,,,,,,,,,,
57.375,-0.002104634,-0.0055873,-0.007024786,,,,,,,,,,
57.38,-0.002287776,-0.006066265,-0.007703088,,,,,,,,,,
57.385,-0.002460054,-0.006517647,-0.008347747,,,,,,,,,,
57.39,-0.002620774,-0.006939971,-0.008955913,,,,,,,,,,
57.395,-0.002769434,-0.007331713,-0.0095249,,,,,,,,,,
57.4,-0.002905489,-0.00769147,-0.010052439,,,,,,,,,,
57.405,-0.003028545,-0.008017935,-0.010536164,,,,,,,,,,
57.41,-0.003138208,-0.008310282,-0.010974061,,,,,,,,,,
57.415,-0.003234137,-0.008567312,-0.011364234,,,,,,,,,,
57.42,-0.003316122,-0.008788375,-0.011705032,,,,,,,,,,
57.425,-0.003383871,-0.008972969,-0.01199497,,,,,,,,,,
57.43,-0.003437337,-0.009120582,-0.012232841,,,,,,,,,,
57.435,-0.003476511,-0.009230944,-0.012417643,,,,,,,,,,
57.44,-0.003501312,-0.009304013,-0.012548474,,,,,,,,,,
57.445,-0.003511623,-0.009339721,-0.012624899,,,,,,,,,,
57.45,-0.003507829,-0.009338281,-0.012646582,,,,,,,,,,
57.455,-0.003490009,-0.009300162,-0.012613392,,,,,,,,,,
57.46,-0.003458192,-0.009225738,-0.012525567,,,,,,,,,,
57.465,-0.003412805,-0.009115593,-0.012383383,,,,,,,,,,
57.47,-0.00335421,-0.008970741,-0.012187498,,,,,,,,,,
57.475,-0.003282662,-0.00879195,-0.011938824,,,,,,,,,,
57.48,-0.003198627,-0.008580284,-0.011638374,,,,,,,,,,
57.485,-0.003102628,-0.008336894,-0.011287495,,,,,,,,,,
57.49,-0.002994928,-0.008063142,-0.010887653,,,,,,,,,,
57.495,-0.002876296,-0.007760329,-0.010440703,,,,,,,,,,
57.5,-0.00274722,-0.007430055,-0.009948448,,,,,,,,,,
57.505,-0.002608207,-0.007073857,-0.009413139,,,,,,,,,,
57.51,-0.002460051,-0.00669343,-0.008836989,,,,,,,,,,
57.515,-0.002303417,-0.006290522,-0.008222563,,,,,,,,,,
57.52,-0.002138833,-0.005866965,-0.007572517,,,,,,,,,,
57.525,-0.001967167,-0.005424669,-0.006889705,,,,,,,,,,
57.53,-0.001789133,-0.004965528,-0.006177038,,,,,,,,,,
57.535,-0.001605341,-0.004491545,-0.005437638,,,,,,,,,,
57.54,-0.001416679,-0.004004744,-0.004674714,,,,,,,,,,
57.545,-0.001223916,-0.00350718,-0.003891543,,,,,,,,,,
57.55,-0.001027846,-0.003000885,-0.003091535,,,,,,,,,,
57.555,-0.000829233,-0.002488111,-0.002278163,,,,,,,,,,
57.56,-0.000628816,-0.00197074,-0.00145489,,,,,,,,,,
57.565,-0.000427437,-0.001450931,-0.000625272,,,,,,,,,,
57.57,-0.000225814,-0.000930894,0.000206984,,,,,,,,,,
57.575,-2.48E-05,-0.000412541,0.001038395,,,,,,,,,,
57.58,0.000174979,0.000102164,0.001865447,,,,,,,,,,
57.585,0.000372647,0.000611028,0.002684421,,,,,,,,,,
57.59,0.000567409,0.001112127,0.003491907,,,,,,,,,,
57.595,0.00075858,0.00160372,0.004284473,,,,,,,,,,
57.6,0.000945531,0.002083703,0.005058621,,,,,,,,,,
57.605,0.001127485,0.002550427,0.005811086,,,,,,,,,,
57.61,0.001303721,0.003002192,0.006538689,,,,,,,,,,
57.615,0.001473721,0.003437295,0.007238331,,,,,,,,,,
57.62,0.001636776,0.003854034,0.00790687,,,,,,,,,,
57.625,0.001792295,0.004251042,0.008541795,,,,,,,,,,
57.63,0.001939621,0.004626863,0.009140288,,,,,,,,,,
57.635,0.002078397,0.004979948,0.009699754,,,,,,,,,,
57.64,0.002207971,0.00530927,0.010218003,,,,,,,,,,
57.645,0.002327942,0.00561362,0.010692824,,,,,,,,,,
57.65,0.002437895,0.00589187,0.011122245,,,,,,,,,,
57.655,0.002537358,0.006142995,0.011504509,,,,,,,,,,
57.66,0.00262605,0.006366428,0.011838151,,,,,,,,,,
57.665,0.002703553,0.006561012,0.012121823,,,,,,,,,,
57.67,0.002769545,0.006726262,0.012354296,,,,,,,,,,
57.675,0.002823785,0.006861782,0.012534924,,,,,,,,,,
57.68,0.002866157,0.006966999,0.012662898,,,,,,,,,,
57.685,0.002896334,0.007041496,0.012737733,,,,,,,,,,
57.69,0.002914331,0.007085255,0.012759364,,,,,,,,,,
57.695,0.002919989,0.007098112,0.012727796,,,,,,,,,,
57.7,0.002913254,0.00707993,0.012643309,,,,,,,,,,
57.705,0.002894114,0.007030966,0.012506287,,,,,,,,,,
57.71,0.002862591,0.006951429,0.012317717,,,,,,,,,,
57.715,0.002818775,0.006841597,0.012078328,,,,,,,,,,
57.72,0.002762824,0.006701891,0.011789234,,,,,,,,,,
57.725,0.002694931,0.006533035,0.011452061,,,,,,,,,,
57.73,0.002615211,0.006335476,0.01106815,,,,,,,,,,
57.735,0.002524075,0.006110032,0.010639302,,,,,,,,,,
57.74,0.00242167,0.005857695,0.010167517,,,,,,,,,,
57.745,0.002308259,0.005579249,0.009654958,,,,,,,,,,
57.75,0.002184395,0.005275823,0.009103751,,,,,,,,,,
57.755,0.002050429,0.004948625,0.008516526,,,,,,,,,,
57.76,0.001906756,0.004598906,0.007895813,,,,,,,,,,
57.765,0.001753966,0.004227817,0.007244156,,,,,,,,,,
57.77,0.001592544,0.003837035,0.006564585,,,,,,,,,,
57.775,0.001423114,0.003427942,0.005860069,,,,,,,,,,
57.78,0.001246224,0.003002058,0.005133432,,,,,,,,,,
57.785,0.00106242,0.002561016,0.00438795,,,,,,,,,,
57.79,0.000872523,0.002106591,0.003626778,,,,,,,,,,
57.795,0.000677198,0.001640531,0.002853078,,,,,,,,,,
57.8,0.000477146,0.001164601,0.002070123,,,,,,,,,,
57.805,0.000273162,0.000680794,0.001281225,,,,,,,,,,
57.81,6.60E-05,0.000190889,0.000489591,,,,,,,,,,
57.815,-0.000143562,-0.000303066,-0.000301506,,,,,,,,,,
57.82,-0.000354672,-0.000799136,-0.001088602,,,,,,,,,,
57.825,-0.000566637,-0.00129528,-0.001868727,,,,,,,,,,
57.83,-0.000778473,-0.001789593,-0.002638613,,,,,,,,,,
57.835,-0.000989337,-0.002279823,-0.003395156,,,,,,,,,,
57.84,-0.001198457,-0.002764103,-0.00413533,,,,,,,,,,
57.845,-0.001404886,-0.003240304,-0.004856189,,,,,,,,,,
57.85,-0.001607725,-0.003706444,-0.00555489,,,,,,,,,,
57.855,-0.001806224,-0.004160542,-0.006228662,,,,,,,,,,
57.86,-0.00199953,-0.004600639,-0.006874873,,,,,,,,,,
57.865,-0.002186704,-0.005024767,-0.007491024,,,,,,,,,,
57.87,-0.002367018,-0.005431057,-0.008074715,,,,,,,,,,
57.875,-0.002539564,-0.00581765,-0.00862382,,,,,,,,,,
57.88,-0.002703551,-0.006182763,-0.009136263,,,,,,,,,,
57.885,-0.002858268,-0.006524743,-0.009610105,,,,,,,,,,
57.89,-0.003002928,-0.006841818,-0.010043612,,,,,,,,,,
57.895,-0.003136745,-0.007132535,-0.010435259,,,,,,,,,,
57.9,-0.003259305,-0.007395474,-0.010783655,,,,,,,,,,
57.905,-0.003369811,-0.007629149,-0.011087569,,,,,,,,,,
57.91,-0.003467593,-0.007832382,-0.011346003,,,,,,,,,,
57.915,-0.003552189,-0.008003949,-0.01155814,,,,,,,,,,
57.92,-0.003623104,-0.008142882,-0.011723316,,,,,,,,,,
57.925,-0.003679848,-0.008248248,-0.011841161,,,,,,,,,,
57.93,-0.003722002,-0.008319296,-0.011911327,,,,,,,,,,
57.935,-0.00374929,-0.008355312,-0.011933739,,,,,,,,,,
57.94,-0.00376139,-0.008355951,-0.011908561,,,,,,,,,,
57.945,-0.003758123,-0.008320731,-0.01183602,,,,,,,,,,
57.95,-0.003739237,-0.008249446,-0.011716624,,,,,,,,,,
57.955,-0.003704691,-0.008142128,-0.011551116,,,,,,,,,,
57.96,-0.003654383,-0.007998751,-0.011340191,,,,,,,,,,
57.965,-0.003588505,-0.007819575,-0.011084921,,,,,,,,,,
57.97,-0.003506974,-0.007605043,-0.010786496,,,,,,,,,,
57.975,-0.003410104,-0.007355766,-0.010446224,,,,,,,,,,
57.98,-0.003298166,-0.007072334,-0.010065553,,,,,,,,,,
57.985,-0.003171339,-0.006755691,-0.009646097,,,,,,,,,,
57.99,-0.003030044,-0.0064068,-0.009189723,,,,,,,,,,
57.995,-0.002874798,-0.006026887,-0.008698231,,,,,,,,,,
58,-0.002706035,-0.005617205,-0.008173685,,,,,,,,,,
58.005,-0.002524288,-0.005179282,-0.007618216,,,,,,,,,,
58.01,-0.002330265,-0.004714663,-0.007034061,,,,,,,,,,
58.015,-0.00212468,-0.004225115,-0.006423479,,,,,,,,,,
58.02,-0.001908271,-0.003712542,-0.005789041,,,,,,,,,,
58.025,-0.001681766,-0.003178879,-0.005133256,,,,,,,,,,
58.03,-0.001446185,-0.002626138,-0.004458556,,,,,,,,,,
58.035,-0.001202298,-0.002056539,-0.003767735,,,,,,,,,,
58.04,-0.000951132,-0.001472495,-0.003063574,,,,,,,,,,
58.045,-0.000693738,-0.000876176,-0.002348604,,,,,,,,,,
58.05,-0.000431047,-0.0002701,-0.00162573,,,,,,,,,,
58.055,-0.000164249,0.000343135,-0.000897819,,,,,,,,,,
58.06,0.000105543,0.00096109,-0.000167535,,,,,,,,,,
58.065,0.000377304,0.001581177,0.0005622,,,,,,,,,,
58.07,0.000649892,0.00220061,0.001288499,,,,,,,,,,
58.075,0.000922046,0.002816851,0.002008643,,,,,,,,,,
58.08,0.0011927,0.00342733,0.002719874,,,,,,,,,,
58.085,0.001460737,0.004029197,0.003419299,,,,,,,,,,
58.09,0.00172486,0.004619943,0.004104331,,,,,,,,,,
58.095,0.001983941,0.005196972,0.004772254,,,,,,,,,,
58.1,0.002236882,0.005757677,0.005420442,,,,,,,,,,
58.105,0.002482539,0.006299605,0.006046427,,,,,,,,,,
58.11,0.002719822,0.006820334,0.00664765,,,,,,,,,,
58.115,0.002947683,0.007317506,0.007221753,,,,,,,,,,
58.12,0.003164994,0.007788869,0.007766446,,,,,,,,,,
58.125,0.003370933,0.008232324,0.008279527,,,,,,,,,,
58.13,0.003564414,0.008645785,0.008758966,,,,,,,,,,
58.135,0.003744532,0.009027361,0.009202713,,,,,,,,,,
58.14,0.003910533,0.00937522,0.009608986,,,,,,,,,,
58.145,0.0040616,0.009687818,0.009976,,,,,,,,,,
58.15,0.004197028,0.009963671,0.010302278,,,,,,,,,,
58.155,0.004316201,0.010201382,0.010586259,,,,,,,,,,
58.16,0.004418498,0.010399895,0.010826682,,,,,,,,,,
58.165,0.00450346,0.010558224,0.011022431,,,,,,,,,,
58.17,0.00457063,0.010675462,0.011172488,,,,,,,,,,
58.175,0.004619706,0.010751152,0.011276088,,,,,,,,,,
58.18,0.004650351,0.010784799,0.01133255,,,,,,,,,,
58.185,0.004662449,0.010776134,0.01134132,,,,,,,,,,
58.19,0.004655868,0.010725196,0.01130216,,,,,,,,,,
58.195,0.004630632,0.010632151,0.011214919,,,,,,,,,,
58.2,0.004586798,0.010497254,0.011079643,,,,,,,,,,
58.205,0.004524568,0.010321166,0.010896532,,,,,,,,,,
58.21,0.00444407,0.010104481,0.010666019,,,,,,,,,,
58.215,0.004345762,0.009848192,0.010388713,,,,,,,,,,
58.22,0.004230017,0.009553423,0.010065446,,,,,,,,,,
58.225,0.004097257,0.009221362,0.009697049,,,,,,,,,,
58.23,0.003948156,0.00885344,0.009284846,,,,,,,,,,
58.235,0.003783339,0.008451425,0.008830025,,,,,,,,,,
58.24,0.003603558,0.008016817,0.008334181,,,,,,,,,,
58.245,0.003409588,0.007551739,0.007799007,,,,,,,,,,
58.25,0.003202242,0.007058199,0.007226358,,,,,,,,,,
58.255,0.002982474,0.006538247,0.006618178,,,,,,,,,,
58.26,0.002751295,0.005994316,0.00597685,,,,,,,,,,
58.265,0.002509659,0.005428843,0.005304615,,,,,,,,,,
58.27,0.002258676,0.004844123,0.00460395,,,,,,,,,,
58.275,0.001999467,0.004242908,0.003877579,,,,,,,,,,
58.28,0.001733216,0.003627905,0.003128324,,,,,,,,,,
58.285,0.001461122,0.00300163,0.002358933,,,,,,,,,,
58.29,0.001184346,0.002366965,0.001572639,,,,,,,,,,
58.295,0.000904143,0.001726709,0.000772516,,,,,,,,,,
58.3,0.000621806,0.001083526,-3.82E-05,,,,,,,,,,
58.305,0.000338578,0.00044036,-0.000856193,,,,,,,,,,
58.31,5.57E-05,-0.000200091,-0.001677996,,,,,,,,,,
58.315,-0.000225555,-0.000834962,-0.00250018,,,,,,,,,,
58.32,-0.000503884,-0.001461578,-0.003319217,,,,,,,,,,
58.325,-0.000778115,-0.002077169,-0.004131538,,,,,,,,,,
58.33,-0.001046987,-0.00267922,-0.004933642,,,,,,,,,,
58.335,-0.001309366,-0.00326503,-0.005721865,,,,,,,,,,
58.34,-0.001564113,-0.003832259,-0.006492709,,,,,,,,,,
58.345,-0.001810094,-0.004378452,-0.00724262,,,,,,,,,,
58.35,-0.00204627,-0.00490132,-0.007968069,,,,,,,,,,
58.355,-0.002271587,-0.005398802,-0.008665708,,,,,,,,,,
58.36,-0.002485042,-0.005868746,-0.009332103,,,,,,,,,,
58.365,-0.002685808,-0.006309312,-0.009963898,,,,,,,,,,
58.37,-0.002872978,-0.006718809,-0.010558126,,,,,,,,,,
58.375,-0.003045736,-0.007095632,-0.011111554,,,,,,,,,,
58.38,-0.003203489,-0.007438223,-0.011621312,,,,,,,,,,
58.385,-0.003345537,-0.00774553,-0.012084666,,,,,,,,,,
58.39,-0.00347126,-0.008016267,-0.012499087,,,,,,,,,,
58.395,-0.003580266,-0.008249559,-0.012862032,,,,,,,,,,
58.4,-0.003672029,-0.008444628,-0.01317142,,,,,,,,,,
58.405,-0.003746319,-0.008600914,-0.013425273,,,,,,,,,,
58.41,-0.003802882,-0.008717926,-0.013621608,,,,,,,,,,
58.415,-0.003841567,-0.008795586,-0.013759168,,,,,,,,,,
58.42,-0.003862218,-0.008833733,-0.013836474,,,,,,,,,,
58.425,-0.003865018,-0.008832534,-0.013852504,,,,,,,,,,
58.43,-0.003849914,-0.008792386,-0.013806613,,,,,,,,,,
58.435,-0.003817051,-0.008713607,-0.01369821,,,,,,,,,,
58.44,-0.003766783,-0.008596999,-0.013527111,,,,,,,,,,
58.445,-0.003699315,-0.00844332,-0.013293438,,,,,,,,,,
58.45,-0.003615149,-0.008253517,-0.012997516,,,,,,,,,,
58.455,-0.003514754,-0.008028826,-0.012639989,,,,,,,,,,
58.46,-0.00339866,-0.007770479,-0.012221829,,,,,,,,,,
58.465,-0.003267468,-0.007479852,-0.011744284,,,,,,,,,,
58.47,-0.003122048,-0.007158561,-0.011208853,,,,,,,,,,
58.475,-0.002962865,-0.006808317,-0.010617489,,,,,,,,,,
58.48,-0.002790973,-0.006430796,-0.009972256,,,,,,,,,,
58.485,-0.002607101,-0.006028037,-0.009275456,,,,,,,,,,
58.49,-0.002412195,-0.005601961,-0.008529962,,,,,,,,,,
58.495,-0.002207239,-0.005154704,-0.007738526,,,,,,,,,,
58.5,-0.001993269,-0.004688501,-0.006904432,,,,,,,,,,
58.505,-0.001771295,-0.004205506,-0.006031029,,,,,,,,,,
58.51,-0.001542388,-0.003708073,-0.005121969,,,,,,,,,,
58.515,-0.001307635,-0.00319861,-0.004181182,,,,,,,,,,
58.52,-0.001068131,-0.002679428,-0.003212634,,,,,,,,,,
58.525,-0.000825109,-0.002153036,-0.0022206,,,,,,,,,,
58.53,-0.000579538,-0.001621852,-0.001209403,,,,,,,,,,
58.535,-0.000332749,-0.001088273,-0.000183669,,,,,,,,,,
58.54,-8.59E-05,-0.000554825,0.000852109,,,,,,,,,,
58.545,0.000159945,-2.40E-05,0.001893099,,,,,,,,,,
58.55,0.000403634,0.000502002,0.002934543,,,,,,,,,,
58.555,0.000643892,0.001020589,0.003971714,,,,,,,,,,
58.56,0.000879849,0.001529453,0.004999547,,,,,,,,,,
58.565,0.001110266,0.002026394,0.006013313,,,,,,,,,,
58.57,0.001334031,0.002509129,0.007008183,,,,,,,,,,
58.575,0.001550287,0.002975438,0.007979367,,,,,,,,,,
58.58,0.001757926,0.003423349,0.008922125,,,,,,,,,,
58.585,0.001955919,0.003850678,0.009831909,,,,,,,,,,
58.59,0.002143585,0.00425565,0.010704294,,,,,,,,,,
58.595,0.002319871,0.004636403,0.011534867,,,,,,,,,,
58.6,0.002484044,0.004991221,0.012319549,,,,,,,,,,
58.605,0.00263539,0.005318504,0.013054382,,,,,,,,,,
58.61,0.002773151,0.005616774,0.013735623,,,,,,,,,,
58.615,0.002896705,0.005884648,0.014359883,,,,,,,,,,
58.62,0.003005547,0.006120866,0.014923835,,,,,,,,,,
58.625,0.003099024,0.006324347,0.015424649,,,,,,,,,,
58.63,0.003176766,0.006494047,0.01585961,,,,,,,,,,
58.635,0.003238464,0.006629307,0.016226433,,,,,,,,,,
58.64,0.003283653,0.006729184,0.0165231,,,,,,,,,,
58.645,0.003312298,0.006793259,0.016747976,,,,,,,,,,
58.65,0.003324126,0.006821182,0.016899806,,,,,,,,,,
58.655,0.003319036,0.006812484,0.016977601,,,,,,,,,,
58.66,0.003296999,0.006767109,0.016980835,,,,,,,,,,
58.665,0.003258102,0.006685216,0.016909342,,,,,,,,,,
58.67,0.003202397,0.006566766,0.016763249,,,,,,,,,,
58.675,0.003130144,0.00641217,0.016543144,,,,,,,,,,
58.68,0.003041611,0.006221955,0.016250023,,,,,,,,,,
58.685,0.002937062,0.005996561,0.015885091,,,,,,,,,,
58.69,0.00281699,0.005736774,0.015450066,,,,,,,,,,
58.695,0.002681704,0.005443603,0.014947102,,,,,,,,,,
58.7,0.002531841,0.00511792,0.014378489,,,,,,,,,,
58.705,0.002367866,0.004760877,0.013746886,,,,,,,,,,
58.71,0.002190531,0.004373809,0.013055549,,,,,,,,,,
58.715,0.002000435,0.003958123,0.012307711,,,,,,,,,,
58.72,0.001798432,0.003515295,0.011506994,,,,,,,,,,
58.725,0.001585262,0.003047003,0.010657419,,,,,,,,,,
58.73,0.001361746,0.002555055,0.009763146,,,,,,,,,,
58.735,0.001128868,0.002041218,0.008828503,,,,,,,,,,
58.74,0.000887407,0.001507442,0.007858251,,,,,,,,,,
58.745,0.000638447,0.000955886,0.006857123,,,,,,,,,,
58.75,0.000382952,0.000388593,0.005830005,,,,,,,,,,
58.755,0.000122007,-0.000192208,0.0047821,,,,,,,,,,
58.76,-0.000143412,-0.000784119,0.003718466,,,,,,,,,,
58.765,-0.000412165,-0.001384794,0.002644384,,,,,,,,,,
58.77,-0.00068321,-0.001991952,0.001565174,,,,,,,,,,
58.775,-0.000955337,-0.002602887,0.000486107,,,,,,,,,,
58.78,-0.001227487,-0.003215209,-0.000587517,,,,,,,,,,
58.785,-0.001498682,-0.003826441,-0.001650453,,,,,,,,,,
58.79,-0.001767542,-0.004433899,-0.002697547,,,,,,,,,,
58.795,-0.002033082,-0.005034895,-0.003723802,,,,,,,,,,
58.8,-0.002294146,-0.005627037,-0.004724196,,,,,,,,,,
58.805,-0.002549671,-0.006207606,-0.005694086,,,,,,,,,,
58.81,-0.002798462,-0.006773996,-0.00662881,,,,,,,,,,
58.815,-0.003039547,-0.007323712,-0.007524005,,,,,,,,,,
58.82,-0.003271842,-0.007854214,-0.008375593,,,,,,,,,,
58.825,-0.00349434,-0.00836297,-0.009179612,,,,,,,,,,
58.83,-0.003706127,-0.008847556,-0.009932591,,,,,,,,,,
58.835,-0.00390607,-0.009305649,-0.010631161,,,,,,,,,,
58.84,-0.004093398,-0.009734836,-0.011272351,,,,,,,,,,
58.845,-0.004267218,-0.010133006,-0.011853559,,,,,,,,,,
58.85,-0.004426632,-0.010497951,-0.012372521,,,,,,,,,,
58.855,-0.004570955,-0.010827748,-0.012827202,,,,,,,,,,
58.86,-0.00469954,-0.011120291,-0.013216046,,,,,,,,,,
58.865,-0.00481155,-0.011373962,-0.013537956,,,,,,,,,,
58.87,-0.004906495,-0.011587025,-0.013791995,,,,,,,,,,
58.875,-0.004983865,-0.011757921,-0.013977764,,,,,,,,,,
58.88,-0.005043028,-0.011885297,-0.014095271,,,,,,,,,,
58.885,-0.005083724,-0.011967986,-0.014144713,,,,,,,,,,
58.89,-0.005105533,-0.01200477,-0.014126904,,,,,,,,,,
58.895,-0.005108224,-0.011994833,-0.014042842,,,,,,,,,,
58.9,-0.005091663,-0.01193759,-0.013894005,,,,,,,,,,
58.905,-0.00505562,-0.011832286,-0.013682087,,,,,,,,,,
58.91,-0.005000075,-0.011678597,-0.013409235,,,,,,,,,,
58.915,-0.004925054,-0.011476504,-0.013077906,,,,,,,,,,
58.92,-0.004830714,-0.011225912,-0.012690832,,,,,,,,,,
58.925,-0.004717156,-0.010927027,-0.012250966,,,,,,,,,,
58.93,-0.004584726,-0.01058035,-0.011761622,,,,,,,,,,
58.935,-0.004433647,-0.010186519,-0.011226338,,,,,,,,,,
58.94,-0.004264507,-0.009746334,-0.010648836,,,,,,,,,,
58.945,-0.004077623,-0.009260843,-0.010033001,,,,,,,,,,
58.95,-0.003873564,-0.008731285,-0.009383075,,,,,,,,,,
58.955,-0.003653038,-0.008159076,-0.008703136,,,,,,,,,,
58.96,-0.003416704,-0.007545823,-0.007997654,,,,,,,,,,
58.965,-0.003165246,-0.00689342,-0.00727106,,,,,,,,,,
58.97,-0.002899579,-0.00620384,-0.006527797,,,,,,,,,,
58.975,-0.002620648,-0.0054793,-0.005772386,,,,,,,,,,
58.98,-0.002329242,-0.004722143,-0.005009426,,,,,,,,,,
58.985,-0.002026498,-0.003934947,-0.004243432,,,,,,,,,,
58.99,-0.001713389,-0.003120272,-0.003478762,,,,,,,,,,
58.995,-0.001391059,-0.002281143,-0.00271998,,,,,,,,,,
59,-0.001060602,-0.00142038,-0.001971201,,,,,,,,,,
59.005,-0.000723273,-0.000541146,-0.001236578,,,,,,,,,,
59.01,-0.000380206,0.00035328,-0.000520178,,,,,,,,,,
59.015,-3.28E-05,0.001259648,0.000174272,,,,,,,,,,
59.02,0.000317821,0.002174544,0.000843182,,,,,,,,,,
59.025,0.00067034,0.003094441,0.001483142,,,,,,,,,,
59.03,0.001023376,0.004015832,0.002090959,,,,,,,,,,
59.035,0.001375678,0.004935102,0.002663841,,,,,,,,,,
59.04,0.001725976,0.005848597,0.003199086,,,,,,,,,,
59.045,0.002072848,0.006752734,0.003694384,,,,,,,,,,
59.05,0.002415011,0.007643897,0.004147826,,,,,,,,,,
59.055,0.002751175,0.008518342,0.004557476,,,,,,,,,,
59.06,0.003080043,0.009372636,0.004922065,,,,,,,,,,
59.065,0.003400395,0.010203241,0.00524046,,,,,,,,,,
59.07,0.003710973,0.011006626,0.005511876,,,,,,,,,,
59.075,0.004010628,0.011779484,0.005735855,,,,,,,,,,
59.08,0.004298152,0.012518543,0.005912203,,,,,,,,,,
59.085,0.004572466,0.013220644,0.006041201,,,,,,,,,,
59.09,0.00483246,0.013882746,0.006123207,,,,,,,,,,
59.095,0.00507721,0.014502042,0.006159124,,,,,,,,,,
59.1,0.005305724,0.01507579,0.006149967,,,,,,,,,,
59.105,0.005517135,0.015601429,0.006097056,,,,,,,,,,
59.11,0.005710676,0.016076669,0.00600207,,,,,,,,,,
59.115,0.00588557,0.016499438,0.005866879,,,,,,,,,,
59.12,0.006041103,0.01686772,0.005693586,,,,,,,,,,
59.125,0.006176796,0.017179784,0.005484441,,,,,,,,,,
59.13,0.006292007,0.017434333,0.005242113,,,,,,,,,,
59.135,0.006386339,0.017630033,0.004969213,,,,,,,,,,
59.14,0.006459605,0.017765835,0.004668524,,,,,,,,,,
59.145,0.006511336,0.017841242,0.004343228,,,,,,,,,,
59.15,0.006541471,0.017855724,0.003996262,,,,,,,,,,
59.155,0.006549999,0.017808911,0.003630852,,,,,,,,,,
59.16,0.006536789,0.017701131,0.003250297,,,,,,,,,,
59.165,0.00650203,0.017532603,0.002857952,,,,,,,,,,
59.17,0.00644593,0.01730383,0.002457035,,,,,,,,,,
59.175,0.006368651,0.017015753,0.002050865,,,,,,,,,,
59.18,0.006270715,0.016669676,0.001642886,,,,,,,,,,
59.185,0.006152458,0.016266638,0.001236067,,,,,,,,,,
59.19,0.006014443,0.015808492,0.000833765,,,,,,,,,,
59.195,0.005857312,0.015297138,0.000439039,,,,,,,,,,
59.2,0.005681697,0.014734488,5.47E-05,,,,,,,,,,
59.205,0.005488385,0.014122916,-0.000316223,,,,,,,,,,
59.21,0.005278185,0.013465091,-0.000671214,,,,,,,,,,
59.215,0.005051976,0.012763594,-0.00100765,,,,,,,,,,
59.22,0.004810757,0.012021312,-0.001323322,,,,,,,,,,
59.225,0.004555541,0.011241505,-0.001616074,,,,,,,,,,
59.23,0.004287366,0.01042729,-0.001883912,,,,,,,,,,
59.235,0.004007376,0.009581928,-0.002125277,,,,,,,,,,
59.24,0.003716725,0.008709147,-0.002338527,,,,,,,,,,
59.245,0.003416559,0.007812429,-0.002522583,,,,,,,,,,
59.25,0.003108089,0.006895374,-0.002676337,,,,,,,,,,
59.255,0.002792667,0.005961867,-0.002799066,,,,,,,,,,
59.26,0.002471413,0.005015735,-0.002890277,,,,,,,,,,
59.265,0.002145715,0.004060665,-0.002949658,,,,,,,,,,
59.27,0.001816826,0.003100573,-0.002977298,,,,,,,,,,
59.275,0.001485977,0.002139399,-0.00297329,,,,,,,,,,
59.28,0.001154475,0.001180802,-0.002938166,,,,,,,,,,
59.285,0.000823627,0.000228596,-0.002872561,,,,,,,,,,
59.29,0.000494534,-0.000713458,-0.002777354,,,,,,,,,,
59.295,0.000168557,-0.001641835,-0.002653741,,,,,,,,,,
