time,L1AccX_filtered,L2AccX_filtered,L3AccX_filtered
0,0.000944793548081951,0.00109291637750775,0.00127380133880778
0.005,0.00118960076172009,0.00152270597316799,0.00131572823408314
0.01,0.00136210822858766,0.00186231184093932,0.00129067435768995
0.015,0.00145309951007733,0.00208684906066562,0.0011956418872938
0.02,0.00145868435329775,0.00218720620801262,0.00103534993505176
0.025,0.00137673666139948,0.00215739783187313,0.000813746096620301
0.03,0.00121658208468962,0.00199480572098095,0.000538157822383077
0.035,0.000988364302153503,0.00171287651470454,0.000221655082419148
0.04,0.000707139514183555,0.00133083291272523,-0.000119528880823848
0.045,0.000389879732891443,0.000868376431521026,-0.000470636485672419
0.05,5.79416363112122e-05,0.000354115922554409,-0.000811867048637954
0.055,-0.000270322057759955,-0.000177805063445265,-0.00112275458308755
0.06,-0.000574198288406607,-0.000697043631907501,-0.00138848456112632
0.065,-0.000836068480112929,-0.00117217879716581,-0.00159064133196185
0.07,-0.00104203081875157,-0.00157207636488629,-0.00171554007407093
0.075,-0.00117892863651104,-0.00187248640273873,-0.00175413330816947
0.08,-0.00124104169926559,-0.00205709704627569,-0.00170269310502272
0.085,-0.0012241336782971,-0.00211465499318687,-0.0015581877280078
0.09,-0.00113556843060586,-0.00203852393858362,-0.00132563152525157
0.095,-0.000978982579321791,-0.00183907702107114,-0.00101539634393205
0.1,-0.000767952679926375,-0.0015278105617204,-0.00064048896406131
0.105,-0.000518272182430708,-0.00112256565391441,-0.000218295919232719
0.11,-0.000244949166444415,-0.000651130656611926,0.000229328953939938
0.115,3.46109010304808e-05,-0.00014422741930779,0.000677920930621087
0.12,0.000300744727264875,0.000368356621942139,0.00110496850236488
0.125,0.000538902323412757,0.00085472432908778,0.00148716771222819
0.13,0.000733367630382111,0.00128150790340405,0.00180011793363193
0.135,0.000871665996389893,0.00162426787567029,0.00202607098291507
0.14,0.000949604301929947,0.00186197145088162,0.00215154352293574
0.145,0.000959193396497125,0.00197976606606728,0.00216679157424001
0.15,0.000905605392049179,0.00196864147570643,0.00206631962012786
0.155,0.000793890828222877,0.00183439394850235,0.00185282538809228
0.16,0.000633211162668518,0.00158522446589787,0.00153652588597143
0.165,0.000436045413578083,0.00123467315722946,0.00112790673318834
0.17,0.000217362593988751,0.000810532291517482,0.000650776211294232
0.175,-7.37175898123197e-06,0.000338576815903548,0.000128923120903123
0.18,-0.000222131055761612,-0.000153287967961577,-0.000414164484994261
0.185,-0.000412834000449214,-0.000631851811928202,-0.000946465884413637
0.19,-0.000566050981156849,-0.00106253406824028,-0.0014386808175956
0.195,-0.000669915409150006,-0.00142356343685576,-0.00186443450583731
0.2,-0.000720554237896882,-0.00168880221873545,-0.00220271360659121
0.205,-0.000712340258562808,-0.00184228613399158,-0.00242902216806211
0.21,-0.0006493602514535,-0.00187291665736019,-0.00253066736229249
0.215,-0.00053755121421125,-0.00178407094000504,-0.00250037042216062
0.22,-0.000384760761507121,-0.00157708904515017,-0.00233626187841618
0.225,-0.000205300203809467,-0.00126822574527821,-0.00204460671837762
0.23,-1.25927207726839e-05,-0.000878240301721375,-0.00164063727543853
0.235,0.000180468906607,-0.000432854885240895,-0.00114231244056554
0.24,0.000357655570538403,4.20036008808187e-05,-0.000575329505908774
0.245,0.000503681791638211,0.000510387037683434,3.07826842286634e-05
0.25,0.000610731609331387,0.000942768540176466,0.000641895723805347
0.255,0.00066715517571222,0.00131393955966516,0.00123067460084095
0.26,0.000666492913738619,0.00159635478584052,0.00176162510979643
0.265,0.000612003878254415,0.00177101592985242,0.00220631621328775
0.27,0.000503789144344004,0.00182900105668899,0.00254077376277685
0.275,0.000350226363647122,0.00176601959517519,0.00274581209344691
0.28,0.000163812440839081,0.00158500392209836,0.00280654537385011
0.285,-4.34772347855955e-05,0.0012983410499406,0.00272132014496589
0.29,-0.000257861090584873,0.000927423042078948,0.00249185943542347
0.295,-0.00045916367811026,0.000492222832850221,0.00212798186544752
0.3,-0.000636381612397344,2.28023998007525e-05,0.00164866528175365
0.305,-0.000774533311324116,-0.00044892126988461,0.00107979293624338
0.31,-0.000858707279178297,-0.000891495955778561,0.000447871141638826
0.315,-0.00088310383977153,-0.00127876377976187,-0.00021244867134803
0.32,-0.00084349637319332,-0.00158092488775535,-0.000867044558370687
0.325,-0.000738740134187951,-0.00178034049210778,-0.00148207878570718
0.33,-0.000573603867260077,-0.00186338551114008,-0.00202391548455139
0.335,-0.000359192332974339,-0.00182403022780701,-0.00246275369989863
0.34,-0.000106755948737092,-0.00166332698150586,-0.00277588778498515
0.345,0.000166068641035709,-0.0013934855486047,-0.00294588292636843
0.35,0.000442131255281217,-0.00103125482253342,-0.00296279224766947
0.355,0.000703581288619499,-0.000596727155855666,-0.0028261126193189
0.36,0.000931162478208834,-0.000119967947249574,-0.00254020547229845
0.365,0.00110721503827986,0.000366700412239103,-0.0021221081621813
0.37,0.00121952888172733,0.000833694888002666,-0.00159328036870566
0.375,0.0012569530659395,0.00125202442302191,-0.000977828394858464
0.38,0.0012124486660386,0.00159032474342599,-0.000309832184689353
0.385,0.0010864139791088,0.00182842975470545,0.000374582800873113
0.39,0.000884923275116726,0.00195190868358829,0.00104302801847327
0.395,0.00061726291781371,0.00194988076611343,0.00165947060434787
0.4,0.000297764359656191,0.00182122535116611,0.00218820067103832
0.405,-5.41567088177056e-05,0.00157611599138112,0.0026074974657532
0.41,-0.000417163343181177,0.00122907129013179,0.00289357746216339
0.415,-0.000769899746825425,0.000797718053423761,0.00302801342236113
0.42,-0.00108818614357356,0.000312186244154492,0.00300828466161921
0.425,-0.00135247070948946,-0.000194497769382339,0.00283609317590813
0.43,-0.00154409106464204,-0.000696003216886079,0.00251676330516002
0.435,-0.0016462793618689,-0.001158255528793,0.00206791469709821
0.44,-0.00165294626701603,-0.0015480276122658,0.00151565333927691
0.445,-0.00156014360767841,-0.00184393775819965,0.00088590963866633
0.45,-0.00136810430943224,-0.00202959208866751,0.000208434163611951
0.455,-0.00108829068866408,-0.00208433191701829,-0.000475099005081568
0.46,-0.000735160488624717,-0.00201146603992194,-0.00113464172604715
0.465,-0.00032630331539536,-0.00181411518851783,-0.00173724208649891
0.47,0.000114676933385313,-0.00150098710501951,-0.00224957310361118
0.475,0.000559285312497631,-0.00109065523789185,-0.0026455406035332
0.48,0.000985064305369253,-0.000614322218965142,-0.00290875893557002
0.485,0.00136528631572801,-9.53592040259311e-05,-0.00302424314793916
0.49,0.00167439315766525,0.000433602049755326,-0.00298429573210614
0.495,0.0018925803133349,0.000935396436669851,-0.00279586220536717
0.5,0.00200843371884353,0.0013809290994396,-0.00246680233778939
0.505,0.00200704612124045,0.00174678125847196,-0.00201240207720383
0.51,0.00189043312042192,0.00200546792667188,-0.00146023312016934
0.515,0.00166148993161108,0.00214098462887256,-0.000835506478585688
0.52,0.00133002988406227,0.00214907898865961,-0.000171377455539222
0.525,0.000915587737083621,0.0020266856598913,0.000500196348558178
0.53,0.000442070273690048,0.00177941492166794,0.00114437244401908
0.535,-6.84780587940441e-05,0.00142554553313058,0.00172875929008504
0.54,-0.000584805788278586,0.000986644548988883,0.0022264817364041
0.545,-0.00107512579237589,0.000485414061439791,0.00261016079024228
0.55,-0.00151244835440596,-4.26144878857577e-05,0.00286426378250526
0.555,-0.00187212117835621,-0.000568038791291362,0.00297302367249787
0.56,-0.00212899144823971,-0.00106000417129015,0.00293514616994123
0.565,-0.00226792249248273,-0.0014873643156133,0.00275057087500247
0.57,-0.00228104605725629,-0.00182479572441034,0.0024297849797798
0.575,-0.00216455662490272,-0.00205236370276874,0.00199057426880822
0.58,-0.00192460457959261,-0.00215832663976126,0.00145244070704245
0.585,-0.00157330976797393,-0.0021340247310641,0.000844417917140514
0.59,-0.00112939990607336,-0.00198462861657972,0.0001961600476986
0.595,-0.000616969468138149,-0.00171829192711523,-0.000460573221200227
0.6,-6.61335733807307e-05,-0.00135109075003905,-0.00109354791806683
0.605,0.000494719150941455,-0.000906953406971163,-0.00167089745389503
0.61,0.00103153215769278,-0.000411102490653287,-0.00216467258820555
0.615,0.00151606790758283,0.00010347986688754,-0.00255193537405308
0.62,0.00191781090859136,0.00060970009120715,-0.00281045255065209
0.625,0.00221793020982871,0.00107529202695108,-0.0029300860826412
0.63,0.00239521914210349,0.00147389469683109,-0.00290640256055218
0.635,0.00244090248078347,0.00178157063027956,-0.00273637384789969
0.64,0.00235155515290292,0.00198412890685267,-0.00243309854320026
0.645,0.00213188844688795,0.00206784055631275,-0.00200926676266347
0.65,0.00179210731848462,0.00203030473501634,-0.00148596951943996
0.655,0.00135419301131158,0.00187599695676998,-0.000888983029655421
0.66,0.000839306897182042,0.00161397491685978,-0.000249754174882419
0.665,0.000275949124989155,0.00126213964707345,0.000402778864768012
0.67,-0.000301859959146032,0.000843645318667501,0.00103581427584464
0.675,-0.000865021788365555,0.000381599828554437,0.00161610761476689
0.68,-0.00138210414764342,-9.5140741398908e-05,0.0021185637471037
0.685,-0.0018230405621739,-0.000559401774307947,0.00251475676992112
0.69,-0.00216423000148147,-0.000984439645681172,0.00278725674780903
0.695,-0.00238839362243106,-0.00134589751357206,0.00292247718871896
0.7,-0.00247939087111398,-0.00162436502792045,0.00291141139680251
0.705,-0.00243695077482998,-0.00180600886445084,0.00275535474707952
0.71,-0.00226216779210873,-0.0018811343160664,0.00246184671030301
0.715,-0.0019633164258337,-0.00184780322586306,0.00204617180660414
0.72,-0.00155888674611165,-0.00171077938403919,0.00152597108989594
0.725,-0.00107326050111076,-0.00148086728127278,0.000930302418652258
0.73,-0.000529699219293065,-0.00117096669495431,0.000286979765988959
0.735,3.93227640146101e-05,-0.000801851919877922,-0.000373425092980659
0.74,0.000603740862981981,-0.000395389303391582,-0.00101523275514059
0.745,0.00113346680011328,2.44246973273248e-05,-0.0016074826052856
0.75,0.0015988966949655,0.000435015799622461,-0.00212136449885987
0.755,0.00197575135925904,0.000808613642396201,-0.0025301633847463
0.76,0.00224507352341168,0.00113081665351116,-0.00281053389754293
0.765,0.0023915837382348,0.00138329575873185,-0.00294992810475485
0.77,0.00240951246246121,0.0015495025177878,-0.00294199677429901
0.775,0.0022985961321805,0.0016280955806056,-0.00278272574424864
0.78,0.00206647314599963,0.00161534820818778,-0.00248333748611794
0.785,0.00172785156243328,0.00151249514594904,-0.00205655005494164
0.79,0.0012997479886072,0.00132906363033774,-0.00152437925021307
0.795,0.000806103854636431,0.00108037628309983,-0.000912323766755692
0.8,0.000273982214416244,0.000777012488982348,-0.000253178917053726
0.805,-0.000268168135181212,0.00043963935925438,0.000419516120761334
0.81,-0.000791518168040349,9.0715804485076e-05,0.00107379554780789
0.815,-0.00126850762548664,-0.000254139940125126,0.00167371643410007
0.82,-0.0016744041388104,-0.000576843809855579,0.00218726202877881
0.825,-0.00198771439402677,-0.000856918201927958,0.00259020857408661
0.83,-0.00219505033521998,-0.00108205616020846,0.00285946806718353
0.835,-0.00228516898472939,-0.00124602097180215,0.00298301107074387
0.84,-0.00225566731985799,-0.00133680658762375,0.00295035849902682
0.845,-0.00210905376228827,-0.0013542885620771,0.00276835708908328
0.85,-0.0018539866419814,-0.00130227676724664,0.00244081971984814
0.855,-0.00150542114113191,-0.00118414185447461,0.00198607361364515
0.86,-0.00108101680459477,-0.00100505832517235,0.0014295433153459
0.865,-0.000606731418540479,-0.000781895836731194,0.000798398788096623
0.87,-0.000106020510767329,-0.000525418463135772,0.000123579987328707
0.875,0.000396383532807608,-0.000249316520299164,-0.000556428392005734
0.88,0.00087035013295117,3.23021198290409e-05,-0.00120411587604094
0.885,0.00129518885824852,0.000301954480756011,-0.0017921223569033
0.89,0.00165019465656887,0.000548892152757948,-0.00228400863987357
0.895,0.00191435043579497,0.000763381016752379,-0.00265383857987275
0.9,0.00207946006800766,0.000931011167751847,-0.00288728592825489
0.905,0.00213840262164585,0.00104863126762722,-0.0029675100063247
0.91,0.00208467828930967,0.00111281160457678,-0.00288863924245249
0.915,0.00192796125903145,0.00111885692873922,-0.002660807637723
0.92,0.00167593464734175,0.00106830685235796,-0.00229396416049935
0.925,0.00133887593521855,0.000969949930861666,-0.00180363385465019
0.93,0.000938899313721833,0.000826089888144063,-0.00122139485103568
0.935,0.000496888933031321,0.000643888872638665,-0.000579151931654057
0.94,3.21464620033671e-05,0.000437524737330303,9.4906125659355e-05
0.945,-0.000430107371404439,0.000212985240607985,0.000758295375086674
0.95,-0.000865332129449343,-1.7902662674868e-05,0.00137673482823707
0.955,-0.00125470157305208,-0.000243588797648359,0.00192186230534947
0.96,-0.001578377530423,-0.00045243955749917,0.00235944481210659
0.965,-0.00182013636620799,-0.000639147446443624,0.00266903927237928
0.97,-0.00196946097949099,-0.00079362697930832,0.00283418499353765
0.975,-0.00201842394007618,-0.000907750055607113,0.00284814538622487
0.98,-0.0019671987602823,-0.000978696440376697,0.00270973094278234
0.985,-0.00181660315845367,-0.00100629153690844,0.00242811965982601
0.99,-0.00157729164773159,-0.000983383389663709,0.00201928257408336
0.995,-0.00126012577127823,-0.000915818151738875,0.00150647113615273
1,-0.000881145652937009,-0.000806342213296815,0.000918013384867888
1.005,-0.000460123233985649,-0.000657398867337908,0.000285741132033736
1.01,-1.93176960729172e-05,-0.00047596608708679,-0.000353939841011066
1.015,0.000423960085314962,-0.000272825721572427,-0.000969663920180923
1.02,0.00084253159125336,-5.44049475161174e-05,-0.00152705575318088
1.025,0.00121712700653699,0.000170766865741393,-0.00199438712847468
1.03,0.00153309157262864,0.000388217415046615,-0.00235038987862425
1.035,0.00176984160908312,0.000591427634053965,-0.00257600623516524
1.04,0.00191795939486928,0.000768337014011976,-0.00266083871510954
1.045,0.00197190912825893,0.000910723508492539,-0.00260149127101142
1.05,0.0019267893311402,0.00101076414238185,-0.00240403666312394
1.055,0.00178365173708382,0.00106375118421278,-0.00207970124511395
1.06,0.0015543052419642,0.00106358078641186,-0.00164975235513139
1.065,0.00124444491400317,0.00100870584943801,-0.00113880567501558
1.07,0.000871314078972075,0.000903864264527077,-0.00057293403124161
1.075,0.000455580768937742,0.000748711710209137,1.3489931321941e-05
1.08,1.43477407772519e-05,0.000551285413552677,0.000588984302981105
1.085,-0.000429836275137527,0.00032104490610688,0.00112353571350407
1.09,-0.000853106283603947,6.75667713390208e-05,0.00158672238913472
1.095,-0.00123471672585658,-0.000197660265236591,0.00195803962107374
1.1,-0.00155808257659738,-0.000456809498656004,0.00221714298887828
1.105,-0.00180157296762914,-0.00070107964015937,0.0023523917791834
1.11,-0.00195607416676261,-0.000916055361483643,0.00235796844497812
1.115,-0.00201332299911443,-0.00108602903620084,0.00223871677753733
1.12,-0.00196632406233686,-0.00120313225506849,0.00200318293065981
1.125,-0.00181944251488297,-0.00125946476758528,0.00166384396236192
1.13,-0.00157900734815369,-0.0012477611558208,0.00124511944470901
1.135,-0.00125514654871136,-0.00116789608472168,0.000768829362040709
1.14,-0.00086345263599668,-0.00102292260552676,0.000263365236514039
1.145,-0.000426907016065573,-0.00081558860521885,-0.000244557149876101
1.15,3.76541427314166e-05,-0.000557209356755291,-0.000725198002202369
1.155,0.000503591270038241,-0.000260274298376386,-0.00115685762263405
1.16,0.000947552956828041,5.87562282359127e-05,-0.00151642142959507
1.165,0.00134580916755685,0.000385838427398069,-0.00178494867636419
1.17,0.00167868442529603,0.000699524169111516,-0.0019520541499412
1.175,0.00192730907051007,0.000983143324287934,-0.00201326871276235
1.18,0.00207665939810036,0.0012202187953206,-0.00196526459324668
1.185,0.00211970036468495,0.00139457375754667,-0.00181536587874473
1.19,0.00205110571963319,0.00149267021170359,-0.00157652991409805
1.195,0.00187516105590197,0.00151095956473311,-0.00126036963615958
1.2,0.00159856948794406,0.00144438385784572,-0.000887346573641315
1.205,0.00123558085621951,0.00128967427920717,-0.000483181459536437
1.21,0.000802644442373023,0.00105835966325902,-6.49854482910894e-05
1.215,0.00032377364973833,0.00076220620761014,0.000344970202271281
1.22,-0.000177611001739624,0.000412297511077173,0.000720824755070592
1.225,-0.00067428307138906,2.88146605409646e-05,0.00104863577139029
1.23,-0.00114087124879586,-0.00036489246922729,0.00131174229571577
1.235,-0.00155042168648377,-0.000748009979827103,0.00149834224074555
1.24,-0.00188210050029451,-0.00109819739356172,0.00160267444095021
1.245,-0.00211702954022079,-0.00139151578293783,0.001622605949987
1.25,-0.00223956686083514,-0.00161155123282357,0.00155905782185716
1.255,-0.00224455686983633,-0.00174437783030344,0.00141856714417061
1.26,-0.00212891150101766,-0.00177874918146873,0.00121379679594714
1.265,-0.00189815041537008,-0.00170828394634872,0.000956509456985673
1.27,-0.00156292318159869,-0.00153846701627166,0.000660877671466756
1.275,-0.00113968095295576,-0.00127619386671685,0.000342368047287204
1.28,-0.000651121557893133,-0.000931608400062576,2.11366566044283e-05
1.285,-0.000124865034071751,-0.00052533078853909,-0.000289556648230131
1.29,0.000416735519647745,-8.20896062219769e-05,-0.000575467929261696
1.295,0.000939746210674774,0.000377154748718504,-0.000822169419823776
1.3,0.00141478843880884,0.000822851061063902,-0.00102031038403532
1.305,0.00181893500347053,0.00122709777003475,-0.00116335896656407
1.31,0.00212735796723922,0.00156952119203059,-0.00124615597972642
1.315,0.00232177558004895,0.00182692955386801,-0.00126664576593317
1.32,0.00239360977326968,0.00198007252704646,-0.00122962914235755
1.325,0.00233489863227966,0.0020198428265313,-0.00113836338230473
1.33,0.00214709861760864,0.00194481821577737,-0.000996333907375185
1.335,0.00184268772269315,0.00175211827329569,-0.000815479354658065
1.34,0.00143529581989926,0.00145447862065476,-0.000604417886731735
1.345,0.000944213842823495,0.0010674055735174,-0.000373127039291204
1.35,0.000398841705836706,0.000611571270267528,-0.000131672613216274
1.355,-0.000171611153455548,0.000112409131546987,0.000107958569123014
1.36,-0.00073751613782795,-0.000399763904430694,0.000336204984472519
1.365,-0.00126509390538977,-0.000894809022732648,0.000545881525488307
1.37,-0.00172731457926688,-0.00134559290034805,0.000725760148598157
1.375,-0.00209922313151409,-0.00172295874188189,0.000870846338131568
1.38,-0.00235629214158905,-0.00200433489083536,0.000978233224132333
1.385,-0.00248682569289942,-0.00217042382314975,0.0010432233406202
1.39,-0.00248173265255877,-0.00221377112405875,0.00106270398891186
1.395,-0.002339429395815,-0.00212733760569445,0.00103705602559253
1.4,-0.00206972736751847,-0.00191481717442228,0.000970155461253504
1.405,-0.00168346001571399,-0.00158845319525935,0.00086185560771321
1.41,-0.00120225072577813,-0.00116633566636059,0.000716844134748903
1.415,-0.000654811562520451,-0.000670783572300084,0.000542962349970249
1.42,-6.87658899109293e-05,-0.000133529640969148,0.000343621836017286
1.425,0.000524224433035904,0.00041523475706424,0.000128925564694492
1.43,0.0010889820899717,0.000945279412788769,-9.25188918418801e-05
1.435,0.00159758000063706,0.00142344795924371,-0.000313093529690298
1.44,0.00201796838458804,0.0018217133368458,-0.000525721249049971
1.445,0.00232953294246225,0.00211471078328202,-0.000718798759722649
1.45,0.0025152870494459,0.00228849276070196,-0.000882178809279757
1.455,0.00256226473131519,0.00232884120650781,-0.00101148926715346
1.46,0.00246802180586762,0.00223169390679681,-0.00109876117002233
1.465,0.00223894051256038,0.00200494280992937,-0.00113827972672539
1.47,0.00188558722599926,0.00166205964234839,-0.0011245748138284
1.475,0.00142870079602402,0.0012191854581598,-0.00106005993206563
1.48,0.000893501260601622,0.000705142502134795,-0.000943574559940933
1.485,0.000307431992856094,0.000151943719982343,-0.000776812157559867
1.49,-0.000293326791566519,-0.000415212374211528,-0.000570136462405306
1.495,-0.000878090656701477,-0.000955584871338755,-0.000327708169477872
1.5,-0.00141773603426921,-0.00144046785409779,-5.8284118998342e-05
1.505,-0.00187785677966992,-0.00184261633668625,0.000220618042452469
1.51,-0.00223380309417337,-0.00213734593593634,0.000498456440749795
1.515,-0.00246994280665371,-0.00230611453496554,0.000762852667997379
1.52,-0.002568720344711,-0.00234269159611163,0.00099829190895892
1.525,-0.00252614608964227,-0.00224223103244646,0.00118849098169344
1.53,-0.00234644739533328,-0.00201150095534288,0.00132742454561671
1.535,-0.00203805476266005,-0.00166621628474819,0.00140135412629433
1.54,-0.00161933839385762,-0.00122580143612544,0.00140379793375068
1.545,-0.00111542518308538,-0.000717603600600632,0.0013349416076813
1.55,-0.000550037418856077,-0.000169129113108543,0.00119291860143659
1.555,4.29055434211603e-05,0.000384797634587644,0.000981315048171288
1.56,0.00063138830094494,0.000912110311868405,0.000709726258540507
1.565,0.0011831654101541,0.00138381615938944,0.000391210941924249
1.57,0.00166866261691178,0.00177305415172953,3.99433357051533e-05
1.575,0.00206168356363523,0.0020544695752733,-0.000326301662750414
1.58,0.00234001757061045,0.00221581086530196,-0.000686032459443815
1.585,0.00248970277906804,0.00224764637755204,-0.00102098344080503
1.59,0.00250453748381143,0.00214831171961905,-0.00131128118046451
1.595,0.00238316267702113,0.00192720356558385,-0.00153812515443386
1.6,0.00213424807394929,0.00159781370987669,-0.00168750341881206
1.605,0.00177290732074055,0.0011810383172837,-0.0017500086529126
1.61,0.00131644128008577,0.000698736885387403,-0.00171593659965962
1.615,0.000792423445128335,0.000185393627322698,-0.00158395772041066
1.62,0.000230026071538097,-0.000331765878229042,-0.00136092173589874
1.625,-0.000342135942054759,-0.000822878401640784,-0.00105622277937757
1.63,-0.00089080743383611,-0.00125830670801792,-0.000682929857246885
1.635,-0.00138706176848165,-0.00161212319416497,-0.000260212144624327
1.64,-0.00180505887276434,-0.00186775016168233,0.000189542336943459
1.645,-0.00212526453235344,-0.00201353577991653,0.0006410869847834
1.65,-0.00232782988513021,-0.00203960817717966,0.00106989611668407
1.655,-0.00240445644674851,-0.00194939175773304,0.00144935737197041
1.66,-0.00235347325364458,-0.00175030629195313,0.00175806523222376
1.665,-0.00217501342382471,-0.00145419080667044,0.00197569296747857
1.67,-0.00188244729568783,-0.00108145693969607,0.00208471611930912
1.675,-0.00149549910985047,-0.000656748176978557,0.00208086063445157
1.68,-0.00103138949618385,-0.000203934997365195,0.00195488021235385
1.685,-0.000517201016608591,0.000249391718971448,0.00171848697589073
1.69,1.56949902896683e-05,0.000677752687389249,0.00137847719027846
1.695,0.000544732809214107,0.00105388848673734,0.000949720295730192
1.7,0.0010379624689233,0.00136182850685912,0.000458087179132629
1.705,0.00147109062227397,0.00158268987220366,-7.07487061839942e-05
1.71,0.00182375982534108,0.00170945774238285,-0.000608529000688568
1.715,0.00207763706221334,0.00173240727078895,-0.00112285580639189
1.72,0.00221687613590225,0.00165711508523596,-0.00158266602912052
1.725,0.00224165638614819,0.00149020582685403,-0.0019636475661497
1.73,0.00215039571823565,0.00124155908611275,-0.00224074038097396
1.735,0.00194545556058901,0.000933140193686991,-0.0023908289168458
1.74,0.00164462120420039,0.000584041546429198,-0.00241156372389787
1.745,0.00126382696751094,0.000212264790568558,-0.00229495003009718
1.75,0.000820635955719845,-0.00015641379742895,-0.00204388956643196
1.755,0.000340764345165771,-0.000497849081651051,-0.00167143370800028
1.76,-0.000149284324487196,-0.000801880793393798,-0.00119616180627132
1.765,-0.000628789598270679,-0.0010476901300428,-0.000646002670808436
1.77,-0.00106857345583417,-0.00121951234562223,-4.74375223434716e-05
1.775,-0.0014484312578616,-0.00131812292724046,0.000561750808575767
1.78,-0.00175018448495547,-0.00133858664645323,0.001149199519392
1.785,-0.0019573980973296,-0.00127901906317888,0.00168212249684631
1.79,-0.00206297751642691,-0.00115348545280406,0.00212486900807871
1.795,-0.00206326078873075,-0.000972342391292798,0.00245448128826011
1.8,-0.00195995325513537,-0.000744639113519659,0.00264864448915295
1.805,-0.00175775065323826,-0.000486856625555022,0.0026980881311826
1.81,-0.0014719625805091,-0.000220469202898231,0.0025913622536761
1.815,-0.00111583034675875,4.14877604067872e-05,0.00233415256742755
1.82,-0.000707247442542454,0.000289892081336134,0.00194427052534275
1.825,-0.000268093396139926,0.000503845968791696,0.00143668397591639
1.83,0.000178046645446467,0.000672772698148166,0.000840769359251792
1.835,0.000608724171034601,0.000796636460801217,0.000190622586720941
1.84,0.00100479833600406,0.000866969081561947,-0.000476521689553786
1.845,0.00134598672486704,0.000881679755110156,-0.00112610858818979
1.85,0.00161891591793515,0.000850141504819222,-0.00171736414363042
1.855,0.00180726637888549,0.00077708066598582,-0.00221495859463728
1.86,0.00190764884622986,0.000662493782390813,-0.0025975464975818
1.865,0.00191361086516299,0.000527339249376233,-0.00283311451512103
1.87,0.00182801100968226,0.000378872422309288,-0.00290951249686303
1.875,0.00165090875497704,0.000221607974269824,-0.00282440350843089
1.88,0.00139769352459235,7.01886255663622e-05,-0.00257778392090785
1.885,0.00107905313304627,-6.4900475900371e-05,-0.00218336309801728
1.89,0.000708667005877552,-0.000180689105774906,-0.00166334602410191
1.895,0.000309321012099534,-0.00027517505633576,-0.0010474886947739
1.9,-0.000100652391013804,-0.000337292000324129,-0.000366384444456325
1.905,-0.000506359691869928,-0.000374152129100995,0.000337772163767895
1.91,-0.000885965608999101,-0.000390623068554877,0.00102471378585063
1.915,-0.00121771787574528,-0.000384310239979469,0.00166194997788106
1.92,-0.00149381070194958,-0.000359004073101267,0.00220579637724154
1.925,-0.00169581243163979,-0.000328459460983738,0.00262990619497249
1.93,-0.00181609584840216,-0.000293558458178218,0.00290767291997136
1.935,-0.0018494717288961,-0.00025285599996796,0.00302424757465004
1.94,-0.00179437704388416,-0.00021978121328191,0.00297100344558208
1.945,-0.00165235844271894,-0.000193840666184493,0.00275271951027185
1.95,-0.00143486903058899,-0.000171422304728041,0.00238193648847351
1.955,-0.00114959330187038,-0.000157961258380703,0.00187512567587028
1.96,-0.00080570340171142,-0.000154069809703262,0.001265290248506
1.965,-0.000426271409743523,-0.000145690762742056,0.000584282596871996
1.97,-2.67342159634989e-05,-0.000137082676144954,-0.000129598064150572
1.975,0.000379264957841594,-0.000125138112625766,-0.000836091638860258
1.98,0.000767204252548421,-0.000101588175691337,-0.00149690312881842
1.985,0.00111853388246695,-6.29597769564259e-05,-0.0020743701349869
1.99,0.00142045750558129,-1.47153588435473e-05,-0.00253515512611873
1.995,0.00165603972046313,5.20798906332475e-05,-0.0028547461547977
2,0.00181210200880305,0.000132944271955727,-0.00301744404473395
2.005,0.00188600160421021,0.000220849072412843,-0.00301289747567848
2.01,0.00186799266169836,0.000318571581198979,-0.0028416028382312
2.015,0.00176124093897461,0.000415350204982469,-0.00251770159914396
2.02,0.00157103823416903,0.000505398235263861,-0.0020535132690686
2.025,0.0013017092828717,0.000578068116817779,-0.00148100668941716
2.03,0.000965897595034976,0.00062888950571041,-0.000830611007910041
2.035,0.000580628368528475,0.000649286773677169,-0.00013756492856378
2.04,0.000162694648206251,0.000634924443987601,0.000560799179724188
2.045,-0.000270486644132501,0.000579451113665493,0.00122059191573191
2.05,-0.000693742162401343,0.000483827573319922,0.00181069585943355
2.055,-0.00108982031105345,0.000351291736247801,0.00229841029294916
2.06,-0.00143774501919609,0.000182462488243949,0.0026562109193194
2.065,-0.00172098541054062,-1.21611267026902e-05,0.00286715081063841
2.07,-0.00192321595201301,-0.000225979870843904,0.00292310352786982
2.075,-0.00203605811718022,-0.00044456104065428,0.00281797881799545
2.08,-0.0020502618855071,-0.000655227361697232,0.0025648099097285
2.085,-0.00196125034761417,-0.000845332867159727,0.00217388257244958
2.09,-0.00177538456390912,-0.00099850180152608,0.00167256697468823
2.095,-0.00149705092089717,-0.00110364427174972,0.00108608559928763
2.1,-0.00113812008584343,-0.00115288495283486,0.000447703995538182
2.105,-0.000717347449259526,-0.00113445371887748,-0.000207517818739392
2.11,-0.000256198369987607,-0.0010479477377546,-0.000839590343001786
2.115,0.000231045520981971,-0.000895011957254935,-0.00142006063299654
2.12,0.000710679832340357,-0.000678363807177426,-0.00191925528651934
2.125,0.00116139465991711,-0.00040861363652668,-0.00230416143299973
2.13,0.00156688882665001,-9.98348132422322e-05,-0.00256598974742864
2.135,0.00190015471534257,0.000234605257675076,-0.00268783383940519
2.14,0.00213905788574839,0.000572481069798978,-0.00266298155548034
2.145,0.00227686390767464,0.000892066327457985,-0.0025020845311882
2.15,0.00230142898574738,0.00117728279133302,-0.00221265296886761
2.155,0.00220661217926453,0.00140637493141882,-0.00180940337967862
2.16,0.00199852271641164,0.00156191661312341,-0.00131919327489161
2.165,0.0016851247737952,0.0016320450249821,-0.000772318989039329
2.17,0.00127743364371643,0.00160987117070343,-0.00019434756818432
2.175,0.000799398433646471,0.00149137307834202,0.000382942713796806
2.18,0.000271639772524691,0.00127959837412835,0.000925610150679664
2.185,-0.000282426640161415,0.000983427525279473,0.00141133049497923
2.19,-0.000832218706783489,0.000616405238440566,0.00181332265635409
2.195,-0.00134744999587687,0.000199060161992326,0.00211327370339526
2.2,-0.00180428678084748,-0.000245931780064316,0.00230026082636175
2.205,-0.00217613199819598,-0.000694328612541994,0.00236388830107062
2.21,-0.00243879814039339,-0.00111648800350517,0.00230864769981134
2.215,-0.00258030777118227,-0.00148810389300166,0.0021353934871693
2.22,-0.00258798238772984,-0.00178523104120501,0.00186168782453511
2.225,-0.00246207367205751,-0.00198768309608081,0.00150064169015796
2.23,-0.00220352907046326,-0.00208030191831229,0.00107580289611959
2.235,-0.00182696172965369,-0.0020528668916558,0.000609008648235258
2.24,-0.00134715494502523,-0.00190450617823787,0.000124819602182376
2.245,-0.000787773177948026,-0.00163947557555973,-0.000351550540551311
2.25,-0.000176299822536948,-0.00126846470424693,-0.000798188004679109
2.255,0.000454885058631966,-0.000811746083157095,-0.00119345184380822
2.26,0.00107083175943709,-0.000295269933044123,-0.0015186495652566
2.265,0.00164247697368447,0.000255056777216057,-0.00176305676677863
2.27,0.00213433155250211,0.000805407010734465,-0.00191325671831306
2.275,0.00252159520040522,0.00132104112706909,-0.00197045547071059
2.28,0.00277788672266129,0.00177348420793513,-0.00193206688730468
2.285,0.00289580001841219,0.00213524461713724,-0.0018052644278831
2.29,0.0028607064965687,0.00237860914136433,-0.00159913366382801
2.295,0.00267355079694141,0.00248969480847244,-0.00132610407500606
2.3,0.0023402078270154,0.00245736174726947,-0.00100157443102261
2.305,0.00187830938095,0.00227911675349224,-0.000640401389951415
2.31,0.00130894609476162,0.00196134557482298,-0.000262246260058284
2.315,0.0006597290196442,0.00152437020176379,0.000116680247500741
2.32,-3.24939742119915e-05,0.000985724255669254,0.000479584525281148
2.325,-0.000733407159703236,0.000376507724875567,0.000809131113883205
2.33,-0.00140350517427835,-0.000262856489644749,0.0010948179896231
2.335,-0.00200748690222696,-0.000901034781304072,0.00132423440852556
2.34,-0.00251246268478204,-0.00150233727512911,0.00149198973068607
2.345,-0.0028913927521473,-0.00202306148432802,0.0015922846902241
2.35,-0.0031188865121829,-0.00243547074940658,0.00162471544090408
2.355,-0.00318414584444792,-0.00271830718295683,0.00159030574179727
2.36,-0.00307975512824251,-0.0028428673695593,0.00149125500693865
2.365,-0.00280524342890476,-0.0028013755484399,0.00133452547787907
2.37,-0.00237869829207141,-0.00260023508717822,0.00112591960203396
2.375,-0.0018183023535115,-0.00224176993769784,0.000876347260416315
2.38,-0.00115285867367736,-0.00174290856219815,0.000596435719453197
2.385,-0.000418465646730971,-0.00113948672651456,0.000295427050937622
2.39,0.000346028098222053,-0.000460362939011305,-1.39673153441362e-05
2.395,0.0010990522440337,0.000259416292940666,-0.000320191170133576
2.4,0.00180166252911028,0.000971423310743545,-0.000613339302065866
2.405,0.00241527541762103,0.00163638906793247,-0.00088473221177061
2.41,0.00290556327358853,0.00221876783537572,-0.00112182081186505
2.415,0.00324344169191051,0.00267894235928226,-0.0013167603937158
2.42,0.00341019154035999,0.0029842293719594,-0.00146529097994144
2.425,0.00339388804074122,0.00312403852805075,-0.00155488418625515
2.43,0.00319443105414368,0.00308269388284882,-0.001583786019793
2.435,0.00281909175825761,0.00285775158689631,-0.001554426035735
2.44,0.00228947232396204,0.00246463950231887,-0.00145983748041568
2.445,0.00163288144218178,0.00192874447820377,-0.00130187571651974
2.45,0.00088343371396615,0.00126996330661166,-0.00109056731674005
2.455,8.03809746131443e-05,0.00053076904503468,-0.000828694082179878
2.46,-0.000734248431942952,-0.000242138962136397,-0.000519670270718521
2.465,-0.00151391953721586,-0.00101073584151163,-0.000180818965843667
2.47,-0.00221996425545451,-0.00173047528506841,0.000176229365086631
2.475,-0.0028112976752985,-0.0023513887814409,0.000542217905945431
2.48,-0.00325368418935988,-0.0028406556783873,0.000897150798998843
2.485,-0.00352255497702352,-0.00317168438232857,0.00122245326315534
2.49,-0.00360205854507887,-0.00331850788203801,0.00150958502338106
2.495,-0.00348806765932501,-0.00327081742122737,0.00173998096719885
2.5,-0.00318519827609916,-0.00303760544904124,0.00189726122248706
2.505,-0.00270802148946205,-0.00262569312525224,0.00197628703380599
2.51,-0.00208367384699776,-0.00205723127281941,0.0019681790401763
2.515,-0.0013451603510424,-0.00136920634816471,0.00186500808992932
2.52,-0.000526966325586106,-0.000599462044780223,0.00166952779994347
2.525,0.000320655186414452,0.000211902595579358,0.00138643118916421
2.53,0.0011569168876509,0.00101367127432499,0.00102349631276614
2.535,0.00193390691065905,0.0017581002842931,0.00059470118557405
2.54,0.00260789551872923,0.00240304946342726,0.000119261155358351
2.545,0.00314193130075779,0.00291245290809035,-0.000381021536823399
2.55,0.00350975044737547,0.00325196563835733,-0.000883641196660818
2.555,0.00368882131517463,0.00340306979618092,-0.0013620088867825
2.56,0.0036663001422764,0.00335986315656478,-0.00179320048516118
2.565,0.00345020595395898,0.00312160040837895,-0.00214893646089594
2.57,0.00304709492065961,0.00270152673593289,-0.00241325556194281
2.575,0.00247847958236581,0.00212762714761284,-0.00256202706035379
2.58,0.00177474270490007,0.00143116823760426,-0.00258572231876531
2.585,0.000976505154045966,0.000648455138183014,-0.00247713207077054
2.59,0.000120320588361055,-0.00016734876634174,-0.00223631877101637
2.595,-0.000740641443771342,-0.000973145549832882,-0.00186768442618304
2.6,-0.00156100465866416,-0.00172134172355109,-0.00139064077883784
2.605,-0.00229832675093159,-0.0023694770749951,-0.000823903095576743
2.61,-0.00291025337946269,-0.00287570863381661,-0.000191986197365255
2.615,-0.00336613239108361,-0.00321584231428376,0.000472318049160385
2.62,-0.00363833053582497,-0.00337153345688388,0.00113209581779541
2.625,-0.00371813684945905,-0.00332950249545139,0.0017578955578619
2.63,-0.00359646338652451,-0.00309650711687634,0.00230956412291207
2.635,-0.00328332750682374,-0.00268907169351025,0.00275412785399689
2.64,-0.00279306467661786,-0.00212676944801765,0.00306829229985078
2.645,-0.00215303443653424,-0.00144386830214486,0.00322677297451507
2.65,-0.00139819854633684,-0.000685978141518737,0.00321348785020097
2.655,-0.000574232009518632,0.00010760639057794,0.00302793593338116
2.66,0.000281045369911316,0.000890270393024419,0.00267601375786589
2.665,0.00111888610484896,0.00161471710066767,0.00216559316586015
2.67,0.00188876208843915,0.00223877683256738,0.00152435367997564
2.675,0.00255811312499734,0.00272941627546948,0.000784212692285455
2.68,0.00308666661959185,0.00305888865753628,-2.32961567291101e-05
2.685,0.00344955340969839,0.00320910037328582,-0.000847894564740751
2.69,0.0036275821679784,0.00317398289561346,-0.00164845503261785
2.695,0.00360864214148137,0.00295704813558414,-0.00238122139141933
2.7,0.00339836805285354,0.00257330270410425,-0.00300047157983533
2.705,0.00300812768612283,0.00204557945360727,-0.00346944325919459
2.71,0.00245999353130488,0.00140863119007966,-0.00375852071836421
2.715,0.00178306947875877,0.00069863172741911,-0.00384777988764079
2.72,0.00101774132115286,-4.09107885067692e-05,-0.00372732087376583
2.725,0.000202186233614414,-0.00076707304493132,-0.00339878282860117
2.73,-0.000617499942689543,-0.00143873776027933,-0.00287529146113898
2.735,-0.00139891314572275,-0.00201564004644479,-0.00217978289484919
2.74,-0.00210003962946283,-0.00247002597014821,-0.00135084691038042
2.745,-0.00268633568081185,-0.00277572266468268,-0.000429445849944056
2.75,-0.0031262200690296,-0.00291690538580192,0.0005356809615333
2.755,-0.00339418343156299,-0.00288938798012803,0.00148955980061157
2.76,-0.00348310193723041,-0.00269845542236572,0.00237753701388877
2.765,-0.0033860597138663,-0.00235430728428119,0.00315049653804282
2.77,-0.00311303439093842,-0.00188653186190087,0.00376224735862865
2.775,-0.00267642774902137,-0.00132099016806616,0.0041720944244093
2.78,-0.00210399589835814,-0.000690452227834186,0.00436016747672131
2.785,-0.00142875138012893,-3.56313212014005e-05,0.00430727910832405
2.79,-0.000684812926817,0.00060293921086925,0.00400873132896758
2.795,8.76443177049094e-05,0.0011958497174456,0.00348365285615921
2.8,0.000849296919604502,0.00170666603938256,0.00275687357867587
2.805,0.00155567463306588,0.00210660860165429,0.00186160362607239
2.81,0.00217369816701383,0.00237562120907386,0.000849807450679042
2.815,0.00267263981161774,0.00250663086709434,-0.000221797360319885
2.82,0.00302711150083182,0.00248907528107655,-0.00129668399017762
2.825,0.00321754615714347,0.00232986778709417,-0.00231467633337583
2.83,0.00324099533794028,0.00204726315623,-0.00321065935386694
2.835,0.00309688283872334,0.00165784873584588,-0.00394058419706716
2.84,0.00279367505396272,0.00118254565171467,-0.00445884022728828
2.845,0.0023517969770805,0.000659879771896313,-0.00472964622825419
2.85,0.00179133409054877,0.000118369951026907,-0.00473556208557931
2.855,0.00114849486730266,-0.000414513887048561,-0.00447812040028959
2.86,0.000452080145394123,-0.000905447629776215,-0.00396349393199268
2.865,-0.000258078037716035,-0.00132319212361931,-0.00321956855037718
2.87,-0.000946128462150037,-0.00165576538634802,-0.00228817022019447
2.875,-0.001576490885771,-0.001881689393305,-0.00122069715067411
2.88,-0.00211705020486985,-0.00199218046782401,-7.2530736628354e-05
2.885,-0.00254464831673724,-0.00198744903961473,0.00108629105973416
2.89,-0.0028356075659402,-0.00187643082969557,0.00219408601718816
2.895,-0.00297819454007392,-0.0016617713754472,0.00318563100991137
2.9,-0.0029705023785968,-0.00136586174613163,0.00400603187322229
2.905,-0.00281221128274476,-0.0010112346722508,0.00460302542445853
2.91,-0.00251064164607952,-0.000616426516802843,0.00494392676253799
2.915,-0.00208982389458005,-0.0002035339834891,0.00500838800488645
2.92,-0.00156758906854665,0.00019506238062001,0.00478805633259127
2.925,-0.000973116975747909,0.000561785995701529,0.00429463400019313
2.93,-0.000340407598011498,0.000882954606573482,0.00355913939734951
2.935,0.000302709592688223,0.00113539135957678,0.00261591027458019
2.94,0.000922138094453817,0.00130900214713652,0.00152090006152066
2.945,0.00148625389100326,0.00140662743625846,0.000337616689427961
2.95,0.00196870248098232,0.00142262724262687,-0.000868324031182723
2.955,0.00235044893767988,0.00135736523069247,-0.00203166734184479
2.96,0.00260984045868885,0.00122833105813785,-0.00308006252549665
2.965,0.0027343733297959,0.00104567023932545,-0.00395612947652127
2.97,0.00272622771642896,0.00081474418064703,-0.0046104014916878
2.975,0.00258172672065666,0.000561243925444067,-0.00500371889710411
2.98,0.00231117912726037,0.00030028762375251,-0.00511160775600877
2.985,0.00193169801826672,4.01598151276025e-05,-0.00493266372775176
2.99,0.0014613406420632,-0.000201283439230011,-0.00447480203200741
2.995,0.000923861125204629,-0.000406545552294126,-0.00375952665902323
3,0.000347785918750001,-0.000576781871793078,-0.00283336012461792
3.005,-0.000239863147589401,-0.000706394020695154,-0.00175191147783578
3.01,-0.000811183466974887,-0.000784763994957615,-0.000566932780159667
3.015,-0.00133681942079709,-0.00081935950643448,0.00064850020103883
3.02,-0.00179451736051233,-0.000816893607592011,0.00182025302219045
3.025,-0.00215955106984232,-0.000776287845566141,0.00288982809262546
3.03,-0.00241894089866502,-0.000703333245107408,0.00379231698693814
3.035,-0.00255516297746533,-0.000614173763498048,0.00447444980297698
3.04,-0.00256946484359094,-0.000509783721279098,0.0049029556848381
3.045,-0.00245852732947198,-0.000395158013275708,0.00505401709945
3.05,-0.00222640232863292,-0.000285073300293338,0.00491560501986283
3.055,-0.00189112319646596,-0.00017993996606238,0.00449940595590516
3.06,-0.00146546067469158,-7.87058943900573e-05,0.00383520703704958
3.065,-0.00096943568274481,1.05515761450017e-05,0.00295489252215913
3.07,-0.000428611979836775,8.82624260355812e-05,0.0019125537503157
3.075,0.000130460671962339,0.000160285573006091,0.000768139080260857
3.08,0.000683059817820466,0.000223719115327148,-0.000411912817519489
3.085,0.001200335874607,0.000278645762503607,-0.00156132707319918
3.09,0.0016590282240943,0.000331393413573058,-0.00261441390256294
3.095,0.00203550677187596,0.000380458178085076,-0.0035118509860158
3.1,0.00231236225229489,0.00042530061805101,-0.0042047749188301
3.105,0.00247731855973636,0.000466548145720704,-0.00465449061252771
3.11,0.00252146066346978,0.000504983295597051,-0.00483926268350779
3.115,0.00244564351368213,0.00053178318233502,-0.00474893212012206
3.12,0.00224600892499714,0.000550267123212951,-0.00439249869920022
3.125,0.00194087925318598,0.000550913225378014,-0.00379441962707693
3.13,0.00153854511597864,0.00053422459850152,-0.00298731534973074
3.135,0.00105751398623637,0.000492593325067934,-0.0020192937570153
3.14,0.000523459337829843,0.000426262804097343,-0.000950664153329408
3.145,-3.75154076843881e-05,0.000332833955930903,0.000160195327144648
3.15,-0.000598877697067904,0.000214275084709404,0.001250557150973
3.155,-0.0011325332269546,7.17696531267252e-05,0.00225710576242533
3.16,-0.00161274710534689,-9.02328089907139e-05,0.00312479161298046
3.165,-0.00201679133401525,-0.000262314762860237,0.00380910377510568
3.17,-0.00232121482565997,-0.000439671963812021,0.00427053427316229
3.175,-0.00251421220652689,-0.000610975852336935,0.00448840268901161
3.18,-0.00258189188023164,-0.000766151450628276,0.00445374871641748
3.185,-0.00252186710188099,-0.000891948736892361,0.00417265773609308
3.19,-0.00233466537761344,-0.000981357783555204,0.00366191907294144
3.195,-0.00202651767227342,-0.00102558432070007,0.00295419700536235
3.2,-0.00161581663184648,-0.00101228062861001,0.00209426747900605
3.205,-0.00111945154342047,-0.000945042504910704,0.00113185031127394
3.21,-0.000565726710206645,-0.000822005608004678,0.000119587444124771
3.215,2.25838148747813e-05,-0.000643801355858112,-0.000881150516571021
3.22,0.000612690670485688,-0.00041676180527204,-0.00181785682324435
3.225,0.00117803386033195,-0.000156733909277275,-0.00263891205205573
3.23,0.00168550565677883,0.000132763033762835,-0.00330195207130617
3.235,0.00211144439005292,0.000427828404537717,-0.00377176307271672
3.24,0.00243569628726261,0.000713298153604947,-0.0040283898265799
3.245,0.00263546966623445,0.000975118684941386,-0.00405879485261513
3.25,0.00270107256940298,0.0011922498434306,-0.00386479952396825
3.255,0.00262645238925703,0.00134862483758824,-0.00346489952472399
3.26,0.00241837395939728,0.00143571455596336,-0.00288254608224951
3.265,0.00208136714156286,0.00144630892980696,-0.00215325762134346
3.27,0.00163648992704799,0.00137200951471077,-0.00132244648439198
3.275,0.00110125105872922,0.00121688403310208,-0.000436640443572458
3.28,0.000507072250884719,0.00098487290633379,0.00045717973339239
3.285,-0.000118556210451807,0.00068952193345436,0.00130910221127527
3.29,-0.00074413201343912,0.000340358385005618,0.00207070235573937
3.295,-0.00133494069984865,-3.84220773370034e-05,0.00270898237202045
3.3,-0.00186345975826038,-0.00042528939380716,0.00318867821329392
3.305,-0.00229280491582578,-0.000802289421324344,0.00348590028514919
3.31,-0.00260746639727812,-0.00114243080225823,0.0035917648920564
3.315,-0.00278650869385271,-0.00142357343099478,0.0035046332229739
3.32,-0.00281836118031667,-0.00163249904162649,0.0032307373996938
3.325,-0.00270183438259411,-0.00175252503542147,0.00279262286342981
3.33,-0.00244449812083951,-0.00177138449985197,0.00221801447804502
3.335,-0.00205450814993697,-0.00168933702867808,0.0015374993564515
3.34,-0.00155458593214606,-0.00150933090160562,0.000788558366326142
3.345,-0.000969358944146659,-0.00123550874280664,1.76998624059087e-05
3.35,-0.000326815206409279,-0.000883644466226878,-0.000738392108424772
3.355,0.000332886230839742,-0.000475664762515409,-0.00144147162298391
3.36,0.000981920280594965,-3.22153174002192e-05,-0.00205476121067054
3.365,0.00157852253887569,0.000423720063865208,-0.00254738499512821
3.37,0.00209457857981985,0.000859720237834314,-0.00289704120799024
3.375,0.00250027595030282,0.00125172202861837,-0.00309201734805754
3.38,0.00277356871924355,0.00157975143288382,-0.0031213518668278
3.385,0.00290026749914367,0.00181875363103033,-0.00299161942346976
3.39,0.00287266614763255,0.00195358744754494,-0.00271355249119863
3.395,0.00269087733093982,0.0019807926673506,-0.00230033687718641
3.4,0.00236458161562997,0.00189246396464242,-0.00177887260825218
3.405,0.00191147839235814,0.00169036939263186,-0.00117980497280614
3.41,0.00135246966788074,0.00139075738989328,-0.000532280288754686
3.415,0.00072153899771104,0.00100760592229629,0.000132632199485212
3.42,4.91782808313003e-05,0.000561273286831153,0.000777180147310189
3.425,-0.000626339695614077,7.99350724878593e-05,0.00136949376504976
3.43,-0.00126905257741202,-0.000407239628977798,0.00188555484935733
3.435,-0.00184414085847033,-0.000876239084494846,0.0022982156223425
3.44,-0.00231918056126105,-0.00129643998004393,0.00258765510770719
3.445,-0.0026712508647741,-0.00164184655368594,0.00274811166119047
3.45,-0.00287906825394216,-0.00189554051940386,0.00276950551432246
3.455,-0.0029325939679756,-0.00204214882371349,0.00265238741608638
3.46,-0.00282564820681518,-0.00206843079372899,0.00240755802290159
3.465,-0.00256974763004815,-0.00197638138318729,0.00205007698270949
3.47,-0.00217369398500011,-0.00177130006212077,0.00159278577843901
3.475,-0.00165899364895857,-0.00146226020121903,0.00106432627194959
3.48,-0.00105772802739012,-0.00107066495946317,0.000490120177581831
3.485,-0.000398534755308579,-0.000617855120994327,-0.000104853837419418
3.49,0.000279986782214869,-0.000129665521953621,-0.000688076434731527
3.495,0.000941198429027911,0.000364679080394111,-0.00123148200047955
3.5,0.00155096628182243,0.000836578126022037,-0.00171529983145896
3.505,0.00207581651312306,0.00125848028693101,-0.0021109182451464
3.51,0.00248491120671636,0.00160773190144382,-0.00240134442122519
3.515,0.00276073963739652,0.00186405128622303,-0.00257506386590119
3.52,0.00288749077482261,0.00201190764258237,-0.00262219146371805
3.525,0.00285515420855266,0.00204275439902746,-0.00254117887312847
3.53,0.00266987080787838,0.00195789118617311,-0.00233705264798891
3.535,0.00234124564912033,0.00176182149431874,-0.00201739498713506
3.54,0.00188887130280975,0.00146815769465942,-0.0015970598509819
3.545,0.00133443596133406,0.00109076555998304,-0.00110031925982859
3.55,0.000713242447725243,0.000655776968669608,-0.00054692158228146
3.555,5.58102252897538e-05,0.000188762511716907,3.72884365168136e-05
3.56,-0.000600523507062205,-0.000285336342908574,0.000619878824423205
3.565,-0.00122081126205849,-0.000738715798671919,0.00117642202052412
3.57,-0.00177289789214563,-0.00114443868075203,0.00167957029711682
3.575,-0.00222584119480243,-0.00148216220827738,0.00209895088470965
3.58,-0.0025556431660066,-0.00173234144873805,0.00241872465759932
3.585,-0.0027461865104035,-0.00187906348583386,0.00262185663639443
3.59,-0.0027891241836613,-0.00192090924650009,0.00269156157999991
3.595,-0.00268008479062264,-0.00185328166254517,0.0026258323481263
3.6,-0.00242908918601011,-0.00168192681849138,0.00243052593537335
3.605,-0.0020503391069495,-0.00141878595220023,0.0021053403989302
3.61,-0.00156364806105031,-0.00108235567699073,0.00166976098322177
3.615,-0.000996411460487921,-0.000688769819686324,0.00114843345152047
3.62,-0.000381262678607842,-0.000264098869761546,0.000557168756468646
3.625,0.000249896663835318,0.000166181290484738,-7.11143491972699e-05
3.63,0.00086310501710361,0.000581370297964693,-0.000698252967309817
3.635,0.00142468522917007,0.000958727713437671,-0.00130012057244637
3.64,0.00190577438529461,0.00127279041213177,-0.00184358328060421
3.645,0.00228137875705922,0.00150999202393229,-0.00229575775562102
3.65,0.002530952510778,0.00166289177806084,-0.00263382409528769
3.655,0.00264491573083388,0.00171898131753467,-0.00283957149283194
3.66,0.00261736543114749,0.00167800332643217,-0.00289754757838227
3.665,0.00244926930082944,0.00155000906542205,-0.00280182430750002
3.67,0.00215337373965671,0.00133785100151494,-0.00256039399846851
3.675,0.00174673959353391,0.00105674897772994,-0.00217742477304826
3.68,0.00125000293218606,0.000726751543926524,-0.0016716397102559
3.685,0.000690815861335053,0.000365620938848072,-0.00107164270773787
3.69,0.000103141501341461,-1.1502090405327e-05,-0.000406252745152477
3.695,-0.000487021896874436,-0.000375862214921096,0.00028924835984315
3.7,-0.00104662538827083,-0.000710272605614339,0.000980919223864515
3.705,-0.00154378422494096,-0.00100001370403419,0.00162605184459944
3.71,-0.00195354993576441,-0.00123005787490592,0.00219207747484052
3.715,-0.00226082459213835,-0.00138537316428159,0.00264684504125131
3.72,-0.00244126796195057,-0.00146623198763347,0.00296358579975834
3.725,-0.00249383675539462,-0.0014667892865771,0.00312375072982532
3.73,-0.0024154345876232,-0.00138903332685158,0.00311444403612218
3.735,-0.00220836042833133,-0.00124015893991082,0.00293684745521049
3.74,-0.00188952671073245,-0.00103167918132578,0.00259458685432431
3.745,-0.00147599192549549,-0.000774302588810074,0.00210599773377425
3.75,-0.000984997303643666,-0.000481256503999245,0.0014992778268718
3.755,-0.000447544431294946,-0.000172705053272402,0.000801142609409366
3.76,0.000104902765487606,0.000136178888611789,5.10316811356524e-05
3.765,0.000649106259849945,0.00042970676845765,-0.000707759942158978
3.77,0.00115443948016572,0.0006955840868125,-0.00143462808565783
3.775,0.00159483541823607,0.000915410499831263,-0.00209024022337559
3.78,0.0019472935403634,0.00108352106436851,-0.00263546999558233
3.785,0.00219594449806209,0.00119318463605384,-0.0030384841690219
3.79,0.00232852427461561,0.00123692086888885,-0.00327889584244903
3.795,0.00233983880121685,0.00121862398303809,-0.00333763315040724
3.8,0.0022287650374496,0.00114016693446205,-0.00321036842597433
3.805,0.00200157438837217,0.00100630069702074,-0.00290511550004047
3.81,0.00167270758319105,0.000822241605724333,-0.00243642745749678
3.815,0.00125999859461099,0.000605168127879524,-0.00182705971515734
3.82,0.000783892911792155,0.00036336291196173,-0.00111293251597669
3.825,0.000271501665365286,0.000107537138948845,-0.00033266546039666
3.83,-0.000252212111687493,-0.000145560005407429,0.000470870688965408
3.835,-0.000758881741898332,-0.000385623737775378,0.00124979234811474
3.84,-0.00122293932544725,-0.000602072391729273,0.00196403079090468
3.845,-0.00162028453500787,-0.000784102052601981,0.0025731761572488
3.85,-0.00193240995351001,-0.000922577939757358,0.00303796409375893
3.855,-0.00214242305065351,-0.00101658786592689,0.00333617772832219
3.86,-0.00224012858200789,-0.00105874731267631,0.0034477820106982
3.865,-0.00221898375871891,-0.0010462077318604,0.00336702223987093
3.87,-0.00208523415849009,-0.000983590731897754,0.00309720699010551
3.875,-0.00184272773789098,-0.000876086865104159,0.00265490700511528
3.88,-0.00150504736136613,-0.000727814105807547,0.00206003133273665
3.885,-0.00109311269783063,-0.000545537544324329,0.00135212290041755
3.89,-0.000624755942917334,-0.000338932016174629,0.000568497779315983
3.895,-0.000126440448094506,-0.000120772499421861,-0.000250149220915503
3.9,0.000375618643364175,0.00010328961048725,-0.00105182603000851
3.905,0.000857283438830671,0.000319580149361196,-0.00179618543359358
3.91,0.00129426154762822,0.000517592398952073,-0.00243902661635753
3.915,0.00166022707771503,0.000689706223095063,-0.00294235779618223
3.92,0.00194030756302213,0.000827271158209124,-0.00328089014931907
3.925,0.00211884980582449,0.00092150458124877,-0.00343474021444562
3.93,0.00218416339719814,0.000969424360253844,-0.00339669228911443
3.935,0.00213723830589618,0.000971729640699763,-0.00316565521617049
3.94,0.00198042644616042,0.000925092609357179,-0.00276147660147531
3.945,0.00171878981776084,0.000830630383635542,-0.00220307026745168
3.95,0.00136900732567439,0.000695685784828642,-0.00152461410021406
3.955,0.000948594569043039,0.000527973847024047,-0.000764324552693608
3.96,0.000477017484267703,0.000331197198582933,3.51297290685571e-05
3.965,-1.74373174272007e-05,0.000117024441693802,0.000826601202960659
3.97,-0.000512220262040908,-9.80696089020909e-05,0.00156986952563868
3.975,-0.000981643378459136,-0.000314091056754053,0.00221679080168614
3.98,-0.00139575761176888,-0.000514257679341898,0.00273552315445289
3.985,-0.00173818561254339,-0.000682765577434838,0.0031012205862162
3.99,-0.00198928330983259,-0.000820655165089331,0.00328719295817473
3.995,-0.0021346619607814,-0.000917659368239972,0.00328980357385253
4,-0.00216869121521036,-0.00096217631437714,0.00310962131627436
4.005,-0.0020880674298424,-0.000957610546931612,0.00276031246589206
4.01,-0.00189586391407625,-0.000906624197864294,0.00225843315327703
4.015,-0.0016032013269,-0.000802502220056242,0.00163947893087545
4.02,-0.0012263823706312,-0.000654858239376755,0.000937183476768535
4.025,-0.000782078870067584,-0.000476482231347279,0.00018749547465487
4.03,-0.000295899180141146,-0.000267635869362502,-0.000560381021025049
4.035,0.000205780624667354,-4.1045519449873e-05,-0.00126773096643326
4.04,0.000696118514145186,0.00018462915317831,-0.00189885160420385
4.045,0.00115116299365289,0.000401236359677786,-0.00241430406124501
4.05,0.00154458115247601,0.000601625955705182,-0.00279129912276247
4.055,0.00185542465282717,0.000766256037206552,-0.00300714719889247
4.06,0.00206692239859938,0.000886909318814398,-0.00305813682719499
4.065,0.0021677852000111,0.000963199587684503,-0.00293824514799184
4.07,0.00215379561250891,0.000984470502767873,-0.00266025018031062
4.075,0.00202280338165016,0.000946104567450018,-0.00224138509406802
4.08,0.00178446200678337,0.000857137926997653,-0.00170805065041426
4.085,0.00144876807413266,0.000718825007273653,-0.00108992960813826
4.09,0.00103382676982128,0.00053739187721316,-0.000423009299750175
4.095,0.000565359912581338,0.000323031254637958,0.00025123043649023
4.1,6.33070299101179e-05,9.24785274823846e-05,0.000902582083243019
4.105,-0.000443298127986779,-0.000146099018056827,0.0014920143102819
4.11,-0.000923796572294772,-0.000377891991674228,0.00198643643879717
4.115,-0.00135611730367841,-0.000584804136262214,0.00236712850898596
4.12,-0.00171724665994743,-0.000759004151515941,0.00261161961366944
4.125,-0.00198130109821253,-0.000890965439990275,0.00270906370088483
4.13,-0.00214252716633205,-0.000967758378060584,0.00266042297833382
4.135,-0.00218621056242701,-0.000986585318984833,0.00247342712652345
4.14,-0.00210702550442433,-0.000949204941502769,0.00215628544287766
4.145,-0.00191594772650425,-0.000854557380922299,0.00173165628161889
4.15,-0.00162053691063903,-0.0007066233178566,0.00122976515916583
4.155,-0.00123283750472806,-0.000518055255700418,0.000671110603981635
4.16,-0.000778885707282769,-0.00029665514674853,9.31391996652262e-05
4.165,-0.000282667270239703,-5.7061280554132e-05,-0.000475059743746589
4.17,0.0002300519633637,0.000186746598052062,-0.00100410862267438
4.175,0.000727375490099652,0.000417523217782125,-0.00146735508538472
4.18,0.00118633889196601,0.00062486515706342,-0.00184209563102268
4.185,0.00158029534696248,0.000796165318972498,-0.00211004470129895
4.19,0.00188408245400256,0.000915381685670324,-0.00226485392192738
4.195,0.00208609385874356,0.000979106479929445,-0.00229805573438753
4.2,0.00217232729046376,0.000986176638956483,-0.00221164588561749
4.205,0.00213813561027875,0.000927167324566373,-0.00201704869823138
4.21,0.00198660686774579,0.000810731733857272,-0.00172431517943954
4.215,0.00172574700129926,0.000645158258376692,-0.00135300410169543
4.22,0.00136844445598692,0.000436200532596896,-0.000924513429995475
4.225,0.00093943826886295,0.000197703854558565,-0.000463637492252392
4.23,0.000457065316678996,-5.08053455092855e-05,8.98220782594056e-06
4.235,-4.76364274610892e-05,-0.000298377419957761,0.000464981987145714
4.24,-0.000548139265799896,-0.000529331088431203,0.000885324079964726
4.245,-0.00101981342526141,-0.000725355897671219,0.00125018883428493
4.25,-0.00143194435417003,-0.000878544815623072,0.00154078914821622
4.255,-0.00176320511414668,-0.000973651092366182,0.00175146686328519
4.26,-0.001998187170311,-0.00100738453378064,0.00187074080701764
4.265,-0.00212057360911521,-0.000977633345358623,0.00189421976703814
4.27,-0.00212312422630943,-0.000885236078151039,0.0018289769093699
4.275,-0.00201128518171013,-0.000733171945226313,0.00168029367029592
4.28,-0.00178429343404972,-0.000533883264281176,0.00145489616862245
4.285,-0.00146006633551519,-0.000300745131985554,0.00116802854140258
4.29,-0.00105816863263553,-4.48089470003054e-05,0.000838423072839506
4.295,-0.000596564679906997,0.000214157545107415,0.000474753766467071
4.3,-0.000103691981946645,0.000460776249472473,0.000101351298606336
4.305,0.000391011049332086,0.000681784823686553,-0.000264717398757409
4.31,0.000863576633832562,0.000860088971046517,-0.000614469627733441
4.315,0.0012858289328732,0.000981330955283073,-0.000927449162073546
4.32,0.00163129548671528,0.00104322282788562,-0.00118940532967652
4.325,0.00188591483322589,0.00103967066024983,-0.00139520084449844
4.33,0.00203485408815064,0.000965769687548233,-0.001536262769007
4.335,0.00206668431753531,0.000830760387792463,-0.00160628555350109
4.34,0.00198411505487036,0.00064168520308754,-0.00160481178014397
4.345,0.00179169729624539,0.000407664414289392,-0.00153512079158233
4.35,0.00150104921530933,0.000145512562804483,-0.00139761927789252
4.355,0.00112826593860345,-0.000126712809620773,-0.00120327947634894
4.36,0.000695885294711532,-0.000396979559798451,-0.000956471687020404
4.365,0.000226641007705943,-0.000645431353408801,-0.000671668930218766
4.37,-0.00025048984654368,-0.000853175098248146,-0.000358838131842979
4.375,-0.000710508244705257,-0.00100910177495607,-2.98028119508577e-05
4.38,-0.00112630899352156,-0.00110543449749897,0.000298607168043341
4.385,-0.00147648798663569,-0.00112910406966133,0.000613520194937281
4.39,-0.00174264320153053,-0.00108125164689228,0.000905769264517716
4.395,-0.00190773851504471,-0.000966910495850421,0.00115753692026026
4.4,-0.00196593033898612,-0.000786147666721866,0.00135937546645876
4.405,-0.00191528120941167,-0.000552070516025082,0.00150718190286298
4.41,-0.00175884953985738,-0.000284447911622892,0.00158742048267664
4.415,-0.00150532369850003,5.40235175674439e-06,0.0015952076642235
4.42,-0.00117091447573103,0.000302747051058723,0.00153832815161207
4.425,-0.000773454444910657,0.000581710911447123,0.00140859975490555
4.43,-0.000338031105527254,0.000825742770708193,0.00121002502632334
4.435,0.000111756928931625,0.00102333323019704,0.000956622663278157
4.44,0.00055116751851044,0.00115793989472556,0.000653572126567673
4.445,0.000956239269856476,0.00122179124006901,0.00031279043084849
4.45,0.00130321834226574,0.00120931401796009,-4.78176830356779e-05
4.455,0.00157400305722032,0.0011216849314025,-0.000414805593066976
4.46,0.00175510840204538,0.000961566258968747,-0.000772777586804208
4.465,0.0018363308811138,0.000741481255237778,-0.00110026751534993
4.47,0.00181589205026322,0.000474649706639835,-0.00138153758620582
4.475,0.00169337939631926,0.000173987483094865,-0.00160784312833179
4.48,0.00147944076177701,-0.000141726754727004,-0.00176055973335979
4.485,0.00118690966894785,-0.000450094943158981,-0.0018299764163806
4.49,0.000830167118287912,-0.000733122530872369,-0.0018119554094009
4.495,0.000434096654626186,-0.000976049946775633,-0.00170379447312451
4.5,1.99706233709949e-05,-0.00115999905137697,-0.0015090147349287
4.505,-0.000393600921880713,-0.0012752219383895,-0.00123294380206053
4.51,-0.000776662049522115,-0.0013126267798446,-0.000887175027141479
4.515,-0.0011098273330739,-0.00127003876099235,-0.000486480959514304
4.52,-0.00138115690415718,-0.00114977695066928,-5.22158113122117e-05
4.525,-0.00157073260565276,-0.000960596232674845,0.000397539552058002
4.53,-0.00167096024344294,-0.000709850441253134,0.000838628651796878
4.535,-0.00168156488452373,-0.000414974046599096,0.00124770914842665
4.54,-0.00159624438036921,-9.17569526526817e-05,0.00160434859390792
4.545,-0.00142521833821076,0.000237823401935152,0.0018845623711381
4.55,-0.00118114740665977,0.000555411390488441,0.0020729139125901
4.555,-0.000874788911647082,0.000842233222786226,0.00215968957259714
4.56,-0.000524141838644336,0.00107882712063228,0.00213442208887745
4.565,-0.000153719575444539,0.00125141430873448,0.00199438085613815
4.57,0.000220513932982627,0.00134915091862551,0.00174710529378217
4.575,0.000576040355513447,0.00136604747291242,0.00140213674833618
4.58,0.000893023308006068,0.00129899127763633,0.000970679780701258
4.585,0.00116032305139421,0.00115592135069535,0.000480357123983117
4.59,0.0013600680550905,0.000942938920491038,-4.71867853840118e-05
4.595,0.0014797133808433,0.000672491364049333,-0.000586338526710113
4.6,0.00152005468079309,0.000361251594920063,-0.00110505038786458
4.605,0.00147738934781595,2.77276792780245e-05,-0.00157302401464281
4.61,0.00135326701809689,-0.00030612944205273,-0.00196732742711922
4.615,0.00116079705417532,-0.000623082624287749,-0.0022623605553932
4.62,0.000908850977497129,-0.000902225405182488,-0.00244096378293667
4.625,0.000612310019793796,-0.00112633265195107,-0.00249062273267063
4.63,0.000291471683219203,-0.00128173106631792,-0.00240635778444252
4.635,-3.98506780611437e-05,-0.00136080012485613,-0.00218598123630849
4.64,-0.00036436362071265,-0.00135730781356829,-0.00184452995356431
4.645,-0.000662572091535407,-0.00127383272037103,-0.00139411573711023
4.65,-0.000919387224786564,-0.00111704705101584,-0.000857784604223004
4.655,-0.00112213103686408,-0.000892497517260187,-0.000264202480692336
4.66,-0.00126218815290776,-0.000613891675990661,0.000354807527916869
4.665,-0.00133106245566115,-0.000303756071042703,0.000962472414807873
4.67,-0.0013278957721014,2.3996687566414e-05,0.0015265665974647
4.675,-0.00125565812728084,0.000350965464877884,0.00201768328876632
4.68,-0.00111965558080185,0.000651332189879925,0.00240441749130707
4.685,-0.000928628488230367,0.000909766290767655,0.00266027797955133
4.69,-0.000695901651658694,0.00111284195860808,0.00277587157203252
4.695,-0.00042984515119874,0.00124686253168978,0.00273803601069158
4.7,-0.000147298978894924,0.00130350685075898,0.0025435649668956
4.705,0.000134584225675297,0.00128542641190535,0.00220754209450357
4.71,0.000405519675805819,0.00118705994406571,0.00174208796454383
4.715,0.000651408197155951,0.00101996172567419,0.00116968267967712
4.72,0.000854815524304373,0.000792514759716707,0.000528887226822759
4.725,0.0010089883342701,0.000520192298140809,-0.000149923191205208
4.73,0.00111025353959783,0.000218654125105375,-0.000830819121365904
4.735,0.00115102279961121,-8.99467368802897e-05,-0.00147253355870978
4.74,0.00113456951086671,-0.000389387410062606,-0.00203625842395476
4.745,0.00106271930364449,-0.000660005609317503,-0.00249629401346435
4.75,0.000938045855449069,-0.000886207612561448,-0.00281843605120841
4.755,0.000770846446324258,-0.00105391911188337,-0.00298440286649954
4.76,0.000570552976241032,-0.00115422059157639,-0.00298443079743789
4.765,0.00034244314268986,-0.00118334896999109,-0.00281517130209058
4.77,0.000103319967414857,-0.00114028351820818,-0.00248473118901455
4.775,-0.000132818088464839,-0.00102603375716262,-0.00201052405504785
4.78,-0.000357061894277633,-0.000850303905165515,-0.00141766636788711
4.785,-0.000557261451976107,-0.000625814551721278,-0.000741471948900432
4.79,-0.00072601132770124,-0.000366697846893692,-1.65756020560035e-05
4.795,-0.000856766560068028,-8.93808318573798e-05,0.000714824057023008
4.8,-0.000942696070672165,0.000186717161939718,0.00141281024732238
4.805,-0.000984559967655821,0.000444259591549557,0.00203456431851979
4.81,-0.000978904429550265,0.00066810777904103,0.00254661285201282
4.815,-0.000927377873884912,0.000844418247664182,0.00291567143843181
4.82,-0.000832339602554665,0.000960928940332872,0.00312114012242197
4.825,-0.000700393107950654,0.0010169689381653,0.00315125934892902
4.83,-0.000538707100942822,0.00100413194000925,0.00299845050899796
4.835,-0.000355705972601251,0.000925148523541892,0.00267503701410398
4.84,-0.000160383386145874,0.000789488619713621,0.00219961640079884
4.845,3.6547626737035e-05,0.000603973157885225,0.00159432878673255
4.85,0.000229035716822362,0.000380470326699226,0.000896360095428198
4.855,0.000408122418878881,0.000139598192631637,0.000143511989248079
4.86,0.000567557165155478,-0.000104073344509712,-0.000621695014229252
4.865,0.00070018734502956,-0.000337050648579231,-0.00135479868470417
4.87,0.000799462498715579,-0.000539656930470693,-0.00201154389627419
4.875,0.000863712402522229,-0.000701309018674638,-0.00255713370490921
4.88,0.000888102473502942,-0.00081123911843143,-0.00295739605941971
4.885,0.000872298929824764,-0.000861857541524256,-0.00318596769921162
4.89,0.000819416020811324,-0.000852230307359594,-0.00323516302293747
4.895,0.000730756157314595,-0.000781971980140063,-0.00309725414931499
4.9,0.000611772148834287,-0.000655210849488166,-0.00278246541569068
4.905,0.000468101741669789,-0.00048463113666932,-0.00230765239474789
4.91,0.000303204808579328,-0.000279827005190854,-0.00169972095256638
4.915,0.000126597306128335,-5.85775748041453e-05,-0.0009933579928342
4.92,-5.92822542055736e-05,0.000164980631470828,-0.000228218535151389
4.925,-0.000244272782544327,0.000372603480110701,0.000549539160601046
4.93,-0.000417774364647098,0.000554898364998867,0.00129787545662032
4.935,-0.000575349525260648,0.000691382253286634,0.0019692753877229
4.94,-0.000711180814969662,0.000776666691837816,0.0025282819908226
4.945,-0.000815057999455981,0.000804885334707416,0.00294079410317007
4.95,-0.000884345402059126,0.000772081374356056,0.00318209330213414
4.955,-0.000917028843958882,0.000677856670822132,0.00324046988444502
4.96,-0.00091106462202195,0.000533671986825429,0.00311297816306875
4.965,-0.000865490546956424,0.000344005508183408,0.00280657307053773
4.97,-0.000780197980926172,0.000124526712414166,0.00233771894915367
4.975,-0.000656707678567595,-0.000106318503159936,0.00173566462859921
4.98,-0.000500815740488437,-0.000333344240844435,0.00103594469640101
4.985,-0.000319421360134901,-0.000545503494620604,0.00027489713316943
4.99,-0.000116545154788284,-0.000717327272694636,-0.000496137515696766
4.995,9.6373127891789e-05,-0.000840272835077291,-0.00123735498034347
5,0.000308733745320119,-0.000907712983674582,-0.00190515792498243
5.005,0.000514496069744451,-0.000908812901779455,-0.00245823222724637
5.01,0.000701200626990482,-0.000839491532515535,-0.00286625661838173
5.015,0.000861468515018083,-0.000708430692153062,-0.00310792268086656
5.02,0.000986173536211049,-0.000521571055864722,-0.00317104150812815
5.025,0.00106966951058803,-0.000284115205716109,-0.00304682557091478
5.03,0.00110397350620247,-1.720255143498e-05,-0.00274884807680897
5.035,0.00108638235155994,0.00025688158220924,-0.00229487473201488
5.04,0.00101265298010749,0.000528649633628587,-0.00170993624055739
5.045,0.000889351148469229,0.00077531791811802,-0.00102916104642164
5.05,0.000718194277653022,0.00097648173901949,-0.000293076969114194
5.055,0.00050586942988432,0.00111800843598965,0.000451515755972932
5.06,0.000259947961577802,0.00119085753458295,0.00116759048645715
5.065,-5.57452307952745e-06,0.00118268375664686,0.00180967632071308
5.07,-0.00027775263845914,0.00109418205258305,0.00233949333731054
5.075,-0.000547723418905939,0.000928587837029826,0.00273465504126546
5.08,-0.000800409730468287,0.000690288769027993,0.00296564581502466
5.085,-0.00101978706963138,0.00039442791394303,0.00302347448255311
5.09,-0.00119309698841303,6.12869234841238e-05,0.00290620726255949
5.095,-0.00131361354892154,-0.000289031146443747,0.00262496194832141
5.1,-0.00136831390118848,-0.000638078998987475,0.00219098157185911
5.105,-0.00135482883108693,-0.000960583959058641,0.00163416857473295
5.11,-0.00127221693382632,-0.00122956429666182,0.000995073579372202
5.115,-0.00112150828502111,-0.00143341021714636,0.000300658403583658
5.12,-0.000906578699830104,-0.00155495955067141,-0.0004026194451731
5.125,-0.000639435781916463,-0.00157707143404057,-0.00107174781927365
5.13,-0.000331837742840426,-0.00150078350649049,-0.00167348901501594
5.135,5.37289113490206e-06,-0.00132970918234922,-0.0021718254652588
5.14,0.00035155014278823,-0.00106300048704837,-0.00253843942282339
5.145,0.000689746438148636,-0.000718296211748961,-0.00275322595113294
5.15,0.00100195887331858,-0.000322459487084293,-0.00281091009130901
5.155,0.00126807347305204,0.000111128438666637,-0.00270123853611828
5.16,0.00147507856171273,0.000554966360291237,-0.00243809535384566
5.165,0.00161229919753789,0.000975641831380508,-0.00204301658626879
5.17,0.00166642970434722,0.00135026248860245,-0.00153246640308183
5.175,0.00163155730614485,0.00165962304878483,-0.000942987477434405
5.18,0.00151262866176192,0.00187203709285479,-0.000310535416761369
5.185,0.00130937084710635,0.00197662938736814,0.000330521532693029
5.19,0.00102952154460174,0.00196754761460185,0.000943527853468425
5.195,0.00068641451398933,0.00183772783014042,0.00149101833605145
5.2,0.000299416242113685,0.00158698470979087,0.00194490646606202
5.205,-0.000114120767435283,0.00124034935996888,0.00228157888240999
5.21,-0.00053057298568586,0.000806392536824501,0.00247912530433952
5.215,-0.000927219743991819,0.000312031697093398,0.00253383010157644
5.22,-0.00128536183768477,-0.000212226930474746,0.00244412755345995
5.225,-0.00158011833500972,-0.000736834102177237,0.00221579927541973
5.23,-0.00179712187232101,-0.00123380981884915,0.00186733488868778
5.235,-0.00192451767387864,-0.00166792926622032,0.00142061036350817
5.24,-0.00194966141173671,-0.00201095381259643,0.000903656002175402
5.245,-0.00186797080828633,-0.00224576197471615,0.000345116171866609
5.25,-0.00168612413178721,-0.00235427077893941,-0.000221135937844901
5.255,-0.00140847560211906,-0.00232289274150719,-0.000762585350332089
5.26,-0.00104706068943786,-0.00215440951432272,-0.00124846625527941
5.265,-0.000624589163581736,-0.0018584486060575,-0.00165535363606597
5.27,-0.000160671766047755,-0.00144773211792501,-0.00195973204545373
5.275,0.000320163479611734,-0.000943039752569568,-0.00214591557511584
5.28,0.000792361946739287,-0.000378605798675424,-0.00221043822825027
5.285,0.00122854221099651,0.000221709673059075,-0.00215087269174518
5.29,0.00160951965757543,0.000818789589805787,-0.00197210482721769
5.295,0.00190685236343108,0.00137497435733566,-0.00169262727640429
5.3,0.00210626980969518,0.00186330084983971,-0.00132456171696282
5.305,0.00219482090273548,0.00225138749508986,-0.000893135724213027
5.31,0.00216431504845857,0.00251209603652827,-0.000424783853804908
5.315,0.00201630460947542,0.00263251917514623,5.32608270112466e-05
5.32,0.00175723950296991,0.00260484095963442,0.000520218959886693
5.325,0.00139937154553767,0.00242576942149152,0.000941067383548057
5.33,0.000960910184361284,0.00210571161438799,0.00129915516427539
5.335,0.000467417583104596,0.00166583940464493,0.00158128012005881
5.34,-5.96112651092603e-05,0.00112437230124646,0.00176535967097152
5.345,-0.000590787677715922,0.000512500278459604,0.00185349826551143
5.35,-0.00109748268306218,-0.000132063028729913,0.00184175983674662
5.355,-0.00154945871357092,-0.000775560972882582,0.00173111579536555
5.36,-0.00192225228919705,-0.0013806680995898,0.00153275322114769
5.365,-0.00219578179032201,-0.00190939051841117,0.00126239325123245
5.37,-0.00235244242485941,-0.00233491007798564,0.000932951404335793
5.375,-0.00238269882495038,-0.00263455177732543,0.000560801809792574
5.38,-0.00228371178767061,-0.00278312221950955,0.000178308905391201
5.385,-0.00206150052680533,-0.00277846822029678,-0.000203082873651188
5.39,-0.00172872582370404,-0.00262200647972896,-0.000566005855738359
5.395,-0.00129762191179188,-0.00231673694529619,-0.000884047346903301
5.4,-0.00079273618018097,-0.00187955471688638,-0.00114904015152664
5.405,-0.000241421003972081,-0.00133933323920551,-0.00135104052419578
5.41,0.000327534923774211,-0.000723182864624467,-0.00147998734348475
5.415,0.000884332183620509,-6.43258908104098e-05,-0.00153028165291936
5.42,0.00139448633330803,0.000597892615976835,-0.00150676717197926
5.425,0.00183370591888088,0.00122340132265739,-0.001411895062726
5.43,0.00217531195330001,0.00178711970444392,-0.00124615585434963
5.435,0.00240106077564027,0.00225074838598377,-0.0010322036882226
5.44,0.00250175957522643,0.00258652425888709,-0.000773345969186889
5.445,0.00246881533751538,0.00278503715925816,-0.00048384026243983
5.45,0.00230301968386395,0.0028327836280773,-0.000180466728194288
5.455,0.00201469739261273,0.00272091916553823,0.000123297629571429
5.46,0.00161750947671536,0.00246442763223998,0.00041448066951502
5.465,0.001129056124248,0.00207807676644096,0.000685040369261284
5.47,0.000580252211270343,0.00157537264138145,0.000916209317602132
5.475,9.27773323574274e-08,0.000991800674712932,0.00110203919130672
5.48,-0.000585252889100319,0.00036234609624218,0.00123906531178898
5.485,-0.0011372736345957,-0.000288750684914136,0.00131395389074734
5.49,-0.00162899757589876,-0.000918861388405685,0.00133316224457666
5.495,-0.00203735428715095,-0.00149192693790696,0.00129365067519611
5.5,-0.00234172535598778,-0.00198599042958182,0.00119657450604998
5.505,-0.0025173975590903,-0.00237544548905637,0.00104688169892012
5.51,-0.00256406610951709,-0.00262844560641984,0.000855157327794046
5.515,-0.00247545036707727,-0.00274514923111296,0.000625592213988355
5.52,-0.00225301488971423,-0.00272113031552179,0.000362847671169128
5.525,-0.00191237425954434,-0.00254702132028423,8.76335117219948e-05
5.53,-0.00147055639516716,-0.00224233882286862,-0.00019614618797267
5.535,-0.000949015459975054,-0.00182923605583779,-0.000475410709758485
5.54,-0.000380489041558192,-0.00132066895333403,-0.000734334311488182
5.545,0.000206733282803277,-0.000747421085185896,-0.000965945936313657
5.55,0.000787499165269573,-0.000144625021810643,-0.00115702919554265
5.555,0.00132355451260482,0.000462085408715961,-0.00130144300626557
5.56,0.00179083694206827,0.00104329836508485,-0.00138746112630082
5.565,0.00216562194785642,0.00156262745435805,-0.00141361828665312
5.57,0.00242823706640337,0.00199836596218932,-0.00137658808448814
5.575,0.00256371269672611,0.0023318724537881,-0.00127067794417607
5.58,0.00256369879872409,0.0025423571886201,-0.00110361465697845
5.585,0.00243239923751281,0.00261878641869339,-0.000878997802119438
5.59,0.00217366801555227,0.00256894033549292,-0.000605144321054035
5.595,0.00180196219364291,0.00238944005991276,-0.000291805871137896
5.6,0.00133907956473062,0.00208749253738443,4.24856081461874e-05
5.605,0.000807788734010292,0.00168889414859561,0.000385982468544945
5.61,0.000234279437094614,0.00121083082855203,0.000725036125724567
5.615,-0.000350600944730358,0.000668900897149046,0.00103611894751782
5.62,-0.000917804229390473,0.000101432119209551,0.0013056177403798
5.625,-0.00143986903980886,-0.000465295553444173,0.00152118237606964
5.63,-0.00188530833301174,-0.00101181613186678,0.00166475247402285
5.635,-0.00223587780880131,-0.00150270264268491,0.00172708582221666
5.64,-0.00247208189320375,-0.00191622383309994,0.00170382353669332
5.645,-0.00257923352698368,-0.00223735734035528,0.00158977936585015
5.65,-0.00255478564964019,-0.00244915200300128,0.00138834736673071
5.655,-0.00240188606849255,-0.00253665085315953,0.00111036822376997
5.66,-0.00212503696105838,-0.00250554260467294,0.000763148924152546
5.665,-0.00173952479837658,-0.00235271567147209,0.000364456684776186
5.67,-0.0012667012996152,-0.00208510334560596,-6.57430348120256e-05
5.675,-0.000725524367716372,-0.00171407220226837,-0.000506436588099262
5.68,-0.000147700244266589,-0.00126246310224766,-0.000934530078326207
5.685,0.000439172467037799,-0.000747396694102276,-0.00132533097141276
5.69,0.00100514630545389,-0.000191534944239242,-0.00165704622400993
5.695,0.00152077133205532,0.000372329355166428,-0.00190868514688992
5.7,0.00196042082321593,0.000922107490886991,-0.00206251298018646
5.705,0.00230034320263535,0.0014323239335628,-0.00211002992330965
5.71,0.00252517062756037,0.00187346338582653,-0.00204260998392169
5.715,0.0026227203116988,0.00222692098658474,-0.00186248901322918
5.72,0.00258911079641064,0.00247917500305367,-0.00157565088941336
5.725,0.00242312603436065,0.00261025055500209,-0.00119373617524401
5.73,0.00213383984044345,0.00261148951930362,-0.000738893479075631
5.735,0.00173335273447859,0.00248860575177552,-0.000228258412025159
5.74,0.00124516217340583,0.00224081488536965,0.000306612225948986
5.745,0.00068812435472978,0.00187580264566671,0.000834924056808533
5.75,9.46001236676766e-05,0.00141563049843674,0.00133168102470188
5.755,-0.00050771844651938,0.000881790228870832,0.00176454494100537
5.76,-0.0010874408521427,0.000291583772774373,0.00210835109866298
5.765,-0.00161614260526306,-0.000320051293025007,0.00233952318558845
5.77,-0.00206764917765322,-0.000922997416257723,0.00244835247382029
5.775,-0.00241547781716121,-0.00149224997134812,0.00242316553581534
5.78,-0.00264480285367586,-0.00199705463007475,0.00225873490045877
5.785,-0.00274088475556213,-0.00240485014299155,0.00197091285922884
5.79,-0.00269619284154345,-0.00270135958286924,0.00156229223554079
5.795,-0.00251229720806818,-0.00286509128221734,0.00106212774345234
5.8,-0.00219946052561696,-0.00288153706703249,0.000494512178464506
5.805,-0.0017689129578611,-0.00275271167935765,-0.000108444488950645
5.81,-0.00124349126265626,-0.00248079055746177,-0.000717124242304479
5.815,-0.000651230690728336,-0.00207322855741671,-0.00129254313206031
5.82,-1.84799735418028e-05,-0.00154786630000804,-0.00179936293372503
5.825,0.000621407651606296,-0.000936049916835796,-0.00221692167696593
5.83,0.00123585582903713,-0.000261012247388897,-0.00251504677673883
5.835,0.00179252245586682,0.000444502561218601,-0.00267278321438521
5.84,0.00226479158014455,0.00113605671977225,-0.00268654394004996
5.845,0.00262222423030562,0.0017815449535367,-0.00254741381906533
5.85,0.00284826664805574,0.00234751529865382,-0.00226502555361102
5.855,0.00292811626292682,0.00279540444927766,-0.00185340130094103
5.86,0.00285561604820238,0.00310181767308764,-0.00133624692564877
5.865,0.00263471490287513,0.00325347845266107,-0.000737355882467246
5.87,0.00227398544324323,0.00322712426678576,-9.46029065254441e-05
5.875,0.00178917362875699,0.00302579431251349,0.000551681352894159
5.88,0.00120489028953147,0.00266111479390876,0.00117799500002236
5.885,0.000550063599008648,0.00214201700898919,0.00173738263915973
5.89,-0.000141849402181361,0.00149582100013473,0.00220111344978544
5.895,-0.000835683484076723,0.00075857746870383,0.00254693908022477
5.9,-0.00149595106225986,-3.5192485755816e-05,0.00274990708304165
5.905,-0.00208271380822466,-0.000840860185731089,0.00279944290850605
5.91,-0.00256458511567588,-0.00161198499887317,0.0026938900462917
5.915,-0.00291951875845769,-0.00230870646626058,0.00244055197371073
5.92,-0.00312184094617581,-0.00289008112341328,0.00204857771610391
5.925,-0.00315958929792087,-0.00331948276697265,0.00154607138035302
5.93,-0.00303220644622899,-0.00357167918307353,0.000961363520793886
5.935,-0.0027389090143316,-0.00363169969168447,0.000320831090621283
5.94,-0.00229564776682824,-0.00348853732644349,-0.000332700041612168
5.945,-0.00172449330243267,-0.00314604253050134,-0.000964187530785029
5.95,-0.00105208395073494,-0.00262457870520434,-0.00154134719538157
5.955,-0.000314997437449417,-0.00194680646578121,-0.00203268700407785
5.96,0.000445845203168281,-0.00114938642865289,-0.0024065818390701
5.965,0.00119376054650462,-0.000276225166924925,-0.00264610113881637
5.97,0.00188216801458034,0.000622917841405147,-0.00274139477072341
5.975,0.00247844380433656,0.00150078306948851,-0.00268358413084571
5.98,0.0029481371709644,0.00230127956859448,-0.0024810793766729
5.985,0.00326232546052615,0.00298504240049698,-0.00214866784137594
5.99,0.00340284159710886,0.00350714610317058,-0.00169900524505837
5.995,0.00336082517829284,0.00383478077596862,-0.0011651169594763
6,0.00313623043423902,0.00394655521252431,-0.00057632662534532
6.005,0.00273751482422399,0.00383643487845546,3.98956683155577e-05
6.01,0.00218428105213221,0.00350356299352832,0.000646149310048231
6.015,0.00150497470628078,0.00296511972004852,0.00120688452405642
6.02,0.000740751045120473,0.0022538765519546,0.00169652987143298
6.025,-7.47060091915411e-05,0.00140713772271107,0.00208830749053118
6.03,-0.000893539241229354,0.000469936443457064,0.00236135747959786
6.035,-0.00167002041694626,-0.000500915759539014,0.00250473481339368
6.04,-0.00236212795922646,-0.00144874090769604,0.00251556319171753
6.045,-0.00293173386121517,-0.0023260485092681,0.00239191847481366
6.05,-0.00334462519152463,-0.00307319168472076,0.00214544164221254
6.055,-0.00357925140430412,-0.00364570741942321,0.00179447506715459
6.06,-0.00361787105535281,-0.00401552857552284,0.00135497068160089
6.065,-0.00345264041158253,-0.00415322558676704,0.000852651614644893
6.07,-0.00309980156382581,-0.00405002383562304,0.000320114048006556
6.075,-0.00257197573931003,-0.00371300297136576,-0.000218978630038512
6.08,-0.00189550168742471,-0.00316078987828564,-0.000735618768834418
6.085,-0.00111097039807088,-0.0024184804893236,-0.00120246446287524
6.09,-0.000261439565764519,-0.00153526808984979,-0.00159455888384903
6.095,0.000609190970673476,-0.000557055133074481,-0.00190151304515598
6.1,0.00145206499622043,0.000454558894657919,-0.00210392839512052
6.105,0.00221915448140897,0.00144775946062457,-0.00219721110043891
6.11,0.00286832894704773,0.00235753125110443,-0.00217910714490677
6.115,0.00336242256558549,0.00313227647555017,-0.00205472885761705
6.12,0.00367037583403659,0.0037275862787749,-0.00183375848460036
6.125,0.00377588401972132,0.00410635692162448,-0.00152800725294987
6.13,0.00367267027540899,0.00424303340832878,-0.00115595190735027
6.135,0.00336450742968795,0.00413566656712859,-0.000738059057696376
6.14,0.00286743723677208,0.00378536596188856,-0.000294524138340353
6.145,0.00221120374178148,0.00321002175523294,0.000149739049175753
6.15,0.00142785998972905,0.00245047143885058,0.000577711427233211
6.155,0.000563464024805843,0.0015484186777956,0.000967703953872403
6.16,-0.000335870943637614,0.000553284036511694,0.00130535893857752
6.165,-0.00121865872271413,-0.000472660629197372,0.00157302310203921
6.17,-0.00203790008740361,-0.00146953063071547,0.00176328404731352
6.175,-0.00274483441227303,-0.00237951386641207,0.00187267281630195
6.18,-0.00329776796223934,-0.00314778488159162,0.00189376552545025
6.185,-0.00367176126084167,-0.00372912104239818,0.0018278870541902
6.19,-0.00383936967311145,-0.004091599712002,0.00168412305348693
6.195,-0.00379308822743039,-0.00421289678964738,0.00146765914765017
6.2,-0.00353463632068675,-0.00408580303268674,0.00119152818178417
6.205,-0.00308049464717607,-0.00372047534205066,0.000866765651228353
6.21,-0.00245335683798649,-0.00314123575519317,0.000507917371959697
6.215,-0.00169026475795732,-0.0023790916227206,0.000130519916141448
6.22,-0.000831209501180844,-0.00147823914580213,-0.000247468568672747
6.225,7.35478489807309e-05,-0.000498325896036973,-0.000614674019764543
6.23,0.000971647059951211,0.000506938962248298,-0.000954850345725975
6.235,0.00181784633633065,0.00147710688600473,-0.001251626625961
6.24,0.00256076088261384,0.00235492445932471,-0.00149683664764527
6.245,0.00315810642393337,0.00308825901265877,-0.0016773616604345
6.25,0.00357765399159977,0.00363834391682502,-0.00178630773078975
6.255,0.0037995481510853,0.00397001346954555,-0.0018213430945539
6.26,0.00380627105105819,0.00406682375039846,-0.00177694097746796
6.265,0.00360184762217437,0.00392704117605795,-0.00165470022712676
6.27,0.00319916965130748,0.00355681853835867,-0.00145823172972672
6.275,0.00261920186583372,0.00298188226278124,-0.0011950783606282
6.28,0.00189708483635799,0.00223876633235344,-0.000874067407025995
6.285,0.00107041346937428,0.00136976570224308,-0.000506104669911049
6.29,0.000186929528792549,0.000427235736824409,-0.00010890734745888
6.295,-0.000701758768216511,-0.000527259518549663,0.000302314151432139
6.3,-0.00154589150029882,-0.00144294970957739,0.000711376520616551
6.305,-0.00230166698573127,-0.00226688524621157,0.001095976398035
6.31,-0.00292726946345616,-0.00294762888841329,0.00143857679214583
6.315,-0.00338336614533588,-0.00344986330701437,0.00172508012318131
6.32,-0.00365241150263754,-0.00374408070424625,0.00193770464612829
6.325,-0.00371845950861929,-0.00381920342324694,0.00206365726160788
6.33,-0.00357907244588996,-0.00367032452784249,0.00209365717493166
6.335,-0.00324120608805237,-0.00331252277181833,0.00202423121238026
6.34,-0.00272790897542027,-0.00276471991575102,0.0018524466162303
6.345,-0.00206544691042796,-0.00206674798312672,0.0015856958292214
6.35,-0.00129502262872905,-0.00125609921694471,0.00123014762962618
6.355,-0.000457986455666038,-0.000387904428781438,0.000801666129818952
6.36,0.000397757424396647,0.000491934262986926,0.000323485862129192
6.365,0.00122346632960268,0.00133107175250009,-0.000188842168711422
6.37,0.00197652136544632,0.00207784561172581,-0.000705241563371609
6.375,0.00261294821267647,0.00269477035149534,-0.00120079490880625
6.38,0.00310268720981898,0.00314814127090019,-0.00165077823747555
6.385,0.00341478722564791,0.00341317329474493,-0.00202795135218472
6.39,0.00353989159303547,0.00347846981307674,-0.00230984914797712
6.395,0.00346924360564778,0.00334674613742471,-0.0024787836748594
6.4,0.00320817002769965,0.0030214911285646,-0.00252511618940756
6.405,0.00277523016170125,0.0025316457995766,-0.0024353313339219
6.41,0.00219564343861045,0.00190821687029429,-0.00221327467642363
6.415,0.00150242340530501,0.00118597887450976,-0.00187032503388965
6.42,0.00073535508301042,0.000410866561713214,-0.0014157589505414
6.425,-6.18868297472706e-05,-0.000372319279881786,-0.000873407252371574
6.43,-0.000849806448489151,-0.0011179660274365,-0.000271778276108496
6.435,-0.00157935019864258,-0.00178742317520334,0.000360792792393381
6.44,-0.0022173356071073,-0.0023418536210997,0.00098778152572172
6.445,-0.00272776774636373,-0.00275375966429851,0.00157749831625943
6.45,-0.00308657703275783,-0.00300067449626118,0.00209072357653775
6.455,-0.00327251532376304,-0.00307748848935487,0.00250277650195283
6.46,-0.00328231249095314,-0.00297758043050469,0.00278570635442223
6.465,-0.0031157799839253,-0.00271348640266093,0.00292050847312734
6.47,-0.00278131176030571,-0.00230752159357927,0.00289661489010636
6.475,-0.00230551248021189,-0.00178297705358049,0.00271178235993929
6.48,-0.0017119817019649,-0.00117160134997012,0.00237460928626554
6.485,-0.00103291177039195,-0.000512028247275453,0.00189861075618322
6.49,-0.000307531296894451,0.000158304879239972,0.0013088919247092
6.495,0.000423809325727003,0.000806607592628156,0.000635957169153154
6.5,0.00112475389625431,0.00138983149293323,-8.50338422859574e-05
6.505,0.00175614267043781,0.00188584317157059,-0.00080944147388338
6.51,0.00228794932680978,0.00226611361490098,-0.00149998869997802
6.515,0.00269148012643412,0.00251410691907727,-0.00211661807658138
6.52,0.00294383436179276,0.00261907950271737,-0.00262232666993469
6.525,0.00303881309507625,0.00258211156844991,-0.00298640656284415
6.53,0.00297520336225503,0.00240928766282376,-0.00318528454893344
6.535,0.00275395109072564,0.00211507431999748,-0.0032079673201882
6.54,0.00239025167867387,0.00171377518221342,-0.00305052772718699
6.545,0.00190896442931739,0.0012347588092323,-0.00271758615904128
6.55,0.00133247196475252,0.000707506535881515,-0.00222763526453044
6.555,0.000694686068637569,0.000153983865364691,-0.00160422440134261
6.56,2.96133992068319e-05,-0.000390045188230044,-0.000887620340080948
6.565,-0.000630972584908672,-0.000899196624435691,-0.000113248363822466
6.57,-0.00124697168491303,-0.00134816768305679,0.000674249334641613
6.575,-0.00178970484942423,-0.00171580768574018,0.00142827775525221
6.58,-0.00223363478578922,-0.0019839622128817,0.00210429029839317
6.585,-0.00255685098353535,-0.00214634465548617,0.00266436354167811
6.59,-0.00274437892766525,-0.00219461240619647,0.00307503950371042
6.595,-0.00278839631199377,-0.00213196135107949,0.00331067080232785
6.6,-0.00268878957773418,-0.00196534572495831,0.00335875785278764
6.605,-0.00245488363668414,-0.00170440904392067,0.00321522540775377
6.61,-0.00209451203787408,-0.00136855026573259,0.00288424839537516
6.615,-0.00163369994722686,-0.000972457774450275,0.00238826917773633
6.62,-0.00109423664655971,-0.000539893999416802,0.00175632804460214
6.625,-0.00050262697991196,-9.10787776221741e-05,0.00102043739943437
6.63,0.000105750362836952,0.000350638533341983,0.000226649795706212
6.635,0.000701196081965211,0.000765803574404493,-0.000579078622615254
6.64,0.0012573881871139,0.00113135244024152,-0.00135058334270486
6.645,0.00174432168277835,0.00143800188147667,-0.00204440779676893
6.65,0.00213667198293068,0.00167057137581908,-0.002617279543887
6.655,0.00241850553191117,0.00181813724234188,-0.00303779730009734
6.66,0.00257634222285381,0.00187902118094357,-0.00328514117192349
6.665,0.00260160400109445,0.00185168410781899,-0.00333977189257798
6.67,0.0024948875224729,0.00173942940530808,-0.00320094738791882
6.675,0.00226253938375055,0.00154628998985195,-0.00287852695072057
6.68,0.00191759089452236,0.00128657571244868,-0.00239240966619477
6.685,0.00147872122841172,0.000968410079790064,-0.00177102584061106
6.69,0.00096804765895625,0.000609849684491819,-0.00105060050981006
6.695,0.000411728200728178,0.000228057161673492,-0.000275617892686014
6.7,-0.000160467999113002,-0.000162856806332056,0.000509605105252354
6.705,-0.000721676103924943,-0.000544839737585319,0.00125890119522371
6.71,-0.00124390777295078,-0.000901070654995363,0.0019277029564189
6.715,-0.00170095209521761,-0.00121467281525687,0.00248169184432058
6.72,-0.00207027727366551,-0.00147245553870207,0.00288519349499426
6.725,-0.00233428864295605,-0.00166249115705132,0.00311819113731777
6.73,-0.00247798826455736,-0.00177655249869448,0.00316708924953697
6.735,-0.00249775033298926,-0.00180762912926136,0.00303166822340741
6.74,-0.00239043033976467,-0.00175356794563215,0.00272492813607006
6.745,-0.00216231074236976,-0.00161772967387078,0.00226178275124964
6.75,-0.00182715178663532,-0.00140476180604995,0.00167435578788433
6.755,-0.00140115207974843,-0.00112443118928627,0.00099770923553208
6.76,-0.000904478275413187,-0.000783655716293544,0.000274575347737779
6.765,-0.000363149075808024,-0.000404880936397492,-0.000453741851216387
6.77,0.000196445758556437,-2.62544905264525e-06,-0.00114726474101511
6.775,0.000746357150973564,0.000407536699819579,-0.00175967399627345
6.78,0.00125891606875397,0.000804229630118473,-0.00226143766450165
6.785,0.00170679242420108,0.0011631184433191,-0.00262455353125184
6.79,0.0020674666908928,0.00147484582068099,-0.00282610380752707
6.795,0.00232331698936737,0.00171716897366248,-0.0028622736109788
6.8,0.00246016700662146,0.00187533107337741,-0.002731720352264
6.805,0.0024720260466264,0.00194508087849232,-0.00244618507977518
6.81,0.00235818638882436,0.00191872988576303,-0.00202162576325434
6.815,0.00212383188302797,0.0017933925041394,-0.00149412787152849
6.82,0.00177989158889005,0.00157468579466075,-0.000889223013595615
6.825,0.00134368672024148,0.00127562161498431,-0.000244756967102901
6.83,0.000837500157570859,0.000903056605181745,0.000394453991065748
6.835,0.000288338032113757,0.000477544161543249,0.00099959438320768
6.84,-0.000279668842494785,2.12746544709491e-05,0.00153300307608844
6.845,-0.00083187940884341,-0.000443659922781609,0.00196005197367391
6.85,-0.0013437678719252,-0.000896154324825228,0.00226493843063635
6.855,-0.0017856045819564,-0.00130723548528297,0.00243137363620841
6.86,-0.00213601369901227,-0.00165312833288476,0.00245233259413552
6.865,-0.00237629151041992,-0.00192375150963982,0.00232975576281732
6.87,-0.00249417640863342,-0.00209383943318876,0.00207880088419266
6.875,-0.00248186389697884,-0.00215369704897825,0.00171439543134894
6.88,-0.00233982153490902,-0.00210253033233081,0.00126127113039943
6.885,-0.00207644388552256,-0.00193890862314384,0.000753263929026029
6.89,-0.00170389776033909,-0.0016643699877705,0.000215396041743385
6.895,-0.00124068722623274,-0.00130016819812794,-0.000318868086715222
6.9,-0.000710998051046332,-0.000861939449465747,-0.000814824054989845
6.905,-0.000144342189561652,-0.000366479959536692,-0.00124568828030345
6.91,0.000431801717181064,0.000153491692285403,-0.00159043041551137
6.915,0.000984550272007011,0.000666461466379207,-0.00183535765854581
6.92,0.00148721064582838,0.00115291404909056,-0.00195922140358432
6.925,0.00191043679415464,0.00158465956930885,-0.00196981365599982
6.93,0.00223498632912639,0.00192659445705228,-0.00186704129170511
6.935,0.00244085764800319,0.00216959881489763,-0.00166012525576949
6.94,0.00251765054613556,0.00229654844605079,-0.00136848098571126
6.945,0.00246433000510355,0.00229548851671156,-0.00101173901173172
6.95,0.00227802893412887,0.00216751688295346,-0.000611140163418626
6.955,0.00197000353078621,0.00192261369703769,-0.000193128227834357
6.96,0.00155999884265003,0.00156577249233894,0.000213907541972466
6.965,0.00106417316516678,0.0011204034429916,0.00059018655319188
6.97,0.000511022285085178,0.000611641961793127,0.000916770628969568
6.975,-6.43440008253807e-05,6.81361807377843e-05,0.00117407612503511
6.98,-0.000639868398369492,-0.000483215363941961,0.00134985712431662
6.985,-0.00117876648106155,-0.0010098608240323,0.00144208713588446
6.99,-0.00165415416442945,-0.00147772182663096,0.00144673898625986
6.995,-0.00204080496739356,-0.00186588717090003,0.00137030119316968
7,-0.00231649122754034,-0.00215118399338968,0.00122190305100958
7.005,-0.00246893843840255,-0.00231433251049651,0.00101464949622862
7.01,-0.00248930388397257,-0.00235014136420057,0.00076294459766292
7.015,-0.00237418297411091,-0.00225437537863098,0.000484491536476544
7.02,-0.00213206599460155,-0.00203070782139082,0.000199035727475496
7.025,-0.00177712199516661,-0.00169134248584867,-7.81639703514474e-05
7.03,-0.00132703010471993,-0.00126305521786129,-0.000333423994102752
7.035,-0.000808815513076813,-0.000760704153207123,-0.000550185487918055
7.04,-0.000249439294470288,-0.000219929902035356,-0.000721128438185603
7.045,0.00032011949074098,0.00033146950666703,-0.000839925540444844
7.05,0.000870662184614504,0.000860777562012736,-0.00090106461891788
7.055,0.00136673112974022,0.00133783358745854,-0.000912569991885436
7.06,0.00179136356672672,0.00173576778372789,-0.000873843223322174
7.065,0.00211578744593694,0.0020341197987641,-0.000791405802645225
7.07,0.00232328204928083,0.00221472160030055,-0.000675755543448343
7.075,0.00240672297718656,0.00226788458136236,-0.000538192934053659
7.08,0.00235761146714492,0.00219111897493114,-0.000385203849137447
7.085,0.00218113403416106,0.00199065279869197,-0.000230065656504169
7.09,0.00189268121007728,0.00168099720672716,-8.29763988841855e-05
7.095,0.00150077056396097,0.00128076074443151,5.65431397148623e-05
7.1,0.0010331547551089,0.000810392788300552,0.00017050798952816
7.105,0.000515611619715877,0.000300379573147468,0.00026130475315273
7.11,-2.52058452036232e-05,-0.000215235808750729,0.000331765463707915
7.115,-0.000558955130103095,-0.000712733566493052,0.000375832322224801
7.12,-0.0010579118516559,-0.00116255939241915,0.000397762815384457
7.125,-0.00149599265651391,-0.00153759541862448,0.000401019778706139
7.13,-0.00184855418507198,-0.00181849232787699,0.000391030517259588
7.135,-0.00209675244665076,-0.00199089324671631,0.000369203302668069
7.14,-0.00222983981233529,-0.00204704509795611,0.000343058541685278
7.145,-0.00224085190056893,-0.00198351216685718,0.000315236454384671
7.15,-0.00213156546629345,-0.00181246672174824,0.000283233350901254
7.155,-0.00190806946225286,-0.0015396461277381,0.000257204882732943
7.16,-0.00158622966384808,-0.00118528462951573,0.000230978770572854
7.165,-0.00118341967570573,-0.000771212492069614,0.000208212805825926
7.17,-0.000723894963360543,-0.000329444202485435,0.00018276668885563
7.175,-0.000230498516052396,0.000123480160885685,0.000154143129942135
7.18,0.000265790517776027,0.000559174965049774,0.000123272468524371
7.185,0.000741970750667669,0.000944664903941183,7.92720851343161e-05
7.19,0.00117232493518956,0.00127091820389866,3.02050484747112e-05
7.195,0.00152821728245518,0.00151548267562666,-3.2110736323855e-05
7.2,0.00179918189812825,0.00166107399062447,-0.000106577942708844
7.205,0.00197020211248251,0.00171037340813746,-0.00018562180705415
7.21,0.00202892049172403,0.00166440506290242,-0.000271220859639417
7.215,0.00198037575186051,0.00151670998141338,-0.000357659519459501
7.22,0.00182877890744873,0.00129119618569432,-0.000442425492589301
7.225,0.00157935170147064,0.00100527253067268,-0.000510587585506181
7.23,0.0012539664050188,0.000667450049346654,-0.000566425750324038
7.235,0.000870289446368536,0.000304520996455121,-0.000598144119379565
7.24,0.000444353521908341,-5.45342149157443e-05,-0.000595762826187815
7.245,5.19577170196435e-06,-0.000402194982303185,-0.000567832333706515
7.25,-0.000423438881852892,-0.000711553096611503,-0.000501431512676505
7.255,-0.000822800488927598,-0.00096174678033422,-0.000398667930949004
7.26,-0.00116886914958247,-0.00114658326505142,-0.000266914437064243
7.265,-0.00144495007634157,-0.0012606345120728,-0.000109487212647833
7.27,-0.00163981315406623,-0.00129282454983385,6.75668512258134e-05
7.275,-0.00174239207644877,-0.00124688095604079,0.000256775239391219
7.28,-0.00175027497990937,-0.00113684415459307,0.000441526620251436
7.285,-0.00166992861773105,-0.000966930523016152,0.000618065872563295
7.29,-0.00150359161742995,-0.000747653277340352,0.000768379387972125
7.295,-0.00126114996764132,-0.00050339606029618,0.00088452214986613
7.3,-0.00096032302238151,-0.000244822097917624,0.000958285303299208
7.305,-0.000617463832871873,1.235378456047e-05,0.00097831764248832
7.31,-0.000250225268156481,0.000251478515984661,0.00094461216020816
7.315,0.000120354099266706,0.000454078272199748,0.000851294922348313
7.32,0.00047426116222547,0.000621116515552004,0.000704252495898972
7.325,0.000794240698413647,0.000737387055990485,0.000510971089547226
7.33,0.00106285741976355,0.000798423076950102,0.000275012306171658
7.335,0.00126958908951627,0.00081014270700536,1.45980805333772e-05
7.34,0.00140333748082473,0.000774548587948948,-0.000260420016089444
7.345,0.00146510920847217,0.000694302402054785,-0.000529461113073972
7.35,0.00144848353601102,0.000583051032879962,-0.000781708925860643
7.355,0.00135662714495121,0.000450529064045135,-0.000996477918037853
7.36,0.00120201503035192,0.000303819426118469,-0.00116047850200919
7.365,0.000991294057753702,0.000156374076822659,-0.00126454901656218
7.37,0.000733750782454225,1.93778561297945e-05,-0.00129461943200714
7.375,0.000451741969733326,-0.000102351591209445,-0.00125087655464032
7.38,0.000153579587747798,-0.000199938280395503,-0.00113044450454302
7.385,-0.000142318788482944,-0.000270565609101023,-0.000941306868322767
7.39,-0.000417473113015186,-0.000310376318515559,-0.000689937403924604
7.395,-0.000665571274546322,-0.000322900606548003,-0.00038902658619515
7.4,-0.00087420733299939,-0.000311731783076726,-5.9169499898895e-05
7.405,-0.00102904668807468,-0.000278925551423215,0.000285651193502515
7.41,-0.00113039271686228,-0.000232712120191807,0.000621672868519776
7.415,-0.00117631588201427,-0.000182736225330394,0.000929797310426117
7.42,-0.00116071166384854,-0.000129115330476473,0.00119116981370042
7.425,-0.00109173513119251,-8.24625209545428e-05,0.00138730605359407
7.43,-0.000973076034699961,-4.8418598711592e-05,0.00150720050977483
7.435,-0.000809880399401178,-2.85140932346749e-05,0.00153853832636033
7.44,-0.000614745737573205,-2.37919058485788e-05,0.00148189138625403
7.445,-0.000399345593616919,-3.87812273126569e-05,0.0013351801651908
7.45,-0.000168605393064723,-6.5377435002833e-05,0.0011083877590721
7.455,5.96613603653662e-05,-0.00010228693728879,0.000809402008101334
7.46,0.000277082365296035,-0.000145543179081691,0.00045724195013297
7.465,0.000479020372427521,-0.000182390612914522,7.43519194523491e-05
7.47,0.000648692411603891,-0.000214750142863941,-0.000323801483542629
7.475,0.0007846118472264,-0.000231843790347594,-0.000708532644644183
7.48,0.000882642974276261,-0.000227175345375692,-0.00105537226496107
7.485,0.000935216814445345,-0.000200274375483641,-0.00134807835844547
7.49,0.000945230596948585,-0.000150977367040981,-0.00156568478284248
7.495,0.000911472621835534,-7.3559132061465e-05,-0.0016905896001339
7.5,0.000838298548211351,2.25638982849092e-05,-0.00171937902643978
7.505,0.000731724768566485,0.000132518189229858,-0.00165043200776803
7.51,0.000594421141769315,0.000255898947983442,-0.00147569755370312
7.515,0.000434306236392385,0.000376991992984009,-0.00121485339767799
7.52,0.000261203577374269,0.000485872952976656,-0.000881751091216364
7.525,7.80084688957396e-05,0.000580097692506677,-0.000486049520119178
7.53,-0.00010364796188974,0.000645691202868211,-5.96200824699343e-05
7.535,-0.000276156095167696,0.000673870792830926,0.000373440963390942
7.54,-0.000434652954153048,0.000663204547619224,0.000792770848251547
7.545,-0.000573460627560418,0.000610091579625861,0.00116955815737161
7.55,-0.000684251296732593,0.000510921561196783,0.00147691301787536
7.555,-0.000765105730037663,0.00037114772494052,0.00170321803865057
7.56,-0.000813797702064723,0.000199794858399832,0.00183125563963071
7.565,-0.000826745340473464,2.46728679977288e-07,0.00184880630244348
7.57,-0.000805398116467635,-0.000215753533824616,0.00175947593360986
7.575,-0.000748922728466087,-0.000431675625060884,0.00156335867884149
7.58,-0.000658588420480571,-0.000633448695837494,0.00127346541520053
7.585,-0.000543359947081775,-0.000815147218222985,0.000906701092816897
7.59,-0.000402036901074078,-0.00095523234880602,0.000481673082723722
7.595,-0.000243361654646061,-0.00104342388763427,2.67398739311568e-05
7.6,-7.44573540617497e-05,-0.00107886576882627,-0.00043331650167452
7.605,0.000102261416923492,-0.00105043957398281,-0.000871740928876272
7.61,0.000273314758320387,-0.000951509812673868,-0.00126018909022608
7.615,0.000433473760143738,-0.000797609498035815,-0.00157564419200887
7.62,0.000580800147267421,-0.000586583682378263,-0.00180315109617851
7.625,0.000699799409980204,-0.000326579372773283,-0.00192379315970743
7.63,0.000787286669683706,-3.88141768189185e-05,-0.00192772231241728
7.635,0.000843558362519858,0.000260686108787466,-0.0018226573870494
7.64,0.000859020034216593,0.000563359094600263,-0.00160665693657851
7.645,0.000835818474201342,0.000839872001538883,-0.0012929919414572
7.65,0.000774985444432035,0.00107634846112222,-0.00090449272314324
7.655,0.000676073590749781,0.00126207672993376,-0.000459549087643553
7.66,0.000542232453061283,0.00137723381192592,1.57887146536395e-05
7.665,0.000382650799894086,0.00141375027708257,0.000489202160558946
7.67,0.000199967993446348,0.00136931241107612,0.000935802020123855
7.675,3.2132360485887e-06,0.00124320386588876,0.00133222149952915
7.68,-0.000196426616221401,0.00103835385570464,0.00164832874351681
7.685,-0.000391274578129524,0.000766169207891479,0.00186728845632266
7.69,-0.000571268249812586,0.000444064383847405,0.00198048815117918
7.695,-0.000724979731098092,8.63295360335844e-05,0.00197319076976197
7.7,-0.000848392082524975,-0.000286105164403221,0.00185010423042909
7.705,-0.000930582717252115,-0.000649076335350745,0.00161972556714054
7.71,-0.000969419814092421,-0.000982758770917529,0.00129089221226993
7.715,-0.000960751878124132,-0.00127026286852349,0.000886074549515754
7.72,-0.000901787792409498,-0.00148462708171331,0.000430272295045432
7.725,-0.000797845891932543,-0.00161975883043014,-5.24779577359549e-05
7.73,-0.000650577307710571,-0.00166463855548418,-0.000534932018196827
7.735,-0.000463228757093247,-0.00160975242601179,-0.000982635868876442
7.74,-0.000250871360609332,-0.00146031725433146,-0.00137518112412817
7.745,-2.05790937249901e-05,-0.00122760566437041,-0.00168750554540505
7.75,0.000217283460670026,-0.000914060440590728,-0.00189880793910499
7.755,0.000444569199592989,-0.000545389731088923,-0.00199939287186711
7.76,0.000655519094376555,-0.000140813029943838,-0.00198331967068188
7.765,0.000835505110820194,0.000280320368811116,-0.0018500346077006
7.77,0.000974584009869976,0.000690123065758025,-0.00160883222272418
7.775,0.00106533123982891,0.00106374356234193,-0.0012756041129036
7.78,0.00110378692416249,0.00138305820789605,-0.000865952821066679
7.785,0.00108019184090477,0.00162525315155706,-0.000407634451090744
7.79,0.00100049577487442,0.00177295242288132,7.18368392013376e-05
7.795,0.00086660813677413,0.00182309599943352,0.000550596540821053
7.8,0.000679162095838749,0.00176538836215244,0.000993836931992503
7.805,0.000454783464688646,0.00160425878863629,0.00137826517888799
7.81,0.000204436094791503,0.00135007386325409,0.00168217562426412
7.815,-6.37867666130376e-05,0.00101446686152096,0.00188633658567374
7.82,-0.00033100357347876,0.00061973591468898,0.00197900083425535
7.825,-0.000582660382809372,0.000185611700665565,0.00195870942801688
7.83,-0.00081095781727954,-0.00026259413984406,0.00182356241996271
7.835,-0.000995656060451525,-0.000697779048295653,0.00158242403784196
7.84,-0.00112982366177639,-0.00109338571137493,0.00125430277565689
7.845,-0.00120674031543995,-0.00143038195780458,0.000854740332548383
7.85,-0.00121579900028915,-0.0016827431766756,0.000404144985031856
7.855,-0.00115604175940369,-0.00183802626022882,-6.38136866106143e-05
7.86,-0.00103277074747606,-0.00189008617675318,-0.000527792674226971
7.865,-0.000853008015430161,-0.00182780094990087,-0.000958756667356735
7.87,-0.000621281233349286,-0.001663108374579,-0.0013305063583873
7.875,-0.000352949408685566,-0.00140317313708745,-0.00162342035537582
7.88,-6.45927772665264e-05,-0.00106022089547354,-0.00182136628108596
7.885,0.000231460302380121,-0.00065620369121742,-0.00191177922481341
7.89,0.000520166894600722,-0.000216981153974828,-0.00189253286435243
7.895,0.000782846062638265,0.000238698963795549,-0.00176853496737108
7.9,0.00100601447285404,0.000677512339874042,-0.00154077728447107
7.905,0.00117518791983684,0.00107635617758591,-0.00123061602612639
7.91,0.00127813803843388,0.00141146319916534,-0.000852432209119522
7.915,0.00131080846022788,0.001663350248354,-0.000427280442652787
7.92,0.00127004270728145,0.0018172165342572,1.671320349845e-05
7.925,0.00115557884703711,0.00186525068772121,0.000454043891269344
7.93,0.000977396834877307,0.00180396846269,0.000862773604213979
7.935,0.000743557245971235,0.00164199628106564,0.00121663505418816
7.94,0.000466700470854067,0.00138262130523157,0.00149616274879584
7.945,0.00016046050335401,0.0010451429497076,0.00168934833277522
7.95,-0.000156476471002439,0.000651683363557659,0.00178692585847029
7.955,-0.000470054397862801,0.000219514195427259,0.00178059600488894
7.96,-0.000759414204895987,-0.000222215765782091,0.00167728125147327
7.965,-0.00100610759118995,-0.000643798281016524,0.00148168276751102
7.97,-0.0011981041347024,-0.00102616686627394,0.00120545702642565
7.975,-0.00132263560377637,-0.00134478291470634,0.000864591599787676
7.98,-0.00137034159014217,-0.0015804838566162,0.000482103729842849
7.985,-0.00134209987649458,-0.00172132537813941,8.05728649110405e-05
7.99,-0.00123918277425673,-0.00176251655781759,-0.000320832472832346
7.995,-0.00106331667909551,-0.00169922668412752,-0.000696285725761378
8,-0.000830646480660318,-0.00154031543274945,-0.00102483351189757
8.005,-0.000546693756441612,-0.00129058175222908,-0.00129265648859304
8.01,-0.000227754376781971,-0.000970208489292124,-0.00148542758894052
8.015,0.000103741551099032,-0.000596481235728012,-0.00159344212890835
8.02,0.00043195481577125,-0.000192942773467585,-0.00161276247592212
8.025,0.000737936641660845,0.000215337694710894,-0.00154627273822837
8.03,0.00100093790074196,0.000604491938255519,-0.00139373447928397
8.035,0.0012045456817168,0.00095325769543951,-0.00116960078971732
8.04,0.00134158508424086,0.00123749038465454,-0.00088991685577584
8.045,0.00140282777953357,0.0014460153175938,-0.0005663824752835
8.05,0.00138310746643502,0.00156841411023327,-0.000220543303705809
8.055,0.00128612140034693,0.00159408775380702,0.000126129324584497
8.06,0.00111634862378567,0.00152740749512467,0.000459022131436178
8.065,0.000880388241859739,0.00137355979468869,0.000760467219572637
8.07,0.000593950326385425,0.00113889350985742,0.00101218433985572
8.075,0.000271352855545844,0.000840872717788104,0.0012073634449915
8.08,-6.79744635475312e-05,0.000502906662603409,0.00133605621026947
8.085,-0.00040112943635961,0.00013884403289927,0.00138808455656621
8.09,-0.000711819671722982,-0.000224102848388266,0.00136934672884413
8.095,-0.000981951445886559,-0.000564915666562245,0.00128024684174069
8.1,-0.00119469980914139,-0.000866075396767046,0.00112666596739393
8.105,-0.00133822138307275,-0.00110832209043703,0.000920643671169558
8.11,-0.0014066571879882,-0.0012790390607784,0.000677198317418041
8.115,-0.00139633014969454,-0.00137224697796057,0.000404095626042019
8.12,-0.00130388339788678,-0.00138193727476064,0.000118999157568157
8.125,-0.00113732751921509,-0.0013059322973345,-0.000159635478444821
8.13,-0.000906623738433803,-0.00115667310370811,-0.000426028706050337
8.135,-0.000619349216217957,-0.000940559404757926,-0.000664149786525414
8.14,-0.000300200263494428,-0.000674405631233636,-0.000860605685419522
8.145,3.48307345816899e-05,-0.000376985804728707,-0.00101120311640433
8.15,0.000368356035321027,-6.40874736769025e-05,-0.00110753495380679
8.155,0.000679925974056857,0.000242933762026753,-0.00114837358737313
8.16,0.00094888080924324,0.000526667975855626,-0.00113288681566246
8.165,0.0011651951224334,0.000770123828377903,-0.00106778247399679
8.17,0.00131444410803574,0.000960851880514761,-0.000953179597309061
8.175,0.00138727468038841,0.00108914944258747,-0.000798980921162065
8.18,0.0013816749751245,0.00114902569039611,-0.000614001168647275
8.185,0.00129708367272109,0.00113508654373691,-0.000405156960321452
8.19,0.00113468518782357,0.00105427661075987,-0.000184851384421265
8.195,0.000908646414758845,0.000912998797738827,4.03204759759832e-05
8.2,0.000635210652878302,0.000721005002353194,0.000258032408328492
8.205,0.000321989370067899,0.000491664722956025,0.000456586667351952
8.21,-4.72438962895066e-06,0.00024233052236935,0.000635105772527743
8.215,-0.000328628416394826,-1.50328502518426e-05,0.000779821807179012
8.22,-0.000634165446235178,-0.00026126169958142,0.000889859046917784
8.225,-0.000899461953638337,-0.000483327197835628,0.000960502761058741
8.23,-0.00111319729503312,-0.000668515356801656,0.000991218291623096
8.235,-0.00126279226817738,-0.00080731298542122,0.000978764719874148
8.24,-0.00133943229917643,-0.000891874487207994,0.000925755964199682
8.245,-0.00133803084147702,-0.000917957485566402,0.000836583188599353
8.25,-0.0012612047400023,-0.0008876286684596,0.000708427694500451
8.255,-0.00111207764368697,-0.00080429235505626,0.000553592344269242
8.26,-0.00090188924177653,-0.000673737871236798,0.000374478176589553
8.265,-0.000642824425048567,-0.000510959426475186,0.000177225225509564
8.27,-0.000350290612398851,-0.000320850058890502,-2.59349242716744e-05
8.275,-3.97021956148013e-05,-0.000119273960129165,-0.000231698846269139
8.28,0.000270279551467793,7.979296931929e-05,-0.000430315742517212
8.285,0.000560624802407659,0.000264793574875576,-0.000614531020705466
8.29,0.000818420638167077,0.000429429861583393,-0.00077325639073336
8.295,0.00102824537025291,0.0005575430753685,-0.00090373598167663
8.3,0.00117748961677321,0.000645003373987978,-0.000997999063690231
8.305,0.00125857410850266,0.000692694795492468,-0.00104556036920177
8.31,0.00126793645073473,0.000691328369899435,-0.00105297695538369
8.315,0.00120654651512736,0.000648252710291864,-0.00100923855834147
8.32,0.00107802457868856,0.000571067068793054,-0.000917402867083544
8.325,0.000892629877242541,0.000461475213676065,-0.000784868159074004
8.33,0.00065749540525164,0.000325972791813936,-0.000611327384418853
8.335,0.000390750598763992,0.000182573884299234,-0.000401217536705824
8.34,0.0001048338365419,3.56329619480335e-05,-0.000165978303020001
8.345,-0.00018409134949909,-0.000111233545491609,8.16673767422102e-05
8.35,-0.00045941956897642,-0.000238315695505306,0.000337847817680006
8.355,-0.000705692110746997,-0.000344339052987596,0.000584091011101426
8.36,-0.000909994400019978,-0.00042715499953882,0.000808122813811206
8.365,-0.00105922163931308,-0.000476259332704567,0.00100250819051513
8.37,-0.00114816557907261,-0.000492223149660769,0.0011504574452075
8.375,-0.00117476482492444,-0.000482429329794889,0.0012451869066151
8.38,-0.00113483108116453,-0.000443051573927049,0.00128153749322539
8.385,-0.00103533789596612,-0.000377129002030681,0.00125489687452825
8.39,-0.000881773308230539,-0.000298206383723091,0.00116162258929234
8.395,-0.000681352041715607,-0.000207160774537344,0.0010051818440863
8.4,-0.000446263356820931,-0.000105890335438164,0.000793605107258452
8.405,-0.000193432184454616,-9.51564425994151e-06,0.000531030948451121
8.41,6.85453586819383e-05,7.9499075446149e-05,0.000235180344539735
8.415,0.000322216694154715,0.000162256413614009,-8.3582176233396e-05
8.42,0.000552252203236561,0.000225595877494778,-0.00040651798333751
8.425,0.000749540604966853,0.000270163762749971,-0.000715747803985847
8.43,0.000903486338811839,0.000297461990023369,-0.00099590717783555
8.435,0.00100762712763684,0.000308178796197127,-0.00122901757418092
8.44,0.00105741923202733,0.000297455310285339,-0.00140401836974778
8.445,0.00105003135887068,0.000277343852028659,-0.0015062447759044
8.45,0.000988299731090147,0.000244724217325212,-0.00153018422989806
8.455,0.000875622396993269,0.000201840279161534,-0.00147130618167264
8.46,0.000718925710639361,0.000155235153544507,-0.00132897957565068
8.465,0.000527033525122007,0.000108378512279334,-0.00111129711250866
8.47,0.00031036023508731,5.99684787434684e-05,-0.000827869622863334
8.475,8.22008644262944e-05,1.35331707728685e-05,-0.000494421274125809
8.48,-0.00014553005679806,-2.34050366440129e-05,-0.000123879694476054
8.485,-0.000362437291434717,-5.68246206522817e-05,0.000259183634174717
8.49,-0.000556409839959101,-8.76194632868271e-05,0.000632125321785631
8.495,-0.000718954335337922,-0.0001101483602009,0.00098247303705011
8.5,-0.000843756453664834,-0.000129364688153282,0.00128117062388272
8.505,-0.000923765253430489,-0.000148486486129994,0.00151462720825414
8.51,-0.000955465969676141,-0.000161359392016226,0.00166650621792795
8.515,-0.000940331955651709,-0.000171649437947039,0.00172800053873201
8.52,-0.000875589948797339,-0.000182520522663035,0.00169051277183041
8.525,-0.000769001094200102,-0.000190022454131396,0.00155759663702729
8.53,-0.000627046535607087,-0.000191569508350758,0.00133994816091632
8.535,-0.000455069131481341,-0.000192308554615943,0.00103753111565348
8.54,-0.000262234008732468,-0.00018892451652853,0.000675557627474961
8.545,-6.29477141652923e-05,-0.000173984618930469,0.000274145397141639
8.55,0.000139756021650218,-0.000153508853815661,-0.00014970981973904
8.555,0.000335679052474174,-0.000124347909507534,-0.000569203295403266
8.56,0.000511719102072259,-8.28401135733711e-05,-0.000960675370188354
8.565,0.000661780487233607,-2.95850220093785e-05,-0.00129864826304874
8.57,0.000780378057638616,2.79306194758928e-05,-0.00156904631031487
8.575,0.000858311737064889,9.61486024316967e-05,-0.0017468887495976
8.58,0.000892168941500157,0.000168518574341573,-0.00182717130136876
8.585,0.000885703679813732,0.000236740599923974,-0.00180626646805921
8.59,0.000835196709237208,0.000304049275058898,-0.00167676671457769
8.595,0.000744648793287802,0.000362655426845422,-0.00145362568748816
8.6,0.000620743821446316,0.000404463514429269,-0.00114703042524654
8.605,0.000466753009620231,0.00042688397218214,-0.000772042880002223
8.61,0.000288138446648583,0.00042968422104752,-0.000352482633520449
8.615,9.77518176992646e-05,0.000403856947563593,8.79923144011777e-05
8.62,-9.96301194682275e-05,0.000349051537445689,0.000524252578794261
8.625,-0.000293262203994097,0.000271670833266197,0.000932478121552851
8.63,-0.000472369161738869,0.000168730563447514,0.00128282009309754
8.635,-0.000629448134091771,4.53007793813634e-05,0.00155970011648631
8.64,-0.000758080048130786,-8.73060174454926e-05,0.00174675435075984
8.645,-0.00085051383477361,-0.000226677910883578,0.00182951559727106
8.65,-0.000902601936597898,-0.000367124516921285,0.00180892226312043
8.655,-0.00091282150561883,-0.000491733332772338,0.00168164804459279
8.66,-0.000879536422405119,-0.000597084433528389,0.00145932068444982
8.665,-0.000800596206470793,-0.000675939846311996,0.00115101612605253
8.67,-0.000681411624727049,-0.00071531391370818,0.000778711950980626
8.675,-0.000527746326585784,-0.000711497664419357,0.000364883475301845
8.68,-0.000343271624033228,-0.000668776925365444,-7.12261114821129e-05
8.685,-0.000139423242269898,-0.000578507124614247,-0.000498309266923652
8.69,7.40656285260973e-05,-0.000445545511964102,-0.000889046206292434
8.695,0.000288802043472615,-0.000280455350520557,-0.00122634178895155
8.7,0.000491011178797379,-8.73705396562659e-05,-0.0014895627393194
8.705,0.000669637906498382,0.000124972018877606,-0.0016616281018498
8.71,0.000821181106013605,0.000340085222591323,-0.00173513971667382
8.715,0.000935107514138818,0.000545526820961372,-0.00170809622590189
8.72,0.000998879332667679,0.000731874337086903,-0.00157978271326756
8.725,0.00101402554586684,0.000877982248067882,-0.00136121028981209
8.73,0.000979515746764533,0.00097751103373737,-0.00106782511113142
8.735,0.000888918993647812,0.00102461472115098,-0.000713360285153931
8.74,0.000751648933831291,0.00100775336853935,-0.000321995831265048
8.745,0.000573257155260729,0.00092623240966028,8.03643244239192e-05
8.75,0.000359454313542624,0.000786324991634282,0.000469839351146485
8.755,0.00012549670835975,0.000592474712825744,0.000827752784340913
8.76,-0.000120466336841627,0.000348869775681088,0.00112889422850797
8.765,-0.000367422416871409,7.69721921941793e-05,0.00135701300782466
8.77,-0.000598464271669508,-0.000211204523797946,0.00150285555252849
8.775,-0.000802938891159398,-0.000501316080440173,0.00155639277194988
8.78,-0.000969039670202124,-0.00076975048119741,0.00151676207386734
8.785,-0.00108516676974185,-0.00099850190592883,0.00139056343696816
8.79,-0.00114487002615417,-0.00117714152227552,0.00118411859064757
8.795,-0.00114398733226471,-0.00128960294142321,0.000910657674726353
8.8,-0.00108064818429681,-0.00132159489478436,0.000592846194275658
8.805,-0.000956515580475811,-0.00127679115582636,0.000247823228009631
8.81,-0.000778009962300788,-0.00115298851608286,-0.000104566502029551
8.815,-0.00055471228676126,-0.000949207100129562,-0.000438428064025367
8.82,-0.000296163430694687,-0.000684592733451147,-0.000737576890072637
8.825,-1.56886495696924e-05,-0.000370387563710139,-0.000987286813193496
8.83,0.00027234778789881,-1.8433025154686e-05,-0.00116916693019309
8.835,0.000548062591869318,0.000343145084240709,-0.00127531457123634
8.84,0.000799803911432886,0.000689885974171682,-0.00130582568353942
8.845,0.00101062841566243,0.00100740197874547,-0.00125826553247577
8.85,0.0011682931510609,0.00127147218865207,-0.00113292019114243
8.855,0.00126332956874176,0.00145986251682033,-0.000950449953493102
8.86,0.00128768567835663,0.00156566997051013,-0.000715326416403493
8.865,0.00124105636903275,0.00157945868776563,-0.000446499128790809
8.87,0.00112351050218322,0.00149208372108003,-0.000164597356545814
8.875,0.000940792183766924,0.00131234191216075,0.000116735729345185
8.88,0.000702209683300235,0.00104975459550429,0.000381213579232885
8.885,0.000420718123584936,0.00071528163073825,0.000612752947050915
8.89,0.000109043499725742,0.000325790442349291,0.000795862733664756
8.895,-0.000211842487922276,-8.84408860200747e-05,0.000926254562243975
8.9,-0.000525434746616955,-0.000504030007723259,0.0009961488962124
8.905,-0.000811249674033963,-0.000899602780804907,0.00100382109463104
8.91,-0.00105467190859322,-0.00124501745237315,0.000952082464361427
8.915,-0.00124133227543227,-0.00152045934972612,0.000845271132214394
8.92,-0.00135750356781738,-0.0017072543064478,0.000696850664519302
8.925,-0.00139652139056937,-0.00179210659395576,0.000514209540224803
8.93,-0.00135695589162905,-0.00176451468330999,0.000312621947890131
8.935,-0.00124093019080424,-0.00163150666890057,0.000104888538474375
8.94,-0.00105000527637073,-0.00139484269135627,-9.91663623820051e-05
8.945,-0.000794839612904576,-0.00106486996591005,-0.000282318708638024
8.95,-0.000493743956674214,-0.000665388029874072,-0.000439515349924784
8.955,-0.000160421734503655,-0.000222236154684095,-0.000559662566609497
8.96,0.000185691731896972,0.000243669348209546,-0.000639390300125709
8.965,0.000522620295728869,0.000699512825961132,-0.000676720941923108
8.97,0.000831610935807259,0.0011151141887997,-0.000670242332869505
8.975,0.00109558493138569,0.00146720095004271,-0.000627294417988172
8.98,0.00129684301703978,0.00173473888913925,-0.000549837417308305
8.985,0.00142498522277901,0.00189333589697712,-0.000449376372382701
8.99,0.001470801725985,0.00193692101393534,-0.000333212029909565
8.995,0.00143110854798096,0.00186431341210806,-0.000206983944977947
9,0.00130722116909072,0.00167238562395399,-8.30010321123443e-05
9.005,0.00110475654724724,0.00137392745677458,3.43107035580317e-05
9.01,0.000836921013100251,0.000989640980750592,0.000135656776614846
9.015,0.000517947630469603,0.00054109856785954,0.000218979753177061
9.02,0.000168245941319777,5.35852651001897e-05,0.000278514906736046
9.025,-0.000194070827756444,-0.000437846288448706,0.000315289830100971
9.03,-0.000545016631017899,-0.00090400335092165,0.000331497135095457
9.035,-0.000864782144206699,-0.00132123133450381,0.000324029554059693
9.04,-0.00113532231791335,-0.00165509386069075,0.000304212960921157
9.045,-0.00133876791229799,-0.0018864688286001,0.000274495915901226
9.05,-0.00146540232283034,-0.00200594617658203,0.00023524721196518
9.055,-0.00150458691251772,-0.00199928646641413,0.000195654783793718
9.06,-0.00145493147938641,-0.00186480580210353,0.000156027801048891
9.065,-0.00131807033492476,-0.00161723158341117,0.000121962123479201
9.07,-0.00110445454687428,-0.00126662432824873,9.24030685269443e-05
9.075,-0.000823021632981001,-0.000833660669494733,7.1139530395872e-05
9.08,-0.000495357124281274,-0.000351400351441341,5.48223087743719e-05
9.085,-0.000137037467512447,0.00015531293654703,4.27774584399859e-05
9.09,0.000229209976510525,0.000655070352786747,3.61705379052427e-05
9.095,0.000579924730255606,0.00111244289361863,2.54297353149161e-05
9.1,0.000898859609239362,0.00150116556361379,1.22081805770693e-05
9.105,0.00116261552105675,0.0017973161702845,-7.67760086209913e-06
9.11,0.00135700349991199,0.00198077227020864,-3.54316211664015e-05
9.115,0.00147142156435406,0.00204055544180722,-7.24156415682738e-05
9.12,0.00149815246242481,0.00197120126600643,-0.000117277796358929
9.125,0.00143186471826668,0.00177810456159941,-0.000168799760470509
9.13,0.00128474161406681,0.00147472077628924,-0.000225118946985722
9.135,0.00106026610567576,0.00107811609512436,-0.000279456581576007
9.14,0.000771140324590787,0.000614349202875502,-0.000330051595400445
9.145,0.000440911054975591,0.000113346289518292,-0.000370825535947678
9.15,8.283902579403e-05,-0.00039374114881944,-0.000394040912068752
9.155,-0.000278536585907299,-0.000877039462861745,-0.000397713913552298
9.16,-0.000620906857022806,-0.00130356170062013,-0.000377423000420409
9.165,-0.000926193158170549,-0.00164747933471334,-0.000329952833122288
9.17,-0.00117530321293541,-0.00188795710479266,-0.000254844184600122
9.175,-0.0013513750188193,-0.0020079575179629,-0.000157039977100913
9.18,-0.00144752019589944,-0.0020006322792239,-3.73390748494004e-05
9.185,-0.00145587886795319,-0.00186847053521739,9.88729676473323e-05
9.19,-0.00137745892248557,-0.00161950665951111,0.000241287823146372
9.195,-0.00121841252619286,-0.00126664578307395,0.000384748044529642
9.2,-0.000986670243328297,-0.000839058688239457,0.000519203217919417
9.205,-0.000697916522109231,-0.000360114958224222,0.000629667146927223
9.21,-0.000369744172502333,0.000141123244106462,0.000712909035051244
9.215,-2.15951460448092e-05,0.000632435048098263,0.000760048999047986
9.22,0.00032575577124666,0.00107829671314508,0.000759562460546772
9.225,0.000652611842455237,0.00145706026602749,0.000712327154433292
9.23,0.000938303778116583,0.00174274730956846,0.000620142793438297
9.235,0.00116320709862205,0.00191413829676655,0.000480809611563983
9.24,0.00132031995939933,0.00196486462281617,0.000302765694849636
9.245,0.00139701961875436,0.00189496650850181,9.54453736678029e-05
9.25,0.00138754088402623,0.00170218351216697,-0.000131822498737866
9.255,0.0012982133583394,0.00140357522852374,-0.000366501076384738
9.26,0.00113242966377838,0.00102334093006479,-0.000590583639999188
9.265,0.000898826391806611,0.00057773760407121,-0.000790632291864553
9.27,0.000618291863651026,9.62393845848726e-05,-0.000956964736593851
9.275,0.00030056888070298,-0.000382534618004658,-0.00106932595035359
9.28,-3.3797736013577e-05,-0.000836898215314016,-0.00112128941341223
9.285,-0.000359374992520167,-0.00123705912473117,-0.0011098507469177
9.29,-0.000660735764829803,-0.00155383852831053,-0.00102798127571823
9.295,-0.000922550349079919,-0.00177012057156623,-0.000877851626225196
9.3,-0.00112434419898983,-0.0018775251842745,-0.000668686767799055
9.305,-0.00125793397399359,-0.00186391110469803,-0.000410469659826397
9.31,-0.00131698665341755,-0.00173304809559285,-0.000111616357857046
9.315,-0.00129813846327743,-0.00149483833130423,0.000203963330959925
9.32,-0.0012024356546483,-0.00116842145325715,0.000518994136677047
9.325,-0.00103877235637133,-0.000768384943556329,0.000818457715597253
9.33,-0.000815735424696378,-0.000325044186979261,0.00107699950522791
9.335,-0.000547232715667937,0.000132144454748938,0.00128055848934906
9.34,-0.000250612763103893,0.00057902137076703,0.00141455817562233
9.345,5.54612662898393e-05,0.000987086100830695,0.00146686246781839
9.35,0.000355463245207074,0.00132371620993623,0.00143162165151876
9.355,0.000630378168100622,0.00157781363641021,0.0013103565312071
9.36,0.000863400325700261,0.00173180057624294,0.0011054040139622
9.365,0.00104597205882533,0.00177146176199062,0.000825846954691899
9.37,0.00116451300745278,0.00170257419980215,0.00049008771389254
9.375,0.00121259173467332,0.00153143263464951,0.000111663329063487
9.38,0.00119231089455849,0.00126318797720267,-0.000283508816915187
9.385,0.00110363956541874,0.000923521145786876,-0.000671274764248613
9.39,0.000951960312824061,0.000530973169452999,-0.00103371841697809
9.395,0.000749184130707389,0.000109547246035127,-0.00134169515482206
9.4,0.000507542501464364,-0.000311833103521456,-0.00157602881696227
9.405,0.000239705163338051,-0.000706251553005656,-0.00172546508305615
9.41,-3.63197857871277e-05,-0.00105158230792747,-0.00177414894860918
9.415,-0.000306298724692693,-0.00132694119565527,-0.001719091824859
9.42,-0.000552589088400628,-0.00151551125513504,-0.00155926584231631
9.425,-0.000763763538965743,-0.00160632090898803,-0.00130447999520155
9.43,-0.000927280028507776,-0.00159850870786145,-0.000964047603749432
9.435,-0.00103528471534039,-0.00149335169662651,-0.000560771430169575
9.44,-0.00108464645734245,-0.00129680794779304,-0.000115448025175695
9.445,-0.00107059821141255,-0.00102547068241642,0.000347890638178517
9.45,-0.000999218541618272,-0.000697421427637673,0.0007984070480666
9.455,-0.000874516849578266,-0.00033105378647928,0.00121127144695638
9.46,-0.000702281645676289,4.64138334456855e-05,0.00156018050104848
9.465,-0.00049598751638977,0.000411160003436219,0.00182341206430618
9.47,-0.000268934861463047,0.000746598014823935,0.00198495710926146
9.475,-3.12017422625847e-05,0.00102726977543171,0.00203183320008652
9.48,0.000201470596220479,0.00123737397733085,0.00196153520907956
9.485,0.000417595291049539,0.00136871237102792,0.0017723258175992
9.49,0.000605940005729606,0.00141314554415677,0.00147936727147518
9.495,0.000755844214633008,0.00136842288855585,0.00109544558659795
9.5,0.000863444134824523,0.00124343977267922,0.000639725824213106
9.505,0.000924078942284391,0.0010480561445584,0.000142270460019645
9.51,0.000933177214833679,0.000790125177796351,-0.000369642538586912
9.515,0.000890499787712808,0.000494312622271334,-0.000868640344323678
9.52,0.000804897404428081,0.00017711087812693,-0.00132245441134525
9.525,0.000681893348728187,-0.000142443650572048,-0.00170329145292999
9.53,0.000523155711416573,-0.00044271305901838,-0.00199221159536179
9.535,0.00034381830077367,-0.000706456425635118,-0.00216958506528067
9.54,0.000152569855060778,-0.000917884448318314,-0.00222143969212118
9.545,-4.08547671139161e-05,-0.00106648270333163,-0.00214834489426129
9.55,-0.000226049070014585,-0.0011436423047704,-0.00194974413550039
9.555,-0.000395735308788992,-0.00115010040416137,-0.00163637538738705
9.56,-0.000541430555305103,-0.00108737482432321,-0.00122790949941262
9.565,-0.000655021533647664,-0.000962527934913369,-0.000744396304863887
9.57,-0.000733302951910203,-0.000780565214979492,-0.000214168760430667
9.575,-0.000774608302411487,-0.000562193299140995,0.000330864447998486
9.58,-0.000775899259610095,-0.000319488133996931,0.000860903662438389
9.585,-0.000739826418727288,-6.44579519546533e-05,0.00134567838569656
9.59,-0.000669761959770035,0.000180481970968579,0.00175666076624106
9.595,-0.000571843386629686,0.000400746722312944,0.00206966794452964
9.6,-0.000448211973649793,0.000590294761819229,0.00226938338210539
9.605,-0.000310216577120882,0.000732330457215255,0.00233858124630972
9.61,-0.000162389266648191,0.000819970226429737,0.00227639567656289
9.615,-9.80829883713748e-06,0.000858399327945057,0.00208698249479318
9.62,0.000138678983480408,0.000840839927751124,0.00177769862413784
9.625,0.000278223818299052,0.000772022235103592,0.00136540422583819
9.63,0.000400759130699669,0.000659916005270404,0.00087670930298082
9.635,0.000503032685705949,0.000515312291082356,0.000338273289771371
9.64,0.000581243085365388,0.000346435694342476,-0.000221556829318735
9.645,0.00063442417174587,0.000167013745205949,-0.000768747495759311
9.65,0.000657845149895273,-1.10480933586945e-05,-0.00127278260554352
9.655,0.000653599988132632,-0.000176045945434028,-0.00170766478064403
9.66,0.000625093980616262,-0.000319425110899682,-0.00204728704747924
9.665,0.000572193813972623,-0.000431182391584059,-0.00227131393669182
9.67,0.000492291628227462,-0.00050510942917586,-0.00237098163736569
9.675,0.000395574969291919,-0.000545869612227875,-0.00233966933369235
9.68,0.000283463018192657,-0.000545368546098756,-0.0021772302414675
9.685,0.000156156319237567,-0.000508038499783392,-0.00189363670254049
9.69,2.43885415345419e-05,-0.000443035840159853,-0.00150765511951316
9.695,-0.000107272703750245,-0.000355073677244267,-0.00103888966973589
9.7,-0.000237012723758661,-0.000246839712044487,-0.000513988845787358
9.705,-0.000356592593877997,-0.000134442912048905,3.88175388215116e-05
9.71,-0.000463327633385325,-2.57604560567515e-05,0.000585591664018117
9.715,-0.000552431889958877,7.6567632575489e-05,0.00110067417371546
9.72,-0.000620371085943782,0.000160799118530945,0.00155356168568022
9.725,-0.000664562700316912,0.000221041628005158,0.00191889586867803
9.73,-0.000682615142469586,0.000257695236767378,0.00217907424450348
9.735,-0.000670401872239445,0.000270684185977773,0.00231985934015285
9.74,-0.000627305480411265,0.000258803975841752,0.00233266243973448
9.745,-0.000559960893442945,0.000224412346280025,0.0022172526653503
9.75,-0.000466239198022122,0.000174426221635061,0.00198410837266598
9.755,-0.000348091211657987,0.000114893769061469,0.0016448018461233
9.76,-0.000213068819048897,4.74966228806124e-05,0.00121681434545288
9.765,-6.55050971654632e-05,-1.7215868015438e-05,0.000728494818814833
9.77,8.90499253850521e-05,-7.21945436285529e-05,0.000201129004193706
9.775,0.000245722444804083,-0.00011763592268955,-0.000332122379657222
9.78,0.000398718865398335,-0.000143676926896433,-0.00084517794802087
9.785,0.000537517366666163,-0.00014840054375001,-0.00130861649066011
9.79,0.000655622330714439,-0.000136703551305601,-0.00169985057312613
9.795,0.00074852950978118,-0.000107714226551801,-0.00199553154350139
9.8,0.000809745036667579,-5.80464105683213e-05,-0.00218224389951902
9.805,0.000835403652698526,-2.86990365417488e-06,-0.0022507802771852
9.81,0.00082056639421285,6.09879171946182e-05,-0.00219823522660127
9.815,0.000769220044668436,0.000127210713697931,-0.00202940993229455
9.82,0.00068195654117679,0.000186147367541673,-0.00175596540869408
9.825,0.000555597323961973,0.000232994686231875,-0.00138957148364894
9.83,0.000400491158778625,0.000266120512804209,-0.000953317472605262
9.835,0.00021965081473226,0.000277871680593831,-0.000471098670853549
9.84,2.07528214677644e-05,0.000264918591193873,3.12227443393219e-05
9.845,-0.000186064766922623,0.000230832930780034,0.000529520808424915
9.85,-0.000390572550188498,0.000175558187737643,0.000993154495224893
9.855,-0.000582930639362174,0.00010018694066151,0.00139834350246027
9.86,-0.000751344127202126,1.04254230741698e-05,0.0017285918779324
9.865,-0.000888992621638203,-8.77290868267509e-05,0.00196167830865968
9.87,-0.000987994325840572,-0.000189323033949869,0.0020898062760308
9.875,-0.00104076041206906,-0.000288544804231059,0.00210897851851515
9.88,-0.0010438538113927,-0.000372625242653006,0.00201718250473281
9.885,-0.000995694375291859,-0.000441445507327409,0.00181985671385792
9.89,-0.000896521929618118,-0.000487094350162051,0.00152910697617619
9.895,-0.000747412879004326,-0.000501784786846693,0.00116501832116078
9.9,-0.000556709421244264,-0.000484888856467848,0.000741187300156834
9.905,-0.000332965429985475,-0.000439650760741471,0.000284599842974749
9.91,-8.66637590195831e-05,-0.000361870772799815,-0.000180278365996972
9.915,0.0001708591921669,-0.000256064720430317,-0.000629405479824613
9.92,0.000425986029313375,-0.00013106482422172,-0.00104151602309448
9.925,0.000666235759716652,9.69991247585629e-06,-0.00139246195455473
9.93,0.000880114849324333,0.000159296729559645,-0.00166661678257183
9.935,0.00105651055256886,0.000304897388337279,-0.00185259060368116
9.94,0.00118414494996274,0.000439942587066648,-0.0019402358292783
9.945,0.00125430316287615,0.000557288117037935,-0.00192359431937213
9.95,0.00126363545605684,0.000646054758747646,-0.00181042982282906
9.955,0.00120971940994396,0.00070014324644962,-0.00160448973606516
9.96,0.00109193703811682,0.000717437811855715,-0.00131810379696298
9.965,0.0009158778874875,0.000693301566905795,-0.000968838441023814
9.97,0.000690779884306477,0.000628476978505979,-0.000574979911345907
9.975,0.000426009770440648,0.000526502841501795,-0.000157677676517067
9.98,0.000131335914486114,0.000392914902127542,0.000258399137888259
9.985,-0.000176922179959287,0.000228946370260904,0.000654794011017749
9.99,-0.000482408832586354,4.91669110809259e-05,0.00101262609106653
9.995,-0.000771087268333372,-0.000139907327783516,0.00130945713041962
10,-0.00102707047275603,-0.000328812718307901,0.00153582600635049
10.005,-0.00123806465991646,-0.000507216830303431,0.00167933390208357
10.01,-0.00138911269645701,-0.000659801893422427,0.00173351144845448
10.015,-0.00147089313262696,-0.000782036091746708,0.00169849712926396
10.02,-0.00148127008072614,-0.000866613714762195,0.00157986696497151
10.025,-0.00141770778219276,-0.000905586352133424,0.00138000501531148
10.03,-0.00127742161174887,-0.000897196380350312,0.00111614307765579
10.035,-0.00106947348360927,-0.000838934361106681,0.000803498016605162
10.04,-0.000805087231453952,-0.000735006718382345,0.000455268420185997
10.045,-0.000493248671067881,-0.000587658590833125,9.25530099615397e-05
10.05,-0.000150163081295969,-0.000403575414017305,-0.000265163531438086
10.055,0.000208759545141237,-0.000192568688136619,-0.000603237843314552
10.06,0.000562356960700537,3.39522662430544e-05,-0.000899445329833182
10.065,0.000894834339903854,0.00026624071460858,-0.00114431638406756
10.07,0.00118732697844767,0.000489387679919252,-0.00132577613300609
10.075,0.00142429872866939,0.000692683278774905,-0.0014356915052752
10.08,0.00159147643436377,0.000865032074398205,-0.00147023409288343
10.085,0.00168276967982505,0.000994120020848233,-0.00143331925086016
10.09,0.00168856228411431,0.00107461237096734,-0.00132485092699845
10.095,0.00160788311776246,0.00109918072795512,-0.00115243702148075
10.1,0.0014450334135686,0.00106391499935849,-0.000934156479837518
10.105,0.00120372821557628,0.000970219789804233,-0.00067436789338487
10.11,0.000897441773325833,0.00082500587272209,-0.00038712161279142
10.115,0.000540312303106896,0.000628786918348285,-9.59087748250314e-05
10.12,0.000146798452939332,0.000393485276146507,0.000189950707289883
10.125,-0.000259042274507699,0.00013118034571652,0.000458231919721603
10.13,-0.000655780812072812,-0.000141611579238368,0.00069376014808042
10.135,-0.00102983301262604,-0.00041722313030907,0.00088254559008631
10.14,-0.00135626807578562,-0.00067636697497427,0.00102774885555665
10.145,-0.00161769114045465,-0.000901747616217871,0.00111568102977441
10.15,-0.00180100463609396,-0.00108756699371683,0.00114517818911923
10.155,-0.00189487890048932,-0.00121888657909019,0.00112523771203642
10.16,-0.00189316468121383,-0.00128491102973083,0.00105408504442536
10.165,-0.00179264155437018,-0.00128555454590167,0.000935340531274077
10.17,-0.00159598421793278,-0.00121797535052459,0.000782287260333988
10.175,-0.00131690394717693,-0.00107823975015348,0.000603031963529716
10.18,-0.000964101480570019,-0.000879661941281819,0.00040642981418165
10.185,-0.000554390685855831,-0.000629717529983913,0.000200814771988378
10.19,-0.000112297621823784,-0.00033815699210002,5.30193508085515e-07
10.195,0.00034299349911473,-2.28903894338339e-05,-0.000189953233564252
10.2,0.0007875868503273,0.000301109234453741,-0.00036258180896694
10.205,0.00119865120638839,0.000616890855577785,-0.000510489049905552
10.21,0.00155096088371108,0.000906081453265725,-0.000631786824245847
10.215,0.00182864324260661,0.00115143407566639,-0.000721314066896702
10.22,0.00201427735223159,0.00134018121217051,-0.000781443342483578
10.225,0.00209771675213483,0.00145863037209923,-0.000807936018996694
10.23,0.0020727590483435,0.00149930237434634,-0.000805610200987067
10.235,0.00193876250089743,0.00145681580139197,-0.000777189363937871
10.24,0.00170185523806092,0.001334117727889,-0.000723917762019483
10.245,0.00137461187410489,0.00113532827673463,-0.000649914152593907
10.25,0.000972243124941961,0.000868543631909742,-0.00056010081785195
10.255,0.000512999683052631,0.000547776817638104,-0.000455284899142159
10.26,2.16775411479361e-05,0.000190514758930944,-0.000338376990405329
10.265,-0.000475812626502117,-0.000184887211019466,-0.00021593707219305
10.27,-0.000952754361623989,-0.000556890927255813,-8.69922394854599e-05
10.275,-0.00138952488697461,-0.000904265672224468,4.59554563315694e-05
10.28,-0.00175441220124094,-0.00120767957240254,0.000176576899772379
10.285,-0.00203068185828189,-0.00144811691361592,0.000306075815188402
10.29,-0.00220519562828311,-0.00161144169680626,0.000431425202425374
10.295,-0.00226409965117106,-0.00168778107401333,0.000545816086788103
10.3,-0.00220403546456311,-0.001668583798989,0.000651310719696103
10.305,-0.00203014857516526,-0.00155583790612563,0.000744036604110536
10.31,-0.00174523704793946,-0.00135339467012563,0.000812574332145407
10.315,-0.00136659585155816,-0.0010713419757592,0.000859243405114567
10.32,-0.000912287331830198,-0.000723204080190993,0.000881628629350388
10.325,-0.000405078708793157,-0.000330915246951258,0.00086881004573027
10.33,0.000127737842979003,8.74377463928805e-05,0.000820290634278343
10.335,0.000656538180748599,0.000505581438789564,0.000739394555435135
10.34,0.00115484862771236,0.000900900554304304,0.000618048217234691
10.345,0.00159598846039484,0.00125190725071198,0.000461239145344362
10.35,0.00195301254674201,0.00153443231335722,0.000275032752495973
10.355,0.00220873039838112,0.0017329039592938,5.87214480308986e-05
10.36,0.00235073341036036,0.00183517702521349,-0.000178191443583841
10.365,0.00236675342433553,0.00183523917820921,-0.000421354809323908
10.37,0.00225686585970777,0.00172727738132598,-0.000664949870056175
10.375,0.00202686546836885,0.00152058879870234,-0.000895874503834676
10.38,0.00168751863104437,0.00122248012069112,-0.00109772978357239
10.385,0.00125789933258822,0.000852912944030853,-0.00126025238410598
10.39,0.000758502874036502,0.000427991118594707,-0.00137240799203754
10.395,0.00021936104985004,-2.59966864543369e-05,-0.00142036509510336
10.4,-0.000332508663896583,-0.000480789711489581,-0.00140109137127926
10.405,-0.000868568385108156,-0.000914068204588364,-0.0013103081855144
10.41,-0.00135738372448955,-0.00129828808870752,-0.00114245696128026
10.415,-0.00177561814163642,-0.0016080887782439,-0.000905897756447583
10.42,-0.00209955428918015,-0.0018283738077533,-0.000610785462115541
10.425,-0.00231062456361939,-0.00194679206079533,-0.000262515813167289
10.43,-0.00239973579231584,-0.0019455942767382,0.000118727643677662
10.435,-0.00236127401309251,-0.0018359234819899,0.000512529031075046
10.44,-0.00219325038800602,-0.00161914114932698,0.000899897478925396
10.445,-0.00191180509849583,-0.0013018206320274,0.00126347254308078
10.45,-0.00152839585114215,-0.000908129571206985,0.00157343694841465
10.455,-0.00106275495708999,-0.00046403686528555,0.00181350325884888
10.46,-0.000541409879871855,1.55829033997863e-05,0.00197167508611593
10.465,4.78999651051338e-06,0.000494601402755294,0.00202723457239257
10.47,0.000551757735682068,0.000942380167252194,0.00197379228849494
10.475,0.00106490283197928,0.0013402059665957,0.00181263327236446
10.48,0.00151993855327756,0.00166175156331072,0.00154491830672386
10.485,0.00189346908081336,0.00188271175050188,0.00117875024139293
10.49,0.00215997866470946,0.00199407198144966,0.000734649763956175
10.495,0.0023094152662496,0.00199155360415098,0.000234089781844226
10.5,0.00233731802941567,0.00186946089183232,-0.000302330368523397
10.505,0.00223698097188611,0.00163506724103194,-0.000840361201176786
10.51,0.00201623121567504,0.00130827941941327,-0.00135102502841006
10.515,0.00169290191414042,0.000903939548006397,-0.00180435683477431
10.52,0.00127976162907277,0.000443114592054642,-0.00217604420856386
10.525,0.000800962852751791,-4.37557991621744e-05,-0.0024380068399354
10.53,0.000285991084155888,-0.000522295394705137,-0.00257015736957342
10.535,-0.0002390759302484,-0.000976479531835898,-0.00256463914402829
10.54,-0.000747932484085403,-0.00137139827973976,-0.00241729168394432
10.545,-0.00120986603588326,-0.00168137533926177,-0.00212598038831555
10.55,-0.00160115104385332,-0.00189377050090791,-0.00171079637133008
10.555,-0.00190121486048469,-0.00199569519236919,-0.00118823395326244
10.56,-0.00209793547941583,-0.00197327239254967,-0.000583079599675602
10.565,-0.00217941751510191,-0.00183759537129591,7.02929406148012e-05
10.57,-0.00214280579789764,-0.00159661001946834,0.000731658996508788
10.575,-0.00199347256104496,-0.00125686368752101,0.00137315851019858
10.58,-0.00174113841894936,-0.000844236483614239,0.00195149522298587
10.585,-0.00139806617102819,-0.000387125754368013,0.00242954000363204
10.59,-0.000988697402064253,9.38775400842539e-05,0.00278423258968071
10.595,-0.000530461638625883,0.000567881612127486,0.00298810094631092
10.6,-5.17053536413569e-05,0.00100401967999584,0.00302673247672035
10.605,0.000419140032453658,0.00137679572109103,0.00289666725042196
10.61,0.000860930423555687,0.00166789902336813,0.00260001886783765
10.615,0.00125034267978478,0.0018574214805619,0.00215143800030314
10.62,0.00156315879583772,0.00193351182104016,0.00157309910539894
10.625,0.00178748971705487,0.00189440242801971,0.000896840123871057
10.63,0.00191574878573422,0.00174839669267029,0.000158939035802591
10.635,0.00193768630980082,0.00149476279239633,-0.000598313939768156
10.64,0.00185821355242316,0.00115579021976501,-0.00133363111648885
10.645,0.00168083970642845,0.000753906901533313,-0.00200362603319969
10.65,0.00141858314152794,0.00030992639360825,-0.00256533723018095
10.655,0.00108863576243223,-0.000150088111605853,-0.00299183848905036
10.66,0.000707789886044575,-0.000592297931702397,-0.00325138930089474
10.665,0.000297430022685897,-0.00099808998411517,-0.00332893354764069
10.67,-0.000114541056366292,-0.0013419687005608,-0.00322038986720686
10.675,-0.000510588485169763,-0.00159773206812009,-0.00292493507094592
10.68,-0.000873823645847376,-0.00176011878533619,-0.00246135859117242
10.685,-0.00117704592845442,-0.00181707868365864,-0.00185474127784154
10.69,-0.0014128215009376,-0.00176665891923729,-0.00113866316906813
10.695,-0.00157028144222217,-0.00161184785063461,-0.000350702657917011
10.7,-0.00163920403716352,-0.00136623662960712,0.000461653028793527
10.705,-0.0016219187627202,-0.00104289621508592,0.00125019412429355
10.71,-0.00152171134591153,-0.000664167234403336,0.00197191254379699
10.715,-0.00134507196807771,-0.000249285424341413,0.00258404654624366
10.72,-0.00110539935267624,0.000172269555957009,0.00305133050249652
10.725,-0.000816316584160967,0.000576194069303426,0.00334461019564114
10.73,-0.000493213919630647,0.000942976037868723,0.00344920778889477
10.735,-0.000157299804775549,0.00124656298808755,0.00335844012971457
10.74,0.000177435248244738,0.00146998057469062,0.00307073857593825
10.745,0.000493423838304632,0.00160906415857186,0.00261345902757571
10.75,0.00077303617202752,0.00165262135279626,0.00200590993399368
10.755,0.0010047083740054,0.00159397597855727,0.00127928778649125
10.76,0.00117896527134276,0.00144879369581863,0.000484707535538871
10.765,0.00128696212180317,0.00122417939398494,-0.000334223683092857
10.77,0.00132868810736973,0.000931244455973302,-0.00113457951743668
10.775,0.00130019204634388,0.000590528451689135,-0.00186738170233565
10.78,0.00120681247436834,0.000226463063091547,-0.00248706273349436
10.785,0.00105963347982517,-0.000143539862182041,-0.00296493672365832
10.79,0.000864306160528607,-0.000497499382771765,-0.00327103452938895
10.795,0.000630237804659009,-0.000813829869445474,-0.00338465936609392
10.8,0.000377736146806581,-0.00107568784907668,-0.00330623556936157
10.805,0.000112938972413413,-0.00127361820162217,-0.00303980938574019
10.81,-0.000147854829522088,-0.00139539938991579,-0.00259976570411381
10.815,-0.0003916128153742,-0.00143152248539615,-0.0020129632108437
10.82,-0.000609549404397506,-0.00139092708398904,-0.0013166497862896
10.825,-0.000787013103254078,-0.00127759435339908,-0.000553264034086587
10.83,-0.000921155311911253,-0.00108951034071048,0.000237861167468803
10.835,-0.00100900133709549,-0.000851312622948591,0.00100529573612844
10.84,-0.0010428268149578,-0.00057680835142153,0.00170441481324933
10.845,-0.00102540678453306,-0.000271401227586217,0.00230122077913335
10.85,-0.000965256826870618,3.84837227982e-05,0.00275644715912676
10.855,-0.000857913452714831,0.000328164044788324,0.00304514855898968
10.86,-0.000714691429827047,0.000601682454131523,0.00315781316042274
10.865,-0.000544728915649666,0.000833500052069098,0.00308880056200314
10.87,-0.000351811876382526,0.00100745256643866,0.00283873337758242
10.875,-0.000148207021116923,0.00112761761586483,0.00243066762520304
10.88,5.18523535041771e-05,0.00118739813773532,0.00189219343343954
10.885,0.000249926941955953,0.00117841321544756,0.0012501992825528
10.89,0.000429794812861279,0.00111021204877214,0.000548679657156983
10.895,0.000581226212918506,0.000989260250163227,-0.000170475400204757
10.9,0.000706160774292011,0.000820413406746457,-0.000869096775764555
10.905,0.000796751416657953,0.000615433787851532,-0.00150409770061954
10.91,0.000845340282391705,0.000389332212709665,-0.0020376953679059
10.915,0.000856003750601533,0.00015318810171982,-0.00244516271923747
10.92,0.000827163291333458,-8.61129433832863e-05,-0.00270352692173322
10.925,0.000760624150507638,-0.000311502858152308,-0.00279992068454517
10.93,0.000659496521236416,-0.000511097359087778,-0.00273041595143454
10.935,0.000528433481164245,-0.000684629018471185,-0.00250700898214779
10.94,0.000375782207353811,-0.000820787634094652,-0.00214453531037909
10.945,0.000207757765397881,-0.000910345498572266,-0.00166508755985096
10.95,3.12031320392306e-05,-0.000958237790137142,-0.00110225698337823
10.955,-0.000142944818889965,-0.000964759634340065,-0.000490371800733447
10.96,-0.000308744843631552,-0.00092355879985722,0.000135384920781737
10.965,-0.000459988756441743,-0.000845670674955799,0.000738060778551055
10.97,-0.000586566852038946,-0.00073378538396309,0.0012793934912336
10.975,-0.000686856027513109,-0.000591565943677767,0.00173423071987534
10.98,-0.000753637160123985,-0.000426130970811558,0.0020762848490342
10.985,-0.000781962137629688,-0.000246929930698279,0.00228541513065246
10.99,-0.00077385854584236,-5.72404462477179e-05,0.00235749657522207
10.995,-0.00072855660963564,0.000131733139646787,0.00229015390847468
11,-0.000643431945306064,0.000315006510086913,0.00209130928119205
11.005,-0.000529977691509015,0.000486456525239444,0.00177930302160595
11.01,-0.000391947152846581,0.000634510373843644,0.00137167456256476
11.015,-0.000229691757397836,0.000760112810244801,0.000899744079344133
11.02,-5.82740507308992e-05,0.000854757272594144,0.000391037587500433
11.025,0.000118441518484487,0.000912261867187325,-0.000124974437515667
11.03,0.000291377214092356,0.000934334869118693,-0.000613791505155857
11.035,0.000446462010275704,0.000919055104393898,-0.00104966419948937
11.04,0.000582195075489179,0.000859280243216504,-0.00141168653394336
11.045,0.000690236218608778,0.000765326185222571,-0.00167780350350196
11.05,0.000754866371783466,0.000634635373948907,-0.00183193297285655
11.055,0.000781736288326245,0.000468400551972952,-0.00187821802148281
11.06,0.000770831012273391,0.000278786514776184,-0.00181413069613276
11.065,0.000713695780454968,7.08653924158227e-05,-0.00164129178398094
11.07,0.000616214790067619,-0.000150724235674841,-0.001385260005807
11.075,0.000486121731542169,-0.000372355652608039,-0.00105893063536962
11.08,0.000329078785071404,-0.000585487784803694,-0.00068055648419577
11.085,0.000150344185218239,-0.000779228164177337,-0.000281013185805615
11.09,-3.74030952401162e-05,-0.000946759880722794,0.00011686574082491
11.095,-0.000224043182558862,-0.00107604921684759,0.000493386445237181
11.1,-0.000399153909911644,-0.00115494817609821,0.000825899382404707
11.105,-0.000551673991816105,-0.00118149076824041,0.00109111481234523
11.11,-0.000674649535090768,-0.00115392067845945,0.00128357723893151
11.115,-0.000758104236745741,-0.00105976005162359,0.0013931778139993
11.12,-0.000796597934996708,-0.000909536488302268,0.00141463130469417
11.125,-0.00079052027990658,-0.00070851306179216,0.00135349363018275
11.13,-0.000737531576078527,-0.00045775262898698,0.00121709821683295
11.135,-0.00064003519764566,-0.000170223165812621,0.00101541838802029
11.14,-0.000503589390456967,0.000135588410555757,0.000764965546476295
11.145,-0.000337048423490619,0.000450137169210251,0.000481479674801696
11.15,-0.000148258938451352,0.000754578432727462,0.00018586534137823
11.155,5.26105466737088e-05,0.00103156758005022,-0.00010660565031788
11.16,0.000253143326736465,0.00126343410909524,-0.000377207778475474
11.165,0.000436401834484462,0.00143544883759688,-0.000612270081806542
11.17,0.000597005212744035,0.00153707849967529,-0.000798434896708856
11.175,0.000723427205568273,0.00155692812359642,-0.000927639056930234
11.18,0.000804446992743787,0.00149153602661324,-0.000998022077426739
11.185,0.000836577107428834,0.00134106448647374,-0.00100454835165748
11.19,0.000817703127503066,0.00110810824205958,-0.000953944767467238
11.195,0.000745297937507488,0.000804976495971715,-0.000851684937751389
11.2,0.000626918890735184,0.00044861624662082,-0.000705008388986645
11.205,0.000466595378552449,5.07239135235516e-05,-0.000527543249607073
11.21,0.000270897266154844,-0.000364822875952525,-0.000331506205827579
11.215,5.96931814486632e-05,-0.000770000740559097,-0.000126070440552696
11.22,-0.000160626776376489,-0.00114804881560726,7.37544574406132e-05
11.225,-0.000376474335632261,-0.00147570276460277,0.000256701871807961
11.23,-0.000568025919334418,-0.00172577550194435,0.000414298530543452
11.235,-0.000725762064687908,-0.00188571328586004,0.000541028875592986
11.24,-0.000843343445968582,-0.0019470686439543,0.000626379889299004
11.245,-0.000905667396381356,-0.00189513558045489,0.000673779431909028
11.25,-0.000909232839798071,-0.00173144030731991,0.000681530044491578
11.255,-0.000856381943248168,-0.00146709932556997,0.000648400154749446
11.26,-0.000745950088935157,-0.0011088221411226,0.000583555195286287
11.265,-0.000586661757580754,-0.000675632796454117,0.000492412592157719
11.27,-0.00038536563656342,-0.000192217196466628,0.000377783578928951
11.275,-0.00015364980084002,0.000315596729743031,0.000250245891314387
11.28,9.14552438431491e-05,0.000819277319161847,0.000118957782053851
11.285,0.000334979509754374,0.00128774758910045,-1.09394169814e-05
11.29,0.000565641749481826,0.001693063478174,-0.000135623830372455
11.295,0.000762852561582086,0.00200881447704565,-0.000241296302334832
11.3,0.000915766868844507,0.00221690850541379,-0.000330438489616129
11.305,0.00101456555250899,0.00229842459379253,-0.000399380773996887
11.31,0.00104948220739636,0.00224715300078999,-0.00044031858001484
11.315,0.00101873706312964,0.00206513575293458,-0.00045942730551068
11.32,0.00092173403165761,0.00175786742125547,-0.000454721961582969
11.325,0.000764130675201862,0.00133941233968279,-0.000428308685484649
11.33,0.000553468362780466,0.000837582333872815,-0.000382098337475132
11.335,0.000301163365560822,0.000275479909527212,-0.000319828993182665
11.34,2.18631135042319e-05,-0.000315040264386956,-0.00024727964305737
11.345,-0.000263708638799191,-0.000895007724293751,-0.000164784954480608
11.35,-0.000543351519351535,-0.00143284990656371,-7.80539388750651e-05
11.355,-0.000794999546031572,-0.00189659906179189,9.82075335304404e-06
11.36,-0.00100290690288481,-0.00225632276429533,9.30383747978485e-05
11.365,-0.00115363418417135,-0.00248828378056951,0.000172236410898337
11.37,-0.00123612679167804,-0.00257802223918192,0.000243470718157429
11.375,-0.0012411159113641,-0.00251912724193709,0.000299037071628236
11.38,-0.00117197675266949,-0.00231079854521019,0.000345549371525337
11.385,-0.00102714685085981,-0.00196300809523384,0.000376757344325235
11.39,-0.000810688298126285,-0.00149775221060254,0.000388085072622566
11.395,-0.000542309902096822,-0.000938851081714109,0.000383164253210756
11.4,-0.000231310207537649,-0.000314766947057939,0.000363551575118495
11.405,0.000103209505381314,0.000332957159694534,0.000323410355462978
11.41,0.000438255105635438,0.000966593284793188,0.000266560556920851
11.415,0.000754970077996446,0.00155418018228747,0.000198859264960376
11.42,0.00103446360858812,0.00205554355093518,0.000117433954521696
11.425,0.00125393331896197,0.00243772400824583,2.47614464152268e-05
11.43,0.00140576979886628,0.00268349660366726,-6.8460282499531e-05
11.435,0.00147611007918449,0.00277527793031485,-0.000164197499069309
11.44,0.00145547276136149,0.0027007693809081,-0.000257380451498056
11.445,0.00134937708200718,0.00246798367845073,-0.000340359066538579
11.45,0.00115892680997564,0.00209278359092308,-0.000408227995692189
11.455,0.000893483504763972,0.00158758044058093,-0.000459298319084711
11.46,0.000569052174462805,0.000984449017937974,-0.000487286372959969
11.465,0.000204170032462874,0.000324689835754536,-0.000488030728863514
11.47,-0.000182649118952905,-0.000360574736197628,-0.000463652456120902
11.475,-0.00056593590624544,-0.00103034473869063,-0.000411507531176126
11.48,-0.000923384466652596,-0.00163787501618572,-0.000331933400884805
11.485,-0.00123540744351852,-0.00215294766818028,-0.000230851850556258
11.49,-0.00147857026630874,-0.00254617284613225,-0.000111147897149333
11.495,-0.00164097243411453,-0.00278842720155974,2.24761483566437e-05
11.5,-0.00171031247717547,-0.00286710563406897,0.000162439031478403
11.505,-0.00167959195906775,-0.00278135598120896,0.000299217843467874
11.51,-0.00155086501566598,-0.00253140628789823,0.000427404549188838
11.515,-0.00132965474789362,-0.00212946298715031,0.000536527259332249
11.52,-0.00102587245543982,-0.00160721375709502,0.000618638455100483
11.525,-0.000656818005909916,-0.000990181290615076,0.000669768329403096
11.53,-0.00024243426392149,-0.000313448549649101,0.000682331686213868
11.535,0.000193993088635715,0.000379361828227611,0.000653868164101637
11.54,0.000623652898319945,0.00104557426121674,0.000585193938881835
11.545,0.0010269299579521,0.00165529523750292,0.000477611797330816
11.55,0.00137589282575665,0.00216493473339706,0.000335703067508151
11.555,0.00165037556892399,0.00254399658988082,0.000164998058711689
11.56,0.0018353428710344,0.00277653295504527,-2.43396841518145e-05
11.565,0.00191738455335466,0.00284738777851215,-0.000220869616262584
11.57,0.00189160129562166,0.00275033880361041,-0.000413731720487889
11.575,0.00175774126676553,0.00249533885323974,-0.000592989428059014
11.58,0.00151978373485907,0.00209753022353613,-0.000741585700501836
11.585,0.00119300094605769,0.00157926759285047,-0.000853476641369538
11.59,0.000796873695929493,0.000972977210713034,-0.000918603628935507
11.595,0.000348163234359373,0.000313604584233586,-0.000927277234139961
11.6,-0.000124546396031467,-0.000358565461935447,-0.000880970012370046
11.605,-0.000591222797396968,-0.00100532713455351,-0.000779796776407214
11.61,-0.00103425934938142,-0.00158835998412144,-0.00062392180460466
11.615,-0.00142337714598991,-0.00207395867809661,-0.00042318785034182
11.62,-0.00173253079190245,-0.00243451737250727,-0.000188385660280404
11.625,-0.00195114500179327,-0.00265388569798732,6.80300576001607e-05
11.63,-0.0020633573519782,-0.00271758127395072,0.000333433328806662
11.635,-0.00205957906899997,-0.00262092425893159,0.000586751853441003
11.64,-0.00194380896483262,-0.00237888035414734,0.000816295698532995
11.645,-0.00171896983406978,-0.00199981745158214,0.00100388329058391
11.65,-0.00139558656754473,-0.00151086291917647,0.00113692943966512
11.655,-0.000996986678575905,-0.00094312497533722,0.00120581359659193
11.66,-0.000536985801554034,-0.000331685653769835,0.00120375194989706
11.665,-4.40912409700967e-05,0.000294744637296956,0.0011277782812507
11.67,0.000452408232336042,0.000890251040936059,0.000980650676569726
11.675,0.000925544064192825,0.0014251126475282,0.000766157805616168
11.68,0.00135216633248887,0.00187346653842295,0.000498517827110702
11.685,0.00170816958113825,0.00220599938819877,0.000190918575011432
11.69,0.00197180070078479,0.00240614147708631,-0.000139946248873893
11.695,0.00213017230010733,0.00246629026055735,-0.000474578766683801
11.7,0.00217277193704261,0.00238599298228588,-0.000790902670787272
11.705,0.00209900554232635,0.00217235915289381,-0.00106998507653414
11.71,0.00190986464598808,0.00184147405245112,-0.00129604825844593
11.715,0.00161761314034496,0.00141369513231025,-0.00144724337956095
11.72,0.00123667577235179,0.000916697240998658,-0.00151854522582527
11.725,0.00078999460267021,0.000377361386742771,-0.0014989749884302
11.73,0.000300396513409204,-0.000169425096773501,-0.00138817395676617
11.735,-0.000206709267207764,-0.00069205438646756,-0.00118920719873592
11.74,-0.000702417425597561,-0.00116303640930893,-0.000912189351270381
11.745,-0.00116304167708501,-0.00155839222643361,-0.000573856717017621
11.75,-0.00156128607770391,-0.00185557585971513,-0.000188525974858273
11.755,-0.00187812543373457,-0.0020403223635716,0.000218984209759166
11.76,-0.00209324630906088,-0.00210956877167877,0.000625418245435043
11.765,-0.00219906975522607,-0.00205974538328867,0.00100507597856297
11.77,-0.00219057555413997,-0.00189630522636434,0.00133553075062441
11.775,-0.0020656441313791,-0.00163539831829868,0.0015956732100347
11.78,-0.00183208932999597,-0.00129414210366356,0.00176516748259902
11.785,-0.00150488998158066,-0.000889678832619153,0.00183691188582571
11.79,-0.00109827354981801,-0.000455042403781638,0.00179926642539994
11.795,-0.000633751168153877,-1.42909696363977e-05,0.00165219605555632
11.8,-0.000139786325405453,0.000417582906584033,0.00140512005879896
11.805,0.000363656325756683,0.000808342603400673,0.00106768217417224
11.81,0.000846324652416111,0.00113714796826747,0.000657171199080304
11.815,0.00128337560700873,0.00139618688194532,0.000198104008906188
11.82,0.00165644369660558,0.00157130212336155,-0.000281539199939208
11.825,0.00194249839157826,0.00164983861526771,-0.000756806224086334
11.83,0.00212713649980437,0.00164099448484743,-0.00119846205278411
11.835,0.00220513346404972,0.00155094664870272,-0.00157638358034173
11.84,0.00216828334528581,0.00137825812993596,-0.00187296440816771
11.845,0.00202029385870951,0.00114493759124477,-0.00206527990209117
11.85,0.00177248342163439,0.000869442795977018,-0.00213846866099945
11.855,0.00143434419591158,0.000558802215835687,-0.00208831892844063
11.86,0.00102377065104059,0.000234277050608632,-0.00191639439887159
11.865,0.000564065291862803,-7.79117514373987e-05,-0.00162650756918516
11.87,7.34155190074313e-05,-0.000371260950905689,-0.00123517309232262
11.875,-0.000418170146292315,-0.000632801340869425,-0.000767801201914389
11.88,-0.000886862525954068,-0.000841659684076391,-0.000244029984958372
11.885,-0.00131221650470377,-0.0010004242665413,0.000303974138394142
11.89,-0.00167063184832891,-0.0011060643344296,0.000840472478817997
11.895,-0.00194314817503158,-0.00115024753570335,0.00133916738449704
11.9,-0.00211963809659534,-0.00113748528430917,0.00177152171471841
11.905,-0.00219136768660318,-0.00107864012812482,0.00210353102007003
11.91,-0.0021534285619965,-0.000975749037822355,0.00231973098452057
11.915,-0.0020110011394509,-0.000834962212194274,0.00240861543075584
11.92,-0.00176578523490624,-0.000671271619673158,0.00235661463851754
11.925,-0.00143426517884327,-0.000492804549748666,0.00216744333537344
11.93,-0.00103434178038584,-0.000304675560578015,0.00185363899420318
11.935,-0.000583450878429299,-0.000117711162305451,0.00142695487553873
11.94,-0.000103094320512468,5.75905762456413e-05,0.000910928222660552
11.945,0.000381708824075949,0.000222541177844787,0.000338698085094414
11.95,0.00084800392785352,0.000371583033368794,-0.00025986235280179
11.955,0.00127401785499815,0.000494075661591233,-0.000854416322472915
11.96,0.00163836254667068,0.000595965992164059,-0.00140496567280501
11.965,0.00192463719830617,0.000679251702134554,-0.00187972470492484
11.97,0.00211482427622386,0.000734437575914449,-0.00225566606656145
11.975,0.00220527206818671,0.000768908434813804,-0.0025048191792291
11.98,0.00218690970394778,0.000783915094137527,-0.00261430552261798
11.985,0.00206185047983632,0.000775747502036032,-0.00257575949603458
11.99,0.00183904663148766,0.000745358511008394,-0.00239239939440075
11.995,0.00152505556291142,0.000699121383434715,-0.00207110000479346
12,0.00113449419151146,0.000631253945976621,-0.00162934589263077
12.005,0.000687896539731037,0.000541215296159475,-0.00109432975951234
12.01,0.000206528396621728,0.000432327309818193,-0.000491427357858238
12.015,-0.000290735605050402,0.000306391909459525,0.000143289338776218
12.02,-0.000772635921066558,0.000159835394989884,0.000775265643947199
12.025,-0.00122190452533659,-1.71011959190353e-06,0.0013650882830381
12.03,-0.00161443505603917,-0.000174664036365734,0.00188335749781484
12.035,-0.0019289671755552,-0.000351209256582535,0.0022995819013342
12.04,-0.00215258293540261,-0.00053045044599244,0.00258722187081544
12.045,-0.00227644619776743,-0.00070052385301485,0.00273285831577449
12.05,-0.00228748418743651,-0.00085453528157308,0.00272656597540468
12.055,-0.00218895077910944,-0.000984789539525192,0.00256879834924129
12.06,-0.00198682919523596,-0.00108144812293859,0.00226652575106285
12.065,-0.00168219301062183,-0.0011346994553633,0.00183650187986781
12.07,-0.00129376869031992,-0.00113817700082356,0.00130606216569544
12.075,-0.000840659808503497,-0.00108984974463638,0.00069728715106583
12.08,-0.00034106041610621,-0.00098407398398835,5.14392310038322e-05
12.085,0.000179422738791282,-0.000821758247181516,-0.000596838370856735
12.09,0.000695852090971236,-0.000609595311470152,-0.00121374001809222
12.095,0.00118422866672466,-0.000351349342750787,-0.00176411155606416
12.1,0.00161901094053108,-5.93782601438696e-05,-0.00221603150196749
12.105,0.0019789887339011,0.000255329988235977,-0.0025462926336696
12.11,0.00224984009845622,0.000576080664364241,-0.002738835471508
12.115,0.00241252604593688,0.000889739548137672,-0.0027773226021644
12.12,0.00245609242893926,0.00117177432535459,-0.00266573759969765
12.125,0.00238145169677053,0.00140889956759252,-0.00240994297126645
12.13,0.00218868616269392,0.00158601282126554,-0.00201810969356385
12.135,0.00188404455818961,0.00168870692508394,-0.00152075734745124
12.14,0.00148235353273795,0.0017037453679932,-0.00094190601456149
12.145,0.00100532658573816,0.00162946869548355,-0.00031391478189693
12.15,0.000471455182849355,0.00146517048529223,0.000326637673192246
12.155,-9.03939801847027e-05,0.00121187791088912,0.000946609073532225
12.16,-0.000656803208295017,0.000880073690639676,0.00151190081334458
12.165,-0.0011957916877471,0.000487216636587085,0.00199284375533716
12.17,-0.0016844324697554,4.82560145648818e-05,0.00236080960753956
12.175,-0.0020958198671605,-0.000413875633726624,0.00260205434016929
12.18,-0.00240789637897704,-0.000869680201175898,0.00270034821107447
12.185,-0.0026030096568944,-0.00129707583366868,0.00265126102215123
12.19,-0.00267016388437146,-0.00167043155638001,0.00246158258361943
12.195,-0.00260566566966789,-0.00196651256109546,0.00214013255848667
12.2,-0.00241024897741392,-0.00216326259793528,0.00170845765612204
12.205,-0.00209146756900523,-0.00224871785038167,0.00118952427216965
12.21,-0.00166358555724739,-0.00221266567231912,0.000613741866348839
12.215,-0.00115056721171292,-0.00205309848474104,1.14207202812311e-05
12.22,-0.000570302738192499,-0.00177343707599427,-0.000584257834055783
12.225,4.63284749113409e-05,-0.00138735265053561,-0.00114120455887701
12.23,0.000667683350649821,-0.000911842678982541,-0.00163130328959859
12.235,0.0012647541364602,-0.000369211226160473,-0.00202776190767712
12.24,0.00180530949183218,0.000207664966542827,-0.00231194989438358
12.245,0.00225934298031488,0.000788410029464584,-0.00247175391910635
12.25,0.00260529907334475,0.00134443722315386,-0.00249625779320672
12.255,0.00282448851287311,0.00183791915937922,-0.00239190840385886
12.26,0.00289993117600944,0.00224050022281905,-0.00216466301273283
12.265,0.00283298592176358,0.00253167923572086,-0.00182823570490899
12.27,0.00262162768779705,0.00268704173367534,-0.00140286699141142
12.275,0.00227295246960097,0.00269475540273164,-0.000913848434833358
12.28,0.00180572164119344,0.0025546366962811,-0.00038666791700235
12.285,0.00124281047534232,0.00226824842260492,0.000152099143015558
12.29,0.000606131316780307,0.00184517110647173,0.000669306053125063
12.295,-6.60288930184581e-05,0.00131221853096377,0.00114208224979019
12.3,-0.000741397821140145,0.000695496560419948,0.00154894608192367
12.305,-0.00138740522435642,2.70945965386489e-05,0.00186472270468095
12.31,-0.00196654461727939,-0.000656572923929539,0.00207684041504498
12.315,-0.00245268005876396,-0.00131329425754084,0.00218208670022247
12.32,-0.00281920914294783,-0.00190843162271556,0.00217482345970956
12.325,-0.0030418902491883,-0.00240947210858188,0.00205611002132539
12.33,-0.00311409247865926,-0.00278153281861118,0.00184040394303103
12.335,-0.00302918051894242,-0.00300292899422978,0.00154009574111491
12.34,-0.00278513021038295,-0.00306144212039284,0.00116792780787019
12.345,-0.00239702728770355,-0.00294804994632004,0.000751032878722744
12.35,-0.00188251212265076,-0.00266430177142563,0.000309200860269768
12.355,-0.0012664012053978,-0.0022312878979546,-0.000137224534864551
12.36,-0.000580117276347243,-0.00166659442665926,-0.000562006475334285
12.365,0.000142423201716129,-0.00099979747505581,-0.0009450415345152
12.37,0.000862738236006403,-0.000270019296537124,-0.00127200952855103
12.375,0.0015415721225054,0.000480584791009648,-0.00152697832397452
12.38,0.00214866969729406,0.00121517599477454,-0.00170269005487864
12.385,0.00265045051363317,0.00188853554137416,-0.00179154479271032
12.39,0.00302163989654956,0.00246213950947626,-0.00179304469482633
12.395,0.00324070703818558,0.00290058353211171,-0.00171435529516163
12.4,0.00329794856351197,0.00318148267852163,-0.00155811416482531
12.405,0.00318648926493043,0.00328615919751889,-0.00133506470343916
12.41,0.00291335719566597,0.00320548870673964,-0.00106169632898551
12.415,0.00248842141639865,0.00294552035410691,-0.000751467628844275
12.42,0.00193333629820561,0.00252021933247447,-0.000415716488034871
12.425,0.00127983033594983,0.00195307431800299,-7.74140272423701e-05
12.43,0.000554991848880411,0.00127354020870745,0.000249533340400029
12.435,-0.000203583181804649,0.00052510166703753,0.000558859221462794
12.44,-0.00095607711536748,-0.000254744542987216,0.000830619608542768
12.445,-0.00166681950595858,-0.00102263341844262,0.00105689001550664
12.45,-0.00229926066352643,-0.00173212136284378,0.00123632868544567
12.455,-0.00281798355391889,-0.00234454322015261,0.00136052010884291
12.46,-0.00319973982454882,-0.00282951260111555,0.00142647646921719
12.465,-0.00341938141896584,-0.00315452989562146,0.00143975701074882
12.47,-0.00347274792853018,-0.0033039074052076,0.00140072038908043
12.475,-0.003350772991197,-0.00327430784507739,0.00130954200936059
12.48,-0.00305901387933543,-0.00306386798684411,0.00117686522103616
12.485,-0.00261486460830248,-0.0026817873470114,0.00101088935452532
12.49,-0.00203870402208841,-0.00216149321757539,0.000808916588830745
12.495,-0.00135790961497077,-0.00152635018977305,0.000584112360569457
12.5,-0.000605101013170134,-0.000806980458915434,0.000344863793306723
12.505,0.000184633626561948,-5.15705939079077e-05,9.2288903746767e-05
12.51,0.000970269179077759,0.000696403545623163,-0.00016505643950217
12.515,0.00171269666895346,0.00140298169301762,-0.000420114412474164
12.52,0.00237718939254412,0.00202788217934034,-0.000665779403592132
12.525,0.00292854944909634,0.00253151741101571,-0.000902952365807468
12.53,0.00334012398544717,0.00289645167044908,-0.00111481836268098
12.535,0.00358897577395975,0.00310708238284169,-0.00129908756279795
12.54,0.00366410841257977,0.00314316945961195,-0.00145407975696841
12.545,0.00356169208856451,0.00301202811794231,-0.00156612008529283
12.55,0.00328377288351845,0.00272976958643845,-0.00162672667944873
12.555,0.0028450259129603,0.00230356491921314,-0.00163540455610937
12.56,0.00226576092352332,0.00175986573169529,-0.00158375817769054
12.565,0.00157078489101309,0.0011377308007622,-0.00146455136658902
12.57,0.000797864284220388,0.000464618166049576,-0.00127829162635415
12.575,-1.61775391433948e-05,-0.000224212504572232,-0.00102775834828871
12.58,-0.000836925250383788,-0.000886464613928422,-0.000710741422207574
12.585,-0.00162191068087841,-0.00149081800773185,-0.00033987943150109
12.59,-0.00233465877231984,-0.00201084744740713,7.4492291017105e-05
12.595,-0.00294199534518354,-0.00241238657208441,0.000519060987823771
12.6,-0.00341527379239348,-0.00268055098307305,0.000975509494985902
12.605,-0.00373422547729156,-0.00280776962726961,0.00142520746072058
12.61,-0.0038845994139816,-0.00279079428538347,0.00183822311518606
12.615,-0.00385533377211022,-0.00262885314362696,0.00220104671307854
12.62,-0.00364914850617645,-0.00234169656591998,0.00248842475094257
12.625,-0.00327078069271434,-0.00194725809859029,0.00267337054206332
12.63,-0.00273657705420733,-0.00146762153000493,0.00274399747030005
12.635,-0.00206889323554797,-0.000932850231106812,0.00268779648168767
12.64,-0.00129256866907509,-0.000372574866275545,0.00249252269964972
12.645,-0.000442902192000087,0.000185740717025103,0.00215864613629647
12.65,0.000436696470042271,0.000715552370236712,0.00169792164061918
12.655,0.00131234321232958,0.00119243597212675,0.00111514825639023
12.66,0.00214073900476884,0.00159457304843352,0.000433088137045477
12.665,0.00287927936567403,0.00191228023721693,-0.000315517595882072
12.67,0.00349867631008524,0.00213223406975203,-0.00110191240347111
12.675,0.00396734414535497,0.00225012661377346,-0.00188829984049642
12.68,0.00425406901074563,0.00226708374501044,-0.00262933881587417
12.685,0.00435041060202633,0.00219128129494943,-0.00328406505277402
12.69,0.00424944888803972,0.00202573385178493,-0.00381067320234952
12.695,0.00394487504170337,0.00178163167923687,-0.00417043493366319
12.7,0.00345658564846235,0.00147417884254878,-0.00433377981352881
12.705,0.00280068276725045,0.00111444553933219,-0.00427727367709472
12.71,0.00200667916621654,0.000718418484040612,-0.0039912482559629
12.715,0.00110821617865874,0.000307689929057887,-0.00347832833520174
12.72,0.000142461452621226,-0.00010359593041455,-0.00274964692022392
12.725,-0.000847130765670408,-0.000502660530093416,-0.00183548407904891
12.73,-0.00181390776142172,-0.000877662841692264,-0.000775486752584769
12.735,-0.00271856606928776,-0.00120659389067556,0.000390060791411518
12.74,-0.00351821325950848,-0.00148992692300796,0.00159419351138464
12.745,-0.00417346188006495,-0.00171633530250669,0.00277284941095866
12.75,-0.00465272903023084,-0.00187524253003565,0.003865178979501
12.755,-0.00493211466840624,-0.00196327354233943,0.00480588042248341
12.76,-0.00499042471884521,-0.00198248554149916,0.00552969213845668
12.765,-0.00482186196664142,-0.0019318476794545,0.00599131378664329
12.77,-0.00442605387049237,-0.00181042154756296,0.00615854978077899
12.775,-0.00381848650950658,-0.00162637821850824,0.00599848235421372
12.78,-0.00301921609905026,-0.00138398950362663,0.0055147734407604
12.785,-0.00206417649356792,-0.00108695563959263,0.00471825990092079
12.79,-0.000987863991072585,-0.000746986428873332,0.00363298228026915
12.795,0.000156138636791941,-0.000370937226304846,0.00231138250611244
12.8,0.00132016814305011,2.55844854824695e-05,0.000815953844943863
12.805,0.0024473098769567,0.00043673292740568,-0.00078011247680416
12.81,0.00348577739782867,0.000844000272391416,-0.00239779744666759
12.815,0.00437997072670211,0.00123258730735075,-0.00394585672959943
12.82,0.00508596384001478,0.0015938751891311,-0.00533793538179389
12.825,0.00556895325468657,0.0019109824236485,-0.00649400223875239
12.83,0.00580525528228052,0.00215745080905562,-0.00734277081768541
12.835,0.00576976714799882,0.00232916669670202,-0.00782459911274839
12.84,0.00546521886291657,0.00241097453097849,-0.00790385607100839
12.845,0.00490697921080632,0.00238731517152086,-0.00756057055915947
12.85,0.00410828802542352,0.00225980761513394,-0.00680617953084873
12.855,0.00310665662556688,0.0020312690673503,-0.00566611271712324
12.86,0.00194663487128743,0.00170038752752089,-0.00419631283065562
12.865,0.000680645120144463,0.00127646589874673,-0.00246628555602435
12.87,-0.000631329288270762,0.000783248968983385,-0.000561954158035631
12.875,-0.00193132965634636,0.000235352263102156,0.00141725423163258
12.88,-0.00316072403324353,-0.000348138095698932,0.00336278575705023
12.885,-0.0042586348838568,-0.000931534444171732,0.00517107672787149
12.89,-0.00517390445293368,-0.00148488236833672,0.00674033580731207
12.895,-0.00586621801853323,-0.00198756009723152,0.00798279563544195
12.9,-0.00629561774847386,-0.00241079529853865,0.00882059290083584
12.905,-0.00643985372981047,-0.0027268363798497,0.0092078967714029
12.91,-0.00629453651514996,-0.00292668380564454,0.00911720396530096
12.915,-0.00586209086524978,-0.00299509839548208,0.00854472676045128
12.92,-0.00515976218879159,-0.00291596640163231,0.00751925956613624
12.925,-0.00422165157178831,-0.00269607532287601,0.00609093817564844
12.93,-0.00308922022208041,-0.00234844999532989,0.00433395585239421
12.935,-0.00181477616338199,-0.00188723683159422,0.00233760503069845
12.94,-0.00045850136484495,-0.00133056771744796,0.000213762696265719
12.945,0.00092500005785762,-0.000711032724562121,-0.0019267868951201
12.95,0.00226585052782737,-6.01975919927947e-05,-0.00397770693899729
12.955,0.00350375479250195,0.0005983028057603,-0.0058181887576144
12.96,0.00458937804971398,0.0012289581463271,-0.00736279034841908
12.965,0.00547235580763561,0.00179754874203672,-0.00852562609611924
12.97,0.00611867723995266,0.00227900018246944,-0.00924198758875964
12.975,0.00649745201721781,0.00265464121082988,-0.0094824150290509
12.98,0.00660235009477054,0.00289545776788043,-0.00923505537050608
12.985,0.00642962910754451,0.00300219672718332,-0.00852551328773747
12.99,0.00598500132162817,0.00297174943862853,-0.00738972709664751
12.995,0.00529612894046085,0.00281411220661237,-0.00590139279571499
13,0.00440101701252896,0.00254109732712802,-0.00414580105717105
13.005,0.00333746942282244,0.0021701393520591,-0.00221866336961384
13.01,0.00216081214795518,0.00171662579515761,-0.000224595896109701
13.015,0.000915564409858988,0.00120941796789088,0.00172988311682731
13.02,-0.000349471510338656,0.000681767285660686,0.00354717388936094
13.025,-0.00158630874108178,0.000150373954750409,0.00513660812353141
13.03,-0.00275314771492858,-0.00035476567636263,0.00642756781033545
13.035,-0.00381401785629832,-0.000812669869261186,0.00736320787555488
13.04,-0.00472059763460292,-0.00121610566170475,0.00791902625692092
13.045,-0.00545497843838514,-0.00155797683152245,0.00807232094520633
13.05,-0.00598892985231972,-0.00182495243535996,0.00784485701148733
13.055,-0.00632352513538055,-0.00201968538203634,0.00727010349661431
13.06,-0.00644222643212776,-0.0021426269965364,0.00639439573604399
13.065,-0.0063572476036837,-0.00220495699526595,0.00528371291494593
13.07,-0.00607188983355651,-0.00221862489356261,0.00401241700870464
13.075,-0.00559441408091555,-0.00219717723514739,0.00265745236163399
13.08,-0.00493370245129732,-0.002154723599865,0.00129045072220185
13.085,-0.00411452311620349,-0.0020860929188328,-1.83171533713388e-05
13.09,-0.00314805958973934,-0.00199979718560754,-0.00122123449499403
13.095,-0.00206034313946305,-0.00189195915554368,-0.00227440255892532
13.1,-0.000868391413786489,-0.00175554330267018,-0.00314630444132542
13.105,0.000389797731977828,-0.00157745321512205,-0.00382740438498388
13.11,0.00169542958303968,-0.0013601957233809,-0.00431530567670353
13.115,0.0030069236927607,-0.00107949591301516,-0.00462430493781492
13.12,0.00429406987325724,-0.000722555923411659,-0.0047844936552976
13.125,0.00551390479455003,-0.000278407527678106,-0.00482509541278413
13.13,0.00661523996221377,0.000258936775778146,-0.00477789263102606
13.135,0.00756707283861115,0.000896275810996899,-0.00467704213743358
13.14,0.00832364943343948,0.00161478725431806,-0.00454666946132454
13.145,0.00884265732944224,0.00238900675444686,-0.00439581996174389
13.15,0.00907908338817191,0.00318352071926624,-0.00422829449435366
13.155,0.0090023576137263,0.00396185806957545,-0.00403521012580621
13.16,0.00856691710564339,0.00467578611061881,-0.00379803689081989
13.165,0.00776258776736103,0.00527832152345487,-0.00349121985861314
13.17,0.00658654874034977,0.00570596081691442,-0.0030778396216332
13.175,0.00504409716094498,0.00590684566979284,-0.00252190056150608
13.18,0.00317654162130299,0.00581958051123301,-0.00179169851200045
13.185,0.00101726274622369,0.00541947143588388,-0.000870070562316623
13.19,-0.00136427786585501,0.00467605859248663,0.000264389320626079
13.195,-0.0038961056005932,0.00360727662751785,0.00160002173119957
13.2,-0.0064729572449658,0.002223456946279,0.00310688304338719
13.205,-0.00898474742888017,0.000562090984627678,0.00473337645532666
13.21,-0.0113027367903707,-0.00132267025262691,0.00642196907334451
13.215,-0.0132949146343659,-0.00334110792882528,0.00808262765450446
13.22,-0.0148333209929485,-0.00539900629924185,0.00960842295309282
13.225,-0.0158187531096422,-0.00738080514806514,0.0108917897467773
13.23,-0.0161499329249273,-0.00915529775238191,0.0118119308206981
13.235,-0.0157507972204928,-0.0106029371000788,0.0122570108050346
13.24,-0.0145789123085875,-0.0116087087936212,0.0121402837334402
13.245,-0.0126249785809418,-0.0120823308078385,0.0113939938481037
13.25,-0.00992077449830418,-0.0119503168084167,0.0099671736986521
13.255,-0.00654793427240085,-0.0111573459329228,0.00786483572627292
13.26,-0.00262236646750772,-0.00968976273507238,0.00512264722456262
13.265,0.00169346557366227,-0.00756645983598649,0.00181581730030635
13.27,0.0062151575317513,-0.00485906635396726,-0.00192351551428664
13.275,0.0107355620572072,-0.00166312743150876,-0.00593390530194679
13.28,0.0150277752071147,0.0018542291334378,-0.0100106967169474
13.285,0.0188665455274977,0.0055276788195551,-0.0139404379706801
13.29,0.0220188562600861,0.00915390956200132,-0.0174744388169641
13.295,0.0242839740908623,0.0125396542680413,-0.0203847443487424
13.3,0.0254818523304556,0.0154628373579343,-0.022460937266369
13.305,0.0254996564234603,0.0177393959198305,-0.0235158572310608
13.31,0.0242604501757387,0.0191967836862981,-0.0234059078548416
13.315,0.0217676660802337,0.0196874129961321,-0.0220447020090143
13.32,0.0180733254164395,0.0191269640822631,-0.0194185095088025
13.325,0.0132895827596947,0.017482168124514,-0.0155856103530191
13.33,0.00759333317331616,0.01479580775999,-0.0106486801295319
13.335,0.00122194404322785,0.0111624565753684,-0.00481617076651023
13.34,-0.00553495055331211,0.00673622234950154,0.00162849119565516
13.345,-0.0123578574377845,0.00171440428137295,0.00838964537465
13.35,-0.0188892865958391,-0.00365207092258261,0.0151180234635756
13.355,-0.0247864919009913,-0.00908908346887647,0.0214416402251304
13.36,-0.0297225835364688,-0.0142873914911635,0.0269951154954551
13.365,-0.0334201290890531,-0.0189512643356007,0.0314327444453749
13.37,-0.0356310936897374,-0.0227919077509119,0.0344549825000736
13.375,-0.0361737019087373,-0.0255580743728666,0.0358256757555311
13.38,-0.0349503391144052,-0.0270623491483125,0.0353856833792547
13.385,-0.0319427789071242,-0.0271765460110848,0.0330834744719034
13.39,-0.0272353163757159,-0.0258421673256116,0.0289502709763571
13.395,-0.020995651315106,-0.0230727547960431,0.0231229042519548
13.4,-0.0134918733828155,-0.0189672096601983,0.015840674395349
13.405,-0.00505887443367788,-0.013693484398733,0.00741926590398178
13.41,0.00390797750691538,-0.00750456167874162,-0.0017269526916866
13.415,0.0129892054720371,-0.000717848668001082,-0.0111422362567243
13.42,0.0217352914030522,0.00630804458195251,-0.0203475437173727
13.425,0.0297082832307011,0.0131995535626092,-0.0288406043196602
13.43,0.0364796103743391,0.0195796439720926,-0.0361478707559281
13.435,0.041672655046603,0.02508230635097,-0.0418425468414964
13.44,0.0449888968393221,0.029401564171317,-0.0456024993518579
13.445,0.0462020074240275,0.0322691162342406,-0.0471425901214638
13.45,0.0452204037527847,0.0335010344664691,-0.0463243307449805
13.455,0.0420331347877669,0.0329739277522344,-0.0431298203892719
13.46,0.0367529793367855,0.030686010389341,-0.0376673556968007
13.465,0.0295816854957016,0.0267405970405764,-0.030150359809045
13.47,0.0208286592395638,0.0213362828096974,-0.0209187844784182
13.475,0.0108740886743314,0.0147488887705268,-0.010415102563753
13.48,0.000180577994260019,0.00731858298774249,0.000822765118829648
13.485,-0.010750993022479,-0.000575000832611108,0.0122704021315172
13.49,-0.0213852405155535,-0.0085207730983905,0.0233324925505273
13.495,-0.0312160336494622,-0.0160942580070568,0.0334523462785602
13.5,-0.0397688472533087,-0.0228826924776897,0.0421002644048909
13.505,-0.0466233361210288,-0.0285188027698143,0.0488158024013331
13.51,-0.0514279557286854,-0.0327024739880484,0.0532459749156503
13.515,-0.0539257881280417,-0.0352153162134218,0.0551394285273902
13.52,-0.0539721730141554,-0.0359386247351779,0.054382423745766
13.525,-0.0515328875801357,-0.0348500301618554,0.0509954271455771
13.53,-0.0466916307609145,-0.0320246077819724,0.0451433086226922
13.535,-0.0396611417097687,-0.0276209621171781,0.0370797755773671
13.54,-0.0307503853492614,-0.0218819351387404,0.0271889073580143
13.545,-0.0203579467234687,-0.01511360464756,0.0159419163066121
13.55,-0.0089353994025411,-0.00767783632737899,0.00387660927076077
13.555,0.00301889822190977,1.9823938082566e-05,-0.00843677413261833
13.56,0.0149784297798552,0.00757632775201598,-0.0204161933293586
13.565,0.0264167293190172,0.0146083519374541,-0.0314996631438923
13.57,0.036822043414175,0.0207862849268737,-0.0411679868625163
13.575,0.0457352541590594,0.0258313064390959,-0.0489999493541598
13.58,0.0527597733293484,0.0295398042376642,-0.0546461247892765
13.585,0.0576000189641038,0.0317671382608233,-0.057867061739428
13.59,0.060052550246504,0.0324756923800843,-0.058535808188822
13.595,0.0600181912235112,0.0316796029761831,-0.0566529468173709
13.6,0.057490345788812,0.0294880558098531,-0.0523310019624603
13.605,0.0525592752679108,0.0261085311339027,-0.0457713155402796
13.61,0.0454069106068613,0.0217611323836936,-0.0372899373663311
13.615,0.0363001992254981,0.0167333535007711,-0.0272876525084413
13.62,0.0255966406519634,0.0112886166905691,-0.0161895626596618
13.625,0.0137123958243288,0.0056879335828557,-0.00444459924074664
13.63,0.00110235852423015,0.000190649416396339,0.00745464954244413
13.635,-0.0117543371428685,-0.0049947441031302,0.0190447893030194
13.64,-0.024386000765712,-0.00967652691567801,0.0298915765112185
13.645,-0.036316084012855,-0.0137238903127133,0.0395859252996413
13.65,-0.04708851668514,-0.0170733993458864,0.0477864359653648
13.655,-0.0562750764944226,-0.0197046962282448,0.0542162213072394
13.66,-0.0635065534545278,-0.0216417659251267,0.0586704034163134
13.665,-0.0684660533796848,-0.0229546331597676,0.0610099926639198
13.67,-0.0709201778604484,-0.0237084753528308,0.0611620277050098
13.675,-0.0707194183793787,-0.0239669850449754,0.0591273410551039
13.68,-0.0677919801026554,-0.0237873347591652,0.0549384681407812
13.685,-0.0621589615751367,-0.0232162060879346,0.0487183333910454
13.69,-0.0539137482197407,-0.0222773645731093,0.0406440168363933
13.695,-0.0432487045094135,-0.0209610397148164,0.0309124026026234
13.7,-0.0304402294299502,-0.0192414863560092,0.0197994071375577
13.705,-0.015869463757771,-0.0170442870573542,0.00761215564110508
13.71,-2.87211129937197e-06,-0.0142799420223241,-0.00531633635785661
13.715,0.0166259493433365,-0.0108438200199884,-0.0186076419061836
13.72,0.0334191897633365,-0.0066698064306712,-0.0318400944110066
13.725,0.0497571483900114,-0.00171725893152564,-0.0445836437494705
13.73,0.0649759010357548,0.00399938521502365,-0.0563735788941205
13.735,0.0784098647105479,0.0104097675002907,-0.0667307270041493
13.74,0.0894009571559993,0.0173642702276602,-0.075182045169962
13.745,0.0973236238370135,0.0246629630264064,-0.0812688061467424
13.75,0.101638028647058,0.0320198216951158,-0.0846079039407869
13.755,0.101904900632088,0.0390439466305902,-0.0848451601047775
13.76,0.0978281166757119,0.0453119445247639,-0.0816840326568668
13.765,0.0892756744290476,0.0503296183821007,-0.0749752630990869
13.77,0.0763000745184201,0.0536235203357606,-0.0646757866333822
13.775,0.0591419531279046,0.0547508634492061,-0.0509019277628747
13.78,0.0382378078569377,0.053325666826136,-0.0339312094788535
13.785,0.0142386451528763,0.0490625859072812,-0.0142225500186762
13.79,-0.0119864346873803,0.0418086465415527,0.00760351795239358
13.795,-0.0393970512786013,0.0315578480224336,0.0307593157602875
13.8,-0.0668154925746966,0.0184877785781636,0.0543104175370671
13.805,-0.0929630855173399,0.00297496607641926,0.0772148747033295
13.81,-0.116528851832833,-0.0143951932108808,0.0983485241614296
13.815,-0.136213825881625,-0.0328468230322207,0.11655703654658
13.82,-0.15081102382968,-0.0514513697318783,0.130716138129768
13.825,-0.15925508184985,-0.0691878597439636,0.139803434701628
13.83,-0.160695901290017,-0.0849632510843837,0.142955733867974
13.835,-0.154555034458273,-0.0977019708749823,0.139516950498521
13.84,-0.140597240615818,-0.106391805072366,0.129140756729684
13.845,-0.118978969943854,-0.110159417636867,0.111780986081487
13.85,-0.0902363790690728,-0.108304904487922,0.0877199657876246
13.855,-0.0553054303141953,-0.100423658427446,0.0576656690339225
13.86,-0.0154961560749282,-0.0864223309550814,0.0226534983197192
13.865,0.0275447411720467,-0.0665663317175462,-0.0159301262577703
13.87,0.0718978320928586,-0.0414905443689161,-0.056382747915345
13.875,0.115423472012657,-0.012180929534406,-0.0967825498780621
13.88,0.155876663882608,0.0200643321468077,-0.135056913467886
13.885,0.191010717925965,0.0536855360005128,-0.169083463123028
13.89,0.218706916545348,0.086910996037416,-0.196858316855918
13.895,0.237098546038962,0.117836046069196,-0.216512408533784
13.9,0.244685448273804,0.14456156635145,-0.226451801428495
13.905,0.240434599437676,0.165274159316898,-0.225536521227376
13.91,0.22385350754047,0.178376860988525,-0.213092504435094
13.915,0.195056350538131,0.182637884998217,-0.189025322553979
13.92,0.154778820979038,0.177208327496736,-0.153840341897165
13.925,0.104431304756125,0.161747290154289,-0.108683500147709
13.93,0.0460487607713609,0.136461896676109,-0.0552966951136531
13.935,-0.0178218626826132,0.102123662992223,0.00404212553254284
13.94,-0.0841796703194807,0.0600624689834632,0.0665771278234064
13.945,-0.149721978257228,0.0121261930537526,0.129233747666227
13.95,-0.211026002485046,-0.0393519719596344,0.18873780905257
13.955,-0.264697507217974,-0.0917126747317551,0.241769263892745
13.96,-0.307556349947023,-0.14207911990232,0.285169924899535
13.965,-0.336814355947534,-0.187542616343795,0.316129044537289
13.97,-0.35023964590665,-0.225301482520998,0.332339406225904
13.975,-0.346314897538795,-0.252841689416256,0.332136500733005
13.98,-0.324379613049868,-0.268071334426519,0.314673439114411
13.985,-0.284696379240215,-0.269471914349717,0.279971812755619
13.99,-0.228459407603256,-0.256224814714584,0.228939544197147
13.995,-0.157815936510491,-0.228284284595361,0.163456352071566
14,-0.075766458181893,-0.186449421637697,0.0862525795958231
14.005,0.0139640921908763,-0.132338355288187,0.000823256764651572
14.01,0.10704582695483,-0.0683631916530143,-0.088720390936003
14.015,0.198772758225611,0.00243761905497107,-0.177839174868904
14.02,0.284269311417039,0.0764927048686489,-0.261792150549704
14.025,0.358782291290262,0.149867301511116,-0.33590348166779
14.03,0.417903023974771,0.218505660605133,-0.395834602672007
14.035,0.457862929487207,0.278385915805972,-0.437742745212605
14.04,0.475755060344896,0.325807268672104,-0.458596531500906
14.045,0.469701598482393,0.357581495833296,-0.456365355260945
14.05,0.439001626951851,0.371286488817394,-0.430149876903705
14.055,0.384232891809524,0.365388151148567,-0.380305878321649
14.06,0.307268587463078,0.339379927006879,-0.308472069635168
14.065,0.21124884240165,0.293847302746501,-0.217510558791752
14.07,0.100466790731965,0.230478735069266,-0.111447545366069
14.075,-0.0198532008476065,0.152003846966711,0.00472747718895504
14.08,-0.143753347111797,0.0621102313157858,0.125282236169501
14.085,-0.264855424881056,-0.03472579552152,0.24403441063187
14.09,-0.376705185067458,-0.133472234394792,0.354626445322055
14.095,-0.473085876385089,-0.228768542406724,0.450864842076598
14.1,-0.548358490411764,-0.31526308888238,0.5271219596833
14.105,-0.597781802597878,-0.387902169095465,0.578601191896494
14.11,-0.617806615454479,-0.442211142133582,0.601651554145985
14.115,-0.606317171463625,-0.474558802509502,0.594008428905352
14.12,-0.562804929753874,-0.482390176758797,0.554959056963799
14.125,-0.488445879006943,-0.46440564132137,0.485424169011972
14.13,-0.386075996117037,-0.420660373921275,0.387992145306338
14.135,-0.26013817529156,-0.352659650415878,0.26682786091143
14.14,-0.116422297343062,-0.263287523514853,0.127508243161444
14.145,0.0381144362839142,-0.156708739354137,-0.0232313425140847
14.15,0.195713145324244,-0.0381671234234644,-0.177811127774193
14.155,0.348195393298515,0.0862695212895727,-0.328194939850453
14.16,0.487368107157648,0.210041721028156,-0.466305918830648
14.165,0.605491041882448,0.326418840720481,-0.584467523702144
14.17,0.695679345769816,0.428846550078586,-0.675794903569271
14.175,0.752334455977404,0.51132741934315,-0.734607942464932
14.18,0.771459738669889,0.568771104611011,-0.756786267233595
14.185,0.750918402722088,0.59731489915968,-0.740010638502912
14.19,0.690593264121682,0.594561304900343,-0.683968685794678
14.195,0.59246169078778,0.559765031878961,-0.590432649270515
14.2,0.460545847057155,0.493889085238785,-0.463201168216659
14.205,0.300812186024775,0.399631333327222,-0.307983913316302
14.21,0.120857018452726,0.281282311952661,-0.132124461564452
14.215,-0.0704484136243831,0.144567085300832,0.055712938989639
14.22,-0.263356334479013,-0.00363935725548251,0.245988039452153
14.225,-0.447803013774347,-0.155640529818411,0.428757498442115
14.23,-0.613882102135211,-0.303323867240935,0.594188138802997
14.235,-0.752385978499959,-0.438604569691074,0.733083803390908
14.24,-0.8553282912267,-0.553872054374576,0.837429630076417
14.245,-0.916363386072424,-0.642416586815117,0.900807504460764
14.25,-0.931183834814869,-0.698824635554062,0.918778157813941
14.255,-0.897836382887233,-0.719266541730575,0.889217961392718
14.26,-0.816840163655522,-0.701771450516468,0.812440138952805
14.265,-0.69125846720535,-0.646353814227126,0.69124086673187
14.27,-0.526574626449937,-0.555093152236798,0.530869960231375
14.275,-0.330455025646983,-0.432056777194015,0.338754565791585
14.28,-0.112397756808874,-0.283121587931931,0.124179973763515
14.285,0.116702961431267,-0.115702381568498,-0.102132157915457
14.29,0.345127029411555,0.061639185647178,-0.328591302719053
14.295,0.560888921138538,0.239613577505925,-0.543331510824217
14.3,0.752404843097408,0.408720265870876,-0.73481961260746
14.305,0.909092444843185,0.559739433060509,-0.892460238747009
14.31,1.02196532101039,0.684196149950758,-1.00722870575826
14.315,1.08415738540851,0.774879971344839,-1.07210651820747
14.32,1.09130088060686,0.826257946636942,-1.08256481958898
14.325,1.0418365448315,0.834772426087363,-1.03683651166739
14.33,0.937119958364823,0.799134447987573,-0.9360760704013
14.335,0.781443210222692,0.720381115242782,-0.784340531760116
14.34,0.581850331658294,0.601877190175252,-0.588476369876302
14.345,0.347883159297345,0.449174231173145,-0.357783402808866
14.35,0.0910444466065386,0.269756510966768,-0.103572962569764
14.355,-0.175712673160311,0.0726657755137349,0.161353009374718
14.36,-0.438662568558106,-0.131946939098625,0.423368742948974
14.365,-0.683998464045849,-0.333331411110565,0.668731132742601
14.37,-0.898600899419791,-0.520725634392803,0.88427495757094
14.375,-1.07066878550486,-0.683921082474962,1.05813787888486
14.38,-1.19043213210008,-0.813840859799822,1.18042685902605
14.385,-1.25065032923705,-0.903020168481374,1.24374246457778
14.39,-1.2470595572731,-0.94606132169608,1.24363333303553
14.395,-1.17867804685403,-0.939907452620282,1.1788962534605
14.4,-1.04788694698277,-0.884071363146632,1.05168031289806
14.405,-0.860381408586227,-0.780701356855463,0.867447444280788
14.41,-0.624919353425932,-0.634496255218893,0.634742304900659
14.415,-0.352921491854283,-0.452518027790997,0.364805406752386
14.42,-0.0578961073445887,-0.243824484443568,0.0710367357040671
14.425,0.245198744029259,-0.0190509006500985,-0.231689324971048
14.43,0.540744493025879,0.210187225224443,-0.527757962347979
14.435,0.8132356679812,0.43184291238842,-0.801635907833107
14.44,1.04811593610668,0.634137616022403,-1.03867999049836
14.445,1.23256091901772,0.806116515439006,-1.22591898767003
14.45,1.3561527863741,0.938289325557582,-1.35277220500973
14.455,1.41151305110723,1.02312607442117,-1.41161011075789
14.46,1.39467838264446,1.05548113602383,-1.39825593263309
14.465,1.30540088240964,1.03293268890229,-1.31220488664502
14.47,1.14718640332999,0.955925832855901,-1.15675842274817
14.475,0.927181301063897,0.827781555585341,-0.938887938597066
14.48,0.655867798953689,0.654557884992878,-0.668923872745172
14.485,0.346565809197471,0.444762891033443,-0.360068749924063
14.49,0.0147574503772172,0.208917512877532,-0.0277668924144078
14.495,-0.322678184752275,-0.0409387066208502,0.311087825976061
14.5,-0.648316511848192,-0.291874705162025,0.63900771442049
14.505,-0.945115392433759,-0.530753519628511,0.938801951005957
14.51,-1.19728222942394,-0.74490728473033,1.19448085161392
14.515,-1.39113992923794,-0.92282156456784,1.39214199403928
14.52,-1.51582936613427,-1.0547489677045,1.52067386143051
14.525,-1.56394451834774,-1.13324441363662,1.57241259523978
14.53,-1.53194928851713,-1.15358026630481,1.54359049408624
14.535,-1.42042673990278,-1.11402395057686,1.43456323622707
14.54,-1.23410541490753,-1.01595476903538,1.24985879960371
14.545,-0.981647266322565,-0.863823619399989,0.997999970872157
14.55,-0.675264760634487,-0.664955423030554,0.691130879602233
14.555,-0.330114657340236,-0.429227447841189,0.344400667976556
14.56,0.0364502384951892,-0.168529572542865,-0.0247658478046655
14.565,0.405746045900332,0.10382195804718,-0.397538968350625
14.57,0.75871699739538,0.373744576179487,-0.75467415955321
14.575,1.0769123842261,0.62716004027391,-1.07747233086858
14.58,1.34347443773654,0.85070416621142,-1.34879719648846
14.585,1.54399879475086,1.03243774632163,-1.55394708958378
14.59,1.66734359651345,1.16247269066207,-1.68148654490911
14.595,1.7062351966361,1.23351762262008,-1.72385128131563
14.6,1.65768556060969,1.24128690057345,-1.67779909278368
14.605,1.52319719616986,1.18474234292504,-1.54463628250296
14.61,1.30872676886613,1.06619873284085,-1.33021296391158
14.615,1.024425274412,0.891208983592515,-1.04463340618247
14.62,0.68419146687906,0.668321466975363,-0.70182940171756
14.625,0.304967569344473,0.408631637702981,-0.3188440245672
14.63,-0.0941237419870287,0.12527091557912,0.0850032432754021
14.635,-0.49270394236236,-0.167299062127948,0.489090065829481
14.64,-0.870210838514379,-0.453990376890861,0.872544933156222
14.645,-1.2069693084281,-0.71989185515039,1.21534124812124
14.65,-1.48518633919536,-0.951031781388092,1.49933767428431
14.655,-1.68991942797625,-1.13512694248346,1.70921701022203
14.66,-1.80986006287355,-1.26222486592285,1.83334707037337
14.665,-1.83794950286574,-1.32523835206523,1.8644095410027
14.67,-1.77181503488843,-1.32034460849311,1.79980605872482
14.675,-1.61391677247985,-1.24720204610034,1.64186763402084
14.68,-1.37147945578306,-1.10900333968762,1.39776825069376
14.685,-1.05615809404343,-0.912314100766467,1.07920365610246
14.69,-0.683483899513387,-0.666811328353922,0.701849902928264
14.695,-0.272082372594178,-0.384774409123556,0.284559999275213
14.7,0.157235415295519,-0.0804558323532628,-0.151545936828704
14.705,0.582551317829115,0.230608600068491,-0.584188865542461
14.71,0.981935100166779,0.532404667610926,-0.991030917355646
14.715,1.33459808638504,0.809282543269027,-1.35086456921272
14.72,1.62196409061545,1.04675284232996,-1.64470199912659
14.725,1.82864609679687,1.23223208569262,-1.85677203103021
14.73,1.94327908659515,1.35572543318439,-1.97538776488439
14.735,1.95915275867062,1.41036451938069,-1.99356345523936
14.74,1.87456446768382,1.39278318391941,-1.90943326133686
14.745,1.69298518429268,1.3033085809067,-1.72639319116621
14.75,1.42289597633883,1.14598761843981,-1.4529727433269
14.755,1.07742514514154,0.928404315110127,-1.1024302261128
14.76,0.673677767311679,0.661291155442281,-0.692118044446531
14.765,0.231916388033431,0.358031794250209,-0.24262502253695
14.77,-0.225475497753064,0.0339740230990248,0.223267160720794
14.775,-0.6751199005202,-0.29435338490795,0.681737476439194
14.78,-1.09384293258113,-0.610071856584032,1.10912904006095
14.785,-1.45987088143944,-0.896812600017627,1.48320647236787
14.79,-1.75397105337217,-1.13959724988829,1.7842754590289
14.795,-1.96043996951887,-1.32559268063519,1.99624604150037
14.8,-2.06796870120608,-1.44479578890731,2.1074849123439
14.805,-2.07024875463548,-1.49056405130513,2.11144400086728
14.81,-1.96632619198323,-1.46000533651489,2.00704790967132
14.815,-1.76071060239291,-1.35412955369229,1.79878934936373
14.82,-1.46317537726345,-1.17782110241695,1.49654703297692
14.825,-1.08829329317402,-0.939641821678193,1.1151058374949
14.83,-0.654730614343499,-0.651407603604923,0.673442560791046
14.835,-0.184306689195561,-0.327580978354446,0.193784056691154
14.84,0.299095570890298,0.0154425056665016,-0.299517314013858
14.845,0.770747922028375,0.360133094001238,-0.781233675305193
14.85,1.20633438483793,0.688769835908093,-1.22652109383499
14.855,1.58323237992027,0.984339033517612,-1.61224459413242
14.86,1.88164691659887,1.23138661488305,-1.91813704601649
14.865,2.08569537718429,1.41685827524535,-2.12790021165725
14.87,2.18421550663235,1.53078520363681,-2.23006232070472
14.875,2.17140046534378,1.56680543715614,-2.21858436076701
14.88,2.04712230001579,1.5225131456532,-2.09324457388644
14.885,1.8169861241365,1.39964141349559,-1.85965688269408
14.89,1.49207273738897,1.20396480585013,-1.5290385066171
14.895,1.08840700672654,0.945043020416276,-1.11768815720974
14.9,0.626179648988243,0.635769111145511,-0.646149634554267
14.905,0.128724585766808,0.291716984088169,-0.138209135767276
14.91,-0.378650901525548,-0.0696446424999825,0.380313094554508
14.915,-0.869957746503879,-0.42984975474091,0.882869320345182
14.92,-1.3198721601108,-0.770338165323076,1.34355849176995
14.925,-1.7050074117947,-1.07346506935088,1.73846216250111
14.93,-2.00517108434688,-1.32338046971474,2.04686071538096
14.935,-2.2043997323327,-1.50686699210042,2.25236241058428
14.94,-2.29182618266221,-1.61403900055304,2.34374187607679
14.945,-2.26224817224194,-1.63888474973151,2.31555357322714
14.95,-2.11644704915798,-1.57958720650104,2.1684782858199
14.955,-1.86117432928911,-1.43864720998899,1.909289729744
14.96,-1.50886642803417,-1.22279817291265,1.55058078535693
14.965,-1.0770122304064,-0.942677265285546,1.110110580271
14.97,-0.587300596633553,-0.612296766049902,0.609978076918763
14.975,-0.0645434906344691,-0.248345155275655,0.0754681144644331
14.98,0.464623478298698,0.130638885691309,-0.466203334892592
14.985,0.973051464166239,0.505235339792467,-0.987285438730976
14.99,1.43450494462872,0.856116650800637,-1.46091064173426
14.995,1.8250195459673,1.16505301008354,-1.86249363480113
15,2.12412433856226,1.41587658153336,-2.17098465359571
15.005,2.31593396805307,1.59530425303059,-2.37000327030042
15.01,2.38998714751436,1.69366224049587,-2.44868250078316
15.015,2.34180944952705,1.70538563169354,-2.40228135733757
15.02,2.17319864872107,1.6293581954033,-2.23244481449473
15.025,1.89215092510999,1.46897168105279,-1.94717010098715
15.03,1.51249162069523,1.23199501274496,-1.56043426620242
15.035,1.05318468259843,0.930197525581848,-1.0915032117045
15.04,0.537404295762201,0.57876571667523,-0.563983123847002
15.045,-0.00865039297338345,0.195538522672764,-0.00461875941514966
15.05,-0.557081083726031,-0.199900390863605,0.558062288553254
15.055,-1.07972406130026,-0.58721568220351,1.09518867304864
15.06,-1.54958830136683,-0.946390762767292,1.57905384970748
15.065,-1.94226418532519,-1.25873861162464,1.98452866681689
15.07,-2.23718398332292,-1.5078721885307,2.29037507117436
15.075,-2.41870429871999,-1.68058861138561,2.48035804080771
15.08,-2.47694534339996,-1.76756407598533,2.5441064761988
15.085,-2.40830866133371,-1.76383958261057,2.47768209344587
15.09,-2.21571462954294,-1.66912861056749,2.28381337786093
15.095,-1.90846386687917,-1.48784599997358,1.97180484927083
15.1,-1.50181465416789,-1.22889526385252,1.55707093189205
15.105,-1.01620246056159,-0.905257620923279,1.06038802712165
15.11,-0.476233157837404,-0.533321253548701,0.506857114590567
15.115,0.09058036783558,-0.13205573199011,-0.0753770423017444
15.12,0.655225053574973,0.277964011312256,-0.656545084473367
15.125,1.18866689676514,0.675582656829442,-1.20679112600814
15.13,1.66334023983541,1.04019310268848,-1.69769624341549
15.135,2.05459772807513,1.35279035647691,-2.1037605514886
15.14,2.34196988290255,1.59696878580675,-2.40371908006158
15.145,2.51024747391143,1.75979157057843,-2.581661263051
15.15,2.55028954300132,1.83246886566188,-2.627884466321
15.155,2.45951074172992,1.81082652454844,-2.5394152192879
15.16,2.24206269322387,1.6955683824983,-2.32018961883182
15.165,1.9086393029835,1.49224171012933,-1.9808986674676
15.17,1.47593367478412,1.21098423260582,-1.53844962359071
15.175,0.965826172886706,0.8660117932649,-1.01514676549672
15.18,0.40425325553775,0.474907854706458,-0.437542615992072
15.185,-0.180086688237514,0.0577215267136744,0.164894066279361
15.19,-0.757231283099497,-0.364061460924456,0.761293994793643
15.195,-1.29747170517366,-0.768636571546792,1.32096729231359
15.2,-1.77289755365624,-1.1349920691655,1.81498312920533
15.205,-2.15883746472477,-1.44402001089896,2.21768188500599
15.21,-2.4351472333116,-1.6795111390027,2.50799091283672
15.215,-2.58725774391566,-1.82899717682961,2.67054882434952
15.22,-2.60695993529837,-1.88443064117521,2.69651400253049
15.225,-2.49282755743995,-1.84261676976892,2.584045798002
15.23,-2.25032115501126,-1.70538884200226,2.33841932762491
15.235,-1.8915385293957,-1.47953478499752,1.97180463028598
15.24,-1.43459260594131,-1.17646970346165,1.50263891534645
15.245,-0.902709933742728,-0.811651441644922,0.954706618415454
15.25,-0.323039321024876,-0.403787175738409,0.355938188423319
15.255,0.274732790144241,0.0261223999532481,-0.263021073073672
15.26,0.859912984473649,0.455862294761386,-0.870385172465617
15.265,1.40237754203191,0.863165739901154,-1.43486333106068
15.27,1.87412011278501,1.22686662185285,-1.9272715751753
15.275,2.25072126460806,1.52799878323994,-2.32204994947098
15.28,2.51259706656355,1.75079953226463,-2.59860076597182
15.285,2.64602385783842,1.88353505093745,-2.7423536534455
15.29,2.64387059454952,1.91911569000001,-2.74554105492001
15.295,2.50596560713954,1.85547951753285,-2.6076325711854
15.3,2.23913976017386,1.69571837005911,-2.33535765862727
15.305,1.85686581902617,1.44791414609782,-1.94239615573932
15.31,1.37859596434419,1.12474068877869,-1.44868535932179
15.315,0.828749613426319,0.742814086345304,-0.879405940940999
15.32,0.235480525373016,0.321831243271347,-0.263695615069686
15.325,-0.370788533880079,-0.116445781560934,0.366855517116024
15.33,-0.958904218410423,-0.549325506734951,0.97980728544998
15.335,-1.49861908834006,-0.954355095229569,1.54358010932439
15.34,-1.96212557145964,-1.31050845867876,2.02905425429113
15.345,-2.32551033847595,-1.59926169933961,2.41109205496922
15.35,-2.56998835003262,-1.80557121064245,2.66985951648193
15.355,-2.68287531283429,-1.91865874041151,2.79182700036
15.36,-2.65825017767818,-1.93258356749362,2.77050943694612
15.365,-2.49725957556162,-1.84654099591896,2.60679935406811
15.37,-2.20807082042792,-1.66492649461635,2.30893170297568
15.375,-1.80545132417782,-1.3971103337177,1.89206925885292
15.38,-1.31001316785642,-1.05693324459051,1.37753730342275
15.385,-0.747154718603062,-0.661996901554999,0.79171489523975
15.39,-0.145755741224778,-0.232766197964954,0.164674360354358
15.395,0.463318749762482,0.208515781556613,-0.471339797646269
15.4,1.04880173969821,0.638993107293317,-1.08360721391254
15.405,1.58063603489712,1.03635426315844,-1.6406151087559
15.41,2.03152258742409,1.38001556466149,-2.1136639392274
15.415,2.37832807613677,1.65219783670564,-2.4783839126869
15.42,2.60327728474712,1.83884115628891,-2.71597116565916
15.425,2.69485606850422,1.9303274907297,-2.81417896991219
15.43,2.64841218317079,1.92199512335111,-2.7679320350201
15.435,2.46638782896859,1.81436676169567,-2.57960543851329
15.44,2.15819637552091,1.61311402354829,-2.25890145452664
15.445,1.73972062048451,1.32876280652035,-1.82232316799362
15.45,1.23249123917588,0.976140648513223,-1.29235555321798
15.455,0.662583018782794,0.573593762328503,-0.696278976889347
15.46,0.0592604804159006,0.142027516767762,-0.0647594288805322
15.465,-0.54652920029353,-0.296174988513375,0.569721347574497
15.47,-1.12375024109979,-0.718333007721223,1.17456595969897
15.475,-1.64286574247836,-1.10264755833825,1.71872031930086
15.48,-2.07737588461452,-1.42931357986909,2.17429113559587
15.485,-2.40514704768295,-1.681570850439,2.51797308660327
15.49,-2.60956640657936,-1.84654743833028,2.73224550315165
15.495,-2.68037546094526,-1.91592671336872,2.80627567567173
15.5,-2.61418303851975,-1.88636644223075,2.73644888880798
15.505,-2.4146244768342,-1.75966624177371,2.52657404340716
15.51,-2.09216595489583,-1.54264504132223,2.1876337552507
15.515,-1.66353906947601,-1.24677312205722,1.73723966057518
15.52,-1.15088376403917,-0.887571779884273,1.198701000176
15.525,-0.580584453206398,-0.48378573005081,0.599796950112286
15.53,0.0180837392419797,-0.0564001623007259,-0.0286437406914853
15.535,0.614472779652991,0.372456947926598,-0.654343203688414
15.54,1.17813420033332,0.78066360029231,-1.24524740840527
15.545,1.68037466548115,1.1472471858825,-1.77116111955786
15.55,2.09573213231332,1.45347516770088,-2.20531489784523
15.555,2.40325855982185,1.68381851347226,-2.52570948088046
15.56,2.58758245751604,1.82672328462182,-2.71626135493423
15.565,2.63967978270256,1.87521158678182,-2.76758065584014
15.57,2.55730919945247,1.82721139769179,-2.67744932753027
15.575,2.34510018508153,1.68562665582938,-2.45091372492988
15.58,2.01430016005642,1.45818691274247,-2.09998539892679
15.585,1.58216048375041,1.15700409695749,-1.64300742222537
15.59,1.07104383406353,0.79792869943452,-1.10369852126276
15.595,0.507245367760959,0.399705218086924,-0.509887479254273
15.6,-0.0803471499228742,-0.0170013724494688,0.107894492816726
15.605,-0.661759101809552,-0.430704116550736,0.718018185999584
15.61,-1.20744808529677,-0.820182201527795,1.28938071860932
15.615,-1.68982208436591,-1.16559790169107,1.79297975377827
15.62,-2.08462946946039,-1.44950025143855,2.20340260831492
15.625,-2.37219035550964,-1.65769696337409,2.50011467353626
15.63,-2.53835905405955,-1.77998205456285,2.66847485555084
15.635,-2.57524117062566,-1.81062945145855,2.70046375462015
15.64,-2.48154019003469,-1.74865008564818,2.59505751535223
15.645,-2.26261040866562,-1.59780730831453,2.35825877132926
15.65,-1.93013652169046,-1.36640529514411,2.00271380203074
15.655,-1.50150327778686,-1.06680408753502,1.54708659464039
15.66,-0.998896046654005,-0.714774612673138,1.01502929235137
15.665,-0.448129708772682,-0.32865070885811,0.433963353508289
15.67,0.122672174449591,0.0716209085519006,-0.166343269075749
15.675,0.684533687896903,0.465531826607363,-0.755298204338473
15.68,1.20908586375717,0.833048013627034,-1.30306560277158
15.685,1.67001541831296,1.15564618314131,-1.78207376319234
15.69,2.04436857857321,1.41724306235072,-2.16839558650259
15.695,2.31371429458747,1.6049979267585,-2.44296078324547
15.7,2.4650387049783,1.70993568375459,-2.59249283349749
15.705,2.49137428019711,1.72738313563913,-2.61012200164855
15.71,2.39209989601917,1.65715303402021,-2.49572678713967
15.715,2.17294797720006,1.50352098226477,-2.25588475731687
15.72,1.8456673223034,1.27496910558396,-1.90347249731385
15.725,1.42738511288583,0.983716563560855,-1.45699640546498
15.73,0.939707548654555,0.645037608649039,-0.939600403153576
15.735,0.407598173676112,0.276485190949655,-0.377867432337868
15.74,-0.141908719486329,-0.103031129792951,0.199571431807208
15.745,-0.681072562610284,-0.47423641569464,0.76346419210985
15.75,-1.18286822537522,-0.818456601617406,1.28546000548483
15.755,-1.62232947309883,-1.11853848950448,1.73952338427544
15.76,-1.97780303305117,-1.35975159167466,2.10322017314549
15.765,-2.23199296611023,-1.53047734956216,2.35883722140704
15.77,-2.37281621988911,-1.6227524146853,2.4942499267946
15.775,-2.39396492030507,-1.63266124273849,2.50346790700781
15.78,-2.29518180967121,-1.56048896705843,2.38689898967937
15.785,-2.08222242385258,-1.41062507701688,2.15128619897975
15.79,-1.7665235868235,-1.19133496458506,1.80931218987617
15.795,-1.36457657974616,-0.914297576445136,1.37889687924535
15.8,-0.897077413169191,-0.59395801782096,0.882281266407462
15.805,-0.387849108367132,-0.24678420246025,0.344859909249238
15.81,0.137384863857154,0.109566027837657,-0.206136306810456
15.815,0.65229014792634,0.457174555786643,-0.742993388680374
15.82,1.13124766725201,0.778757134540367,-1.23893030583987
15.825,1.55062253567385,1.0585002554481,-1.66943089053591
15.83,1.88993860626667,1.28285242454473,-2.01345380183587
15.835,2.13286990629408,1.44118887930606,-2.2544486287419
15.84,2.26801386067552,1.5262708983959,-2.38115462506884
15.845,2.28942965033624,1.53459688676365,-2.38812393957233
15.85,2.19688358894382,1.46653366220904,-2.27592844345472
15.855,1.9958079629155,1.32623444211628,-2.05108461430293
15.86,1.69700127372226,1.1213970849362,-1.72568518154792
15.865,1.3160323817111,0.86284811306098,-1.31673744880619
15.87,0.872419482816878,0.56395667113685,-0.845259396525441
15.875,0.38864576433474,0.239944034651465,-0.335227716798699
15.88,-0.110986528172629,-0.0928893141212277,0.18767612897438
15.885,-0.601600136841971,-0.417978880538083,0.697341197003026
15.89,-1.05895069034934,-0.719330129840451,1.16853757541176
15.895,-1.46063223140099,-0.982293378500611,1.57815210333141
15.9,-1.78718566779002,-1.19427513951919,1.90634073285292
15.905,-2.02301731650971,-1.34532317336637,2.13746258026582
15.91,-2.15713590087073,-1.42861224461617,2.26082518525724
15.915,-2.1836936008926,-1.44071328589155,2.27118186567586
15.92,-2.10217907092935,-1.3817402612437,2.16892777467483
15.925,-1.91743691335671,-1.25530192879048,1.96003441097255
15.93,-1.63936588907966,-1.06828749235174,1.65571328027752
15.935,-1.28238974157781,-0.830479274239864,1.27178846477876
15.94,-0.86470758936556,-0.554048941150391,0.82790278374185
15.945,-0.407370475110328,-0.252934503531735,0.346486496812402
15.95,0.0667902633515836,0.0578558761718537,-0.148370534676188
15.955,0.534289890665671,0.363013266910093,-0.632104277445473
15.96,0.97215666537662,0.647641897655691,-1.08092569280953
15.965,1.3590606395059,0.898010275589417,-1.47296065805765
15.97,1.67634182429171,1.10219607840942,-1.78932936160472
15.975,1.90891037911176,1.25065056233859,-2.01502948595502
15.98,2.04596192914692,1.33663712097436,-2.13967381652418
15.985,2.08146204879333,1.35652994103054,-2.15793131753301
15.99,2.01442107947926,1.30995531682507,-2.06974744818522
15.995,1.84888032244946,1.19978561211853,-1.88032554633055
16,1.59369130148751,1.03195121861657,-1.59978870637205
16.005,1.26203182934779,0.81514218952909,-1.24265984753745
16.01,0.870730735982958,0.560337649347644,-0.827111733475384
16.015,0.439411071314249,0.280276798926983,-0.374031954453158
16.02,-0.0104830045383039,-0.0112033428607399,0.094019564854942
16.025,-0.456766928584668,-0.299819048633808,0.553938436031528
16.03,-0.877590131151999,-0.571560020873551,0.983197009191491
16.035,-1.25251356728592,-0.813347969912989,1.36096452785791
16.04,-1.56350074669858,-1.01367160467268,1.66910325631054
16.045,-1.79577408137024,-1.16311585907713,1.89303529393931
16.05,-1.93850348570349,-1.25481888463438,2.02242438860508
16.055,-1.98533566030382,-1.28477000322013,2.05165524430364
16.06,-1.93464343196033,-1.25197843584042,1.98006202742825
16.065,-1.78957475447687,-1.15850388843472,1.81192012083883
16.07,-1.55787361021296,-1.00933277126492,1.55619835828177
16.075,-1.25146535518144,-0.812108777030033,1.22608386874606
16.08,-0.885838926475865,-0.576742734977535,0.838295167852085
16.085,-0.479272845660082,-0.314931964970411,0.412246960404478
16.09,-0.0519162861405601,-0.039566765540943,-0.0309257802850866
16.095,0.375204173774116,0.235899155775117,-0.469410652466684
16.1,0.781214589183535,0.498087493992588,-0.881792678288413
16.105,1.14640782903995,0.734358216447312,-1.24809313122
16.11,1.45321156534062,0.933411103466712,-1.55073889195928
16.115,1.68700988786579,1.08582016005547,-1.77538867555595
16.12,1.8368546702804,1.18447018978686,-1.9116288112992
16.125,1.89596797774876,1.22490412669568,-1.95343440819854
16.13,1.86204249878078,1.20550600165706,-1.89943312943391
16.135,1.73732639475892,1.12756714035648,-1.75294341143213
16.14,1.5284876597966,0.995219251392754,-1.52177588611506
16.145,1.24625945806832,0.815207276678238,-1.21781625907458
16.15,0.904883200037739,0.596550689142538,-0.856416336887391
16.155,0.521402667239392,0.350090027672217,-0.455623904879605
16.16,0.114804044745983,0.0879631965626419,-0.0352873529561894
16.165,-0.294906490289731,-0.17699551654191,0.383951620833496
16.17,-0.687704549776368,-0.431887027503812,0.781617148305639
16.175,-1.04451012427538,-0.664360806074888,1.13845674817275
16.18,-1.34811709227899,-0.86321342220868,1.43731882484095
16.185,-1.58402344789811,-1.0189354888666,1.66400457754035
16.19,-1.74111092183252,-1.12416849773367,1.80793514207821
16.195,-1.81218769518229,-1.17402917275087,1.86263263596375
16.2,-1.79429707877569,-1.16636662713202,1.82602992412072
16.205,-1.68884454435133,-1.10184028796144,1.70050183492349
16.21,-1.50150489858632,-0.983882332842007,1.49276457839584
16.215,-1.24192387279588,-0.818498922536741,1.21349252481009
16.22,-0.923208979679139,-0.613985991157396,0.876774977813525
16.225,-0.561285776280035,-0.380515322681648,0.499412055630524
16.23,-0.174090622697255,-0.129628334071612,0.100079512472746
16.235,0.219314790151236,0.126337063751701,-0.301596957119367
16.24,0.599670846186098,0.374850625322021,-0.686002882143238
16.245,0.948465424431805,0.60379274706491,-1.03449261917825
16.25,1.2488445789204,0.802067178748243,-1.33028370004832
16.255,1.48640211879851,0.960122208660761,-1.55928269192261
16.26,1.64990368482439,1.07041163914574,-1.71072230254364
16.265,1.73178520205501,1.12775809600083,-1.77770536806532
16.27,1.72853633344935,1.12960865481217,-1.75749240014034
16.275,1.6408060842462,1.07612815353624,-1.65160533144362
16.28,1.47338951369548,0.970209384939127,-1.46574835615917
16.285,1.23493821167687,0.817296849607155,-1.20948443025388
16.29,0.937525645340835,0.625111418327398,-0.895762206343164
16.295,0.59604284934973,0.403275397643614,-0.540238877747531
16.3,0.227457418308671,0.162805146159559,-0.160529727764824
16.305,-0.15005222826239,-0.0844071007497093,0.224689443711601
16.31,-0.517963645495442,-0.326195734325323,0.596579284827448
16.315,-0.858341676152873,-0.550718012381086,0.937063075438979
16.32,-1.15469071981213,-0.747040097122732,1.22971359764548
16.325,-1.3927861515441,-0.905654443118318,1.46052950188027
16.33,-1.56131763963092,-1.01897017039136,1.61861773881954
16.335,-1.65246396477883,-1.08165560156064,1.69670414545468
16.34,-1.66222785046875,-1.09089778633464,1.69145957106761
16.345,-1.59062077648775,-1.04652565420789,1.60364459050464
16.35,-1.44164698776655,-0.951013175870588,1.43804847472922
16.355,-1.22307275289386,-0.809327877463738,1.20322645999521
16.36,-0.946023085534437,-0.628688338705698,0.911061733522918
16.365,-0.624409519732576,-0.418188704660416,0.576169037422057
16.37,-0.274252427387673,-0.188356471096454,0.215164890711066
16.375,0.0871460982469397,0.0493886291565554,-0.154162139456609
16.38,0.442021325271219,0.283303090201649,-0.5137147492564
16.385,0.773040488891896,0.501908817386069,-0.845992132944984
16.39,1.06415719336048,0.694535415481417,-1.1349222385946
16.395,1.30136694076383,0.851870184492592,-1.36665094386306
16.4,1.47340839292105,0.966376462293656,-1.5301937967324
16.405,1.57227542715422,1.03268422307925,-1.61798310318085
16.41,1.59360680860308,1.04781390020634,-1.62617665762063
16.415,1.53685045092639,1.0113569853444,-1.55485609995979
16.42,1.40528884123619,0.92543378104879,-1.40798623527185
16.425,1.20584363681613,0.794602756185352,-1.19321196102152
16.43,0.948710500396623,0.625588488306165,-0.921441436757859
16.435,0.646850351187831,0.426962021233274,-0.60629983181419
16.44,0.31534146030569,0.2086891411493,-0.263458061982625
16.445,-0.0294041519189704,-0.0183643539312806,0.0901596206905154
16.45,-0.370430842013304,-0.242970828230109,0.437204977965132
16.455,-0.691076954348522,-0.454103560352245,0.760743492952569
16.46,-0.975793189474336,-0.641465833515354,1.04510194030683
16.465,-1.21088807533123,-0.796016130706924,1.276624676449
16.47,-1.38518892373539,-0.910403484125887,1.44431266758628
16.475,-1.49058490918384,-0.979295583501275,1.5403628200906
16.48,-1.52238582877536,-0.999648301923643,1.56052312991607
16.485,-1.47954430984348,-0.970814297934487,1.50427613563799
16.49,-1.36467543447165,-0.894580859256581,1.37484236113765
16.495,-1.18389448501932,-0.775027501657609,1.17900151434602
16.5,-0.946505615506639,-0.618358744298219,0.92674818210414
16.505,-0.664498648109059,-0.432542774817327,0.630754736710342
16.51,-0.351976593559388,-0.226930594093984,0.305776598546068
16.515,-0.0244269554750806,-0.0117509882110485,-0.0321114083683338
16.52,0.302025724005812,0.202361068150543,-0.366304229353624
16.525,0.611435301299436,0.404918348341496,-0.680485102925427
16.53,0.888792997228018,0.586098908426425,-0.959413136249106
16.535,1.12078010294371,0.737192270953504,-1.18966762919526
16.54,1.29639724540753,0.851039021664227,-1.36029046782667
16.545,1.40747241787417,0.922355040918467,-1.46333281414612
16.55,1.4490521547829,0.947991440862154,-1.49417466726528
16.555,1.41959646311302,0.927070530759156,-1.45174150002275
16.56,1.32106065453701,0.860999829467795,-1.33859748923153
16.565,1.15874594017095,0.753385100630788,-1.16072905390197
16.57,0.941038522031316,0.609836107885979,-0.927245139336463
16.575,0.678969251766076,0.437653140581417,-0.649923427043827
16.58,0.385667701920123,0.245489474138744,-0.342609040430336
16.585,0.0756690145859633,0.0428915960909994,-0.0205290445013021
16.59,-0.23579017824425,-0.160169159935303,0.300471991876856
16.595,-0.533500783993272,-0.353771432402566,0.60470191399556
16.6,-0.803049570079858,-0.52854691877948,0.877377557198917
16.605,-1.03149312386773,-0.676136664607704,1.10537895911604
16.61,-1.20799545656164,-0.789585063811639,1.27784362123827
16.615,-1.32432149405047,-0.863650652587824,1.38670370056293
16.62,-1.3752451559389,-0.895073701848303,1.42705725176322
16.625,-1.3587619812542,-0.882675875803551,1.39736762710187
16.63,-1.27618289797458,-0.827420270506576,1.29955116465105
16.635,-1.13202575592781,-0.732353389466139,1.13884454391712
16.64,-0.933769905661172,-0.602433964035616,0.923516953565077
16.645,-0.691468294289526,-0.444271495194007,0.664453771470017
16.65,-0.417242431496352,-0.265786282720503,0.374618083550652
16.655,-0.124687743249734,-0.0758285585035448,0.0684071622120558
16.66,0.171823609528792,0.116288118462149,-0.239125004771112
16.665,0.457804080920992,0.30121810326428,-0.532920941667472
16.67,0.719415354779015,0.470067567165263,-0.798704520547348
16.675,0.944097932265354,0.61476928635224,-1.0236612398301
16.68,1.1211986931045,0.728489641313009,-1.19707531509098
16.685,1.24245130629948,0.805961195600405,-1.31081422869163
16.69,1.30237123513598,0.843715122508924,-1.35970933971775
16.695,1.29848764543867,0.840247417044482,-1.34178313820795
16.7,1.23145728109766,0.796071793720702,-1.25839987347336
16.705,1.10498494511377,0.713654532198275,-1.11406600763895
16.71,0.925663050087011,0.597285975662647,-0.916255303089865
16.715,0.702603241954159,0.452865221629793,-0.675000367833192
16.72,0.44697237415929,0.287594517435999,-0.402384698698717
16.725,0.171427596452836,0.109635484436697,-0.11195739824301
16.73,-0.110494069688848,-0.0723004226053967,0.181966113171875
16.735,-0.385044128561883,-0.249371476734885,0.464990147233848
16.74,-0.63892854120067,-0.41305179714685,0.723352719331955
16.745,-0.859959469530061,-0.555520646467592,0.944580380366026
16.75,-1.0376160712327,-0.670058882388559,1.1181337154465
16.755,-1.16356243551046,-0.751342576691784,1.23585862667563
16.76,-1.23204660162082,-0.795692442609814,1.29238537266135
16.765,-1.24015417913501,-0.801231146820103,1.28537057056788
16.77,-1.18792240966032,-0.767960308098317,1.21560208415886
16.775,-1.07831988653812,-0.69776068510482,1.08691451281318
16.78,-0.917069725353881,-0.59427757341301,0.906008570845078
16.785,-0.712358903676883,-0.462760066705136,0.68207949165473
16.79,-0.474435044766159,-0.309758937604763,0.426381692852201
16.795,-0.215081946334794,-0.142817510593096,0.151625572622282
16.8,0.0529440813918894,0.0299201030238045,-0.128632860929021
16.805,0.316551649544869,0.200055941122599,-0.400665500178294
16.81,0.562962269901025,0.359408526601808,-0.65123416801225
16.815,0.780323931280777,0.500348564417013,-0.868242842791882
16.82,0.958287093270934,0.616151372033546,-1.04133596140109
16.825,1.08847879542041,0.701393111674039,-1.16235685679856
16.83,1.16490563079894,0.752131317994559,-1.22573514815078
16.835,1.18420928288396,0.766145969595997,-1.22879623615317
16.84,1.14582738246092,0.742998380016217,-1.17183016931127
16.845,1.05200830534362,0.684035910837258,-1.05802311626889
16.85,0.907678386579459,0.592332518863101,-0.89334069063793
16.855,0.720200353112008,0.472503440549375,-0.686190797999357
16.86,0.498962237648268,0.330509704841861,-0.446978152222346
16.865,0.254936867450194,0.173365399103374,-0.187612314164962
16.87,0.000117209544845274,0.00875949129703225,0.0790876592703495
16.875,-0.25304209240621,-0.155294647632253,0.340042276427616
16.88,-0.492255815951291,-0.31084123442548,0.58255133488057
16.885,-0.705981927822775,-0.450409686895927,0.794900886267778
16.89,-0.883992922419687,-0.567349106659985,0.966932096190086
16.895,-1.01786009769035,-0.656128124312832,1.09055653545287
16.9,-1.1013604540795,-0.71259999905331,1.16006754640157
16.905,-1.13077029369901,-0.734207736735315,1.17244663345204
16.91,-1.10500673489865,-0.720088460420707,1.12751602438204
16.915,-1.02568343611622,-0.671104956633017,1.02786072407547
16.92,-0.89698675021893,-0.589834910236678,0.878726486781655
16.925,-0.725478057593339,-0.480394931693341,0.687763168411702
16.93,-0.519769099776554,-0.348252925299166,0.464587436797662
16.935,-0.290073027236726,-0.199934442085381,0.220311334280311
16.94,-0.0477323640610313,-0.042714639521972,-0.0329804984731892
16.945,0.195383196788033,0.115737232784323,-0.282867404889707
16.95,0.427442629016066,0.267722444856127,-0.517178869546879
16.955,0.637232419077499,0.405897816048567,-0.724598596227614
16.96,0.814700369749747,0.52359817160643,-0.895197332038161
16.965,0.95141425436067,0.615199594232378,-1.02088191998098
16.97,1.04098234286325,0.676404539418248,-1.09584717107093
16.975,1.07932854417683,0.70438350567965,-1.11682143067501
16.98,1.06489697136547,0.697969154460824,-1.08314769042218
16.985,0.998706932960361,0.657644060650788,-0.996868043825466
16.99,0.884307185552352,0.585528499516497,-0.862566700325343
16.995,0.727573901203046,0.48529486011507,-0.687135457782127
17,0.536403565950185,0.361965609565876,-0.47941889039467
17.005,0.320300382364623,0.221654547853757,-0.249792946393218
17.01,0.0899308966251803,0.0712928654946714,-0.0096142944298409
17.015,-0.143396920417966,-0.08172695085705,0.229329136467349
17.02,-0.368306145115647,-0.229940307045442,0.455378533553237
17.025,-0.573884863736523,-0.366161914052234,0.65760681746137
17.03,-0.7502352277253,-0.483822678610812,0.826323976279959
17.035,-0.888931352018825,-0.577293482195701,0.953547948051774
17.04,-0.983453289284483,-0.642133937162883,1.03336569857692
17.045,-1.02946782495935,-0.675324025490087,1.06222004461451
17.05,-1.0250365006332,-0.675396521517775,1.03907887245246
17.055,-0.970684901785387,-0.642518095112281,0.965415530669162
17.06,-0.869349642742075,-0.578462224030533,0.845184966526739
17.065,-0.726255175349574,-0.486536835664181,0.684611686085576
17.07,-0.548631780406288,-0.371370735190322,0.491779278378447
17.075,-0.345354766091783,-0.238707814059412,0.276333763017451
17.08,-0.126499168174041,-0.0951056280172324,0.0489429753385918
17.085,0.0971505493816022,0.0523780829838283,-0.179233561377489
17.09,0.314673564453868,0.196519420675904,-0.397069290635668
17.095,0.515503935512479,0.330285472968206,-0.594017529545602
17.1,0.689955222808379,0.447179212775044,-0.760630254183664
17.105,0.829688078123002,0.541564530010822,-0.888966246143339
17.11,0.928094371982727,0.608969269297702,-0.973048148661462
17.115,0.980615298087352,0.646243866305567,-1.00911450923584
17.12,0.984962662982457,0.651736141156921,-0.995726611934426
17.125,0.941218829353392,0.625354929570803,-0.93389405546728
17.13,0.851818341216864,0.568540625292724,-0.826966449292758
17.135,0.721426084823652,0.484245626828023,-0.680476061952796
17.14,0.556647407410251,0.376739867890761,-0.501835839890931
17.145,0.365714968929349,0.251415083566029,-0.29997746740979
17.15,0.158117459533376,0.114510958644135,-0.0849115645201475
17.155,-0.0559171172012129,-0.0272028335256333,0.132791715438063
17.16,-0.265904055733353,-0.166752827026943,0.342495111380503
17.165,-0.461600756669646,-0.297341195747026,0.534034917444682
17.17,-0.633532529787913,-0.412638930012136,0.698220446795813
17.175,-0.773445000225752,-0.507104518519078,0.827238609144042
17.18,-0.874705871812949,-0.576213247456522,0.915043633946325
17.185,-0.932622030490975,-0.616720718296897,0.957642609586052
17.19,-0.944640605524726,-0.626805269826634,0.953273875336851
17.195,-0.910452399810947,-0.606145031177285,0.902466200639801
17.2,-0.83200537233831,-0.555938552878185,0.808012643633091
17.205,-0.713405829074147,-0.478828294787812,0.674842525703691
17.21,-0.560692407925865,-0.378750420713194,0.509691479771271
17.215,-0.381547618124563,-0.260729486278876,0.320829774868138
17.22,-0.18490574854038,-0.130649023518365,0.117623694186685
17.225,0.0195125812089884,0.00507465990673638,-0.0899318085808121
17.23,0.221664766531402,0.139743127804025,-0.291686172503465
17.235,0.411706351897937,0.26674938654689,-0.477858262858306
17.24,0.580422408750449,0.379914505835416,-0.639479461208329
17.245,0.719716469417312,0.47376076219173,-0.768801115398353
17.25,0.822959729396865,0.543828830561391,-0.859770876242635
17.255,0.885313381931973,0.586830259389442,-0.908221378827027
17.26,0.903990036467288,0.600838727414576,-0.912070098653493
17.265,0.878360050118597,0.585330442877708,-0.871432880895718
17.27,0.809964072278062,0.541239065833888,-0.78858723706739
17.275,0.70242211391581,0.470894390242047,-0.66785117624925
17.28,0.561236132842666,0.37791279520037,-0.515367260054264
17.285,0.393509335255145,0.266997640525394,-0.338778561253404
17.29,0.20761992693382,0.143708263865659,-0.146859706879066
17.295,0.0127671237035464,0.0141734403480996,0.0509361995769935
17.3,-0.181465221138137,-0.115221648667905,0.24491038133644
17.305,-0.365558916309041,-0.238142408554899,0.425640092041898
17.31,-0.530566144474359,-0.348626499940482,0.584432702846965
17.315,-0.66854438067802,-0.441330561724546,0.713675945644878
17.32,-0.772919880224349,-0.511818200875455,0.807265213088719
17.325,-0.838813756345537,-0.556761205538959,0.860875578534604
17.33,-0.863258444163229,-0.57411261473601,0.872148940639459
17.335,-0.845311479885883,-0.56320531165848,0.84080637395281
17.34,-0.786116071132097,-0.524760990523857,0.768665908708999
17.345,-0.688845100931484,-0.46085737019595,0.659511428968345
17.35,-0.558486894404818,-0.374784682805218,0.51890533140396
17.355,-0.401676616751276,-0.270904041061598,0.353907228404345
17.36,-0.226257526214173,-0.154412188230188,0.172723498465812
17.365,-0.0409396184247976,-0.031102651285581,-0.0157121004279011
17.37,0.14513702662431,0.0929344447537738,-0.202159644494907
17.375,0.322879037358041,0.211586711027341,-0.37753408433501
17.38,0.483642088711406,0.319055119360787,-0.533340981749116
17.385,0.619676425401692,0.41014975537903,-0.662109585310161
17.39,0.724475718639784,0.48051606348433,-0.757735351139611
17.395,0.793103640630629,0.526848339516224,-0.815760335759154
17.4,0.82243442166559,0.547033337001661,-0.833597911755499
17.405,0.811303909846095,0.540249936904806,-0.810632923506433
17.41,0.760535441615725,0.506997689974978,-0.748233491419878
17.415,0.672895115555749,0.449093540481092,-0.649704094808137
17.42,0.552904634029402,0.369538736888222,-0.520075826036746
17.425,0.40664974090519,0.272405702711937,-0.365889002099682
17.43,0.241473592997332,0.162584631651616,-0.194823225864354
17.435,0.0655768530433196,0.0455632785519677,-0.0153422743591017
17.44,-0.112332373342014,-0.0728692412392739,0.163738457996376
17.445,-0.283522787991863,-0.18690835680748,0.333679914933783
17.45,-0.439651831490833,-0.290990548099193,0.486253564703263
17.455,-0.573163922697481,-0.380067847259718,0.614100467299027
17.46,-0.677681800710351,-0.449872038291891,0.711126084007237
17.465,-0.748296519046456,-0.497092448087013,0.772796978477981
17.47,-0.78177371859422,-0.519567424116566,0.796306251453122
17.475,-0.776724429674293,-0.516382077232332,0.780741390441801
17.48,-0.733649899520955,-0.487887043676435,0.727124346814627
17.485,-0.65492356193872,-0.435657053961629,0.638300008256852
17.49,-0.544657561688881,-0.362428188182952,0.518833162052326
17.495,-0.408483307059593,-0.271941061628334,0.374756632328206
17.5,-0.253255947002498,-0.168744048007765,0.213260510413891
17.505,-0.0867262812354778,-0.0580077908589841,0.0423455364439025
17.51,0.0828787923307755,0.054776612469388,-0.129568291182251
17.515,0.247229061446985,0.164042189631553,-0.294052830373241
17.52,0.398312631601438,0.264434008288763,-0.443119780395676
17.525,0.528816577801237,0.351099370508856,-0.569558166568166
17.53,0.632477084100413,0.419888868704836,-0.667338288876178
17.535,0.704401800999962,0.467556038931709,-0.731844179430595
17.54,0.741283459016644,0.491930076133577,-0.760130544641452
17.545,0.741577671639301,0.491960445051056,-0.751029328644168
17.55,0.705532947227312,0.467835944114995,-0.705219333918442
17.555,0.635190358444471,0.420918973778701,-0.625166774659995
17.56,0.53421571524895,0.353686966321613,-0.515005317121499
17.565,0.407785830589852,0.26960605957853,-0.38032373363643
17.57,0.262274915649048,0.172944488837399,-0.22787043349558
17.575,0.104958768624381,0.0685446652821554,-0.0652244734802813
17.58,-0.0563738901197968,-0.0384144090794685,0.0995817770098627
17.585,-0.213759701542266,-0.142662714905925,0.258470022651402
17.59,-0.359524248383796,-0.239113227236656,0.403691352695568
17.595,-0.486589746812695,-0.323084166993681,0.528205761268687
17.6,-0.588877235530652,-0.390543651505106,0.626045630894376
17.605,-0.66156359844919,-0.438296954161642,0.692580848182379
17.61,-0.701290350715814,-0.464166393648813,0.724739051667205
17.615,-0.706350964072595,-0.467052299810059,0.72116285178404
17.62,-0.676746599848215,-0.446997787048881,0.682252038865876
17.625,-0.614179690423002,-0.405183798804985,0.610137126463966
17.63,-0.521961946594387,-0.343821360234019,0.508565024054673
17.635,-0.404845401437945,-0.266079245588145,0.38269824446401
17.64,-0.268753743908747,-0.175891926128469,0.238865542939688
17.645,-0.120513333934988,-0.0777932144160042,0.0842348124827992
17.65,0.0325305113870984,0.0233504874829924,-0.0735316617321464
17.655,0.18284320399843,0.122523843797652,-0.226671354742388
17.66,0.323069238631639,0.214884272386151,-0.367698534072165
17.665,0.446421468662288,0.295953624705106,-0.489757197807597
17.67,0.546961158273447,0.361851434219523,-0.586990219952764
17.675,0.619935147067563,0.409479508497391,-0.654775325570286
17.68,0.661963088852225,0.436646866223283,-0.689979466644114
17.685,0.67122805288446,0.442180751732713,-0.691074629593852
17.69,0.647532219657524,0.425979037481547,-0.658227680413549
17.695,0.592282289075391,0.389018347477998,-0.593270271493353
17.7,0.508408692538347,0.333281158259527,-0.499605468344849
17.705,0.400246320553432,0.261670536766949,-0.382021355267732
17.71,0.273279394392238,0.177829651359637,-0.246455162106446
17.715,0.133867309084448,0.0859611324680003,-0.0996874163315978
17.72,-0.0110507028875562,-0.00936639228343212,0.0509965576887179
17.725,-0.154329861562176,-0.10345502471882,0.198173477117402
17.73,-0.288947550871425,-0.191704669176533,0.334626234858763
17.735,-0.408377960685653,-0.269836827085959,0.453722244263597
17.74,-0.506883700959273,-0.334106594924623,0.549721924112083
17.745,-0.579804075226888,-0.381478491500032,0.618054657958315
17.75,-0.623754276185975,-0.409765693871467,0.655546614000359
17.755,-0.636792447537089,-0.417746810239688,0.660562261985966
17.76,-0.6185139410829,-0.405211029369262,0.633082300990812
17.765,-0.570048356261773,-0.372940529581618,0.574662956246287
17.77,-0.49400293345586,-0.322667305186843,0.488391910761789
17.775,-0.394324906475013,-0.25700339640376,0.378704285399953
17.78,-0.276078780147055,-0.179292804971814,0.251145110545147
17.785,-0.145204396156407,-0.0934282252990555,0.112120301389974
17.79,-0.00820689634141203,-0.00369231222337969,-0.0314587571214227
17.795,0.128144213772092,0.0854904783825842,-0.172488557643118
17.8,0.257182239288878,0.16975188589053,-0.304055869125503
17.805,0.372633425667397,0.245014380537109,-0.419745279156861
17.81,0.468938972256316,0.307674491710695,-0.513980216947707
17.815,0.541517778441886,0.354767190249914,-0.582275890113045
17.82,0.586990082720827,0.384118594103036,-0.621451902222447
17.825,0.603342981017545,0.394427973151551,-0.629772796899759
17.83,0.590002308052232,0.385343660736097,-0.607060673653437
17.835,0.54783899607103,0.357463580578864,-0.554636964677549
17.84,0.479131228597097,0.312317721802139,-0.475301820947754
17.845,0.387457136285101,0.252246988811885,-0.373152764790518
17.85,0.277478475954405,0.180319490674514,-0.253376103015047
17.855,0.154720153270545,0.100143769759557,-0.121992921504761
17.86,0.0253100868114127,0.0157083723365757,0.0144442199467974
17.865,-0.104359472407475,-0.0688293009320276,0.149180532215061
17.87,-0.227924691359508,-0.149328794018951,0.275608374682299
17.875,-0.339374452438547,-0.221880926200303,0.387560006012178
17.88,-0.433345893703693,-0.283004404866951,0.479622573213027
17.885,-0.50535769606492,-0.329791360888687,0.547416601727869
17.89,-0.552041753352638,-0.360066267606782,0.587775220740853
17.895,-0.571296566600144,-0.372477628975442,0.598916435158617
17.9,-0.562381204628457,-0.366574924447592,0.580505791447747
17.905,-0.525940116072099,-0.342771703370334,0.533658071598015
17.91,-0.463977176648877,-0.302367380307385,0.460898891028865
17.915,-0.379716316912892,-0.247478857286481,0.365989898452569
17.92,-0.277467479722191,-0.180893429269497,0.253778035889536
17.925,-0.162375757135559,-0.105954673013033,0.129907445549924
17.93,-0.0401824814640348,-0.0264076243866677,0.000564878132942317
17.935,0.0830661106843086,0.0538229063746131,-0.127839782428995
17.94,0.201321412730147,0.130812646634451,-0.248995907158696
17.945,0.308816291101406,0.20080927967429,-0.356990322099164
17.95,0.400347402262735,0.260445736184298,-0.446612125418548
17.955,0.471547756689278,0.306878356758693,-0.513580298376484
17.96,0.519065946849796,0.337927741563163,-0.554767370043065
17.965,0.540756727688154,0.352187943812372,-0.568340018258946
17.97,0.535735699239833,0.349081823934137,-0.553836505354774
17.975,0.504454149593451,0.328894344914722,-0.512182616673202
17.98,0.448638685586524,0.292738600659879,-0.445637955926278
17.985,0.371211175863297,0.242503403992078,-0.357661077531139
17.99,0.276129033372832,0.180756704273817,-0.252749490419765
17.995,0.168191022512914,0.110603498772257,-0.136193048610709
18,0.0527924168481158,0.0355343956116209,-0.013821046729478
18.005,-0.0643402155995129,-0.0407221833828468,0.108308014634438
18.01,-0.177449098389454,-0.11442487119982,0.224174007418297
18.015,-0.28100167365319,-0.181981907963791,0.328122936674953
18.02,-0.369981751240101,-0.240121333681051,0.415132814899479
18.025,-0.440128530284524,-0.286054949796869,0.481044375637045
18.03,-0.488125308171928,-0.317622114890804,0.522775900896603
18.035,-0.511780916069908,-0.333374743965377,0.538456479214364
18.04,-0.510109279501886,-0.332654497788303,0.527510294682962
18.045,-0.483375238959835,-0.31560989941371,0.490681500051237
18.05,-0.433081756810982,-0.28318737677059,0.429981440949451
18.055,-0.36186815517706,-0.237099539457773,0.348576170413577
18.06,-0.273392751548118,-0.179697240801268,0.250636913191624
18.065,-0.172123143736668,-0.113874728490358,0.141106068903139
18.07,-0.0631441540193762,-0.042932732863227,0.025473488387277
18.075,0.0481422491886935,0.0296109651396067,-0.0905360489285283
18.08,0.156236441387675,0.100187829604235,-0.201200246202511
18.085,0.255854002350632,0.165338247010719,-0.301104672753049
18.09,0.342149488371394,0.221891718853056,-0.385427854119443
18.095,0.410979237218159,0.267135951716417,-0.450123700709371
18.1,0.459078603379324,0.29892380901608,-0.492157730921503
18.105,0.484233279710101,0.315786097544834,-0.50964167115732
18.11,0.485377905998141,0.316997665426492,-0.501893550891664
18.115,0.462623888395016,0.302612658027432,-0.469489878241753
18.12,0.417270938033646,0.273445507827473,-0.414216387929365
18.125,0.351714160173232,0.231024997508823,-0.338974014869599
18.13,0.269325645528501,0.177550691120063,-0.247608544054351
18.135,0.17428901366741,0.115714894756333,-0.144746623761471
18.14,0.0713694626895638,0.04862364618872,-0.0355522665454674
18.145,-0.034305968909322,-0.0203832105302015,0.0745626417796952
18.15,-0.13751406133914,-0.0878886283431173,0.180161929672583
18.155,-0.233178724604472,-0.150591436230234,0.276075139213268
18.16,-0.316649545961024,-0.205434257187984,0.357658099887856
18.165,-0.383904682252198,-0.249765293958123,0.420995678845041
18.17,-0.431754448223007,-0.281481504341548,0.463110235302243
18.175,-0.457977304402389,-0.299111018643862,0.482076480761905
18.18,-0.46144952888914,-0.301874453876182,0.477154293505629
18.185,-0.442165030801968,-0.289744825220543,0.448752937138554
18.19,-0.401229314982119,-0.263437147841914,0.398452785997718
18.195,-0.340833461376567,-0.224335915770278,0.328901095099166
18.2,-0.264084721262064,-0.17446347019053,0.243669997398597
18.205,-0.174885726167667,-0.116356529740633,0.147074609380843
18.21,-0.0777363779483028,-0.0529295032066534,0.043968396942416
18.215,0.0225186350488648,0.0126488792770031,-0.06052185124365
18.22,0.120915673557154,0.077130271941206,-0.161229225698091
18.225,0.212616848675266,0.137336844402092,-0.253220656115873
18.23,0.293157186267674,0.190338287389536,-0.332020284261833
18.235,0.358642614169415,0.233568174614405,-0.393846338978235
18.24,0.405957271148011,0.264969465808884,-0.43578226956402
18.245,0.432899731712972,0.283080367821264,-0.455903927887743
18.25,0.438298027980562,0.287110094379034,-0.453387690073016
18.255,0.42204121360411,0.276953663522473,-0.428524073825641
18.26,0.38509097555564,0.253213211855297,-0.382707647842093
18.265,0.329422938904851,0.217165046329762,-0.318361478160242
18.27,0.257927802932868,0.170669772662554,-0.238793201039433
18.275,0.174243521038123,0.116101388413215,-0.148050851810247
18.28,0.0825917517198029,0.05621826191005,-0.050693810791711
18.285,-0.0124455895817828,-0.00599936276318762,0.0484205612674633
18.29,-0.106154864012322,-0.0674688071853421,0.144387575404043
18.295,-0.193919714222434,-0.125154909314948,0.232499880852701
18.3,-0.271456938991779,-0.176250743684819,0.30846344604267
18.305,-0.335018369628563,-0.218282762772063,0.368620928055885
18.31,-0.381579194361978,-0.249241139187673,0.410118712022958
18.315,-0.408960968037983,-0.267683415646138,0.431047183785272
18.32,-0.415963071813927,-0.272789243999478,0.430529102546202
18.325,-0.402385166873363,-0.264405333973907,0.408751285260622
18.33,-0.369049506955208,-0.243046030786514,0.366950795624806
18.335,-0.317753808892375,-0.209870237664685,0.307340280909671
18.34,-0.251166878572932,-0.166587946218627,0.233005772277215
18.345,-0.172682143871562,-0.115409177584885,0.14772662005189
18.35,-0.0862725884082468,-0.0589132729120455,0.05580114161192
18.355,0.00374460609131241,7.49177734516808e-05,-0.0381767420181219
18.36,0.0929020386813647,0.0586250991123121,-0.129550023986371
18.365,0.176807057215897,0.113854136518523,-0.213819897501584
18.37,0.25136234307489,0.1630695967817,-0.286870721939283
18.375,0.312952668661146,0.203884674772603,-0.345182300371117
18.38,0.358629908409011,0.234352706599965,-0.385978875221774
18.385,0.386261535353502,0.253049439175999,-0.407378585605784
18.39,0.394615679479562,0.25913861810143,-0.408466870994615
18.395,0.383432198777766,0.252411147515572,-0.389349627593899
18.4,0.353402633107461,0.233291919648213,-0.35112119294478
18.405,0.306153499914741,0.202809266509656,-0.295822900110274
18.41,0.244142480296511,0.162554337660984,-0.226319631545463
18.415,0.170540970847292,0.114577160815698,-0.146155097644519
18.42,0.0890638291850991,0.0612981262619559,-0.0593820102188198
18.425,0.00379584735464123,0.00537889064652036,0.0296605499577652
18.43,-0.081027732601366,-0.0504110955137916,0.116547325431931
18.435,-0.161215904141564,-0.103324023065503,0.196994124996017
18.44,-0.232846853082278,-0.150768268617239,0.267067245206155
18.445,-0.292449844808173,-0.190451496026606,0.323382210617609
18.45,-0.337169729727363,-0.22047227689489,0.363250069296982
18.455,-0.364908621665012,-0.23941365840297,0.384828395464639
18.46,-0.374423055171529,-0.246423255920232,0.387189072658296
18.465,-0.365375621246782,-0.241244417389889,0.370360993518317
18.47,-0.338344323263412,-0.224208508210052,0.335328696933759
18.475,-0.294802176205871,-0.196238448571543,0.283964405329023
18.48,-0.237019553492773,-0.158789478506095,0.218940089380434
18.485,-0.167947035089318,-0.11376295311179,0.143580344702416
18.49,-0.0910864306166352,-0.063428883462714,0.0616999999702044
18.495,-0.0102888975891115,-0.0103089703829257,-0.0225961987189556
18.5,0.0704308814760584,0.0429634841960465,-0.105112450781493
18.505,0.147087355638659,0.0937649003296473,-0.181773414780621
18.51,0.215924832355569,0.139604775910245,-0.248825575679967
18.515,0.273595470399187,0.178255417231061,-0.303027018872678
18.52,0.317330471811688,0.207866498562435,-0.341786952325864
18.525,0.345064750563639,0.227034222836702,-0.363305836340497
18.53,0.355547876990013,0.234879384104065,-0.366656797122478
18.535,0.348379919412897,0.231088589555376,-0.351808619756423
18.54,0.324042269320616,0.215922519909953,-0.319643163885112
18.545,0.283857703139556,0.190195762113141,-0.271890843256222
18.55,0.229929201583138,0.155248879387354,-0.211042969454672
18.555,0.165008794608538,0.112866636836994,-0.140212901878225
18.56,0.092386323157439,0.065176979212606,-0.0629945432982664
18.565,0.0157100069480699,0.014565162755295,0.0167289450703046
18.57,-0.0612053666162789,-0.03644942555033,0.0949992587160715
18.575,-0.134553079770706,-0.0853561378934762,0.167938652939588
18.58,-0.200726615114183,-0.129756720784193,0.231971958996701
18.585,-0.256507212482974,-0.167476127964795,0.283999322113039
18.59,-0.299208976181873,-0.196692705756304,0.321534042778753
18.595,-0.326805968595426,-0.216021536427064,0.342820103735402
18.6,-0.338039920159957,-0.224559744329623,0.346938049846801
18.605,-0.332464193074207,-0.221946628334732,0.33382454594555
18.61,-0.31046807792197,-0.20838069459799,0.304252067755894
18.615,-0.273258216637531,-0.184595335055008,0.259823060086811
18.62,-0.222778372120162,-0.151815944660466,0.202868079720826
18.625,-0.161610696532096,-0.111716717525711,0.136295128803711
18.63,-0.0928607798265485,-0.0663207505521507,0.0634894912719173
18.635,-0.0199868416613981,-0.0179008087577299,-0.0118866616495384
18.64,0.0533841102103395,0.0311270312601163,-0.0860742524745339
18.645,0.123615076770829,0.078334191207571,-0.15540575132872
18.65,0.187242536491704,0.12139625225821,-0.216473194221174
18.655,0.241159004880896,0.158202573104729,-0.266309192853689
18.66,0.282758900271637,0.186961344016323,-0.302543549512005
18.665,0.310061966778748,0.206297219925027,-0.323471520663141
18.67,0.321811967820189,0.215301502353552,-0.328176987243381
18.675,0.317528998127337,0.213580258307229,-0.31656540704561
18.68,0.297528729446872,0.201276469829192,-0.289331670302205
18.685,0.262908166310525,0.179062138132159,-0.24795358666986
18.69,0.215474077837787,0.148087372760234,-0.194599046742367
18.695,0.157666594132921,0.10993199144212,-0.132008349087309
18.7,0.0924166757886345,0.0665362255839604,-0.0633593621351604
18.705,0.023015843804768,0.020071167634525,0.0078908956093131
18.71,-0.0470639364652603,-0.0271417892945139,0.0781795646208556
18.715,-0.114342117560178,-0.0727470143917976,0.144036738658623
18.72,-0.175492422248412,-0.114489093111755,0.202214834123522
18.725,-0.227519487335208,-0.150315982883588,0.249892644969985
18.73,-0.267906095450297,-0.178475862153802,0.284785443294146
18.735,-0.294716427014069,-0.197610777070088,0.305258242319496
18.74,-0.306708393318446,-0.206815242213269,0.310410925227304
18.745,-0.303380783290062,-0.205681036561409,0.300105350490067
18.75,-0.284996890392482,-0.194318465048017,0.274974312424255
18.755,-0.252572902574245,-0.173347096358893,0.236383039064809
18.76,-0.207803212460793,-0.143858976632848,0.186347972605155
18.765,-0.152997918475041,-0.107361702680434,0.127451096255334
18.77,-0.0909486182704712,-0.0657185211213974,0.0626826098682508
18.775,-0.0247864187481648,-0.021028383579033,-0.00468878836976142
18.78,0.0421717309002713,0.0244651853267096,-0.0712985837211357
18.785,0.106587527699525,0.0684912465514452,-0.133842082182624
18.79,0.165274413733744,0.108859836111707,-0.189240626180514
18.795,0.215346255633487,0.143579114364073,-0.23480138285608
18.8,0.254371044829144,0.170945171511868,-0.268333870765541
18.805,0.280473898826783,0.189627069282263,-0.288261631298522
18.81,0.292442357366659,0.198740996801433,-0.293705614629725
18.815,0.289765814809836,0.197882876855651,-0.284501054564023
18.82,0.272675661008221,0.187148462167055,-0.261220014529724
18.825,0.242115319236775,0.167127985390684,-0.225133537733541
18.83,0.199693977971177,0.138874109318041,-0.178133401462617
18.835,0.147602114344286,0.103845354532603,-0.122637132669152
18.84,0.0885046497123212,0.0638256655705843,-0.0614775654905383
18.845,0.0253893082557314,0.0208457609881398,0.00226575672431751
18.85,-0.0385694364042372,-0.0229275107199399,0.0653987262764622
18.855,-0.100181229091101,-0.0653022587171198,0.124790129357369
18.86,-0.156381402112818,-0.104163128655175,0.17750651122816
18.865,-0.204402439657779,-0.137584168311976,0.220988359209068
18.87,-0.241908913560696,-0.163929816567774,0.253131765210902
18.875,-0.267090088799782,-0.181914391137738,0.272428453823696
18.88,-0.278772078029468,-0.190687270497214,0.2780184164924
18.885,-0.276462133553868,-0.189863047518437,0.269728456467996
18.89,-0.260368948047692,-0.179542070487883,0.248073596208767
18.895,-0.231390896899032,-0.160288319367969,0.214237076835385
18.9,-0.191059557368318,-0.133127713684298,0.16999831627161
18.905,-0.141463557481321,-0.0994647483743164,0.117635311627748
18.91,-0.0851434842604037,-0.0610250033952587,0.0598186575450667
18.915,-0.0249582128553644,-0.0197656335943803,-0.000526650186157578
18.92,0.0360581147339698,0.022226459445748,-0.0603843834291061
18.925,0.0948527162004749,0.062842913343754,-0.116773716157545
18.93,0.148502325935321,0.100054539490584,-0.166905713776706
18.935,0.194361456782069,0.132010812482494,-0.208339809906342
18.94,0.230188759021016,0.157141853656804,-0.239072606611176
18.945,0.254262091923699,0.174233586901259,-0.257657041513517
18.95,0.265458447900947,0.182475662947887,-0.263256767334884
18.955,0.263312018227732,0.181511582287775,-0.25569627095884
18.96,0.248012076782451,0.171453711920272,-0.235450147072141
18.965,0.220420252584636,0.152865226043431,-0.203622973639683
18.97,0.182001626273592,0.126727088344448,-0.161893210381865
18.975,0.134755533815125,0.0944110926320987,-0.112411278041532
18.98,0.0811062454222946,0.0575780983888777,-0.0577037339198694
18.985,0.0237807159548972,0.0181031167048905,-0.000542469917405147
18.99,-0.0343263840295074,-0.0220102695487981,0.0562074711294937
18.995,-0.0902971136908327,-0.0607337964879241,0.109718915707444
19,-0.141346674343544,-0.0961475136184081,0.157348824725039
19.005,-0.184955171898447,-0.126491833236771,0.196762573241353
19.01,-0.218995217490409,-0.150268860782925,0.226062790120385
19.015,-0.241828013487716,-0.166341779461816,0.243861867807143
19.02,-0.252388361185461,-0.173956936516532,0.24935603810369
19.025,-0.25024208390342,-0.172779240792013,0.24237384986191
19.03,-0.235588382188165,-0.16294070240711,0.223347533176605
19.035,-0.209248485688097,-0.145000715918774,0.193320426704542
19.04,-0.172628627743948,-0.119905373363395,0.153880320902438
19.045,-0.127637190275135,-0.0889774362320705,0.107061538106279
19.05,-0.0765932951430245,-0.0538172368436399,0.0552548657226656
19.055,-0.0220968355494211,-0.0162094067548564,0.0010873833629628
19.06,0.0330978946564804,0.0219339306028658,-0.0527180592276314
19.065,0.0862210299681332,0.0586854364126539,-0.103484881928093
19.07,0.13463233952244,0.0922172164353742,-0.14869485839107
19.075,0.175936178413653,0.120868523704457,-0.186134486363064
19.08,0.20811767234122,0.143229497807662,-0.213995734841017
19.085,0.229637576018319,0.158230487725501,-0.230959477832477
19.09,0.239494781170767,0.165178517480839,-0.236253923856922
19.095,0.237277799940779,0.163781830320848,-0.229713487955008
19.1,0.223197647763365,0.154173442229504,-0.211751131846698
19.105,0.19804660994675,0.136907395705407,-0.183346503752785
19.11,0.163172530277447,0.112908218191484,-0.146001248201575
19.115,0.120396700582818,0.0834305242636683,-0.101651535940027
19.12,0.0719167774017947,0.0500028230225974,-0.0525583880781404
19.125,0.0202078215501743,0.0143379035387827,-0.00121554454104279
19.13,-0.0321098613818243,-0.021763760218544,0.0497971336130108
19.135,-0.082417125474478,-0.0564847374823078,0.0979327780723027
19.14,-0.128202384631484,-0.0880914346950088,0.140810702216378
19.145,-0.167206529204644,-0.115028355377104,0.176322109613863
19.15,-0.19752913074807,-0.135979060388201,0.202754092166715
19.155,-0.217718857326519,-0.149938093700631,0.21884842747688
19.16,-0.226842820360945,-0.156265837226385,0.223880035297989
19.165,-0.224536426038801,-0.154709139426084,0.217685000750793
19.17,-0.211002447994053,-0.145410645144188,0.200651965568464
19.175,-0.187008335680153,-0.12890050643287,0.173717797929612
19.18,-0.153840705004983,-0.106072737330544,0.138302094508134
19.185,-0.113231220870916,-0.0781154763991701,0.0962388790667553
19.19,-0.067274371435931,-0.0464764811235492,0.0496776904107926
19.195,-0.0183166477490587,-0.0127754975812182,0.000984857659117582
19.2,0.0311679408798726,0.0212824060279056,-0.0473918174764946
19.205,0.078693995302551,0.0539925173867601,-0.0930342254886322
19.21,0.121897396839902,0.0837161829127024,-0.133676315073436
19.215,0.158650643655494,0.108996926307578,-0.167323218028696
19.22,0.187159912267842,0.128604209057242,-0.192348306396981
19.225,0.206072461640712,0.141605952234033,-0.207558824308325
19.23,0.21451531565336,0.147408035858077,-0.212271197991476
19.235,0.21214986193048,0.145785552441233,-0.206325289105614
19.24,0.199183758908721,0.136879408454406,-0.190099633132284
19.245,0.17635052794608,0.121201593507161,-0.164482099389399
19.25,0.14487015996719,0.099594564605026,-0.1308220505979
19.255,0.106393210438633,0.0731913493645701,-0.0908659142199167
19.26,0.0629011301300944,0.0433568894763339,-0.0466609894178101
19.265,0.0166106779275018,0.0116099984817874,-0.00045047645707976
19.27,-0.030131038427952,-0.0204420165933158,0.0454388788474631
19.275,-0.0749854000461379,-0.0511932572882415,0.0887056029457026
19.28,-0.115718596351822,-0.0791217949535286,0.127208968329444
19.285,-0.150330515857485,-0.102856464762745,0.159055926272631
19.29,-0.177137538073921,-0.121245943224685,0.18269818329495
19.295,-0.194862854610878,-0.133419264435003,0.19701319991954
19.3,-0.202692241212784,-0.138826343120765,0.201355101537943
19.305,-0.200316052183011,-0.137252096502652,0.195574654012117
19.31,-0.187933886281331,-0.128837391039977,0.180038977419175
19.315,-0.166251396329342,-0.114062472579214,0.155596764691404
19.32,-0.13642422672009,-0.0937224704048334,0.123537981642126
19.325,-0.100015760713157,-0.0688784669914546,0.0855245484709485
19.33,-0.0589000476783388,-0.0408120607354809,0.0435081952339354
19.335,-0.0151756188764201,-0.0109508155735276,-0.000375474433843727
19.34,0.0289528142585847,0.0192022835641583,-0.0439179706629758
19.345,0.0712743609277232,0.0481391933691186,-0.0849338606212745
19.35,0.109689016758396,0.0744299037768574,-0.121387847335264
19.355,0.142308864890831,0.0967852613664929,-0.151484276148318
19.36,0.167546579156816,0.11412744778098,-0.173759984083713
19.365,0.184203348584535,0.125631280235569,-0.187152329338545
19.37,0.191515688821045,0.130777836483917,-0.191061783665876
19.375,0.189191935478828,0.129363384684728,-0.185349448258127
19.38,0.177424541759097,0.121516480690898,-0.17038061771946
19.385,0.156883554672325,0.107680267139379,-0.146974044601576
19.39,0.128663132908116,0.0885978696903396,-0.116365232479206
19.395,0.0942374620219135,0.065263684713461,-0.0801409278344222
19.4,0.0553756749580325,0.0388733399838809,-0.0401649869769097
19.405,0.0140558525696323,0.0107656256736561,0.00153200846120754
19.41,-0.0276401487311149,-0.0176476589484125,0.0428429896884517
19.415,-0.0676250417822793,-0.0449502102029293,0.0816953205630099
19.42,-0.103910930895289,-0.0697967600090453,0.116157542178552
19.425,-0.134718742209782,-0.0909655316461192,0.144530857666383
19.43,-0.158549920771019,-0.10743965804491,0.165432669637552
19.435,-0.174266000614258,-0.118439591859308,0.177868462935954
19.44,-0.181150309617095,-0.123457569311694,0.181276660045613
19.445,-0.178924658192853,-0.12229446371617,0.175551498330339
19.45,-0.167774817526538,-0.115061580399038,0.161050816172661
19.455,-0.148328022211849,-0.102162342331005,0.138564063022827
19.46,-0.121619361574132,-0.0842793295125948,0.109283273940867
19.465,-0.0890376222476803,-0.0623458547444806,0.0747317330614937
19.47,-0.0522591154825136,-0.0374762227513333,0.0366807883937261
19.475,-0.0131494243460949,-0.0109289388151826,-0.00292685154543472
19.48,0.0263167188776764,0.0159646811331184,-0.0420885962720945
19.485,0.0641677750205579,0.0418638974073593,-0.0788359575965426
19.49,0.0985264305463876,0.0654935238223796,-0.111345791029268
19.495,0.127700878143603,0.0856934447303425,-0.13800538166701
19.5,0.150271902265598,0.101486272214109,-0.157521994065934
19.505,0.165166455606783,0.112122239719143,-0.168968476048856
19.51,0.171696235863074,0.117105913846875,-0.171828674960322
19.515,0.16959774702111,0.11623128842488,-0.166023236295916
19.52,0.15903860261691,0.109585084414105,-0.151910821048386
19.525,0.140607945519046,0.097534790698747,-0.130265212467055
19.53,0.115286464315572,0.0807130760254398,-0.102231301021041
19.535,0.0843861630837493,0.0599943130170747,-0.0692722731460385
19.54,0.049492696516418,0.0364295053539325,-0.0330846662607906
19.545,0.012374778172246,0.011205535390435,0.00448791748002847
19.55,-0.0250940137937952,-0.0144093481935601,0.0415401411664145
19.555,-0.0610400011027588,-0.039142768311917,0.0762124811259331
19.56,-0.0936764360235056,-0.0617723667978582,0.10677673322604
19.565,-0.121402791875801,-0.0811855928005869,0.131727725344597
19.57,-0.14286046474766,-0.0964364500136821,0.1498546416721
19.575,-0.157021681908655,-0.106795677855779,0.160294104365812
19.58,-0.163232817509279,-0.111775913577411,0.162585483306987
19.585,-0.161236993841053,-0.111162120310776,0.15667572285473
19.59,-0.151187111713459,-0.105014135808568,0.142929131184895
19.595,-0.133645475986955,-0.0936732852334562,0.122099333661886
19.6,-0.109537849679606,-0.0777321569010887,0.0952907030107819
19.605,-0.0801121733442254,-0.0580054808664887,0.063902908670183
19.61,-0.0468813046102066,-0.0354971367903625,0.0295507030851892
19.615,-0.0115280853452823,-0.0113446249843859,-0.00601186619874357
19.62,0.0241644593015294,0.0132435742872821,-0.0409819074488267
19.625,0.0584082444414491,0.0370405520700022,-0.0736088514007582
19.63,0.0894997505955305,0.0588602146145811,-0.102264340823174
19.635,0.115904393732593,0.0776296899835896,-0.125541653379377
19.64,0.136328813305015,0.0924237465327012,-0.142310419922767
19.645,0.149795971407106,0.102526267772364,-0.151781390246775
19.65,0.15567236584542,0.107453388023178,-0.153538529752449
19.655,0.153712910363085,0.106986648590324,-0.147557452842346
19.66,0.144066913771419,0.101169289643861,-0.134202450165621
19.665,0.127266647847489,0.0903199704026046,-0.114208543632196
19.67,0.104195429076108,0.0750060812647137,-0.0886365136795693
19.675,0.0760482612615285,0.056009328406321,-0.0588204785301808
19.68,0.0442649743788486,0.03429653373504,-0.0262950580821619
19.685,0.0104633972851314,0.0109702384079769,0.00727823463556176
19.69,-0.0236518227191207,-0.0127979920228834,0.0402049037354427
19.695,-0.0563668620231462,-0.0358180158016843,0.0708330374165928
19.7,-0.086050712219519,-0.0569343698080908,0.0976396130775055
19.705,-0.111233106478957,-0.0751006119091196,0.119312478875458
19.71,-0.130678242178187,-0.0894176157992627,0.134805408222798
19.715,-0.143445139972552,-0.0991818179910639,0.143393569481724
19.72,-0.148933678338481,-0.103921347338051,0.144703589287087
19.725,-0.146911274557561,-0.10342024372932,0.138730819075597
19.73,-0.137521979545092,-0.0977228949680657,0.125842347764045
19.735,-0.121284940956402,-0.087135666330233,0.106741162581472
19.74,-0.0990519353832667,-0.0722073653796652,0.0824413337289019
19.745,-0.0719767131659318,-0.053708952782939,0.0542079441787766
19.75,-0.0414472082869493,-0.0325844974808683,0.0234942753831047
19.755,-0.00902160863715899,-0.00990792254701484,-0.00813886318831393
19.76,0.0236663237027043,0.013173348826348,-0.0390921964679032
19.765,0.0549648318508693,0.0354938818704752,-0.067818338855334
19.77,0.0833118046395249,0.0559289010512051,-0.0928995192572662
19.775,0.107300316132997,0.0734579484849521,-0.113104451513354
19.78,0.125744792624129,0.0872059298973046,-0.127463230366614
19.785,0.137753536692061,0.0964887704432316,-0.135305226585587
19.79,0.142760327047227,0.100858202136153,-0.136296146643669
19.795,0.140550151208814,0.100108991446183,-0.130442156514781
19.8,0.131276290510905,0.0942968861246981,-0.118095438663746
19.805,0.115448919766962,0.0837391660138513,-0.0999343719816339
19.81,0.0938986406958732,0.0689881495268381,-0.076917055829559
19.815,0.067746671828825,0.050803463930278,-0.0502385255541165
19.82,0.0383385997710375,0.0301260087891992,-0.0212687960592358
19.825,0.00717044633610548,0.00801198546222723,0.00852366994134641
19.83,-0.0241746194577798,-0.0144152782386941,0.0376369013923674
19.835,-0.0541122775012035,-0.0360085577626256,0.06462274913194
19.84,-0.0811445558356363,-0.0556776722571378,0.0881469179439891
19.845,-0.103929021257745,-0.0724361825941276,0.107058536416148
19.85,-0.121331759175826,-0.0854375416317917,0.120455057513202
19.855,-0.13250985150519,-0.0940380524507437,0.127710873384862
19.86,-0.136935822432931,-0.0978220331840359,0.128512285329956
19.865,-0.134421662834113,-0.0966161640763281,0.122876028386314
19.87,-0.125139239593415,-0.0904987824228455,0.111136550971652
19.875,-0.10959366983766,-0.0798106252125918,0.0939318479761675
19.88,-0.0886063299633841,-0.0651104337668088,0.0721668046523047
19.885,-0.0632715214709911,-0.0471681233497107,0.0469696804690955
19.89,-0.0348959194556192,-0.0269100125346654,0.0196257884102741
19.895,-0.00492752823474837,-0.00538572922884513,-0.00848262863819461
19.9,0.0251055573217668,0.0163069474280274,-0.0359399827097613
19.905,0.0536891816247365,0.0370600547011528,-0.0613820322729027
19.91,0.0793820366210154,0.0558148634567249,-0.0835554604690636
19.915,0.100904973960219,0.0716249474549537,-0.101376307207336
19.92,0.117195444531337,0.0836988272049306,-0.113988325226521
19.925,0.127458200111621,0.0914397983112179,-0.120802397683825
19.93,0.131213521752142,0.0944671315154021,-0.121524487110417
19.935,0.128309552688841,0.0926608875654959,-0.116165914595921
19.94,0.118934533518665,0.0861335189947681,-0.105038318652832
19.945,0.103603121864974,0.0752433587070806,-0.0887443431675457
19.95,0.0831276203658523,0.0605745305810927,-0.0681354013682445
19.955,0.0585758559460107,0.0429002689048282,-0.0442735023790049
19.96,0.0312174088447108,0.0231364444360201,-0.0183737215074215
19.965,0.00245428829252045,0.00230975528690155,0.00825239610096027
19.97,-0.0262519928043853,-0.0185037578454523,0.0342732915552859
19.975,-0.0534413087656603,-0.0382450148806865,0.058394810932193
19.98,-0.0777500224511971,-0.055906177254706,0.0794179922724336
19.985,-0.0979678006189589,-0.0705952258401858,0.0963234761348386
19.99,-0.113091909164767,-0.0815796826166105,0.108294574266813
19.995,-0.122391981515165,-0.0883248132532246,0.114763805596465
20,-0.125434452514325,-0.0905044051425845,0.115450354827629
20.005,-0.122105407073287,-0.0880451309366742,0.110358562468324
20.01,-0.112613855854062,-0.0811014792572515,0.0997811213119518
20.015,-0.0974873238403609,-0.070059847619228,0.0842839085035643
20.02,-0.0775214823740917,-0.0555119857639329,0.0646765110001712
20.025,-0.053767122504121,-0.0382322201623292,0.0419607651787883
20.03,-0.0274486565879179,-0.0191225226078582,0.0172987859628044
20.035,7.89029431686821e-05,0.000826978544838423,-0.00806814582402201
20.04,0.0274145468774651,0.0205836787345464,-0.0328676315321285
20.045,0.0531735910333366,0.0391410955031788,-0.0558582776628983
20.05,0.0760609891328824,0.0555576547184902,-0.0759066185626687
20.055,0.0949366803394422,0.0690112249221073,-0.0920269732158315
20.06,0.108871825100304,0.078828972507287,-0.103435178464043
20.065,0.117196122327099,0.0845434932657518,-0.109591056568439
20.07,0.119526453853035,0.0858944065469069,-0.110217557757215
20.075,0.11578955732653,0.0828447811992591,-0.105317371431338
20.08,0.106212935569697,0.0755875885909793,-0.0951670638327534
20.085,0.0913249032006571,0.0645306603744886,-0.0803078074667847
20.09,0.0719225038184803,0.050271646103842,-0.0615108033217428
20.095,0.0490163872776361,0.0335648566859113,-0.0397395106246012
20.1,0.0237908105472285,0.0152859142957655,-0.016106007397579
20.105,-0.00245148252862012,-0.00361623918265842,0.00819792669106261
20.11,-0.0283809386584701,-0.0221708282525928,0.0319452928479884
20.115,-0.0526853110128895,-0.0394325863862435,0.0539523870622466
20.12,-0.0741425074514201,-0.0545293915399955,0.0731209274363903
20.125,-0.0916917648783726,-0.0667134796408103,0.0885050539428116
20.13,-0.104470617049678,-0.0753907656740522,0.099353744084223
20.135,-0.111862829599977,-0.0801457903891071,0.105148062264486
20.14,-0.11354310982161,-0.0807776105486276,0.105623540866668
20.145,-0.109462655127768,-0.0772932040696111,0.100783504089284
20.15,-0.0998712363329211,-0.0699042591710659,0.0909009123138574
20.155,-0.085301777674305,-0.0590280208788422,0.0765006069650903
20.16,-0.0665256525286623,-0.0452543554042884,0.0583299588175739
20.165,-0.0445240767095018,-0.0293062374195346,0.0373214613794364
20.17,-0.0204371383129768,-0.0120231293847828,0.0145524043797247
20.175,0.00449805476056335,0.00570507355086806,-0.00882482286896987
20.18,0.0290184014272647,0.0229745064443218,-0.031631214086152
20.185,0.0518805056324408,0.0389105287802744,-0.0527159452297166
20.19,0.0719465737339619,0.0527175719997967,-0.0710280946228458
20.195,0.0882204832595197,0.0637160030118359,-0.0856600793806719
20.2,0.0999112984436981,0.0713733161590782,-0.0958898406809744
20.205,0.106459870352818,0.0753380963708319,-0.101224375971302
20.21,0.107579489092115,0.075448620322507,-0.101420533690984
20.215,0.103253321753435,0.0717311089194658,-0.0964970794924982
20.22,0.0937415187813675,0.0644233503480599,-0.0867268399411778
20.225,0.0795690827759089,0.0539315570057138,-0.0726269330117022
20.23,0.0614855657245626,0.040810820026472,-0.0549389043210718
20.235,0.0404382385026738,0.0257593205999348,-0.0345692193743918
20.24,0.0175091516287436,0.00956092572068846,-0.0125633118352209
20.245,-0.00612351980420984,-0.00696154467224962,0.00995527943267862
20.25,-0.0292667496166181,-0.0229662622833075,0.0318444896156675
20.255,-0.0507544116580931,-0.0376445816629429,0.0520027413330598
20.26,-0.06951085277681,-0.0502829383088264,0.069417920688502
20.265,-0.0846136154205285,-0.0602578744322124,0.0832167380843489
20.27,-0.0953288505887775,-0.0670942419173502,0.0927299010756524
20.275,-0.101149382182612,-0.0704837222964242,0.0974920383723216
20.28,-0.101819449811757,-0.0702936429460603,0.097285097008933
20.285,-0.0973499863543049,-0.0665628982981816,0.0921537824728549
20.29,-0.088003011615149,-0.0595240596943272,0.0823802305401432
20.295,-0.074291870582152,-0.0495632460613421,0.068484906864319
20.3,-0.0569364020278829,-0.0372087616220415,0.0512010591596449
20.305,-0.0368428914571904,-0.0231088519559336,0.0314212318901083
20.31,-0.015050329532678,-0.00798867552732086,0.0101606641811319
20.315,0.00733553630148239,0.00738319211235065,-0.0114893851814548
20.32,0.0291797882228645,0.022239493587187,-0.032426988391426
20.325,0.0493851997711089,0.0358321585227375,-0.0515957262003761
20.33,0.0669459305293441,0.0474957759672885,-0.0680302324636997
20.335,0.0809998655628873,0.0566688353129829,-0.0809105716221962
20.34,0.0908649801363058,0.0629153641855669,-0.089605637729592
20.345,0.0960775308354789,0.06595076095586,-0.0936955394298732
20.35,0.0964099853677874,0.0656597093955227,-0.0930020843627328
20.355,0.0918819977028219,0.0620872327046368,-0.0875878399691019
20.36,0.082760505625918,0.0554386090507692,-0.077759030948821
20.365,0.0695395082512034,0.0460835311307573,-0.0640406635418096
20.37,0.0529160626976074,0.0345096005895974,-0.0471529643387197
20.375,0.033750071044112,0.0213161359729854,-0.0279786050257679
20.38,0.013028330144822,0.00717699662811858,-0.00750749299576312
20.385,-0.00819713061961588,-0.0071911479942695,0.0132148271191823
20.39,-0.0288525090306162,-0.0210735369529477,0.0331285805763582
20.395,-0.0479027169564114,-0.0337842008406256,0.0512264271434188
20.4,-0.0644013995265329,-0.044697638051924,0.0666024823356063
20.405,-0.0775388086772287,-0.0532881490313588,0.0784904875122482
20.41,-0.0866758159284985,-0.0591503676363422,0.0863057385292728
20.415,-0.0913834690768769,-0.0620127241207756,0.0896832542333891
20.42,-0.0914575769643633,-0.0617548727168666,0.0884782415159113
20.425,-0.0869270040619277,-0.058427783745626,0.0827814695414468
20.43,-0.0780520854283634,-0.052212760423094,0.0729176399844559
20.435,-0.0653126523420107,-0.0434434875387991,0.0594166525659453
20.44,-0.0493740627183165,-0.0325814031659053,0.0429911263082127
20.445,-0.0310643361469279,-0.0201800896671831,0.0244956649852024
20.45,-0.0113203569593832,-0.00686396665638096,0.00488829670319373
20.455,0.00885642995228306,0.00669245868530377,-0.0148250509425828
20.46,0.0284475924818597,0.0198150787558691,-0.0336439483296426
20.465,0.0464700998094789,0.03185814059815,-0.0506154823242874
20.47,0.062031113390402,0.0422268498782966,-0.0648869136076764
20.475,0.0743641310366913,0.050416414667872,-0.0757592401680365
20.48,0.0828691971862644,0.0560405722683896,-0.0827003347049095
20.485,0.0871436282414695,0.0588345275454087,-0.0853869052703205
20.49,0.0870043672879099,0.0586759614027919,-0.0837170259457461
20.495,0.0824891747054346,0.0555976676285768,-0.0778073581673826
20.5,0.0738454542708824,0.0497684952583807,-0.0679915211316284
20.505,0.0615457262096545,0.0414923140224191,-0.0547973327304591
20.51,0.0462285103167657,0.0312041190974644,-0.0389242871149623
20.515,0.0286809192856746,0.0194232018563797,-0.0211969478069726
20.52,0.00980439641100619,0.00674219064206107,-0.00253160016415527
20.525,-0.00944295862520716,-0.00619809420744646,0.0161147568074481
20.53,-0.0280925609817044,-0.018753557557929,0.0338001643911283
20.535,-0.0452042875997984,-0.0303027403039993,0.0496291900871812
20.54,-0.0599296655698632,-0.0402738133651941,0.0628166419065105
20.545,-0.0715444087671148,-0.0481797324244643,0.0727159035042437
20.55,-0.0794813316723764,-0.0536379088716011,0.0788474565496617
20.555,-0.0833638233735125,-0.0563863098889608,0.0809356508937863
20.56,-0.0830210071487672,-0.0563045457842663,0.0789062793418177
20.565,-0.0784987432051207,-0.0534096567781879,0.0728944247347499
20.57,-0.0700469623925884,-0.0478594126844121,0.0632392696376924
20.575,-0.058116819714454,-0.0399437423272518,0.050458852400466
20.58,-0.0433312138678665,-0.0300662050317634,0.0352277541003944
20.585,-0.0264492320669256,-0.0187343149596168,0.0183354070821736
20.59,-0.00833952114200347,-0.00651668532219396,0.000652291305419877
20.595,0.0100816016343861,0.00596928304716668,-0.0169195537826334
20.6,0.0278847903360602,0.0180971894333159,-0.0334940040446868
20.605,0.0441722546321276,0.0292633363445698,-0.0482404956638775
20.61,0.0581360149540759,0.0389145000913746,-0.06042798485351
20.615,0.0690844060931983,0.0465678687414864,-0.0694633343721444
20.62,0.0764816395764355,0.051852656056395,-0.074917114273712
20.625,0.0799762240038998,0.054513430216427,-0.0765415552404798
20.63,0.079415530181669,0.054422784140554,-0.0742870754834336
20.635,0.0748491090501737,0.0515992551376319,-0.0683020350213776
20.64,0.0665294853519369,0.0461939362923511,-0.0589170034614665
20.645,0.0548988877937614,0.0384882407790341,-0.0466342260510094
20.65,0.0405671685403356,0.0288780137965688,-0.0321001246603444
20.655,0.0242678720681685,0.0178549147572458,-0.0160622851147124
20.66,0.00683612548437379,0.00597905130493894,0.000657013571777928
20.665,-0.0108396369812316,-0.00615145688800917,0.0172076469378732
20.67,-0.0278687334576943,-0.0179238090492624,0.032760848311376
20.675,-0.0433925170569014,-0.0287425814130486,0.0465417919404893
20.68,-0.0566363220725429,-0.0380723085714796,0.0578680228072939
20.685,-0.0669411333884117,-0.0454471826161222,0.0661925602045475
20.69,-0.0738065984061667,-0.0504951865828025,0.0711193106497548
20.695,-0.0768992444230216,-0.0529777096550542,0.0724270210269278
20.7,-0.076086189739523,-0.05277770506837,0.0700792115971684
20.705,-0.0714328137316947,-0.0499085308236503,0.0642247077092261
20.71,-0.0631908919131854,-0.0445309360700145,0.0551834672420629
20.715,-0.0518006239575771,-0.0369302784956691,0.0434337997951964
20.72,-0.0378560146538344,-0.0274872540642175,0.0295897892882761
20.725,-0.0220728308133252,-0.0166934212817012,0.014361683578543
20.73,-0.00526026319846046,-0.00510094843445562,-0.00147918250032707
20.735,0.0117214600365234,0.00670479489238619,-0.0171308743533597
20.74,0.0280179123797929,0.0181257553581907,-0.0318055643957887
20.745,0.0428040423600568,0.0285772881361838,-0.0447797697108794
20.75,0.0553430716208143,0.0375393898978381,-0.05541405026474
20.755,0.065009253030444,0.0445648852562581,-0.0631846543251241
20.76,0.0713276233841681,0.0492998659083695,-0.0677312606797843
20.765,0.0740020902415457,0.0515132362304552,-0.0688464837800794
20.77,0.072915984366931,0.0511114522392465,-0.0664940958911634
20.775,0.0681415195022835,0.0481178406282046,-0.060819352165798
20.78,0.0599436939733985,0.0426931053517447,-0.0521323108733582
20.785,0.0487571455522354,0.0351297091990982,-0.0408823557576383
20.79,0.0351603702998094,0.0258184053166499,-0.0276502446434509
20.795,0.0198590263568791,0.0152348650605601,-0.0131196945212765
20.8,0.00363441285025189,0.00392782542538606,0.00198014684387826
20.805,-0.0126836052243605,-0.00752455988472605,0.0168892330858721
20.81,-0.0282659365172962,-0.0185430432675828,0.0308558678237959
20.815,-0.0423292019355874,-0.0285710596789663,0.0431894281926585
20.82,-0.0541694475560221,-0.0370988420270835,0.0532814586546787
20.825,-0.0631957960833511,-0.0436988621146711,0.0606404269509851
20.83,-0.0689702594482394,-0.0480521293662624,0.0649106015682842
20.835,-0.0712178120501482,-0.0499425018193293,0.065897596322791
20.84,-0.0698421372292956,-0.0492845933754286,0.0635714266766849
20.845,-0.0649330148375904,-0.0461292957932603,0.0580639723335333
20.85,-0.0567601992047489,-0.0406449889527798,0.0496706797566023
20.855,-0.0457538438360181,-0.0331219855212261,0.0388266710894238
20.86,-0.0324908714956727,-0.0239563279553944,0.0260888449235438
20.865,-0.0176563014208876,-0.013620066888158,0.0121052011886417
20.87,-0.00200949109646563,-0.00264332546099575,-0.00241505274106587
20.875,0.0136486121718686,0.00840696136666809,-0.0167392162291597
20.88,0.0285267747364631,0.0189707838712951,-0.0301527395595755
20.885,0.0418771059845451,0.0285143734996534,-0.0419850104070972
20.89,0.0530255684886125,0.036559775674247,-0.0516463194335427
20.895,0.0614234975985179,0.0427018611719405,-0.0586659494532083
20.9,0.0666632292845463,0.0466434669423476,-0.0626988641491946
20.905,0.068489180497954,0.0481951347004822,-0.0635564941112384
20.91,0.0668338316386587,0.0472870272266112,-0.0612086128714492
20.915,0.0617995227850885,0.0439848229543228,-0.0557871560465202
20.92,0.0536592486743304,0.0384699233782369,-0.0475766094029578
20.925,0.0428469209001,0.031032494609124,-0.03700389014346
20.93,0.0299228414639044,0.0220640845784098,-0.0246107761633859
20.935,0.0155540770171335,0.0120319173365589,-0.0110255599148907
20.94,0.000481959785431874,0.00144636991479885,0.00305950010415972
20.945,-0.0145307422247694,-0.00914786440081677,0.016932777598919
20.95,-0.0287219882112812,-0.0192168453954251,0.0298990010637733
20.955,-0.0413763456895159,-0.028250760106336,0.0413037894135408
20.96,-0.0518625207184488,-0.0357962745411398,0.0505761760146341
20.965,-0.0596578912361902,-0.0414845267883842,0.0572589235257268
20.97,-0.0643845923570094,-0.0450347714398444,0.061020128633975
20.975,-0.0658206652821454,-0.0462808125198181,0.0616798104279909
20.98,-0.0639119702923573,-0.0451778574425093,0.0592167158512888
20.985,-0.0587747683437571,-0.0417939368543536,0.0537651692156311
20.99,-0.0506891947227367,-0.0363126927116788,0.0456102434344476
20.995,-0.0400804838131415,-0.0290304855355847,0.0351757315689161
21,-0.0275006691961515,-0.0203218502747835,0.0229948735295295
21.005,-0.0136007763357536,-0.0106391373253318,0.00969192293245206
21.01,0.000913127583601255,-0.000479297799461249,-0.00405575654131651
21.015,0.0152969900498787,0.00964466728534289,-0.0175494975538061
21.02,0.028823766994663,0.0192188682987913,-0.0301040014252642
21.025,0.0408142175915293,0.0277622030210114,-0.0410856319285485
21.03,0.0506698845098203,0.0348510785718705,-0.0499416504258014
21.035,0.0579013662633404,0.0401358761334306,-0.0562283207653449
21.04,0.0621620861859769,0.043360895543245,-0.0596320562694566
21.045,0.0632492511043322,0.0443786740339999,-0.0599915632574784
21.05,0.0611273025388956,0.0431479524491781,-0.0572982651471883
21.055,0.0559234005200254,0.0397494093396109,-0.051697087047554
21.06,0.0479144458620279,0.0343642589115999,-0.043482177741946
21.065,0.0375230644730234,0.0272787227575366,-0.0330847469676066
21.07,0.0252902047421092,0.0188592522262202,-0.0210384988329811
21.075,0.0118430993092146,0.00953830336198926,-0.00796191154825457
21.08,-0.00213170101859769,-0.000209470469349922,0.00547064117982552
21.085,-0.01592021661763,-0.00988969407026937,0.0185717825775143
21.09,-0.0288290010105552,-0.019015154886552,0.0306787098756516
21.095,-0.0402088591536745,-0.0271305757240788,0.0411728297744257
21.1,-0.0494895410485282,-0.0338352058108324,0.0495206465095379
21.105,-0.0562176453688666,-0.0387985756861884,0.0553107726828632
21.11,-0.0600653121437027,-0.0417804195198939,0.0582518625959423
21.115,-0.0608489627496579,-0.042644371520943,0.05820167451169
21.12,-0.058550389719951,-0.0413573171924121,0.0551784464897956
21.125,-0.053300124024423,-0.0379947155828365,0.0493472963181565
21.13,-0.0453771587866733,-0.0327398511924535,0.0410133411484974
21.135,-0.0352004680109606,-0.0258650082678787,0.0306179852128634
21.14,-0.0232928405054594,-0.0177232801768683,0.0187006904038952
21.145,-0.0102678009421946,-0.00872856858587726,0.00587866049037785
21.15,0.00320641680700744,0.000656060319540603,-0.0071884685610124
21.155,0.0164508011258366,0.0099636933714783,-0.0198294275617216
21.16,0.0287951043945773,0.0187298878711517,-0.0313966811793419
21.165,0.0396196979119399,0.0265095408419145,-0.0413023475000671
21.17,0.0483854251709852,0.0329202664102556,-0.0490473553035342
21.175,0.0546567967028441,0.0376486691247764,-0.0542437167957158
21.18,0.058131304475794,0.0404594169100243,-0.0566339336314351
21.185,0.0586483062917669,0.0412228546033667,-0.0561108118069813
21.19,0.056191285862706,0.039911386379655,-0.0527161556056663
21.195,0.05090223480817,0.0365907042349847,-0.0466343002790246
21.2,0.0430647548368055,0.0314433919172951,-0.0381974954267236
21.205,0.0330826080962745,0.0247348395331512,-0.027846667070246
21.21,0.0214750504109822,0.0168039627271436,-0.0161241095349923
21.215,0.008835409669318,0.00805933883160679,-0.00364084506696771
21.22,-0.00419433647983833,-0.00105915597423097,0.00895918777270343
21.225,-0.0169520048353918,-0.0100952334906187,0.0210291068843974
21.23,-0.0287926810789566,-0.0185881240089675,0.031951154594724
21.235,-0.0391217998364381,-0.0261159507479155,0.0411738862792478
21.24,-0.0474223326951404,-0.0323037000287811,0.0482293262754482
21.245,-0.0532845837253637,-0.0368412361052053,0.0527713950538065
21.25,-0.0564217516743967,-0.0395078530552203,0.0545813923435496
21.255,-0.056685174742689,-0.0401718573474552,0.0535842946996929
21.26,-0.0540757932154601,-0.0388056537582481,0.0498487226769963
21.265,-0.048737505770686,-0.0354882111813349,0.0435849761273825
21.27,-0.0409540833538337,-0.0303860376018741,0.0351291444454999
21.275,-0.0311272092315268,-0.0237616733725412,0.0249326756377948
21.28,-0.0197642143426033,-0.0159547947850883,0.013526843772134
21.285,-0.00744774201613268,-0.00735877566793859,0.0015045624737818
21.29,0.00519504999408952,0.00158901629352353,-0.0105101456962747
21.295,0.0175203661037096,0.0104324306868929,-0.0219058706326409
21.3,0.0289063704740618,0.0187294899354729,-0.0321027552996008
21.305,0.0387782331715024,0.0260592054785352,-0.0405828234080392
21.31,0.0466418010990867,0.0320531073963874,-0.0469287493651861
21.315,0.0521064634542512,0.0364087950582998,-0.0508336166070399
21.32,0.0549054073932195,0.0389081739539117,-0.0521110467652696
21.325,0.0549071613665185,0.0394291749743209,-0.0507168319538391
21.33,0.052124128455733,0.0379466016848489,-0.0467479163887012
21.335,0.0467056931056147,0.0345363316336788,-0.0404206313783681
21.34,0.0389375027487227,0.0293786423354381,-0.0320784910583741
21.345,0.02922216893549,0.0227337363051805,-0.0221675150187196
21.35,0.0180613847109628,0.0149445187796974,-0.0112018907418951
21.355,0.00602749724982531,0.00640935766706142,0.000249454196238922
21.36,-0.00626617557868385,-0.0024369037740008,0.0115962952441396
21.365,-0.0181934441363939,-0.0111448165261872,0.0222632949296899
21.37,-0.0291513147441427,-0.0192670384814048,0.0317112383550249
21.375,-0.0385833399017783,-0.0263920210489575,0.0394725721376459
21.38,-0.0460209099549027,-0.0321563203457315,0.0451642914092997
21.385,-0.0510904187622518,-0.0362688365642378,0.0485145820158359
21.39,-0.0535414016449214,-0.0385210768186883,0.0493747462750494
21.395,-0.0532595688004759,-0.0387991075623232,0.0477238039180302
21.4,-0.0502683095482828,-0.03708980456169,0.0436635210794867
21.405,-0.0447279837177655,-0.0334866645902171,0.0374237460650208
21.41,-0.0369335424419958,-0.0281736434563027,0.0293411016784822
21.415,-0.0272867510851401,-0.0214264626201154,0.0198396458013259
21.42,-0.0162866888821075,-0.0135927305242354,0.00941233597173628
21.425,-0.00450125673839944,-0.00507826327531871,-0.00140069408584947
21.43,0.00747270066444139,0.00368471458144687,-0.0120528440401649
21.435,0.0190193442823814,0.0122399503403224,-0.0220091691221568
21.44,0.0295535683558473,0.0201502856056994,-0.0307694026615581
21.445,0.0385422654716305,0.0270124989790802,-0.0379035315960299
21.45,0.0455312851212786,0.032471845043101,-0.0430680133325056
21.455,0.0501720028347151,0.0362462417290715,-0.0460173289772965
21.46,0.0522366941495292,0.0381515526207473,-0.0466222471308635
21.465,0.0516276407791926,0.0380844332224953,-0.0448745969118254
21.47,0.0483883280269231,0.0360541557965785,-0.0408831921877391
21.475,0.0426943313128761,0.0321735216358066,-0.034866923189343
21.48,0.0348441789385405,0.0266432455853228,-0.0271463732906593
21.485,0.0252454725152897,0.0197467719877584,-0.0181258931724324
21.49,0.0143957461547011,0.0118522869515889,-0.00826582307185071
21.495,0.00285393983759769,0.00336465988134665,0.00193202751324385
21.5,-0.00878964494935713,-0.0052763183452746,0.0119506391854079
21.505,-0.019938688607849,-0.0136209020537529,0.0212944954496437
21.51,-0.0300266051820398,-0.0212351764046161,0.0294960510625827
21.515,-0.0385396848515877,-0.0277322324478836,0.0361581688808026
21.52,-0.045049248320821,-0.032773373029546,0.0409601498253867
21.525,-0.0492311650644787,-0.0361021258394516,0.0436746825547696
21.53,-0.0508807424974944,-0.0375522490625307,0.04418466336484
21.535,-0.0499235684786338,-0.0370563948204206,0.0424833447672618
21.54,-0.0464202251292103,-0.0346403055628174,0.0386699836817411
21.545,-0.0405567533287385,-0.0304400917403251,0.03295180548771
21.55,-0.0326442758086576,-0.0246784747666205,0.025628950856599
21.555,-0.0230947043070439,-0.0176569149742362,0.0170746511770775
21.56,-0.01240226755348,-0.00974877882567283,0.00772525350362397
21.565,-0.00112055471287299,-0.00136674449229308,-0.00194696963898975
21.57,0.0101707159926988,0.007053498434902,-0.011461759978729
21.575,0.0208927869036721,0.0150737740022911,-0.0203445543243157
21.58,0.0304986952049136,0.0222760313847806,-0.0281580587508515
21.585,0.0385024104345036,0.0282930583251472,-0.0345232825924295
21.59,0.0445013715662983,0.032816143721886,-0.0391305901557224
21.595,0.0481964212084901,0.0356169814871148,-0.0417624970255064
21.6,0.0494094271282909,0.0365573892256306,-0.0423027364374987
21.605,0.0480893623022409,0.0355973820135982,-0.0407319386064375
21.61,0.0443117810005007,0.0327958783121622,-0.037139753675364
21.615,0.0382840016915496,0.0283034164222634,-0.0317186942455287
21.62,0.0303234887559244,0.0223680203159042,-0.0247430698560709
21.625,0.0208478034998643,0.0153022673252839,-0.0165654662334229
21.63,0.0103490189122066,0.00747887304825072,-0.00760420403981368
21.635,-0.000628003592728155,-0.000690856910443988,0.00169860816320677
21.64,-0.0115216793913343,-0.0087760563024743,0.0108784628103589
21.645,-0.0217738920627967,-0.0163618294037692,0.0194780099230761
21.65,-0.0308617934011258,-0.0230566838601999,0.0270736559969106
21.655,-0.0383284462913739,-0.028516379054281,0.0332929054629241
21.66,-0.0437967603942769,-0.0324642541725028,0.0378323442086218
21.665,-0.0469988432695987,-0.0347056393199573,0.0404679465105145
21.67,-0.0477786073093249,-0.0351357106046894,0.0410779458770116
21.675,-0.0461094616062323,-0.033739756230777,0.0396354426248695
21.68,-0.0420882581898991,-0.0306052998358122,0.0362195081284372
21.685,-0.0359355979531954,-0.0259080569010755,0.0310033885305462
21.69,-0.0279737242507596,-0.0198999400311442,0.0242524259105437
21.695,-0.0186209974281816,-0.0129005695370387,0.0163075499316206
21.7,-0.00836386705620157,-0.00528649847963308,0.00756356970009553
21.705,0.0022687378889439,0.00254834145620063,-0.00154086611417645
21.71,0.012728547562542,0.0101982298510111,-0.0105471958579201
21.715,0.022487316645219,0.01726396995566,-0.0190128714156503
21.72,0.0310449048676694,0.023386166955224,-0.0265132391667236
21.725,0.0379688123813284,0.0282574106357618,-0.0326712108622402
21.73,0.0429148499997998,0.031632459416904,-0.0371826191248895
21.735,0.0456414412642915,0.0333477567302237,-0.0398256343663636
21.74,0.0460173814278873,0.0333319969957346,-0.0404649564299414
21.745,0.0440392109540718,0.0315976983308248,-0.0390686152363088
21.75,0.0398202842649506,0.0282465842386289,-0.0357147841151877
21.755,0.033587803239598,0.023467506901028,-0.0305668282165811
21.76,0.02567467077194,0.0175190516191713,-0.0238818148752621
21.765,0.0164917449847228,0.0107140641381432,-0.0160019255257597
21.77,0.00651516917719256,0.00341163621705702,-0.00732027608078452
21.775,-0.00373760012852062,-0.00400657552015443,0.00173049729769986
21.78,-0.0137468368403883,-0.0111598628834821,0.0106881936954806
21.785,-0.0229982500176362,-0.0176843513395742,0.0191024768183018
21.79,-0.0310237173861413,-0.0232456209900086,0.0265521751951849
21.795,-0.0374215804458905,-0.0275680329862153,0.0326551712256175
21.8,-0.0418746229567386,-0.0304445039494056,0.0371042821820866
21.805,-0.0441632327855225,-0.0317345335972601,0.0396756203115335
21.81,-0.044188605186113,-0.0313862152003715,0.0402353520228533
21.815,-0.0419580931855532,-0.0294370664100306,0.0387531974052752
21.82,-0.0375990609122836,-0.0259966981587868,0.0353063048516699
21.825,-0.0313503689215556,-0.0212521999004502,0.0300661330041475
21.83,-0.0235343055516443,-0.0154645548121403,0.0232977865486697
21.835,-0.0145604054249661,-0.00893323718251962,0.0153446644023732
21.84,-0.00489323643778836,-0.00199788715337161,0.00661078091485914
21.845,0.00496939400900482,0.0049806891995702,-0.00246131804693411
21.85,0.0145279451971054,0.0116468105780318,-0.0114057080834063
21.855,0.0232926863049285,0.0176670180623916,-0.0197689305777288
21.86,0.0308230117971918,0.0227372468529831,-0.0271232873266256
21.865,0.0367427484838041,0.026607098675648,-0.0330914689048175
21.87,0.0407586767621076,0.0290925253774143,-0.0373680617795245
21.875,0.0426776639903919,0.0300810692011194,-0.039732737260588
21.88,0.0424128522463622,0.0295319316526107,-0.0400670825892362
21.885,0.0399895842578391,0.0274870560726324,-0.038349242564657
21.89,0.0355422303769887,0.0240666459559478,-0.0346678249596933
21.895,0.0293111738359632,0.0194506880999388,-0.0292101028324595
21.9,0.0216173204831981,0.0138814752882228,-0.0222572286801632
21.905,0.0128642142302197,0.00765391892365864,-0.0141641338567572
21.91,0.00350395914681937,0.0010854378916327,-0.00534849116717383
21.915,-0.00598687240118196,-0.0054915466322367,0.00373661771372993
21.92,-0.015123604892284,-0.0117401012673044,0.0126258805503414
21.925,-0.0234446837873642,-0.0173492334429176,0.0208597936779131
21.93,-0.030527260330655,-0.0220460895607956,0.0280137676528394
21.935,-0.0360235634264623,-0.0255919593901831,0.0337212951668812
21.94,-0.0396598295237218,-0.027821366052,0.0376892992713146
21.945,-0.0412622148222155,-0.0286326545735352,0.0397115823994484
21.95,-0.0407568843276123,-0.0279900535774245,0.0396852968883441
21.955,-0.0381840378662215,-0.0259365731799168,0.0376151266201855
21.96,-0.0336797916787647,-0.0225902129940326,0.0336066209420532
21.965,-0.0274877274786532,-0.0181228157536885,0.027872227391628
21.97,-0.0199274566201992,-0.0127672648571504,0.02071023723263
21.975,-0.0113881759348228,-0.00680078503486059,0.0124891769496105
21.98,-0.00231370942396419,-0.000526127120157985,0.00363931452150995
21.985,0.00683751480482631,0.00574129149258817,-0.00538141670798192
21.99,0.0155998801449073,0.0116845156089572,-0.014107594569697
21.995,0.0235310711228886,0.0170065563991296,-0.0220851504733133
22,0.0302294603502259,0.0214438349759061,-0.0289043014891836
22.005,0.0353627636760997,0.0247781218247723,-0.03421592302769
22.01,0.0386760802746683,0.0268468800857025,-0.0377445676439956
22.015,0.0400082412486632,0.0275545580060278,-0.0393114315036724
22.02,0.0393004501687625,0.0268690747751102,-0.0388451872348626
22.025,0.0365971541523132,0.0248320311633674,-0.0363728893980476
22.03,0.0320461788166218,0.0215532297095698,-0.0320249047129375
22.035,0.0258844390681629,0.0172025109901159,-0.0260370682219726
22.04,0.0184314954381258,0.011997805247511,-0.0187235943660661
22.045,0.0100713671175041,0.00621130747155277,-0.0104624098501087
22.05,0.00123413666177962,0.000131810998487934,-0.00169197464959576
22.055,-0.00763315544109817,-0.00593775055179384,0.00713439465953264
22.06,-0.0160748051463763,-0.0116846814913901,0.0155628863867992
22.065,-0.0236660185081774,-0.0168243286182284,0.0231547026742555
22.07,-0.0300239896788379,-0.0211026623621892,0.0295164656447135
22.075,-0.0348287271124816,-0.0243019148512564,0.0343295849671252
22.08,-0.0378454966255502,-0.0262615858078457,0.0373485442624043
22.085,-0.0389236161477764,-0.0268929560420417,0.0384229403028051
22.09,-0.0380177878590715,-0.0261599893781212,0.0375093094143662
22.095,-0.035182260318468,-0.0241052667481074,0.0346624159866901
22.1,-0.0305647264141785,-0.0208353111080746,0.0300370654027006
22.105,-0.0244090008250121,-0.0165166988425714,0.0238828703622122
22.11,-0.0170329356025604,-0.0113661373305487,0.016527526354198
22.115,-0.00881497058392516,-0.00564950164232925,0.00835388361702674
22.12,-0.00017742556955149,0.000342235794894684,-0.000210800412004406
22.125,0.00844015010878666,0.00630918352180115,-0.0087182552978243
22.13,0.0165981311478161,0.0119455638469297,-0.0167321724956862
22.135,0.0238824318801933,0.0169640548062623,-0.0238396161082719
22.14,0.0299272290678952,0.0211151837886761,-0.0296799716285567
22.145,0.0344250107175407,0.0241859721350923,-0.0339597750049351
22.15,0.0371535997604086,0.0260214919647843,-0.0364663095681774
22.155,0.0379807663374424,0.0265278221361642,-0.0370824642065143
22.16,0.0368659814760244,0.0256843298441889,-0.0357850746738435
22.165,0.0338763555749112,0.0235294259112419,-0.0326571910437466
22.17,0.0291666944840376,0.0201736028522519,-0.0278705880975163
22.175,0.0229834141695676,0.0157943499166457,-0.0216787724383924
22.18,0.015644780534557,0.0106127128418633,-0.0144135577650385
22.185,0.0075327374057567,0.00488889067492197,-0.00645435833193567
22.19,-0.000938539654457498,-0.00107541817798543,0.00178537864051011
22.195,-0.00933640911381536,-0.00697902247843223,0.00988113315505239
22.2,-0.0172301704009771,-0.0125244851032338,0.017418315593706
22.205,-0.0242182186263808,-0.0174206728484247,0.024014251657803
22.21,-0.0299496031051787,-0.0214170324671812,0.0293396547079473
22.215,-0.0341306691178394,-0.0243167311002504,0.0331250924327046
22.22,-0.0365545220293379,-0.025961836692749,0.0351921162039026
22.225,-0.0371013574828353,-0.0262717512979819,0.0354466696276179
22.23,-0.0357491785342032,-0.0252326736398067,0.0338877966938894
22.235,-0.0325720026107288,-0.0228967530843433,0.030606398958931
22.24,-0.0277402447621334,-0.0193843385665472,0.0257852759808377
22.245,-0.0215056186623857,-0.0148768717554876,0.019682344050232
22.25,-0.0141906280653713,-0.00960995356378157,0.0126148206558662
22.255,-0.00617214456217583,-0.00385453930629747,0.00495259443092024
22.26,0.00213305586708293,0.00209477317064409,-0.00290970668710618
22.265,0.0103063881989895,0.00792621419445663,-0.0105728218272062
22.27,0.0179246409629345,0.0133390252328995,-0.0176463489032535
22.275,0.0245986597216545,0.0180580481642074,-0.0237742592988064
22.28,0.0299946238948356,0.0218354455596781,-0.0286508187362349
22.285,0.0338326843389998,0.0244751745491258,-0.0320423491153495
22.29,0.0359260795005408,0.0258475792745476,-0.0337822335662035
22.295,0.0361749893988164,0.0258792669574964,-0.033793626431792
22.3,0.0345669712155714,0.0245706860733258,-0.0320917937038378
22.305,0.0311945128534809,0.0219955234918592,-0.0287745444316339
22.31,0.0262373388074587,0.0182891709575001,-0.0240185719602498
22.315,0.0199500472923361,0.0136424740313592,-0.0180765864477132
22.32,0.0126637150829403,0.00830170598293894,-0.0112598303041939
22.325,0.00475293692487791,0.00254675566046765,-0.00391065949784035
22.33,-0.00337489181746472,-0.00332483449621305,0.00358980042768093
22.335,-0.0112974247004675,-0.00900939448658456,0.0108586839679473
22.34,-0.0186137264288241,-0.0142056382026888,0.0175388611056331
22.345,-0.0249486136422281,-0.0186504008957759,0.0232931192887117
22.35,-0.0299786625534322,-0.0221145675855444,0.027833092872532
22.355,-0.0334546695219939,-0.0244188962762097,0.0309447300967839
22.36,-0.0352003218263207,-0.0254495400351565,0.0324766229093295
22.365,-0.0351342200555017,-0.0251599374482111,0.0323588207630554
22.37,-0.0332689505060115,-0.0235653793317363,0.030611187620999
22.375,-0.0297041181859401,-0.0207552862952924,0.027330931434428
22.38,-0.0246289543578487,-0.0168821835996611,0.0226848236204027
22.385,-0.0183127179627892,-0.0121498335867981,0.0169198990363858
22.39,-0.0110827603261528,-0.00680833040605955,0.0103348729967653
22.395,-0.00331518389951673,-0.00113794687882582,0.0032570845598371
22.4,0.00459013660268616,0.00456210327411541,-0.0039502391704162
22.405,0.0122258253210079,0.00999943404086776,-0.0109224351512003
22.41,0.0192018519151306,0.0148903131783182,-0.0173146857931264
22.415,0.0251634778294431,0.0189847915325649,-0.0228068237728837
22.42,0.029810775756927,0.0220739347912506,-0.0271232130019399
22.425,0.0329098518773467,0.0240054143725881,-0.0300561424368375
22.43,0.0343101642861208,0.0246807472247076,-0.0314663317613027
22.435,0.0339467581839675,0.0240776991026758,-0.0312802192511582
22.44,0.0318438865913037,0.0222333293640274,-0.0295197470632837
22.445,0.0281214787982064,0.0192494338544629,-0.0262784593162475
22.45,0.0229765195492003,0.0152914673700535,-0.021722517378025
22.455,0.0166765905164273,0.0105701681824902,-0.0160866248869688
22.46,0.00955442667274152,0.00533250684482363,-0.00965930100452081
22.465,0.00197870316192079,-0.000141641481464426,-0.00276410508531654
22.47,-0.00566506216756585,-0.00556900160093141,0.00425112843263021
22.475,-0.0129802746875977,-0.0106735340097336,0.0110295139156724
22.48,-0.0195965057823685,-0.0151897194652551,0.017232843352836
22.485,-0.0251809218650755,-0.0188889798306832,0.0225524335531184
22.49,-0.0294467898059386,-0.0215914670212702,0.0267181011020626
22.495,-0.0321881738288294,-0.0231622769776816,0.0295240416495701
22.5,-0.0332684806076312,-0.0235297641632854,0.0308337482728489
22.505,-0.0326434407336804,-0.0226876058309171,0.0305784019144979
22.51,-0.0303522884626848,-0.0206890272966635,0.0287786940904044
22.515,-0.0265231558444338,-0.0176427452849441,0.0255289135984847
22.52,-0.021359011183699,-0.0137214275637287,0.0209915379094345
22.525,-0.0151303020290307,-0.00913066593778105,0.0153966916438426
22.53,-0.00816161700999692,-0.00410998835769054,0.00903679206940602
22.535,-0.000813794140739834,0.00107768553687441,0.00222619012113483
22.54,0.00654028261646435,0.00616217712218536,-0.0046890331193745
22.545,0.0135212280610162,0.0108921901605073,-0.0113530564629782
22.55,0.0197743677766008,0.015024838476218,-0.0174345379328984
22.555,0.0249896885181114,0.0183519615529383,-0.0226237062050159
22.56,0.0289011790524503,0.0207192551689739,-0.0266542524388185
22.565,0.0313199967682528,0.0220118762274988,-0.0293249118893971
22.57,0.0321303800532586,0.0221701200915236,-0.0305032890229912
22.575,0.0313001641453903,0.021203363526503,-0.0301289389549894
22.58,0.028881570952957,0.0191738419815065,-0.0282174458266193
22.585,0.0250049969087767,0.016187377310878,-0.0248721342807935
22.59,0.0198772904882339,0.0124094950226115,-0.0202646080365587
22.595,0.013764942694248,0.00804211504531902,-0.0146254199251938
22.6,0.00698390710194579,0.00330580304089269,-0.00824500143395934
22.605,-0.000115878763798496,-0.00155425531397684,-0.00145146953832651
22.61,-0.00717381989977795,-0.00628969844756369,0.00541245503074128
22.615,-0.0138318121879738,-0.0106646741461989,0.0119942322082139
22.62,-0.0197513001704233,-0.0144657289244198,0.017953211168073
22.625,-0.0246374432807945,-0.0175012543742139,0.0229897720242073
22.63,-0.0282482182244109,-0.0196313651193706,0.0268469179562601
22.635,-0.0304059442299674,-0.0207580731005283,0.0293229072696586
22.64,-0.031009157335034,-0.0208357644398522,0.0302935700935911
22.645,-0.0300366845774947,-0.0198674349717452,0.0297120966502032
22.65,-0.027545725551405,-0.0179149146749165,0.027606531469889
22.655,-0.0236681136838969,-0.0150856737998601,0.0240856566064
22.66,-0.0186116918244856,-0.011526202266083,0.0193330680343102
22.665,-0.012635027892724,-0.00742204336686341,0.0135902638770089
22.67,-0.00604560415410308,-0.00298436590682834,0.00715588568833488
22.675,0.000817227348541265,0.00156665566726555,0.000361708205656367
22.68,0.00760796826614855,0.00600552591189405,-0.00644385829019031
22.685,0.0139787600506675,0.0101061281789761,-0.012910436214988
22.69,0.0196113589288026,0.0136734260730204,-0.0187034220258304
22.695,0.0242263703830393,0.0165382194411335,-0.0235257789389249
22.7,0.0275930799170452,0.0185585775833747,-0.0271293302438363
22.705,0.0295466285402933,0.0196419738609337,-0.029329913921832
22.71,0.029997076424754,0.0197483777905771,-0.0300151240770948
22.715,0.0289258899343638,0.0188755721100197,-0.0291528475925755
22.72,0.0263975396572295,0.0170696319785837,-0.0267880727252119
22.725,0.0225426008966909,0.0144355789101196,-0.0230445309519062
22.73,0.0175609553215499,0.0111025608315057,-0.018118910356417
22.735,0.0117141511415726,0.00723528176326041,-0.0122695248951106
22.74,0.00529744043103185,0.00303459468384222,-0.00579669586382699
22.745,-0.00136228335649517,-0.00128841468888465,0.000961685699143501
22.75,-0.00792655958494426,-0.00553196202364934,0.00765391819411578
22.755,-0.014064025612098,-0.00947888883117381,0.0139350437093044
22.76,-0.0194685110666537,-0.0129349913962694,0.0194834747677966
22.765,-0.0238672199034539,-0.0157410430596615,0.0240086770800114
22.77,-0.0270425541933714,-0.0177579943384514,0.0272811812418814
22.775,-0.0288395585502689,-0.0188857050936497,0.0291383759140712
22.78,-0.0291711044034035,-0.0190781947187091,0.0294816542906995
22.785,-0.0280237180248288,-0.0183299674692336,0.0282983933141136
22.79,-0.0254637005810927,-0.0166733611558751,0.0256587127528338
22.795,-0.0216212329956404,-0.0141972306632518,0.0217013503768629
22.8,-0.0166959411707529,-0.0110289102912528,0.0166329959181134
22.805,-0.0109421552894189,-0.00732191487616194,0.0107224320274536
22.81,-0.00465079618822383,-0.00325800155131419,0.00427952318970143
22.815,0.00185828368898625,0.00095716332507863,-0.00236330890035406
22.82,0.00825320218287549,0.00511764899590319,-0.00886041298357451
22.825,0.014212352390002,0.00902096545861712,-0.0148734973383698
22.83,0.0194359928053203,0.012469434976562,-0.0200964372551903
22.835,0.023660195431333,0.0152957764140699,-0.0242624376930389
22.84,0.0266742692737817,0.0173625039928287,-0.0271555696815309
22.845,0.0283276304658363,0.0185644468063169,-0.0286352056246702
22.85,0.028539304236897,0.0188396438657107,-0.0286316683038341
22.855,0.0273027739173799,0.0181796044807154,-0.0271484949807965
22.86,0.0246838113245928,0.0166122869979694,-0.0242709856304832
22.865,0.0208172078939983,0.0142137604172091,-0.0201542348093693
22.87,0.0159039058959993,0.0111049668526208,-0.0150149929805739
22.875,0.0101935404938154,0.00743928242428262,-0.00912697821271811
22.88,0.00397696307478678,0.00339750897466439,-0.00279602330989862
22.885,-0.00242778842743958,-0.000818517628395246,0.00365048698823382
22.89,-0.00869577211693611,-0.00499621988800587,0.00987658539597385
22.895,-0.014509433285693,-0.00893054125652984,0.0155629878362181
22.9,-0.01957408202062,-0.0124214355908234,0.0204218150025919
22.905,-0.0236326988224502,-0.015290289429863,0.0242044537416078
22.91,-0.0264793237947723,-0.0173939456520128,0.0267203477255131
22.915,-0.0279727017477966,-0.0186226738677459,0.0278529949535542
22.92,-0.0280391755100964,-0.0189119632261925,0.0275466839909052
22.925,-0.0266749201916192,-0.0182450149736332,0.0258251756848394
22.93,-0.0239538980063184,-0.0166546921180559,0.0227878537855779
22.935,-0.0200159063808395,-0.0142143094232375,0.0185994827675801
22.94,-0.0150631878430662,-0.0110487381900465,0.0134778481785625
22.945,-0.00935139940977793,-0.00731683980145991,0.00769309952904012
22.95,-0.0031708253582401,-0.0032036193445884,0.00154758347563718
22.955,0.00316259176467111,0.00108156331998568,-0.00464515911931094
22.96,0.00932333778597985,0.00531875954108913,-0.0105641358023451
22.965,0.0149977388780264,0.00929341708067088,-0.0159091665678933
22.97,0.0198953246309291,0.0128017936938742,-0.0204111066397457
22.975,0.0237654648440721,0.0156599337436164,-0.0238442102369341
22.98,0.0264146234057287,0.017721410894965,-0.02603980784833
22.985,0.0277048431548922,0.0188820214484936,-0.0268910800939673
22.99,0.0275728969799868,0.0190722753913293,-0.0263660695249438
22.995,0.0260305759558331,0.0182825708672168,-0.0244991871286736
23,0.0231557744259749,0.0165539141338165,-0.0213936118737058
23.005,0.0190967837884363,0.0139700663126445,-0.0172116589505209
23.01,0.0140679278541574,0.0106604078553715,-0.0121778401192313
23.015,0.00832470853340554,0.0067985536673914,-0.00655200790889833
23.02,0.00216182715051283,0.0025792241067487,-0.000619784945162945
23.025,-0.00409646715584172,-0.00177965459341593,0.00531067694325372
23.03,-0.0101326783173087,-0.00604994326464022,0.0109393708254111
23.035,-0.0156392804824811,-0.0100110283680064,0.0159847942360844
23.04,-0.0203275215931878,-0.0134598234992639,0.0201897001375462
23.045,-0.0239607801484995,-0.0162103573932056,0.0233482150304714
23.05,-0.0263560851655922,-0.0181210240210375,0.0253062729252205
23.055,-0.0273883875275132,-0.0190933840115259,0.025969741720213
23.06,-0.027008927984955,-0.0190733644397541,0.0253119099346167
23.065,-0.0252417698697159,-0.0180591722032666,0.0233757402077996
23.07,-0.0221758900759142,-0.0161078686445955,0.0202603711993959
23.075,-0.0179761429721514,-0.0133186314227997,0.0161326020009773
23.08,-0.0128607696933758,-0.00983238186355951,0.0112069607864979
23.085,-0.00709294529070897,-0.00583892010028219,0.00573261094068376
23.09,-0.000974627078014642,-0.00154474434261403,-9.85214154482117e-06
23.095,0.00517736857162737,0.00282837964582432,-0.00572633732913345
23.1,0.0110475293372289,0.00704879126674445,-0.0111319350577793
23.105,0.0163309832629817,0.0108913754150007,-0.0159554663804783
23.11,0.0207566057404485,0.0141627052461647,-0.0199498737985496
23.115,0.0240989499115307,0.0166894424113414,-0.0229222040054321
23.12,0.0261873926350321,0.0183331931531469,-0.0247282350246589
23.125,0.0269182228726757,0.0190183500768937,-0.0252739157998663
23.13,0.0262551748860181,0.0187091323681323,-0.0245389193134073
23.135,0.0242380931435831,0.0174183998755608,-0.0225678721751018
23.14,0.02097594400249,0.0152173910742197,-0.0194595398932141
23.145,0.0166395356611795,0.0122334413796191,-0.0153728272742828
23.15,0.0114569537870146,0.00861238620575725,-0.010519101754193
23.155,0.00570150971080541,0.00455128910238164,-0.0051471828727375
23.16,-0.000329444312450566,0.000270463925470608,0.00047803848621338
23.165,-0.00632063526204822,-0.00400984424202466,0.00606486885645984
23.17,-0.011962342686033,-0.00806855859980366,0.0113334796762793
23.175,-0.0169658854860003,-0.0116833224465966,0.0160206061531976
23.18,-0.0210730957239788,-0.0146722066376313,0.0198881226827257
23.185,-0.0240721935292573,-0.0168836995693709,0.0227422740904671
23.19,-0.0258176061452325,-0.0181985141244921,0.0244374645757343
23.195,-0.0262214396791221,-0.0185538915787878,0.0248940201204095
23.2,-0.0252664352884024,-0.0179395092812523,0.0240841440713593
23.205,-0.0230101973557152,-0.0163890651930481,0.0220517074551649
23.21,-0.0195736418458489,-0.0139865945343014,0.0189014086840512
23.215,-0.0151417775475425,-0.010871428360291,0.0147902737029351
23.22,-0.00994779730373584,-0.00720457339042591,0.00993033128109346
23.225,-0.00426269519539341,-0.00318162615331137,0.00456382603992427
23.23,0.00161491511987973,0.000982223563616109,-0.0010325240166999
23.235,0.0073816755836534,0.00506568201757686,-0.00657584071198666
23.24,0.0127410345438462,0.00886213456688829,-0.0117868467242354
23.245,0.0174137450460403,0.0121689100555415,-0.0163957851213211
23.25,0.0211667966484168,0.0148171274978342,-0.0201684049387578
23.255,0.0238080469448136,0.0166776789729467,-0.0229126841812837
23.26,0.0252059859271967,0.0176570781462701,-0.0244861950684808
23.265,0.025294497535695,0.0177070153279227,-0.0248081108513445
23.27,0.0240790173332499,0.0168381109427858,-0.0238588952350654
23.275,0.0216270917444724,0.0151032175229492,-0.0216876206933383
23.28,0.0180725639795024,0.0125956478897528,-0.0183993933388192
23.285,0.0136055237946742,0.00945405761828189,-0.0141682110339266
23.29,0.00845956758133894,0.00585006178451514,-0.00920169946929908
23.295,0.0029064083390582,0.00197058357980402,-0.00375775698420123
23.3,-0.00276406839757198,-0.00197826537274216,0.0018825755819393
23.305,-0.00826357481418117,-0.00579127038575695,0.00743589883022773
23.31,-0.0133066186085017,-0.00927517613684862,0.0126089896372135
23.315,-0.0176307778845624,-0.0122508598739383,0.0171369429707995
23.32,-0.0210290521172724,-0.0145674810553393,0.0207873905776832
23.325,-0.0233215780700101,-0.0161150347422963,0.0233675226753915
23.33,-0.0244012263720296,-0.0168208619400151,0.0247398129057425
23.335,-0.0242201287804159,-0.0166557464566718,0.0248343885754301
23.34,-0.0227955820248559,-0.0156358475551541,0.0236452199009478
23.345,-0.0202046539558863,-0.0138245466185324,0.0212245379185126
23.35,-0.0165938672950755,-0.0113204155726221,0.0177025524912919
23.355,-0.012150180805933,-0.00825647430901147,0.0132577454597603
23.36,-0.00710886521423122,-0.00479814403563846,0.00811726750914585
23.365,-0.00173373384130044,-0.001125317725429,0.00255176609330844
23.37,0.00369916631928547,0.00257494815009148,-0.00315191621033986
23.375,0.00891084220368624,0.00611293871763352,-0.0086961488165783
23.38,0.013634977957872,0.00930540132416746,-0.0137898282803147
23.385,0.017629466519173,0.0120011262439003,-0.0181690477944013
23.39,0.0206998931348625,0.0140646691244967,-0.021600026479911
23.395,0.0226917231625258,0.0153955336705632,-0.0239043201384951
23.4,0.0235095768188452,0.0159381676116049,-0.0249581034098937
23.405,0.023117787512354,0.0156668021918426,-0.0247070338881221
23.41,0.0215469281751628,0.0146045536386974,-0.0231599435390762
23.415,0.0188831401755709,0.0128153998321484,-0.0203976054600497
23.42,0.0152669271867474,0.0103921778060227,-0.0165667170942312
23.425,0.010892206176143,0.00745974805099907,-0.0118662411731229
23.43,0.00598560548163461,0.0041774390578483,-0.00654241975635996
23.435,0.000799231927581075,0.000706503327861042,-0.000877719368642508
23.44,-0.00439685413487166,-0.00277883375238734,0.00482986389376888
23.445,-0.00934122404711801,-0.00609815151702625,0.0102824804976347
23.45,-0.0137825337646813,-0.00909044959619471,0.0151874976619024
23.455,-0.0174947039740979,-0.0116119711336574,0.0192868845012083
23.46,-0.0202956279974452,-0.0135339225649001,0.0223676244226891
23.465,-0.0220475285591296,-0.0147649169724732,0.0242643665218187
23.47,-0.0226607464883446,-0.0152555949656277,0.0248765981692429
23.475,-0.022119133068294,-0.0149775472819185,0.0241755692674139
23.48,-0.0204531000306839,-0.0139508603443602,0.0222005395255162
23.485,-0.0177502357684239,-0.012232641428335,0.0190530707110878
23.49,-0.0141569042957371,-0.00991143360769884,0.0149076963610138
23.495,-0.00986122408973482,-0.00709866070391612,0.00998334527003044
23.5,-0.00508168884205285,-0.00394479302092918,0.00454095440367783
23.505,-6.48020942978441e-05,-0.000603530643434782,-0.00112516356299655
23.51,0.00493165521756666,0.00276250203671439,-0.00671765242091345
23.515,0.00965718912963866,0.00598191616103874,-0.011936872992253
23.52,0.013868365864173,0.0088948714563969,-0.0165070649179101
23.525,0.0173561175523733,0.0113602347427555,-0.0201883306315716
23.53,0.019946362001141,0.0132572508835336,-0.022785241939985
23.535,0.0215108769554375,0.0144857836361159,-0.024164729198861
23.54,0.0219734838576509,0.014992300884198,-0.0242584842543577
23.545,0.021315950385149,0.01475060167052,-0.0230661673942444
23.55,0.0195763079464186,0.013767756052339,-0.0206548781790559
23.555,0.0168457336066274,0.0120961922597723,-0.017162082353724
23.56,0.0132661665750671,0.00981881996657645,-0.0127750939836588
23.565,0.00902179589647478,0.00704452928222815,-0.00773015898862072
23.57,0.00433330986898678,0.00391022646440648,-0.00230730846213025
23.575,-0.000564572102574644,0.00057701704264868,0.00321174198890505
23.58,-0.00541812763875119,-0.00279608044531626,0.00852950374503346
23.585,-0.00998131669929634,-0.00603703536723339,0.0133594954430183
23.59,-0.0140236804988345,-0.00898330110681962,0.0174540153131428
23.595,-0.0173413116242444,-0.011487612069044,0.0205976796542652
23.6,-0.0197665243106445,-0.0134231103566067,0.0226258192410546
23.605,-0.0211776670429504,-0.0146869476953166,0.023443427186127
23.61,-0.0215058902604639,-0.0152125278945589,0.0230151321599352
23.615,-0.0207351906478828,-0.014972061434941,0.0213662996945229
23.62,-0.0189088406300248,-0.0139714741679895,0.0186001842556269
23.625,-0.016119388613003,-0.0122554490310065,0.0148735145090892
23.63,-0.0125097720754653,-0.00990724516532449,0.0103841843448243
23.635,-0.00826966802135538,-0.00704406231598663,0.00538557745542353
23.64,-0.00361354762582352,-0.00380307878140569,0.000143258098993517
23.645,0.00122115484060202,-0.000350534972991894,-0.00506326536434098
23.65,0.00598673316863379,0.00314083889233803,-0.00995566563615021
23.655,0.0104378142302979,0.00649394758515396,-0.0142778008303732
23.66,0.0143521345533645,0.0095353680665531,-0.017807485872879
23.665,0.0175247378882708,0.012105043697171,-0.0203659267710879
23.67,0.0197963125111123,0.0140711055989555,-0.0218242962735299
23.675,0.021050737300376,0.0153241508303994,-0.0221195171204024
23.68,0.0212237830905851,0.015794660236296,-0.0212475419553099
23.685,0.0203077316571794,0.0154528883672544,-0.0192658753997173
23.69,0.0183493392452566,0.014308761611435,-0.016292994605025
23.695,0.0154503752246653,0.0124138700907643,-0.0124951060791551
23.7,0.011759174009036,0.00986246151335701,-0.00808391607688906
23.705,0.00746507112883739,0.00678107213536444,-0.00329601465232745
23.71,0.00278682649154337,0.00332330550485323,0.00160901631011225
23.715,-0.00202938563550949,-0.000332887776674988,0.00637460982225789
23.72,-0.00674310409748646,-0.00399515048483614,0.0107518547722119
23.725,-0.0111058743921157,-0.00747741782685458,0.0145147467164648
23.73,-0.0148924847512639,-0.010591202722817,0.0174756230112601
23.735,-0.0179133386768184,-0.0131700049797782,0.0194888467592764
23.74,-0.0200078175796194,-0.015076237710173,0.0204611642611998
23.745,-0.021065101220056,-0.0162034805607832,0.0203565018862338
23.75,-0.0210380760114288,-0.0164830723474534,0.0191960239103297
23.755,-0.0199231037818424,-0.0158988229715102,0.0170527715825158
23.76,-0.0177742619332283,-0.0144729417894893,0.0140520075778174
23.765,-0.0147081185418494,-0.0122694473157946,0.0103642982293096
23.77,-0.0108796988870704,-0.00940537402790679,0.00618680799292601
23.775,-0.00648774953230069,-0.00602658722056485,0.00174508825484626
23.78,-0.00176113434171585,-0.00230422859192011,-0.00272680204439804
23.785,0.00305733849234495,0.00156001534489773,-0.00699903571359019
23.79,0.007716173084117,0.00536179382301282,-0.010852783925326
23.795,0.0119713994133281,0.00890072684958998,-0.0140967885593282
23.8,0.015603714478131,0.011986209026528,-0.0165717942066284
23.805,0.018426398294996,0.0144454630270675,-0.0181658301351251
23.81,0.0202872561777627,0.0161496838490154,-0.0188084178998353
23.815,0.0210937589000291,0.0170010748642206,-0.018479093523708
23.82,0.0208025083287808,0.0169454357829525,-0.0172139538144932
23.825,0.0194269800398478,0.0159821701305091,-0.0150880672882036
23.83,0.0170396078031546,0.0141637148495432,-0.0122237204705037
23.835,0.0137644995653803,0.0115752464772717,-0.00877732480269089
23.84,0.00977491549117154,0.00835684096586921,-0.0049343748488782
23.845,0.00527623839096369,0.00468212743390552,-0.000893041712473079
23.85,0.000506092348189304,0.000742864138476833,0.00313903679024825
23.855,-0.00428470628593351,-0.00325080257740277,0.00695581530113235
23.86,-0.00884831789308168,-0.00707486679913515,0.0103730981048495
23.865,-0.0129478561436911,-0.0105296756976207,0.0132244707081368
23.87,-0.0163652265896369,-0.0134280267696099,0.0153718113336232
23.875,-0.0189257599852932,-0.0156064907713706,0.0167225470314001
23.88,-0.0204924256203679,-0.016946381023929,0.0172205844613687
23.885,-0.0209831862383908,-0.0173772399519044,0.0168508177163949
23.89,-0.0203768195058378,-0.0168717474806967,0.0156437829798526
23.895,-0.0187019390459702,-0.0154517158172856,0.0136751833944145
23.9,-0.0160509704191667,-0.0131988741580701,0.011047686968838
23.905,-0.0125622528063762,-0.0102336335288914,0.00790343313747463
23.91,-0.00842396469944756,-0.00671355314918332,0.00440546491992259
23.915,-0.00384984701910997,-0.00283366115806671,0.000728735092697082
23.92,0.000917687678656781,0.00119528433069511,-0.0029439247253217
23.925,0.00562704107869117,0.00515729097996752,-0.0064315351542113
23.93,0.0100329962073307,0.00883817989416641,-0.00956544461226858
23.935,0.013904877280274,0.0120326628322504,-0.0121985283275224
23.94,0.0170367708198751,0.0145724418809269,-0.0142068028567053
23.945,0.019267373133609,0.0163189307527207,-0.0154962181702286
23.95,0.0204816317196675,0.0171767402994858,-0.0160143809459471
23.955,0.0206171210526441,0.0171012319562987,-0.0157428159651286
23.96,0.0196709276751567,0.0161034940142703,-0.0147009445738027
23.965,0.0176930571240216,0.0142361999741865,-0.0129469845213089
23.97,0.0147952207060514,0.011605343624744,-0.0105744248731368
23.975,0.0111304394872772,0.00835963862843543,-0.00769983469188433
23.98,0.00689298473792686,0.00467618424483014,-0.00446544175632327
23.985,0.00230615027800154,0.000753568351503704,-0.0010343145558265
23.99,-0.00238583265048698,-0.00318889420879561,0.00243136646292942
23.995,-0.00693659172574766,-0.00693602517286258,0.00576232639715489
24,-0.0111077726362766,-0.0102888722751184,0.00879648861606168
24.005,-0.014679946596018,-0.0130647924178718,0.0113893134994195
24.01,-0.0174672947509126,-0.015115289120776,0.0134183344758609
24.015,-0.0193266249456887,-0.0163356808157303,0.0147851137101711
24.02,-0.0201634952961817,-0.0166657022869947,0.0154264885476681
24.025,-0.0199408859420101,-0.0160929509789477,0.0153139065118624
24.03,-0.0186734734538478,-0.0146547014586775,0.0144529318278757
24.035,-0.0164333606713782,-0.0124388534024581,0.0128857959738359
24.04,-0.0133435879697195,-0.00957184492846834,0.010689436370977
24.045,-0.00956663688676696,-0.00621190227716821,0.00796740789042603
24.05,-0.00530441587881077,-0.00254755752916422,0.00485459580572009
24.055,-0.000787588269867613,0.0012183337597737,0.00149983158782166
24.06,0.00374990155998344,0.00488213553972129,-0.00193581630580624
24.065,0.00806654420101778,0.00824704130851439,-0.00528171155873423
24.07,0.0119369214651487,0.0111328786399448,-0.00837368779586839
24.075,0.0151623091096762,0.0133879600676905,-0.0110639879585926
24.08,0.0175759692818591,0.0148996110973827,-0.013216065418285
24.085,0.0190567818040319,0.0155940850061651,-0.0147206053949133
24.09,0.0195350698507046,0.0154437415334259,-0.0155064492885762
24.095,0.0189905580415043,0.0144687409314914,-0.015526544596326
24.1,0.0174545068303588,0.0127332149660632,-0.014772967236989
24.105,0.0150176797696837,0.0103351461229515,-0.0132852489430094
24.11,0.0118116786163684,0.00741715139999313,-0.0111256682812529
24.115,0.00800686153042117,0.00414336861047064,-0.00839823680346245
24.12,0.00380979663764292,0.000691352844311016,-0.00523473195974301
24.125,-0.000559012259352162,-0.0027475697844032,-0.00179199817705797
24.13,-0.00487073248096793,-0.00598985598205448,0.00176395687246418
24.135,-0.00890026846726007,-0.00886582648868673,0.00525390800178874
24.14,-0.0124390583317442,-0.0112284615703284,0.00850204104451325
24.145,-0.0153072925298067,-0.0129565046570359,0.0113466241554921
24.15,-0.0173614420961681,-0.0139735496557824,0.0136369763491897
24.155,-0.0185003958929832,-0.0142350190448356,0.0152542757453438
24.16,-0.0186681589064942,-0.0137392708024465,0.0161121902082073
24.165,-0.0178689837990037,-0.0125250619951307,0.0161570504857339
24.17,-0.0161463315783463,-0.0106722860355939,0.0153806582036168
24.175,-0.0135964768076995,-0.00829092238729408,0.0138148713071481
24.18,-0.0103635048953364,-0.00551256409707849,0.0115317062581852
24.185,-0.00661542620635292,-0.00249758720214753,0.00864170895566848
24.19,-0.00255120901939527,0.000593845129370943,0.005286333764242
24.195,0.00161306742364342,0.00359735120896368,0.00163453578718774
24.2,0.00566355441451865,0.00635678889781586,-0.00213241546278426
24.205,0.00939400548248204,0.00873019194263179,-0.00581822515275169
24.21,0.0126101330795491,0.0106065169208854,-0.00923490013967419
24.215,0.0151530659310851,0.0118940242322668,-0.0122017546977803
24.22,0.0168975775504408,0.0125391573607204,-0.0145629345217992
24.225,0.0177554245341238,0.0125232838245737,-0.0161890409085864
24.23,0.0176930356359228,0.0118617310178814,-0.0169881047262773
24.235,0.0167218623352784,0.0106016862210896,-0.016913329828192
24.24,0.0148958835450956,0.00882255964420261,-0.0159586102488698
24.245,0.0123160981706022,0.00662764340792897,-0.0141687947032597
24.25,0.00912622854357363,0.00413937123870918,-0.0116248590127318
24.255,0.00548869840943813,0.0014929338958317,-0.00846119194341404
24.26,0.00159798816191439,-0.00117399801633599,-0.00483088924556499
24.265,-0.00234562125455036,-0.00372265392765235,-0.000920933378323603
24.27,-0.00614248297185981,-0.00603078849722898,0.00306153863455402
24.275,-0.00959613812086772,-0.00798162749972403,0.00691164031643578
24.28,-0.012533808575084,-0.00948990179023665,0.0104280048177913
24.285,-0.0148100166320113,-0.0104871135636318,0.0134198245444853
24.29,-0.0163134146792764,-0.0109368149296655,0.0157232112766248
24.295,-0.0169707987798367,-0.0108295877373847,0.0172165434286826
24.3,-0.0167590926666164,-0.0101832060900625,0.0178152571206825
24.305,-0.0156913109082575,-0.00904481029586382,0.0174745702464242
24.31,-0.0138309991826505,-0.00748041391504359,0.0162159046810515
24.315,-0.0112802452012657,-0.00558061302423843,0.0140966679183783
24.32,-0.00817258749352183,-0.00344553966195113,0.0112174097834329
24.325,-0.00466630194780418,-0.00118652285630699,0.0077365325856914
24.33,-0.000946766698974207,0.00108668258175586,0.00382952519237508
24.335,0.00279645263016479,0.00325648791203196,-0.00029983196680131
24.34,0.00637583832757471,0.0052235848254307,-0.00443265110628805
24.345,0.00960932615477367,0.00689881342867846,-0.00834492808070907
24.35,0.0123360788712188,0.00820550842728402,-0.0118348707092447
24.355,0.0144175922095803,0.00908790457998781,-0.0147093351158242
24.36,0.0157568611096233,0.00951660032810731,-0.0168135405729202
24.365,0.0162892635744262,0.00947895209655848,-0.0180372636555282
24.37,0.0159922006756034,0.00898638849858665,-0.0183053938083917
24.375,0.0148865862431739,0.00807205994781722,-0.0176028529541731
24.38,0.0130324236383827,0.00679031853615722,-0.0159668381680154
24.385,0.0105266831431025,0.00520340428455764,-0.0134776936831406
24.39,0.00750159099503801,0.00339561029163734,-0.0102662044971195
24.395,0.0041087977246481,0.00145547052207991,-0.00650448159712727
24.4,0.000524228494655468,-0.000526521241127556,-0.00239052988450878
24.405,-0.00306890334017974,-0.00245560472276783,0.00186059459808361
24.41,-0.00649318715387956,-0.00423902057018751,0.00601437263648112
24.415,-0.00957449572351369,-0.0058056868452865,0.00985561123393298
24.42,-0.0121561584561478,-0.0070776083837848,0.0131784722810442
24.425,-0.0141145629875919,-0.00800013548568193,0.0158029941610644
24.43,-0.0153518554137476,-0.00854117829042575,0.017589486073896
24.435,-0.0158059977214637,-0.00867757397851537,0.0184414331240628
24.44,-0.0154597425576127,-0.00839957896596873,0.0183150840413239
24.445,-0.0143314154638414,-0.00773360243019912,0.0172151986757297
24.45,-0.0124811997415087,-0.0067098092168573,0.0151990490822075
24.455,-0.0100048745462257,-0.0053746981840211,0.0123803966052814
24.46,-0.00702959535843383,-0.00379460439985421,0.0089026044854914
24.465,-0.00370404479358614,-0.00204578289883824,0.00495810303781641
24.47,-0.000201576254524015,-0.000202647094032393,0.000754710211513222
24.475,0.00330335176810687,0.00164424315482896,-0.00348249110512158
24.48,0.00663433353570677,0.00340977016604864,-0.00752969182743332
24.485,0.00962330096418833,0.00501295925001475,-0.011169337055201
24.49,0.0121162176235477,0.0063822074644866,-0.01420811818642
24.495,0.0139928142224325,0.00744451785585191,-0.0164874286751557
24.5,0.0151568984784769,0.00815896672152907,-0.0178868036033271
24.505,0.0155483140681051,0.00848602812526102,-0.0183338092811353
24.51,0.0151512388873712,0.0084076140651623,-0.0178087768166704
24.515,0.013985473471831,0.00792746613402586,-0.0163418825564012
24.52,0.0121123930305394,0.00706823576634419,-0.0140143032421435
24.525,0.00962358673434585,0.00586087793415711,-0.010952581145017
24.53,0.00664720387714923,0.00436496196072185,-0.00732466126466857
24.535,0.00333487558983085,0.00265117604488925,-0.00332069823623948
24.54,-0.000146262385617443,0.000796189387683343,0.000842060489256
24.545,-0.00362013342595339,-0.00111218625277241,0.00494295303980971
24.55,-0.00690791602048651,-0.00297787766259176,0.00876390315328878
24.555,-0.00984333781549246,-0.00471511979115747,0.0121064427678053
24.56,-0.012274917187954,-0.00623489165645089,0.0147929354693882
24.565,-0.014079886469092,-0.00746156444175845,0.0166872149173784
24.57,-0.0151711789230904,-0.00833061794961206,0.0176940247661265
24.575,-0.0154840406925899,-0.00879809853862124,0.017762390038511
24.58,-0.0150064584990214,-0.00883182664260804,0.0168942622179334
24.585,-0.0137620480408806,-0.00842733665590172,0.0151472853072234
24.59,-0.0118129942062011,-0.00759719778221933,0.012609169715414
24.595,-0.00925459115130408,-0.00637936207774148,0.00942268262951004
24.6,-0.00622271236980978,-0.00482730510505765,0.00576236069184191
24.605,-0.0028696394999365,-0.00301437894617271,0.00181913287673784
24.61,0.000633927463172024,-0.00103240623108873,-0.00219655268025222
24.615,0.00410474739557263,0.001023221821103,-0.00606906361616815
24.62,0.00736784374529974,0.0030509163749032,-0.00959947487182105
24.625,0.0102572537104331,0.00494384583508348,-0.0126093881882959
24.63,0.0126200985031754,0.00660257777218909,-0.0149363410631346
24.635,0.0143352419012933,0.00794785886730374,-0.0164678243018456
24.64,0.0153184102642838,0.00889735616440519,-0.0171320793971122
24.645,0.0155094771063435,0.00939715933370566,-0.0168970371665966
24.65,0.0149022327900737,0.00942075172175687,-0.0157804740080164
24.655,0.0135268123139202,0.00895886554150217,-0.0138503872184386
24.66,0.0114506217855429,0.00802350360716504,-0.0112118253146404
24.665,0.00878131889190991,0.00666646133967615,-0.00800808659237109
24.67,0.00565617372468625,0.00495120853210194,-0.00441146120745656
24.675,0.00223754605091022,0.00295589709634987,-0.00061237967014523
24.68,-0.00130146144099742,0.000790955432708269,0.00319123726740858
24.685,-0.0047766435857263,-0.00143600172197623,0.00680389498207273
24.69,-0.00800744357423487,-0.00361324950431664,0.0100350386901592
24.695,-0.0108276884563593,-0.00562214541214982,0.012721954048078
24.7,-0.0130900272595967,-0.00734839233712327,0.0147347704542287
24.705,-0.0146759893728641,-0.00871030505710245,0.0159669063943384
24.71,-0.0155012155897699,-0.00962567054921486,0.0163633050622968
24.715,-0.0155218506424662,-0.0100359981727902,0.0159138197594449
24.72,-0.0147356205514103,-0.00992460578955004,0.014643813906128
24.725,-0.0131851724698162,-0.00929046703798565,0.0126277220274166
24.73,-0.0109472270563784,-0.00815475162017024,0.00997631105541248
24.735,-0.0081410656320466,-0.00658055623340325,0.00683062970138498
24.74,-0.00490838580096362,-0.00465017474446679,0.00335374977790504
24.745,-0.00142072790284497,-0.00245337994306948,-0.000268497308688545
24.75,0.00214560021361544,-0.000112536812152975,-0.00385062273666936
24.755,0.00560171596331097,0.00224652325370716,-0.00721273494844538
24.76,0.00876607832089775,0.00450625363149714,-0.0101774915142105
24.765,0.0114750380711277,0.00654045908506491,-0.0126013199490295
24.77,0.013585718059943,0.00823404660905414,-0.0143608697000916
24.775,0.014986852468764,0.00950291842937561,-0.0153712294268472
24.78,0.0156069526363666,0.0102710252739931,-0.0155867319525082
24.785,0.0154113607320536,0.0104917227031236,-0.0150015398249084
24.79,0.0144131994398646,0.0101557999571954,-0.0136539402227575
24.795,0.0126640839307076,0.00927725282542649,-0.0116143124587422
24.8,0.0102528093828569,0.00789613933421743,-0.00899455557213178
24.805,0.00730630379927292,0.00608701480788472,-0.00593077351825676
24.81,0.00398127485521204,0.00394686702096173,-0.00258273133857775
24.815,0.000449293532887661,0.00158410316072987,0.000878361519968358
24.82,-0.0031053313623751,-0.000871436651268584,0.00427391450996041
24.825,-0.00649390316633636,-0.00328805689648816,0.00743118852998259
24.83,-0.00954163281379932,-0.00553270585588071,0.0101926750395601
24.835,-0.0120854931019461,-0.00748894388077263,0.0124159848083723
24.84,-0.013995089419548,-0.00904709088877481,0.0139927271856397
24.845,-0.0151716534237226,-0.0101221762555069,0.0148512683434681
24.85,-0.0155539536534155,-0.010657546003999,0.0149448567849967
24.855,-0.0151204459867838,-0.0106243379184058,0.0142758570918528
24.86,-0.0138993733136331,-0.0100191667997393,0.0128831476494155
24.865,-0.0119513717241172,-0.0088748772623979,0.0108406096644332
24.87,-0.0093789217510142,-0.00725481236025554,0.00825297522095391
24.875,-0.00632240097492713,-0.00524414174312387,0.0052561645731128
24.88,-0.00293586861465948,-0.00295004365841646,0.00200578589191652
24.885,0.000597452366430334,-0.000500488424102506,-0.00133660642914274
24.89,0.00409296759332385,0.00197744652553944,-0.00459338731413259
24.895,0.00736563144761488,0.00434861101632241,-0.00760366954762895
24.9,0.0102461194603155,0.00648449994717864,-0.0102158912045904
24.905,0.0125841875958316,0.00827059798678203,-0.0122973706598985
24.91,0.0142601464975749,0.00961497726307063,-0.0137451990792847
24.915,0.015184031908939,0.0104414603943951,-0.0144843987139773
24.92,0.0153115169879626,0.0107077620534889,-0.0144840772029467
24.925,0.0146404187000857,0.0104007056186853,-0.0137448691807412
24.93,0.0131996761511527,0.00953900089666756,-0.0123021292826392
24.935,0.0110738822363411,0.00816638834660044,-0.0102362932486322
24.94,0.00837374833251036,0.00636139218857292,-0.00765236328316137
24.945,0.00524343222177673,0.00421982292008596,-0.00468157092362439
24.95,0.00184960615909357,0.00185890213405899,-0.00147879252885924
24.955,-0.00162892362461532,-0.00059515635527948,0.00179144597462934
24.96,-0.00501444529031748,-0.00300817293766053,0.00496330235900146
24.965,-0.00812475346928244,-0.00525361607018034,0.0078772773922359
24.97,-0.0107997231779459,-0.00721075082554866,0.0103804014531853
24.975,-0.0129054186851084,-0.0087759568052952,0.0123468725666199
24.98,-0.0143280551997908,-0.00986887824917364,0.0136790885425521
24.985,-0.0149952737062288,-0.0104296378190095,0.0143070336593522
24.99,-0.0148790690334097,-0.0104322583699818,0.0141963288272568
24.995,-0.0139855484899876,-0.00988085453613003,0.01335962924314
25,-0.0123645741826545,-0.00880464924673339,0.0118341560166601
25.005,-0.0101040337662984,-0.00726623731695877,0.00970199320051736
25.01,-0.00732470589588484,-0.00534971791799212,0.00707477877066907
25.015,-0.00417514345764849,-0.00316180101092144,0.00408566000288276
25.02,-0.0008206719393033,-0.000817109904674947,0.000886545041730747
25.025,0.0025661240342344,0.00155723690810697,-0.00235440529006214
25.03,0.00580575374393848,0.00383834951353777,-0.0054698073050281
25.035,0.00872781458491696,0.00590007548820953,-0.00830475658482216
25.04,0.0111840685270785,0.00763894434840555,-0.0107067638313609
25.045,0.013048034955892,0.00896322892540562,-0.0125529014635681
25.05,0.0142229811986545,0.00980484294495674,-0.0137541918729964
25.055,0.0146495727503012,0.0101242421033183,-0.0142382411190251
25.06,0.0143139503082982,0.00990872900397671,-0.0139854808471792
25.065,0.0132325153083231,0.00917138972058816,-0.0130135309785826
25.07,0.0114672839295398,0.00795724066870834,-0.0113654088104273
25.075,0.00911441729793823,0.00633402696395197,-0.00912659919858492
25.08,0.00629858329876433,0.00438776374412765,-0.00641852495691891
25.085,0.00316691949153734,0.00222484911923668,-0.00337685532607167
25.09,-0.000116354773372032,-4.00550530616133e-05,-0.000158248966153633
25.095,-0.00337776133959946,-0.00228839368932201,0.00306515593281414
25.1,-0.00644812728975072,-0.00439892896600818,0.00612748238162559
25.105,-0.00916805582458177,-0.00626354246195911,0.00887434469457454
25.11,-0.0114026245596687,-0.00778852309054493,0.0111532064461107
25.115,-0.0130304955462089,-0.00889477587146675,0.0128516026560931
25.12,-0.0139751743069148,-0.00952643218769526,0.0138805992531284
25.125,-0.0141918805203331,-0.00965769952077402,0.0141851201217083
25.13,-0.0136728880340571,-0.00928472587585892,0.0137496692205911
25.135,-0.0124474269153519,-0.00843086863977642,0.0125978174301691
25.14,-0.0105813676392714,-0.00714525511675006,0.010787060198195
25.145,-0.00817594701179132,-0.00549677080302149,0.00841394511499403
25.15,-0.00535815519218236,-0.00357669724907811,0.00560401383090613
25.155,-0.00227545174351414,-0.00148605220906566,0.00249931938035455
25.16,0.000912208248696517,0.000666526136141441,-0.000731920800286674
25.165,0.00403589426873531,0.00276588094578462,-0.00392156700002904
25.17,0.00693780377965893,0.00470384838883852,-0.00690782308316336
25.175,0.00946304470160047,0.00638663212708175,-0.00952442989337972
25.18,0.0114913363392992,0.00772407231279083,-0.0116420999088714
25.185,0.0129169111461048,0.0086510327455162,-0.0131507599750241
25.19,0.0136635014355642,0.00912785996283618,-0.013967068765952
25.195,0.0137033158677975,0.00912938759140942,-0.0140492448998636
25.2,0.0130350163409476,0.00866032928653494,-0.0133979318268026
25.205,0.0116934197890324,0.00775008398766796,-0.0120434614022253
25.21,0.00975192945325729,0.00644826647977734,-0.0100573811483983
25.215,0.00731722862371567,0.00482139457541946,-0.00754894656032674
25.22,0.00451416333176006,0.00296340414945126,-0.00464705795454111
25.225,0.00149135071593578,0.000964700645765553,-0.00150269836829375
25.23,-0.00159559799327464,-0.0010704201856979,0.00171004881674578
25.235,-0.0045865488463285,-0.00303430065633272,0.00483172141911475
25.24,-0.00732729516285142,-0.00482803241610185,0.00769544700824914
25.245,-0.00967973873678756,-0.00636593253456938,0.010146718012291
25.25,-0.0115226285022453,-0.0075672510000802,0.0120633425880228
25.255,-0.0127637577653168,-0.00836946751830922,0.0133440576162115
25.26,-0.0133396509263667,-0.0087445139646651,0.0139176645281023
25.265,-0.0132264586227172,-0.00866761790683205,0.0137601371091919
25.27,-0.0124288262733277,-0.00814514809986256,0.012882883946623
25.275,-0.0109965387804632,-0.00721368511850746,0.0113272986250177
25.28,-0.00899993673213023,-0.00592089363189788,0.00918019717175181
25.285,-0.00654673630465982,-0.00432797933637698,0.00656144261136887
25.29,-0.00376742886485849,-0.00252850244034483,0.00360071799187147
25.295,-0.0008015688403068,-0.00061172190107671,0.000458424363786513
25.3,0.00219510439959188,0.00133251182487027,-0.00269545503175195
25.305,0.00506781711057536,0.00319489314857179,-0.00570107367138155
25.31,0.0076693686855713,0.00488315201478985,-0.00840221512829589
25.315,0.00986800500224061,0.00631629216422722,-0.0106492168430977
25.32,0.0115481323585952,0.00742503588986334,-0.0123310747782564
25.325,0.0126283872431649,0.00814243834166428,-0.0133631170701914
25.33,0.0130530075691256,0.00844607440873808,-0.0136895681683438
25.335,0.0128019957252203,0.00832118933674241,-0.0132947221976941
25.34,0.0118910431181477,0.00776997821033392,-0.0122070776637135
25.345,0.0103702838085435,0.00682511188491373,-0.010482132961663
25.35,0.00831760176629457,0.00554139181343678,-0.00821347959218479
25.355,0.00584063108061691,0.00397590412054652,-0.00552339489372131
25.36,0.00307227769950111,0.00221113628251479,-0.00255457665541282
25.365,0.000147439049960222,0.000344529161466242,0.00053898451245539
25.37,-0.00277529498884874,-0.00153589914499271,0.00359225033531996
25.375,-0.00554434504346183,-0.00333552875984369,0.00644324208956756
25.38,-0.00802201948711725,-0.0049583914521688,0.0089485997100309
25.385,-0.0100797435155373,-0.00632100450087318,0.0109758239384629
25.39,-0.0116093187351885,-0.00736502816350667,0.0124206496218617
25.395,-0.0125331052309439,-0.00802842330468879,0.0132108148495256
25.4,-0.0128095337125762,-0.00827563458439741,0.0133084426093891
25.405,-0.0124224604565579,-0.00810560506271096,0.0127111289907937
25.41,-0.0113936556027557,-0.00752316214468346,0.0114520372547601
25.415,-0.00977539569458317,-0.00654822164303012,0.00960262279033031
25.42,-0.0076564413935693,-0.00524279762299605,0.00726096265854697
25.425,-0.00514335633880921,-0.0036766642132305,0.00454886262721889
25.43,-0.00237073644811926,-0.00191403529298898,0.00161396173895103
25.435,0.000520366391389867,-5.6312539779489e-05,-0.00138971750852144
25.44,0.00337909086992516,0.00179828808311737,-0.00431051873908657
25.445,0.00605711044620224,0.003563731867979,-0.00699247071955757
25.45,0.00841477270694102,0.00514762601465695,-0.00929592916881889
25.455,0.0103340442154192,0.00646015390989427,-0.0111088462697198
25.46,0.0117152339308879,0.00744132763229054,-0.0123369012864785
25.465,0.0124826700147256,0.00804470212473566,-0.0129149394384522
25.47,0.0126034571118334,0.0082274575737702,-0.0128243783409662
25.475,0.0120697408308229,0.00798535657853092,-0.0120710156090894
25.48,0.0109063042120623,0.00733424513987715,-0.0106906009016653
25.485,0.00917837932201038,0.00630250664748306,-0.00876736219925919
25.49,0.00697855059563474,0.00493989681242017,-0.00639934302743694
25.495,0.00441457793028129,0.00332637713791762,-0.00371017713936241
25.5,0.00162677428333957,0.00153797144802485,-0.00084339406704967
25.505,-0.00124329269553617,-0.000335394442713621,0.0020517664465787
25.51,-0.00404490955075504,-0.00218766015142166,0.0048303534508692
25.515,-0.00663061821782556,-0.00392732659186372,0.00734506385064706
25.52,-0.00886858574801198,-0.00546978558321161,0.00946877823754741
25.525,-0.0106429732708931,-0.00672848198358089,0.0110961143646918
25.53,-0.0118561073055788,-0.00763265034120957,0.0121455192619738
25.535,-0.0124510189936455,-0.00814234661085948,0.0125650363190272
25.54,-0.0123952401549811,-0.00822941893969711,0.0123354339078195
25.545,-0.0116914559068392,-0.00788337570068946,0.0114731287220432
25.55,-0.0103781640619011,-0.00712417750002383,0.0100252822044652
25.555,-0.00852356694664905,-0.00599469044129702,0.00806955400807782
25.56,-0.00622576844738983,-0.00454658383739752,0.00570736345490058
25.565,-0.00360584457027006,-0.00285681313345621,0.00306268298680064
25.57,-0.000799355786473454,-0.00102013784357751,0.000270012029601235
25.575,0.00204342325880237,0.0008758961998836,-0.0025247688258357
25.58,0.00477616459757379,0.00273015590737305,-0.00517825394186814
25.585,0.00725807956078568,0.0044390143332482,-0.00755838288516703
25.59,0.00935502527039651,0.00591422280130617,-0.00954445947854688
25.595,0.0109580808084533,0.00708332524391739,-0.0110327134594617
25.6,0.011984128279534,0.00787525665275377,-0.0119527918226169
25.605,0.0123814834102702,0.00825205127809419,-0.0122615930544354
25.61,0.0121294770418193,0.00819449055356421,-0.01194001055616
25.615,0.0112395568670516,0.00770198848372461,-0.0110110979116469
25.62,0.00976070418780916,0.00679648914683148,-0.00952631979805514
25.625,0.00777304227916237,0.00553454049301357,-0.00755569989762396
25.63,0.00537981912095254,0.00397892024584127,-0.00520537579533303
25.635,0.00270592632651179,0.00220542022387099,-0.00259987218730483
25.64,-0.000107794856264231,0.000316400290869145,0.000134155538379952
25.645,-0.00291221204922698,-0.00158754163936053,0.00285726692824982
25.65,-0.00555620137722304,-0.00341167528773091,0.0054256601471168
25.655,-0.00790488572570498,-0.00505399417688579,0.00771219154135906
25.66,-0.00983546886771281,-0.00642248025737014,0.00960551499702896
25.665,-0.0112449581213568,-0.00745367377760717,0.0110016857922844
25.67,-0.012058149590089,-0.0080853069357888,0.0118364668618175
25.675,-0.0122369320532061,-0.00827993640757826,0.0120714860006189
25.68,-0.0117713167697803,-0.0080376164809274,0.0116891210602454
25.685,-0.0106851993456951,-0.00736609143981293,0.0107101737968834
25.69,-0.00903787942356316,-0.00629662099027894,0.00919108355778105
25.695,-0.00691701767095627,-0.00489080250186812,0.00720479387960075
25.7,-0.00443395403963467,-0.00322753690619707,0.00484935247542925
25.705,-0.00172275943987863,-0.00138722055796702,0.00225105161566585
25.71,0.00107281658647746,0.000524345173562342,-0.000460674272579293
25.715,0.00380713435151602,0.00240249930265583,-0.00315296033149654
25.72,0.00633536015333051,0.00415181015671749,-0.00567976327177783
25.725,0.00852245875868725,0.00567852983704753,-0.00791677654130852
25.73,0.0102549132137453,0.00689235560456305,-0.0097583154196776
25.735,0.0114449785181639,0.00773568242150547,-0.0110992709601851
25.74,0.0120242839317908,0.00816585664251555,-0.0118729624190467
25.745,0.0119716725613398,0.00815058261504686,-0.0120474026601658
25.75,0.0112872577599355,0.00769634137823647,-0.0116048518032238
25.755,0.0100038883177326,0.00683154437636047,-0.0105664435044605
25.76,0.00819784250003829,0.00559592848433989,-0.00899204272265671
25.765,0.00596681334123869,0.00406222335708248,-0.00695352898493809
25.77,0.00342094155298181,0.00231806088658442,-0.00455366900675425
25.775,0.000703084984626821,0.00044833810631197,-0.00192156165476044
25.78,-0.00204179386996831,-0.00144056149800225,0.00081287553878525
25.785,-0.00467346726781249,-0.0032409268810185,0.0035156436238902
25.79,-0.00705113612562798,-0.0048641142410269,0.00604338762787351
25.795,-0.00904970734597802,-0.00622077150607225,0.00826369129060197
25.8,-0.0105655176259605,-0.00723442072082103,0.0100691088525661
25.805,-0.011520352034417,-0.00785337034516495,0.0113634192135077
25.81,-0.0118617599877415,-0.00804882276355898,0.0120743962032198
25.815,-0.0115759832196315,-0.00780617319011745,0.0121696101525435
25.82,-0.0106805601594561,-0.00714198789503256,0.0116405777437026
25.825,-0.00922172554128647,-0.00609699368357796,0.0105087854764957
25.83,-0.00728143151972412,-0.00472727270003092,0.00883314101989977
25.835,-0.00496578204118107,-0.00310542333448826,0.00670106035287986
25.84,-0.00239399329573149,-0.00132586147962611,0.00421603417585803
25.845,0.000296778258251597,0.000515532467042069,0.00150376160210698
25.85,0.00296041002009464,0.00232310768320022,-0.00129286727729931
25.855,0.00545943741213622,0.00399428275592079,-0.00403037725287054
25.86,0.00766433397061336,0.00544088149303894,-0.00657341861398475
25.865,0.00945617958723121,0.00658841399163922,-0.00878232686512864
25.87,0.0107415338928098,0.00737428196726674,-0.0105441489298171
25.875,0.0114569275557677,0.00775493280380582,-0.0117679898809395
25.88,0.011565303778212,0.00771780722747489,-0.012384947203408
25.885,0.0110631715683956,0.00726556133895436,-0.0123589037616487
25.89,0.00998192851479582,0.00642095128107137,-0.0116944844714335
25.895,0.00837774061816426,0.0052370883528339,-0.0104195565608452
25.9,0.00633940401383552,0.0037828467527259,-0.0085963028277824
25.905,0.00397713666145511,0.00213118949448413,-0.00632093489953072
25.91,0.00141405728696868,0.00037526371108787,-0.00370879058588167
25.915,-0.00121566203890929,-0.00138498145631845,-0.000891100487984377
25.92,-0.00376849439786735,-0.00306135407283251,0.00198141346755077
25.925,-0.00611406425339195,-0.00456279077194081,0.00476031808271179
25.93,-0.00812966363095366,-0.00580419705064314,0.00730375500393778
25.935,-0.00970917955232202,-0.00672627690338683,0.00947144318324791
25.94,-0.0107714697802051,-0.00728288847804632,0.011150122678523
25.945,-0.0112647472240931,-0.00744158788269336,0.0122539228885178
25.95,-0.0111643691623228,-0.00719993378228289,0.012717711203816
25.955,-0.0104779433122771,-0.00657991713828553,0.0125163374074937
25.96,-0.00924660536355948,-0.0056107426327722,0.0116589548757687
25.965,-0.00753603122358824,-0.00434853413017596,0.0101869697216572
25.97,-0.00543816115891422,-0.00286791256509808,0.00817316794745251
25.975,-0.0030613327201138,-0.00124767675743074,0.00572329965735362
25.98,-0.00053578744317235,0.000430099224038345,0.00296733471050114
25.985,0.00200690668642946,0.00206583158814854,4.54439880557258e-05
25.99,0.00443444314298664,0.00357551810902167,-0.0028898426894245
25.995,0.00662050908934046,0.00488577704339698,-0.00567746335534413
26,0.00844830216573305,0.00592503043575848,-0.00817236293674963
26.005,0.00982865379992633,0.00663554224396588,-0.0102457279486075
26.01,0.0106879896783164,0.00699164542166793,-0.0117823572174749
26.015,0.0109863659792191,0.00697719325098002,-0.0126977448597154
26.02,0.0107135238334428,0.00658950253715038,-0.0129474358165691
26.025,0.00988155101652575,0.00586062447728698,-0.0125123328041967
26.03,0.00853578814930971,0.00483215001565821,-0.0114101347879758
26.035,0.00675396298010277,0.00355514182074878,-0.00970556026110126
26.04,0.00462672102171433,0.00210452156056646,-0.00748336835765311
26.045,0.00226508689832323,0.000561597229513422,-0.00485729762411596
26.05,-0.000202672888874864,-0.000999386576775921,-0.00197055801838267
26.055,-0.00264921145862628,-0.00249448435269532,0.00102156542453778
26.06,-0.00494970041473739,-0.00383940408212226,0.00396595862822863
26.065,-0.0069816811494514,-0.00497284671891911,0.00670329173118397
26.07,-0.008644062895831,-0.00583748423113981,0.00908385810724511
26.075,-0.00985245070170308,-0.00638780586351893,0.010987191441837
26.08,-0.0105436836194317,-0.0065997034302602,0.0123063040141579
26.085,-0.010687820923771,-0.0064728463556732,0.0129692495727696
26.09,-0.0102774160564565,-0.00600830250773372,0.0129453161891228
26.095,-0.0093337686678581,-0.00523595588474545,0.0122311879090908
26.1,-0.00791061382212264,-0.00420546525586454,0.0108630824344699
26.105,-0.00608526064274474,-0.00296761755312804,0.00891746189873982
26.11,-0.00394902946445602,-0.00158481173304846,0.00649868779935326
26.115,-0.00161601316807385,-0.000137592225700818,0.0037306393886441
26.12,0.000791876749061102,0.00130099356115622,0.000767502206521558
26.125,0.00314928984263658,0.00266476103792871,-0.00223227300433799
26.13,0.00533786096610684,0.00387488355118794,-0.00511542771824646
26.135,0.00724393512437546,0.00487688334099076,-0.00772010752873994
26.14,0.00876998168624202,0.0056251323885119,-0.00990747710177674
26.145,0.00984007483661943,0.00607948948318482,-0.0115664236397542
26.15,0.0103985668778199,0.00621790219900544,-0.0126057153085974
26.155,0.0104197959437316,0.00604437709382056,-0.0129668492679706
26.16,0.00990393057995009,0.00556636694735043,-0.0126358161042313
26.165,0.00887918995482718,0.00480677971287019,-0.0116327874070108
26.17,0.007398857699368,0.00381339649517437,-0.0100071989797057
26.175,0.0055405284775349,0.00263584591318286,-0.00785260713984357
26.18,0.00340281094507627,0.00133154135140948,-0.00528650212287362
26.185,0.00109568494988803,-2.9832811501002e-05,-0.00244217206933266
26.19,-0.00126336436846198,-0.00137874783410809,0.000523271340548033
26.195,-0.00355357857350196,-0.00265332118731796,0.00344963718392418
26.2,-0.00565595086655246,-0.00378939817070765,0.00618333812625628
26.205,-0.00746504542331795,-0.00472539123376876,0.00857676003373603
26.21,-0.00888619875195223,-0.0054241076310096,0.0105029065213424
26.215,-0.00984924491580886,-0.00584896065813613,0.0118611206130423
26.22,-0.0103051295566357,-0.00598080306809948,0.0125785955396774
26.225,-0.0102309320125651,-0.00581309608526553,0.0126220895182994
26.23,-0.00962986539263507,-0.00535842252811844,0.0119921783760397
26.235,-0.00853386053176955,-0.00463648356237628,0.0107236743076208
26.24,-0.00700499871943998,-0.00368683969333185,0.00888976517543185
26.245,-0.00511685870685044,-0.00255752797520887,0.00659145874652379
26.25,-0.00296538629607887,-0.00130227291906292,0.00395366937736112
26.255,-0.000663575795633139,1.73246300675296e-05,0.0011193211384577
26.26,0.00166947588543859,0.00133346108696563,-0.00175691309975883
26.265,0.00391717959396268,0.00258263919913196,-0.0045247543444132
26.27,0.00596322928618482,0.00370588399372009,-0.00703444021956092
26.275,0.00770366534077129,0.00464601816843164,-0.00915261939992895
26.28,0.00904849844020389,0.0053550892691234,-0.0107724963865922
26.285,0.00992591777170848,0.00580220464943569,-0.0118046564626075
26.29,0.0102959263500325,0.00596122048044696,-0.012203162740494
26.295,0.0101369691372189,0.00582329821334583,-0.0119519909676421
26.3,0.0094564721830926,0.00539827089386494,-0.0110633557302354
26.305,0.00828870704777158,0.00470554713170999,-0.00959533644993965
26.31,0.00669705155318853,0.00377250597176422,-0.00763098091961428
26.315,0.00475853665235205,0.0026495767822808,-0.00527470947936859
26.32,0.0025737808682615,0.00139145451867678,-0.00265574277758693
26.325,0.000256572587980311,5.43985009205427e-05,7.86985352206596e-05
26.33,-0.00207814307899041,-0.00129255683236451,0.00278965339892174
26.335,-0.00430862041170945,-0.00257971350907813,0.00533356421037645
26.34,-0.00631810131731109,-0.00374988971334594,0.00756738562665713
26.345,-0.0080044886863149,-0.00474081504285275,0.00938546931142197
26.35,-0.00928206496876789,-0.00549643317417822,0.0106949627978146
26.355,-0.0100811067436381,-0.0059847761951576,0.0114227647902832
26.36,-0.0103618509872561,-0.00617955080409964,0.0115427399740224
26.365,-0.0101111664713252,-0.00605952015610837,0.0110558831231442
26.37,-0.00933791983872236,-0.00563331336432622,0.00999053239683638
26.375,-0.00808196493506853,-0.00492340037974909,0.00840594111654838
26.38,-0.00640799924618871,-0.00395522560257254,0.00640011396220258
26.385,-0.00440057485042432,-0.00277563664790417,0.00407529763379603
26.39,-0.00216028462142101,-0.00144998265186225,0.00155741514838364
26.395,0.000193792005033768,-3.3945873541278e-05,-0.00101260406772115
26.4,0.00254235673706861,0.00139885719279381,-0.00350614814844849
26.405,0.00476477687742792,0.00277075363283453,-0.00579046011297129
26.41,0.00674470365473776,0.00401516325714265,-0.00774716375708421
26.415,0.00837758489553902,0.00507016126159456,-0.00927940121715288
26.42,0.00958226504571168,0.00587251185493593,-0.0103105893583348
26.425,0.0102942545686964,0.00638203362954945,-0.010795172177006
26.43,0.0104728092594793,0.0065722021181084,-0.01071066959917
26.435,0.0101094650952543,0.00642460382027065,-0.0100711259741149
26.44,0.00922179721754046,0.00594221810426586,-0.00891590185047631
26.445,0.00785509840576905,0.00515144111421871,-0.00730875013136315
26.45,0.0060755266796477,0.00408590492995507,-0.00534228745882616
26.455,0.00397808572543823,0.00279326385277482,-0.00311768853682638
26.46,0.00167025844954161,0.00134534934227829,-0.000760314543703784
26.465,-0.000729661880664227,-0.000185923542776703,0.00161336489046645
26.47,-0.00309518173405046,-0.00172665321261782,0.00387668529098631
26.475,-0.00530439834883973,-0.00319261527742685,0.0059135049467421
26.48,-0.00724226341611308,-0.00450354892999671,0.00762704852891071
26.485,-0.00880583847029561,-0.00559735441397557,0.00892745760087233
26.49,-0.00991501894696595,-0.00640942041113503,0.00975548307283071
26.495,-0.0105105564043543,-0.00689074348044292,0.0100764636309215
26.5,-0.0105581476218956,-0.0070169174120265,0.00987769184540396
26.505,-0.0100576079061078,-0.006777631103965,0.0091732329437972
26.51,-0.00903065826707955,-0.00617667371736758,0.00800930881105434
26.515,-0.00753024308269638,-0.00524485722290752,0.00645064753134283
26.52,-0.00563592754081403,-0.00403060731585552,0.00457601735922536
26.525,-0.00344425811762457,-0.00258989957405584,0.00248953619133628
26.53,-0.0010704136703663,-0.00100084504512628,0.000300876471110106
26.535,0.00136273218354226,0.000653672187468756,-0.00188591020986347
26.54,0.00372644264430068,0.0022881550175078,-0.00395275174774184
26.545,0.00589913889622148,0.00381708347722833,-0.00579778735895491
26.55,0.00776571975538196,0.00515245769035208,-0.00733466983359791
26.555,0.00922984046318042,0.00622539952723912,-0.00848779462718632
26.56,0.0102114660167564,0.00697800167180446,-0.00919704555869263
26.565,0.0106584790999461,0.00736355994183914,-0.0094395100013543
26.57,0.0105486877039286,0.00735677281612989,-0.00920585161582235
26.575,0.00988697425276994,0.00696206579283896,-0.00850717809087498
26.58,0.00870459215644022,0.00619196560953799,-0.00738810881726301
26.585,0.00706855216962768,0.00508382227412609,-0.00590867873158729
26.59,0.00506096347079513,0.00370029417699359,-0.00414279272979102
26.595,0.00278737368529146,0.00211243455871524,-0.00218255147456442
26.6,0.00036960289835306,0.00039986703060326,-0.000128737780651344
26.605,-0.00207035036356265,-0.00134213622395578,0.00191874302303822
26.61,-0.00440281120185412,-0.00301795656856737,0.00385716237600098
26.615,-0.00650099247636341,-0.00454494247365483,0.00558913672637052
26.62,-0.00825858976750926,-0.00583249083447466,0.00703298913443618
26.625,-0.00958401207409193,-0.0068117709915769,0.008116608396162
26.63,-0.0104046949904402,-0.00743150948245897,0.00878856378169475
26.635,-0.0106765164587693,-0.00765401016119938,0.00901897880358177
26.64,-0.0103894376557916,-0.00746423507687694,0.00879769218505369
26.645,-0.0095588397115946,-0.00687547531708477,0.00813843789281869
26.65,-0.00822540574860475,-0.00591783216161323,0.00707693921401121
26.655,-0.00646224204303751,-0.00463732731391497,0.00566509747602104
26.66,-0.00436235621560658,-0.00310729049437906,0.00397474191660056
26.665,-0.00203686737886671,-0.00140878922460426,0.00209202106990524
26.67,0.000394015367692381,0.000369924241573823,0.000106980022893296
26.675,0.00279907030336255,0.00213066373480642,-0.00187927566492265
26.68,0.00505379121231851,0.00377440106599481,-0.00376707972045201
26.685,0.00703805536162386,0.00521767868166095,-0.00546708284385794
26.69,0.00864784131825349,0.00638258429417241,-0.0068900374194136
26.695,0.00980059361784809,0.00719998196152954,-0.00796792174244297
26.7,0.0104366370974453,0.00763125200462008,-0.00864911877156279
26.705,0.0105216350525134,0.0076549246264899,-0.00889499943210289
26.71,0.0100547831551721,0.00726441838559746,-0.00869658143904584
26.715,0.00906348547215207,0.00648351093187296,-0.00806177638315462
26.72,0.00759656957069447,0.00536081307671271,-0.00702200223972966
26.725,0.00573703408509282,0.00394792247033621,-0.00562384224835572
26.73,0.00358063299636773,0.0023263178670134,-0.00394512996633359
26.735,0.00124284571767629,0.000588519626416643,-0.00206026112886777
26.74,-0.00115217798505414,-0.00117576148003969,-6.51594878342373e-05
26.745,-0.00347612531789287,-0.002874815301642,0.00193395360164647
26.75,-0.00561246958550694,-0.00440816215562641,0.00384577717909998
26.755,-0.00744539323928691,-0.00569938877106921,0.00557018997015489
26.76,-0.0088799285383803,-0.00668251635697298,0.00701548054444743
26.765,-0.00984495972533203,-0.00730011845216804,0.00811311347783539
26.77,-0.0102896729087766,-0.0075225357646854,0.0088048348077824
26.775,-0.0101938936545048,-0.00734495475089246,0.00904867050923226
26.78,-0.00956489346144452,-0.00677559534243658,0.00883278398091655
26.785,-0.00843721398136302,-0.00584379292246085,0.00816782113553508
26.79,-0.00686963985696957,-0.00460841509626825,0.00708043386654326
26.795,-0.00495265007266695,-0.00313732547701437,0.00562308234075412
26.8,-0.00278596916589846,-0.00150627383904076,0.00387432795054199
26.805,-0.000482771869741863,0.000192421937304853,0.00191378952433794
26.81,0.0018356177105417,0.00186658593502826,-0.000156005186134519
26.815,0.00404560884225776,0.00342992300202388,-0.00222755238069519
26.82,0.0060312884118714,0.00479822289978349,-0.00419823408683288
26.825,0.00769335113704001,0.0058968181999652,-0.00596430260545702
26.83,0.00894517774048025,0.00667617893571534,-0.00743187157886781
26.835,0.00972285496741065,0.00709590945674892,-0.00852280717393107
26.84,0.00998696258554413,0.00713405743307193,-0.00918017408752283
26.845,0.0097296047387448,0.00679362014498209,-0.00936273072142341
26.85,0.00896582216865744,0.00610122937185088,-0.00905979749949939
26.855,0.00773946976399135,0.00509150914026429,-0.0082835276973687
26.86,0.00611646751193923,0.00382326746587011,-0.00706872241488139
26.865,0.0041838989596902,0.00236890107384308,-0.00547661446982234
26.87,0.00204555914468938,0.000804969346018926,-0.00358929917114401
26.875,-0.000187443470764919,-0.00078626482481697,-0.0015003792257156
26.88,-0.00239647897578262,-0.00231711415364322,0.00068026158730358
26.885,-0.00446722606996388,-0.00370762938946577,0.00283839932794213
26.89,-0.00629266323958921,-0.00489071379568674,0.0048606252340467
26.895,-0.00778095546557224,-0.00580501119374079,0.00663913122004449
26.9,-0.00885453719656645,-0.00640229706297413,0.00807745188975445
26.905,-0.00946222099744918,-0.00665938606398757,0.00909830549853766
26.91,-0.00957593246950978,-0.00656899720056595,0.00964313049179979
26.915,-0.00919154709254634,-0.00613635695491005,0.0096805702206107
26.92,-0.00833321309290443,-0.00539129230726934,0.0092047229961911
26.925,-0.00704758606951466,-0.00437822561587907,0.00823762204097231
26.93,-0.00540535311504881,-0.00314876738920283,0.00682719851414619
26.935,-0.00349248490267739,-0.0017730247774223,0.00504698108848967
26.94,-0.00141152999583852,-0.000325888523096978,0.00298689481854992
26.945,0.000728507373798934,0.00112114908004162,0.000758260031615257
26.95,0.00281867642509693,0.00249218827714416,-0.0015200222283876
26.955,0.00475016195528835,0.00371561007144997,-0.00372953050636964
26.96,0.0064231080511697,0.00473275175255476,-0.00574918296687429
26.965,0.00775424415880477,0.00549729617753186,-0.00746839182690661
26.97,0.00867615702652042,0.00597002325960613,-0.00879563785307846
26.975,0.0091439868771204,0.00613390510922321,-0.00965737025409875
26.98,0.0091381198742073,0.00598439475666835,-0.0100026480585257
26.985,0.00865841791915528,0.00553332686050014,-0.00981200794466236
26.99,0.00773603044290883,0.00480513822083382,-0.00909468947321703
26.995,0.00641972611567197,0.00384573696765669,-0.00788246592699049
27,0.00478088685413273,0.00270398195634666,-0.00624402928054829
27.005,0.00290561877848148,0.00143822191143665,-0.00426566700001196
27.01,0.000891104336385742,0.000116557458744187,-0.00204925855837384
27.015,-0.00115731591971492,-0.00119510651424935,0.000281004318356156
27.02,-0.00313242741752594,-0.00243295908209559,0.00260253037927796
27.025,-0.00493666865837444,-0.00353668374450053,0.00478727437993908
27.03,-0.00647726225029005,-0.00445038525787898,0.00671702345278289
27.035,-0.00767618421134515,-0.0051329554293968,0.00828717913845901
27.04,-0.00847420834976398,-0.00555163263615501,0.00940970573152268
27.045,-0.00883158632780642,-0.00569089140289012,0.0100236332744405
27.05,-0.00873243431128359,-0.00554453616718747,0.0100943374458308
27.055,-0.00818741622637087,-0.00512500044405338,0.00961786134631763
27.06,-0.00722151127952872,-0.0044555897856586,0.00862031139160204
27.065,-0.00588994716650374,-0.00357068015176374,0.00715361096980192
27.07,-0.00426430156101363,-0.00251664720217212,0.00530017205060109
27.075,-0.0024252467751753,-0.0013470597376683,0.00315777658295788
27.08,-0.000469980498217308,-0.000119272712245486,0.000846790214903042
27.085,0.00150056065209849,0.00110727513387168,-0.0015102085071915
27.09,0.00338874111570455,0.00226938113102535,-0.00378267849444243
27.095,0.00509372939054485,0.00331512308609351,-0.00584620639478922
27.1,0.00652817100502854,0.00419064320578482,-0.00759015388098578
27.105,0.00762379680644744,0.00485688782080788,-0.00891677126318691
27.11,0.00832039227970462,0.00527989219519279,-0.00975655285925979
27.115,0.00858778625887518,0.00544200184505803,-0.0100632812991871
27.12,0.00841245597229061,0.00533539779893679,-0.00982223185584832
27.125,0.0078045779416965,0.00496588468620707,-0.00904724072386207
27.13,0.00679750827567148,0.00435324508030269,-0.00778316319414873
27.135,0.00544631848719777,0.00352634699227234,-0.0060997254512979
27.14,0.00381417679545457,0.00252744674705902,-0.00408850427680478
27.145,0.00199253847819064,0.00140068228617103,-0.00186271333428333
27.15,7.30476498920909e-05,0.000206020659419002,0.000455717648860243
27.155,-0.00184575618868211,-0.00100139234527824,0.0027426609353178
27.16,-0.00366393401200056,-0.00216065774562581,0.00486924658318463
27.165,-0.00528850309668996,-0.00321543182215583,0.00672049493437815
27.17,-0.00663725270099181,-0.00411126920072072,0.00819835453509105
27.175,-0.00764031237186658,-0.0048066729185897,0.00922199141362875
27.18,-0.00824711001021392,-0.00526409369775263,0.00973804909147477
27.185,-0.00842890395045774,-0.00546015276302735,0.00972344757856438
27.19,-0.00817351752209378,-0.00538559759928587,0.00917980591842196
27.195,-0.00749819150242328,-0.00504098442803455,0.00813762104757753
27.2,-0.00643380419408868,-0.00443959255256777,0.00666306323347865
27.205,-0.00503947162254004,-0.00361187350458796,0.00483366794231355
27.21,-0.00338589608179273,-0.00259882189592367,0.00275280205985869
27.215,-0.0015564003923393,-0.00144768061780224,0.000536941354585799
27.22,0.000351254261727211,-0.000214475743311967,-0.00169198324511446
27.225,0.00223694288194545,0.0010356292788043,-0.00381311129244845
27.23,0.0040078214620628,0.00224248658804544,-0.00571216573906751
27.235,0.00556881331604445,0.00334546410526277,-0.00728641025623816
27.24,0.0068373616971694,0.00428622318285607,-0.00845481027030482
27.245,0.00775289286945299,0.00501323694756198,-0.00915524527784083
27.25,0.00826417122306643,0.00549470514280879,-0.00935349637785329
27.255,0.00834477429972298,0.00569590699204438,-0.00904436782551428
27.26,0.00799098932898018,0.00560399772015498,-0.00824907340777161
27.265,0.00721948484101919,0.00522521183056339,-0.00701367271596939
27.27,0.00607049191194799,0.0045751214832039,-0.00540949439097994
27.275,0.00460658098480526,0.00367886280927127,-0.00352820359878139
27.28,0.00290150801627272,0.00258518874112776,-0.00147424767729477
27.285,0.00104394136890874,0.00134847227867928,0.000640654073916223
27.29,-0.000865964691012559,2.7365827239164e-05,0.00270130236767968
27.295,-0.00273092375826783,-0.00130550924023662,0.00459647010990139
27.3,-0.00445449693754681,-0.00258321911102711,0.00622519886650291
27.305,-0.00594391362765889,-0.00373801572872848,0.00750480762278452
27.31,-0.00712230478589326,-0.00470838290253024,0.00836629317152507
27.315,-0.0079292269257728,-0.00543942298874492,0.00877005019849761
27.32,-0.00831809738491698,-0.00589051060037059,0.00870004633367876
27.325,-0.00826900041459538,-0.00603694023059217,0.00816211363896643
27.33,-0.00778723670925469,-0.00586323273136506,0.00719307423304124
27.335,-0.00689627008238213,-0.00537746386074827,0.00584859470297515
27.34,-0.00564090122926635,-0.00460335197993624,0.00420691810638551
27.345,-0.00408800197337207,-0.00357748796224459,0.00235698058747036
27.35,-0.0023193061754417,-0.00234994863081289,0.000403160755598852
27.355,-0.000428597082499221,-0.000989903154158807,-0.00154965059061232
27.36,0.00148600736020966,0.000434256266340668,-0.00340056987990747
27.365,0.00332413583880026,0.00185125095588625,-0.00504678612374612
27.37,0.00498730935748704,0.00317879028200149,-0.00640573845016203
27.375,0.00638603361637895,0.00434526492495779,-0.00741039166834019
27.38,0.00744897835729465,0.00529067935649633,-0.00800864672551395
27.385,0.00811735984378309,0.00595842142490959,-0.00817440444522436
27.39,0.00835693591389201,0.00630953992976688,-0.00790511606820612
27.395,0.00815296620255437,0.00632547928571907,-0.00722167905532939
27.4,0.00751529347386693,0.00600110395912196,-0.00616102000240637
27.405,0.00648038540847004,0.00534980479878333,-0.00479118180997467
27.41,0.00510166840279132,0.00440580585468257,-0.00318351915878569
27.415,0.00345128585851738,0.00321929050441478,-0.00142274624054933
27.42,0.00161764707479552,0.00184867315830662,0.000387089555750062
27.425,-0.000301604789546478,0.000369361811688925,0.00215750463170159
27.43,-0.00220420462790639,-0.00113738982907345,0.0037950675395163
27.435,-0.00399001373692969,-0.00259160313371993,0.00521342577231081
27.44,-0.00556336674609341,-0.00391496303957142,0.00634149737657891
27.445,-0.00683896859648441,-0.00503189599138735,0.00712607370188333
27.45,-0.00775070179771215,-0.00588075916377288,0.00752726263861274
27.455,-0.00824931998992874,-0.00641721636574983,0.00752957376382462
27.46,-0.00830630285638898,-0.00660333998754772,0.00714180235801346
27.465,-0.00792178781605031,-0.00643174307539988,0.00638213433609366
27.47,-0.00711623872261618,-0.005911425982398,0.0052996570244748
27.475,-0.00593057118520717,-0.0050656797780192,0.00395270993132832
27.48,-0.0044297231971804,-0.0039391499963084,0.00241384427557152
27.485,-0.00269488089642696,-0.00259584167280419,0.000767803770741905
27.49,-0.000817114802966414,-0.00110785836054629,-0.000903104162124145
27.495,0.00110250529550096,0.000448325439217488,-0.00250886021200345
27.5,0.00296048218247765,0.00198264562631948,-0.00396831646464097
27.505,0.00465892680540735,0.0034114485895731,-0.00520816521001287
27.51,0.00610634973432432,0.00465880426012469,-0.00616531177979356
27.515,0.00722609383038772,0.00565456296299978,-0.00679473691604833
27.52,0.00795818128887806,0.00634059656300439,-0.00706647486191681
27.525,0.00826256683700999,0.00668074590849577,-0.0069732705116079
27.53,0.00812620108676936,0.00665973888937313,-0.00651833630828475
27.535,0.00755709791227825,0.00627264575980024,-0.00573145319237314
27.54,0.0065826718815404,0.00554156252115926,-0.0046601417595102
27.545,0.00525804071214274,0.00450901314425093,-0.00335378385667811
27.55,0.00365654370601043,0.00322995245995186,-0.0018883997765708
27.555,0.00186263513414562,0.00177265551792719,-0.000336892575150141
27.56,-2.88801984099474e-05,0.000222236069986931,0.00121973892857761
27.565,-0.00191586411936844,-0.00134173700533581,0.00270266201041645
27.57,-0.00369399838805962,-0.00283264906348275,0.00403356143501398
27.575,-0.00527220487046465,-0.00416551148590929,0.00514938204199518
27.58,-0.00656479366877559,-0.00526816363072788,0.00599569436074837
27.585,-0.00750210008335117,-0.00608657013076732,0.00652523459012916
27.59,-0.00803676500367798,-0.00656832387818729,0.00671697620726658
27.595,-0.00814054052472537,-0.00669132021095122,0.00656560410598073
27.6,-0.00780794261698031,-0.00645033538021296,0.00607628645459431
27.605,-0.00706031112697908,-0.00585744283793863,0.00527870833476281
27.61,-0.00593688262223678,-0.00494622989374174,0.00421622030171768
27.615,-0.00450077546095029,-0.00377035512278294,0.00294175544624632
27.62,-0.00282896724529633,-0.00239263084101094,0.00152139951342497
27.625,-0.0010091988677079,-0.000887378582729594,3.28746356279781e-05
27.63,0.000857799691675314,0.000662501044644816,-0.00145333910744193
27.635,0.00267292822830204,0.00216789046279533,-0.00286144081130364
27.64,0.00433969093509873,0.00355073924566316,-0.00411401952268246
27.645,0.00576909248682342,0.00473700588549502,-0.00515290220319939
27.65,0.00688644214609009,0.00566061626060221,-0.00592314674956827
27.655,0.00763180707988399,0.0062704022268844,-0.00638690025641856
27.66,0.0079665577741446,0.00654068276640965,-0.00651968049642432
27.665,0.00787811721705743,0.00645310829474724,-0.00632017173446368
27.67,0.00737052976167369,0.00601562496430509,-0.00579526635050101
27.675,0.00647190595226513,0.00525821057720212,-0.00497154507947108
27.68,0.00523149568978793,0.0042182854268126,-0.00389749458125022
27.685,0.00371888326305665,0.00295314636205399,-0.00262371252087337
27.69,0.00201208570687382,0.00153814047125215,-0.00121599857002336
27.695,0.000203916440673246,4.7844179112078e-05,0.000251843015252806
27.7,-0.0016082887718494,-0.00143928567993134,0.00170384624879886
27.705,-0.00332488762647477,-0.0028373137200343,0.00306697826268385
27.71,-0.0048604865576304,-0.00407248544040516,0.00426932521225177
27.715,-0.00613070732727234,-0.00508625657700129,0.00524771658576238
27.72,-0.00707028648277781,-0.00581526241520711,0.00595718867931203
27.725,-0.00763053494609974,-0.00622621838270679,0.00635809064648279
27.73,-0.00778494607569606,-0.00630442591978168,0.00642798416107424
27.735,-0.00752732830534219,-0.00604424716516101,0.00616587615260665
27.74,-0.0068705485261883,-0.0054564075212253,0.00558641269409933
27.745,-0.00584983825930991,-0.00458326316153358,0.00471719982321039
27.75,-0.00452364605242075,-0.00347051501854545,0.00360255330088532
27.755,-0.00296455627124553,-0.00217781078451934,0.00230292794106187
27.76,-0.00125262481748841,-0.000777452371670524,0.000883453767329471
27.765,0.000517468740491263,0.000652603977447841,-0.00057941292120503
27.77,0.0022517943342347,0.00204153761405748,-0.0020105491816592
27.775,0.00385805540453714,0.00330951716678779,-0.0033378747900584
27.78,0.00525630865226596,0.00439116470626687,-0.00449097691820834
27.785,0.0063711928082319,0.00523405319562744,-0.00540967210011377
27.79,0.00714484900332185,0.0057948751836235,-0.006045455915371
27.795,0.00753845266090167,0.00603841889086945,-0.00636747820838377
27.8,0.00753322008685327,0.00596257400458527,-0.00635755013268
27.805,0.00712834439051399,0.00557202666979235,-0.00601379553176952
27.81,0.00634745571265356,0.00488319564767373,-0.00535761498297717
27.815,0.00523826172625543,0.00394189124333807,-0.00442119693102304
27.82,0.00385466372402398,0.00280079529328359,-0.00325465585466986
27.825,0.00227441073226648,0.00151501424728195,-0.00192096498558434
27.83,0.000583212541721426,0.00015741917424415,-0.000489155215357708
27.835,-0.00113333056950605,-0.00119461598290527,0.00096811079402381
27.84,-0.00278505464921173,-0.00247943577896767,0.00237345258587992
27.845,-0.0042809287827346,-0.00362500159082265,0.00364957898055236
27.85,-0.00555065982919559,-0.00457015771341365,0.00473747122534238
27.855,-0.00652275394350475,-0.00526901056232989,0.00557433207285882
27.86,-0.0071446371316111,-0.00568689639461977,0.00611540725368855
27.865,-0.00739199392136176,-0.00579727774747042,0.00633950470966247
27.87,-0.0072489805886945,-0.00560349293090693,0.00622896620117636
27.875,-0.00672302697267109,-0.0051152636128555,0.00579025368950682
27.88,-0.00584828191596238,-0.00435918097220038,0.00505331986489764
27.885,-0.00466964129266279,-0.00337765824131545,0.00405404720610883
27.89,-0.00324915174393855,-0.0022242358024919,0.00284395137094721
27.895,-0.00166357374050291,-0.000959366918899256,0.00149085022013708
27.9,5.61349285734379e-06,0.000350054982572396,6.27017075433073e-05
27.905,0.00167004539188765,0.00163486813914065,-0.00136449312712975
27.91,0.00324108998655165,0.00282686779406093,-0.00271318486868556
27.915,0.00463714388138271,0.00386424759412031,-0.00391742063994312
27.92,0.00578694067084327,0.00469445654475217,-0.00491077992107314
27.925,0.00662761520664044,0.00527118715674178,-0.00564424434761162
27.93,0.00711719507695316,0.00556766788031334,-0.00607971311363218
27.935,0.00723150148106786,0.00557336281630196,-0.00619490642488532
27.94,0.00696876893479947,0.00528175994968487,-0.0059886438384677
27.945,0.00633815868130041,0.00471349472240759,-0.00547186196289499
27.95,0.0053789485980729,0.0039011947421615,-0.00467078341036583
27.955,0.00413809526366366,0.00288287915541748,-0.00363154807596054
27.96,0.00268461357654326,0.00171437019663156,-0.00240901705509827
27.965,0.00109151237740432,0.000462542550497958,-0.00106668638199897
27.97,-0.000552601579776421,-0.000813175268113999,0.000322628106955987
27.975,-0.00216436683617111,-0.00204316046517296,0.00168608855462157
27.98,-0.00365809906060733,-0.00315857038495551,0.0029563088836775
27.985,-0.00495468492160227,-0.00410648236257614,0.00406243948804414
27.99,-0.00598836481190279,-0.00483565095907014,0.00495120630272697
27.995,-0.00670625235168652,-0.00530439259645526,0.0055806066616875
28,-0.00706942226742116,-0.00549187109591678,0.00591360040504919
28.005,-0.00706198226239789,-0.00538889123354989,0.00594166473635275
28.01,-0.00668495276824072,-0.00499788534375164,0.00566169897092314
28.015,-0.00595485705223724,-0.00434131833477216,0.00509092473750993
28.02,-0.00491401628191076,-0.00345564674252385,0.00426162134871822
28.025,-0.00361847729341643,-0.00238729387360399,0.00322037979869237
28.03,-0.00213509633407291,-0.00119225788040299,0.00201959961851086
28.035,-0.000541808908150284,6.32149372997031e-05,0.000726079530173729
28.04,0.00107525427726425,0.00131338872297065,-0.000595027053662268
28.045,0.00263262405396662,0.00249120034117878,-0.00187616349845822
28.05,0.00404841921972528,0.00353313406406823,-0.00304973074354178
28.055,0.00524851814017195,0.00438458912928201,-0.00405759360202561
28.06,0.00617160481576217,0.00500130953137536,-0.0048530987249279
28.065,0.00676649752548698,0.00534844970486742,-0.00539310808275795
28.07,0.00700170140279895,0.0054071668181734,-0.00565443065652781
28.075,0.00687020119803703,0.00517638581733317,-0.00562742519460592
28.08,0.00637534459400394,0.00466783889448176,-0.00531319760611251
28.085,0.00554245426410357,0.00390672004772959,-0.00473213183410485
28.09,0.00442329190853473,0.00293713434851201,-0.00391939264079824
28.095,0.00307141198028894,0.00181076483188414,-0.00291270614184036
28.1,0.00156141315550243,0.000589383574946563,-0.0017660272907361
28.105,-2.66834051603585e-05,-0.000664385220089068,-0.000543717655888993
28.11,-0.00161064294504961,-0.0018787767683202,0.000699162987458462
28.115,-0.00310358665075024,-0.00299109090007567,0.00189747104151937
28.12,-0.00442837047006487,-0.00393980644980366,0.00299091154783176
28.125,-0.00551936674530087,-0.00467410002317464,0.00392732670020882
28.13,-0.00631195927654519,-0.0051525653808595,0.00465923639115605
28.135,-0.00676753146110622,-0.00534946842165465,0.00515136816613347
28.14,-0.00686811046752603,-0.00525482856855228,0.00538343496297507
28.145,-0.00660189710995187,-0.00487432921094999,0.00534454029254688
28.15,-0.00598916887753818,-0.00422731770960831,0.00503981097492584
28.155,-0.00506237938534718,-0.00335138853832007,0.0044858320537023
28.16,-0.00387108430005687,-0.00229518346731801,0.00371157139152412
28.165,-0.00247972207244339,-0.0011153599737514,0.00275915774256618
28.17,-0.000963723070247684,0.000122178251343745,0.00167446795606395
28.175,0.000602219416654837,0.00134895546897656,0.000511036614094185
28.18,0.00212887900142346,0.00249900600772127,-0.000669345927318769
28.185,0.00353633974195607,0.0035059479589958,-0.00181382275465209
28.19,0.00475406677043474,0.00431604297823224,-0.00286087108977937
28.195,0.00571261683921612,0.00488803830955912,-0.00376127120963552
28.2,0.00636321105981183,0.00518481481150637,-0.00447315337255146
28.205,0.00667714232283866,0.0051969626249696,-0.00496112793912505
28.21,0.00663435798404905,0.00492324831807188,-0.00520124796569149
28.215,0.00624030667402094,0.00437831100761263,-0.00518486644776158
28.22,0.00552011030866595,0.00359542710115623,-0.00491305002051851
28.225,0.00450797305847019,0.0026202266020012,-0.00439800202507454
28.23,0.00326342518991144,0.00150385423310151,-0.00366698907454515
28.235,0.00185225969685807,0.000312197364038505,-0.00275618258990744
28.24,0.000346879822331986,-0.000889327648475376,-0.00170694060371958
28.245,-0.00116754801855385,-0.00203626142322798,-0.000576071514442377
28.25,-0.0026082134215677,-0.00305923618611272,0.000584183396728684
28.255,-0.00390274063017936,-0.00390740122471682,0.00171593791819681
28.26,-0.00498324813636379,-0.0045328602720352,0.00276346026280243
28.265,-0.00579191167248137,-0.00490081615045713,0.00367751507987782
28.27,-0.0062884205500994,-0.00499502494610633,0.00440827843641184
28.275,-0.00645007308402328,-0.00481257698828724,0.00492402693078638
28.28,-0.00626971804296684,-0.00436337411779903,0.00519640108875246
28.285,-0.00575875306117592,-0.00367710191303551,0.00521013447146163
28.29,-0.00494572661627094,-0.00279321454470821,0.0049639091819993
28.295,-0.00387641807007498,-0.00176066744720125,0.0044688228915551
28.3,-0.00261126325659481,-0.00064181033066655,0.00374672651966084
28.305,-0.00121623516577182,0.000501628436667383,0.00283424920766532
28.31,0.000230401084245371,0.0016052762171247,0.0017771068023346
28.315,0.00165203752511924,0.00260544049841666,0.000624846679915271
28.32,0.00297497652323047,0.00344828071285559,-0.000565540750002659
28.325,0.00412977397662856,0.00409038525077833,-0.00173241275068897
28.33,0.00505761490373341,0.00449586296520423,-0.00282029969162721
28.335,0.00571155724465324,0.00464590974791363,-0.00377282628400259
28.34,0.00605734220869969,0.00453658651817686,-0.00453839665801273
28.345,0.00608259603572096,0.00417592087161797,-0.00508108727282302
28.35,0.00578816756978407,0.00358771464848715,-0.00536754968003107
28.355,0.00518742515808246,0.00281042596273406,-0.00537987319525719
28.36,0.00432071775991158,0.00188709196532077,-0.00511898656987914
28.365,0.00323689785535079,0.00087423852078569,-0.00459429868940512
28.37,0.00199171332558851,-0.000167080825461019,-0.00382772163864763
28.375,0.000656595142292227,-0.00118403883436692,-0.00286298156139534
28.38,-0.000697489504482969,-0.00211564752955414,-0.0017420132568264
28.385,-0.00200356734098992,-0.00291173369132403,-0.000518761747556279
28.39,-0.00318761702857741,-0.0035329852089405,0.000736399450871246
28.395,-0.00419194529784132,-0.00394765734491756,0.00196489523924797
28.4,-0.00497041168882446,-0.00413245916354806,0.00310491371718798
28.405,-0.00547521091107727,-0.00408860813114694,0.00408943707728429
28.41,-0.00568957599265315,-0.00381769412837476,0.00486773625797082
28.415,-0.00560403478238603,-0.00334185200507539,0.00540189603630931
28.42,-0.00522568851919289,-0.00269285907603165,0.00565265473281979
28.425,-0.00457971791284075,-0.00191181578339744,0.00560957969296213
28.43,-0.00370553677037177,-0.00104163672567364,0.0052746368654691
28.435,-0.00264813125203394,-0.000137702270088222,0.00465650581034216
28.44,-0.00146927437029921,0.000751033892652024,0.00378659569535092
28.445,-0.000228664787461582,0.00157589332869419,0.00271287995374675
28.45,0.00100852139305723,0.00229381611142223,0.00148478699481375
28.455,0.00217647022397784,0.00286422996261847,0.000168143596858708
28.46,0.0032177526587364,0.00326313267927054,-0.00116583677585653
28.465,0.0040800257632652,0.00347508268731555,-0.00244894853556622
28.47,0.00471934400228618,0.00348832404197347,-0.00360991269821733
28.475,0.00510501877973887,0.00331153503920983,-0.00458537002657214
28.48,0.00522464083696705,0.00296333968681841,-0.00532165537511719
28.485,0.00507338013116421,0.00246329230867177,-0.00577717765218921
28.49,0.00466588482444255,0.00184669714613229,-0.0059275804695371
28.495,0.00402458854116894,0.00115502731288888,-0.00575723369811835
28.5,0.00318622315535833,0.000423420096365893,-0.00527696725838291
28.505,0.00219998510707569,-0.000305056290312635,-0.00451028295891181
28.51,0.00111254215385875,-0.000987407370313979,-0.00349479232928249
28.515,-1.79375184244523e-05,-0.00159466296469602,-0.00228301631575957
28.52,-0.00112920572129523,-0.00209258232025095,-0.00094486285723823
28.525,-0.00216836365521175,-0.00246008955501604,0.000453925921313418
28.53,-0.00308628483540879,-0.00268175576585316,0.00183413581564352
28.535,-0.00383067684404582,-0.00275710364069566,0.00311768616540904
28.54,-0.00437261724062138,-0.00268287681558298,0.00423651073390023
28.545,-0.00468866779259511,-0.00247278971386047,0.00513237160039774
28.55,-0.00476130689881692,-0.00214653916644671,0.00574812892075805
28.555,-0.00459542092220826,-0.00172782480028642,0.00605050508049415
28.56,-0.00420314515012979,-0.00123926664715314,0.00602732324245021
28.565,-0.00360368563470946,-0.00071249409637023,0.00567079369450326
28.57,-0.00283091055063399,-0.000179659560671942,0.00500097474773418
28.575,-0.00193137936703551,0.000338663575705705,0.00405915517536314
28.58,-0.000941229808574435,0.00081179901651837,0.0028908561776182
28.585,7.99833198847659e-05,0.00121835340990706,0.00155931938101912
28.59,0.00108401891843734,0.00154424251452844,0.000143892258062336
28.595,0.00202243274259661,0.00178120544588809,-0.00127997003509348
28.6,0.00284883022474331,0.00191723088929416,-0.00263679218884702
28.605,0.003524312369955,0.0019573111078337,-0.00384759118170318
28.61,0.00401787131127176,0.00190805923990436,-0.00484428497502721
28.615,0.00430759762101295,0.00177477923681811,-0.00557426766572601
28.62,0.00438377626103921,0.00156970659438739,-0.00599632921155553
28.625,0.0042449290877211,0.00131205898301278,-0.00608233902157708
28.63,0.00389455707258684,0.00101237839803498,-0.00583492126090996
28.635,0.00336128253593231,0.000686001924822316,-0.00526482123954684
28.64,0.00266659398545177,0.000356528860016544,-0.00440156419207137
28.645,0.00184616458867802,3.06833027027453e-05,-0.00329596981484029
28.65,0.000944446750207751,-0.000282745540875668,-0.00201545489375403
28.655,3.27617779974798e-06,-0.000564567539036117,-0.000623869849221495
28.66,-0.000931659562141293,-0.000810380257048549,0.000797956638938655
28.665,-0.00181246216607467,-0.00101997580058749,0.00216636057104504
28.67,-0.00260024403161921,-0.00118344181966517,0.00341066350201745
28.675,-0.0032585081923634,-0.00129955947532805,0.00445974332503142
28.68,-0.00375106268760276,-0.00137353339397643,0.00525170339954175
28.685,-0.00406172784683359,-0.00139938642423922,0.005750770389767
28.69,-0.00417170520610816,-0.00138024467248137,0.00592754333203495
28.695,-0.00407732212054056,-0.00132008056261812,0.00576908038881496
28.7,-0.00378473126007748,-0.00122058278658787,0.00529449293362623
28.705,-0.00331035086698662,-0.00107791486637514,0.00452610573424655
28.71,-0.0026735714037042,-0.000901296759134041,0.00351167409845598
28.715,-0.00190771596011113,-0.000691321408272558,0.00231181559126633
28.72,-0.00105026383424097,-0.000450129384132081,0.000991650625374735
28.725,-0.00014413100241335,-0.000185273428294408,-0.000373330062960888
28.73,0.000770390378876071,9.57455803089693e-05,-0.00170171563660885
28.735,0.00164770328403446,0.000391249152993904,-0.00292444755266637
28.74,0.00244544191381365,0.000687777266448742,-0.00397140697176532
28.745,0.00312168973017661,0.000970212621513575,-0.00478524484159383
28.75,0.00364843401631123,0.00123371959442536,-0.00532594169317669
28.755,0.00399748371609359,0.0014632522523505,-0.00556272395916824
28.76,0.00415001639160911,0.0016422616106699,-0.00548484802701539
28.765,0.00409958821620631,0.00176087484262399,-0.00510418949993332
28.77,0.00384537071296125,0.00180998998922519,-0.00444413383485217
28.775,0.00339918190087422,0.00177654391403474,-0.00354434470961225
28.78,0.00278547348796988,0.00165813511004303,-0.00245993654376364
28.785,0.00202990145705875,0.00145566486965167,-0.00125361120948581
28.79,0.00116711279025374,0.00116623280592056,4.93692580674594e-06
28.795,0.000245214261009716,0.000800443719582483,0.00124328136921359
28.8,-0.000696251228358581,0.000373978134306057,0.0023933426022523
28.805,-0.00161066848945612,-9.5846556207104e-05,0.00339440963181829
28.81,-0.00244814607863587,-0.000593711914184686,0.00418863511795
28.815,-0.00316979072818191,-0.00108660279031371,0.00473582135383241
28.82,-0.00373850021549905,-0.00155048903601254,0.0050140174359167
28.825,-0.00412159120314833,-0.00196200257588082,0.00500634044684012
28.83,-0.0042981261996788,-0.002290710302475,0.00472189310993208
28.835,-0.00426080418380582,-0.0025102027140515,0.00418393231946285
28.84,-0.00400701114839732,-0.00261182156510642,0.00342160072878706
28.845,-0.0035480796728642,-0.00257815670447844,0.00248630548058825
28.85,-0.00290431457690707,-0.00239562835556736,0.0014350795933146
28.855,-0.00210530197836686,-0.00207820029785951,0.000326432042556729
28.86,-0.00119339528209108,-0.0016346448450267,-0.000777826429593064
28.865,-0.000212515922272021,-0.00107614922663227,-0.0018125673915646
28.87,0.000789759006090409,-0.000431883613235551,-0.00272306889202818
28.875,0.00175946803283512,0.000257550130360132,-0.00346526816607141
28.88,0.00264648441337233,0.000967752991484243,-0.00399651682366666
28.885,0.00340574447614777,0.00165367933869378,-0.00429469553291805
28.89,0.00399394789951225,0.00226847054457819,-0.00435249840638084
28.895,0.00438407815164104,0.00278197623111004,-0.00416978076348604
28.9,0.00454777169960087,0.00316365275555031,-0.00376218606301743
28.905,0.00447527167043755,0.00337453219309165,-0.003162311724902
28.91,0.00417255416501626,0.00340083917524247,-0.00240838138635113
28.915,0.00364583148339372,0.003242601084907,-0.00154268544668692
28.92,0.00292419247445648,0.00288939278229724,-0.000618162363551231
28.925,0.00204672718600821,0.00235717542602614,0.000307535115375562
28.93,0.0010507656775546,0.00168086508069906,0.00119354978890464
28.935,-8.82754746778209e-06,0.000885512465665695,0.00198463354418435
28.94,-0.00107384689272027,9.15627032126576e-06,0.00263930769221967
28.945,-0.00209347251635672,-0.000885477076729004,0.00313561196790695
28.95,-0.00301199230071974,-0.00175358176555839,0.00344632501233674
28.955,-0.00377592591179153,-0.00255450560705273,0.00355823673423791
28.96,-0.0043492518104701,-0.00322535679603062,0.00347864936334034
28.965,-0.0046956468585617,-0.00372453365194757,0.00321785130850287
28.97,-0.00479341047647822,-0.0040269102109778,0.0027941339544469
28.975,-0.00463763153359945,-0.00410593656251493,0.00223774960583365
28.98,-0.0042368614034956,-0.00394457798458448,0.00158682463698836
28.985,-0.00360288630407386,-0.00355642529800301,0.000877373899646255
28.99,-0.00277510015852075,-0.00295675318689227,0.000149833974010953
28.995,-0.00179428289625729,-0.00216873614543906,-0.000552964451482933
29,-0.000710554234741434,-0.00123917187492816,-0.00119793610874823
29.005,0.000416511054550811,-0.000224537006515744,-0.00175548034118637
29.01,0.00152915032561697,0.000827748632122517,-0.00219771050281767
29.015,0.00256571304417299,0.00185519438165136,-0.00250533368609693
29.02,0.00347017995574394,0.00278821527804623,-0.00267427709216835
29.025,0.00419340778407841,0.00357720852026621,-0.0027004524805762
29.03,0.00469301343170721,0.00417683760772411,-0.0025853708928106
29.035,0.00494086418730143,0.00453992600181721,-0.00234904167084556
29.04,0.00492706974379689,0.00464414783340248,-0.00200793873838041
29.045,0.00464511956491535,0.00448660942811502,-0.00158209832529282
29.05,0.0041134689933792,0.00406266885586312,-0.00110176738918417
29.055,0.00335895833588462,0.00339338330963345,-0.000594699569325452
29.06,0.00241930802733747,0.00252274091168948,-8.40185471750954e-05
29.065,0.00134721309451346,0.00149351262150404,0.000406049878157519
29.07,0.000198864161518478,0.00036158324276753,0.000845951577057936
29.075,-0.000965458190254624,-0.000804221572743165,0.00122575773746892
29.08,-0.00207938195054475,-0.00193389022133015,0.00152927390842167
29.085,-0.00308063805817446,-0.00296765464933251,0.00174265836469205
29.09,-0.00391757754569048,-0.00383827359085317,0.00186812073783132
29.095,-0.00454291856102965,-0.00449242572266594,0.00190375686910487
29.1,-0.00492146393558342,-0.00489321426149163,0.00185147282591521
29.105,-0.00503468415410275,-0.00501456472467356,0.00172285076252067
29.11,-0.00487488334178759,-0.00484285103108659,0.00152884948436964
29.115,-0.00444947762160467,-0.00438843029090548,0.00128166979278764
29.12,-0.00378407033245392,-0.00367836782832137,0.000992476012139891
29.125,-0.00291212883011338,-0.00274685321305882,0.000679935437965769
29.13,-0.00188034955881236,-0.00164872598836771,0.000353947496070974
29.135,-0.000750859521643793,-0.000448042659993529,2.93659239012598e-05
29.14,0.000420285106963925,0.000785269532319072,-0.00028202650521854
29.145,0.00156525867530871,0.00198066791609631,-0.000571221893869478
29.15,0.00262007205774159,0.00306623996778483,-0.000826934129726781
29.155,0.00353216618252976,0.00397622414872121,-0.00104456130994392
29.16,0.00424757055983392,0.00466103319885215,-0.00121800044655693
29.165,0.00473005585438914,0.0050758608667635,-0.00134190857608069
29.17,0.00495502577958889,0.00519755078699889,-0.0014198401547931
29.175,0.00490799088642606,0.00501596656376369,-0.00144171951444962
29.18,0.00459545357550678,0.00454385429923652,-0.00141320498065719
29.185,0.00403559904147557,0.00380442830078986,-0.0013356302072842
29.19,0.00325435587844473,0.00284314862300768,-0.00120580360275583
29.195,0.00230256044474537,0.0017136567282643,-0.00103349254891423
29.2,0.00123150090933317,0.000486522958129117,-0.000822076562490885
29.205,9.78799822505879e-05,-0.000770248530035082,-0.000573688869949958
29.21,-0.00103258748050472,-0.0019813118670011,-0.000300830711337377
29.215,-0.00209916875609199,-0.00307591122426247,-1.27641795745891e-05
29.22,-0.00304527886359478,-0.00399036329488037,0.000288240527258876
29.225,-0.00381847171717816,-0.00467105285102751,0.000584340392032747
29.23,-0.00437857052236042,-0.00507930658001771,0.000864253215577136
29.235,-0.00470014518822458,-0.00519049089978329,0.00112043342722557
29.24,-0.00476092243391442,-0.00500105374802001,0.00133643090768952
29.245,-0.00455999620906773,-0.0045193395568162,0.00149971232296262
29.25,-0.00411708738173485,-0.00377866337133313,0.00160569531495286
29.255,-0.00345169580019148,-0.00282104340810063,0.00164178841283009
29.26,-0.00260409494261041,-0.00170503253481531,0.00160221734479351
29.265,-0.00162545856170523,-0.000495249126845458,0.00148893123675197
29.27,-0.000568831758442253,0.000737105656152271,0.00130160782263287
29.275,0.000508480843743138,0.00191815078522173,0.00104298348348931
29.28,0.00154493494280578,0.00298185689683384,0.000724395040406454
29.285,0.00248862522153598,0.00386605942043161,0.000359988791522077
29.29,0.00328457073275747,0.00451958098268474,-3.88764638570526e-05
29.295,0.00389437493348458,0.00490525040283919,-0.00044962170740265
29.3,0.00428739813498949,0.00500772095514707,-0.000850349775699951
29.305,0.00444064297044729,0.00481668464225603,-0.00122330079701984
29.31,0.00435308672446358,0.00434667676620726,-0.00154656628494726
29.315,0.00403106604138787,0.00363379832845048,-0.00179732315021549
29.32,0.00349690584795114,0.00271624966298769,-0.00196213893432709
29.325,0.00278146255185608,0.00164872052765044,-0.00203244983813841
29.33,0.00192663689164852,0.000499158653738361,-0.00199326944304775
29.335,0.000980242265585791,-0.000665886315010767,-0.00184750098341669
29.34,-2.74771897208063e-06,-0.00178280867350121,-0.00160051478492043
29.345,-0.000972199753438724,-0.0027807262439847,-0.00125902505416072
29.35,-0.00187585497374113,-0.00360701944627404,-0.00083886871159052
29.355,-0.00266245638662838,-0.00421607075838569,-0.00036640235915433
29.36,-0.00329429683738613,-0.00457330597272982,0.000139664906309732
29.365,-0.00374012811190032,-0.00465986747281835,0.000650249248220676
29.37,-0.00397812864993187,-0.0044807562155982,0.00113406026412672
29.375,-0.0039981206727093,-0.0040445962375259,0.00156515317164209
29.38,-0.00380692107126875,-0.00338168676258914,0.00191918057227886
29.385,-0.00341385342742227,-0.00253624419024689,0.00217264771024538
29.39,-0.00284645076093633,-0.00155869635154433,0.00230918401861428
29.395,-0.00213953018999198,-0.00050696071003609,0.0023188381564654
29.4,-0.0013284385156381,0.000555365162545785,0.00219874599618459
29.405,-0.000465461246621922,0.00156668703232031,0.00195233323454767
29.41,0.000407229758244672,0.00247090268970814,0.00159354778029606
29.415,0.00124303914177445,0.00321796769804117,0.00113713610967073
29.42,0.0019946389154785,0.00376465656109614,0.000613735030498874
29.425,0.00262528471271451,0.00408763885699245,4.63324264561807e-05
29.43,0.00310677897465563,0.00416960243195672,-0.000530946232949213
29.435,0.00341341422411144,0.00401456768154503,-0.00107864670352407
29.44,0.0035340435446511,0.00363293657747001,-0.0015740897749224
29.445,0.00346577357302191,0.00305270994621267,-0.00198337313486632
29.45,0.00321598971677972,0.00231200223289211,-0.00227862849568821
29.455,0.00280655760973342,0.00145758517930613,-0.00244720121713726
29.46,0.00225709998416066,0.000539884676867336,-0.00247380740922034
29.465,0.00160150829282193,-0.000388768334342867,-0.00235831381223409
29.47,0.000878164716602229,-0.00127067974883874,-0.00210459191620687
29.475,0.000126011836223169,-0.00206058887951826,-0.00172887339709212
29.48,-0.00061750648021707,-0.00271459488030903,-0.00124915461510386
29.485,-0.00131259099164919,-0.00319743219977648,-0.000696682143516805
29.49,-0.00192236591620604,-0.00348881701272545,-0.000101175063569705
29.495,-0.0024216152923496,-0.00357640407794489,0.000500903491948376
29.5,-0.00278187619173834,-0.0034611282499677,0.0010707653838713
29.505,-0.00299322398861261,-0.00315434893432005,0.0015825440098658
29.51,-0.00304536279120903,-0.00268183251623139,0.00199848279980059
29.515,-0.00293996185309945,-0.00207119951712167,0.00229299140370314
29.52,-0.00268754296697867,-0.00136533744471079,0.00245572138565423
29.525,-0.00230549679944777,-0.000604860543231599,0.00247012929763664
29.53,-0.00181170659202837,0.000166374199499605,0.00233806610856103
29.535,-0.00123944155128196,0.000902669845820428,0.00206845660133397
29.54,-0.000618520543119334,0.00156449205682073,0.00167709337930081
29.545,2.37058235348736e-05,0.0021183773776736,0.00118628450129737
29.55,0.00064651342135494,0.0025375112037301,0.000627105171971525
29.555,0.00122511760747313,0.00280231988311086,3.71760329094975e-05
29.56,0.00172808043262791,0.00290490264403719,-0.000556426480529264
29.565,0.00213470510004392,0.00284376238901178,-0.00111052351332228
29.57,0.0024244326193169,0.00263165298226069,-0.00159352402784919
29.575,0.00258842991448602,0.0022847184369987,-0.00197747781804139
29.58,0.00261800706017962,0.0018266846970181,-0.00223973860291408
29.585,0.00251755478102418,0.00128772306661408,-0.00236402878449518
29.59,0.00229547870738343,0.00070295742259672,-0.00234481046327084
29.595,0.00196300046496404,0.000102389939589221,-0.0021850153678153
29.6,0.00154041068887045,-0.000478617958426729,-0.00189215641108064
29.605,0.00104956370733025,-0.00100843302881263,-0.00148866697217891
29.61,0.000517286401201568,-0.00146434651423857,-0.00100121079559746
29.615,-3.34620518281867e-05,-0.0018240485397928,-0.000455479736624856
29.62,-0.000571001631877616,-0.00207128669628382,0.000110733553626666
29.625,-0.00107215648537692,-0.00220016107558769,0.000663513608485333
29.63,-0.0015095623380316,-0.00221183757036131,0.00116980400045852
29.635,-0.00186850628213234,-0.00210689860829613,0.00159782299223945
29.64,-0.00213115586803985,-0.00189976269320042,0.00192293831987276
29.645,-0.0022824317354606,-0.00160654498680373,0.00212612879801885
29.65,-0.00232259175353561,-0.00124423978018289,0.00219718002022223
29.655,-0.00225068003931397,-0.000837517652536116,0.00213315377042089
29.66,-0.00206814448314919,-0.000410956319533597,0.00193645376907913
29.665,-0.0017866021912305,1.64835430772514e-05,0.00162701140175831
29.67,-0.00142128065689904,0.000425904285783909,0.00122106221643049
29.675,-0.000989180386222736,0.000790922074186747,0.000745766858412241
29.68,-0.00051493032626842,0.00110165126724878,0.000231645170462144
29.685,-1.76937341616644e-05,0.00134633031277847,-0.000286868391133936
29.69,0.000475688336800625,0.0015147471587105,-0.000780025406127503
29.695,0.000941749608234575,0.00160261894175777,-0.00121614009882411
29.7,0.00135903314709763,0.00161435809785663,-0.00156948402168617
29.705,0.0017078835134581,0.00155224445992091,-0.00181944171655181
29.71,0.00197195530916986,0.00142128102669693,-0.00195614581040189
29.715,0.00213686971680382,0.00123483331569187,-0.00196746638573837
29.72,0.00219724085575049,0.00100248713176434,-0.00185712948321661
29.725,0.00214722080712457,0.000736417116807518,-0.00163543733618886
29.73,0.00199106286674989,0.000447070037861819,-0.00131790165881963
29.735,0.00173486218189646,0.000152329683127727,-0.000924186252494263
29.74,0.00139105795428316,-0.000138808429372438,-0.000480826595104732
29.745,0.000980173473226919,-0.000412793794580536,-1.98174314638106e-05
29.75,0.000519153978004283,-0.000662378377326048,0.000434302251105713
29.755,2.96968148191262e-05,-0.00087696555322904,0.000851210149785019
29.76,-0.000458880677414519,-0.00105177444236796,0.00120491697519318
29.765,-0.000925886410731163,-0.00117949339974348,0.00148031000891436
29.77,-0.00135035869652507,-0.00125835179868091,0.00165695197965574
29.775,-0.00170617041707639,-0.00128655804342619,0.00172750573164426
29.78,-0.00197557712075555,-0.00126300440204031,0.00169162471592574
29.785,-0.0021441829113759,-0.00118661346672652,0.00155376101399582
29.79,-0.00220376888111766,-0.00106222794566172,0.00132530583837982
29.795,-0.00215076954622505,-0.00089615519007814,0.00102103413966102
29.8,-0.00198440563892409,-0.000690502432248826,0.000663505907175713
29.805,-0.0017155377643663,-0.000453892037353932,0.00027638332026664
29.81,-0.00135753120477923,-0.000196457112078618,-0.000115256975819559
29.815,-0.000927406704942647,7.21096753176045e-05,-0.000487340027340209
29.82,-0.000442523369470673,0.000342883315708563,-0.000820924569033259
29.825,6.72081365446227e-05,0.000603585393955807,-0.00109077233760882
29.83,0.000577260943814419,0.000842606978015121,-0.00128827198690718
29.835,0.00106143350064797,0.00104919480387796,-0.00140202762100002
29.84,0.00149321565436394,0.00121390423637444,-0.00142555709859468
29.845,0.00184873773485218,0.00132686102985645,-0.00136472245470643
29.85,0.00210699111164651,0.00137771732168537,-0.00122594083552121
29.855,0.0022539173970262,0.0013663678345191,-0.00101838547257538
29.86,0.00228316035653956,0.00128970929916057,-0.000758817649101403
29.865,0.00219008387214751,0.00114737741594914,-0.000469511427927767
29.87,0.00197471789249067,0.000943962966301808,-0.000164384257833592
29.875,0.00165412708971093,0.000689282090835765,0.000134698722745648
29.88,0.00124156726852634,0.000392195947933247,0.000409799535687898
29.885,0.00075647703290858,6.63327054105075e-05,0.000649200595796216
29.89,0.000226526155385677,-0.000274779426680839,0.000836628673529374
29.895,-0.000320651213989472,-0.000610255591247273,0.000963885404479428
29.9,-0.000852491454348081,-0.000923678458132416,0.00103239734910743
29.905,-0.00134019537244938,-0.00119841798159601,0.00103424851317823
29.91,-0.0017608391309756,-0.00141694908064865,0.000979902157358139
29.915,-0.00208515998518979,-0.00156498772036885,0.000875815503712553
29.92,-0.00229470450792173,-0.00163466571982949,0.000727365440643882
29.925,-0.00238212593012493,-0.00161676439904564,0.000553336940762376
29.93,-0.0023391055603063,-0.00150955361966992,0.000364375724545584
29.935,-0.00216289968323506,-0.00131756763369253,0.000171906278128431
29.94,-0.00186828822691464,-0.00104686638135441,-1.37276119279635e-05
29.945,-0.00146722599287251,-0.000712217031062809,-0.000178219068849198
29.95,-0.000981440302916302,-0.000329914698166811,-0.000317496949939769
29.955,-0.000437385476035487,7.94938063722261e-05,-0.000425865724649211
29.96,0.000132874220316187,0.000495789611949622,-0.000498865669502555
29.965,0.000699465302934085,0.000889696084592891,-0.000540636257436263
29.97,0.00122791138521737,0.00124142315959447,-0.000552117970099578
29.975,0.00169234451307473,0.00152934764980561,-0.000537194111181976
29.98,0.00206364907924148,0.00173705848349509,-0.000502388135682913
29.985,0.00231776633873215,0.00184401236566744,-0.000454926901111959
29.99,0.00244694692222197,0.00184881923105848,-0.000402142770151227
29.995,0.00243788494536652,0.00174786138685026,-0.000346351326016174
30,0.00228941561490815,0.0015423225113619,-0.000292549279229741
30.005,0.00201050039258678,0.0012422918989515,-0.000247963408474385
30.01,0.00161833229211912,0.000868410397826808,-0.00020528223089283
30.015,0.00113268286235871,0.000436799105941766,-0.000171088804056042
30.02,0.000581999901838219,-2.74818466946756e-05,-0.000140422623978943
30.025,-5.54064437180889e-06,-0.000494391918461512,-0.000107073470439631
30.03,-0.000592744007803731,-0.000937116086874136,-7.20485598878917e-05
30.035,-0.00114448436259625,-0.00133010884707627,-2.78796363180057e-05
30.04,-0.00163500805122263,-0.00164734550905176,2.83283024039566e-05
30.045,-0.00203386131011852,-0.00187154899126686,9.9567049373268e-05
30.05,-0.00231722779267574,-0.00198517266750333,0.0001848823900751
30.055,-0.00246588353756218,-0.001982205663538,0.000285778444735778
30.06,-0.00247804608647559,-0.00185900495027921,0.000394241112438756
30.065,-0.00234731745526046,-0.00162729021101429,0.000505363930749676
30.07,-0.00208375446773839,-0.00129189921331172,0.000615167776315334
30.075,-0.0016988363577868,-0.000877293034642768,0.000710431456111544
30.08,-0.00122001580848638,-0.000407361918588378,0.000781557755375676
30.085,-0.000673165423670342,8.87701790823162e-05,0.000822407973458042
30.09,-8.73245103864006e-05,0.000583709203409367,0.000820310494535077
30.095,0.000501577300993623,0.0010451787298164,0.000773662614338418
30.1,0.00105879696979555,0.00144456250960481,0.00067416058275953
30.105,0.00155554221140655,0.00175650662022378,0.000522257828249751
30.11,0.00196387410189389,0.00196369191467237,0.000321521972937272
30.115,0.00225664522533286,0.00205076891335734,7.9309643464097e-05
30.12,0.00242171201799818,0.00201055061238406,-0.000193930090613857
30.125,0.00244743400246077,0.00184823539249884,-0.000484397510341187
30.13,0.00233436747066527,0.00157226326407954,-0.000773011872107346
30.135,0.00209034700862142,0.00119641830417471,-0.00104571715655354
30.14,0.00172555272207997,0.000748766666402777,-0.00127830879716703
30.145,0.00126652388622719,0.000255015136273156,-0.00145440838178618
30.15,0.000740041076745138,-0.000254846197002001,-0.00156265106040011
30.155,0.000172562706123517,-0.000746824816138191,-0.00158316092257114
30.16,-0.000401022475870261,-0.00119173175380732,-0.00151247510518407
30.165,-0.000946391792370966,-0.00156255512568042,-0.00134710713677833
30.17,-0.00143560264599435,-0.00183370235128608,-0.0010890946949438
30.175,-0.00183894906978251,-0.00198984692706827,-0.000748300917522821
30.18,-0.00213468007401695,-0.0020222496442226,-0.000342519513172761
30.185,-0.00230772766897292,-0.00192776754238797,0.000110303798972404
30.19,-0.0023466854768373,-0.00171274158922106,0.000584249439425653
30.195,-0.0022526648367622,-0.00139120359605363,0.00105194577766952
30.2,-0.0020323827122149,-0.000984391126952615,0.00148394187769858
30.205,-0.00170037388546799,-0.000517560968990042,0.00185091335718135
30.21,-0.00127417955061857,-2.12975328769024e-05,0.00212722437055739
30.215,-0.000783592189326182,0.000475189177926261,0.00229551765130567
30.22,-0.000255255102639067,0.000936942782479021,0.00233245874176164
30.225,0.000282419878136857,0.00133805029526052,0.00223360962852036
30.23,0.000796184568323477,0.00165042512855682,0.00199915142629439
30.235,0.00125703923378792,0.00185741860244912,0.00163422689923599
30.24,0.0016421262515195,0.00194557126006289,0.00115898750532062
30.245,0.00192748149932261,0.0019093472318004,0.000595074273216259
30.25,0.0021030519057495,0.00175168005027009,-2.79066195002802e-05
30.255,0.00215692002062448,0.00148334678212033,-0.000672724187122304
30.26,0.00208867877229494,0.0011222119833301,-0.0013008829049488
30.265,0.00190760436375281,0.00069290146683082,-0.00187480491536379
30.27,0.00162534316337998,0.000223495810069879,-0.00235890177704725
30.275,0.00125469695472094,-0.000257262558151882,-0.00272257208999836
30.28,0.000823357763479046,-0.000717279918480904,-0.00293606322075505
30.285,0.000355428914243666,-0.00112334268267542,-0.00298159826312117
30.29,-0.000122673354403162,-0.00145586938401713,-0.00285627956485133
30.295,-0.0005847578846816,-0.00169147816708516,-0.00255890655562971
30.3,-0.00100516178052978,-0.00181501184927657,-0.00210045039703757
30.305,-0.00136083376263113,-0.00181909983122127,-0.00150822694200232
30.31,-0.00163379549558075,-0.00170707734479715,-0.00081139767688357
30.315,-0.00181200757672868,-0.00148359556174427,-4.85759433053368e-05
30.32,-0.00188680823211082,-0.00116901208387194,0.00073358613217674
30.325,-0.00185452192242052,-0.000780873023946099,0.00149149611855649
30.33,-0.00172641697265509,-0.000347658153188507,0.00218024950902493
30.335,-0.0015062627317504,0.000103493030150532,0.00275562258631267
30.34,-0.00120917626508733,0.000541092622181301,0.00317948440338967
30.345,-0.000858242900483359,0.000939758156990945,0.0034271159334472
30.35,-0.000470527746760103,0.00127038831230429,0.00347886174608744
30.355,-6.67571059009989e-05,0.00151407953314446,0.00332668932296977
30.36,0.00032564180647271,0.00165524909535061,0.00297806179966008
30.365,0.000691197979787852,0.0016870082812544,0.0024502795232946
30.37,0.0010087788793001,0.00160763164949662,0.00176919702446689
30.375,0.00125896820253483,0.00142241708279203,0.000974997749773334
30.38,0.00143888955169072,0.00114817544294244,0.000114252919910782
30.385,0.00153640547743374,0.000802970192004973,-0.000765307537114652
30.39,0.0015504754015428,0.000407847273108103,-0.00161027142569129
30.395,0.00148364450309729,-9.06620996087218e-06,-0.002371277865556
30.4,0.0013430153234446,-0.000418077678424184,-0.00300179849793268
30.405,0.00113890461896433,-0.000793640905025467,-0.00346129477770284
30.41,0.000885003984405266,-0.00111070346059045,-0.00372373659550656
30.415,0.000592811350405491,-0.00135053129594492,-0.00377232721963373
30.42,0.000284351764018598,-0.00149716211465559,-0.00360016018765144
30.425,-2.46811533168381e-05,-0.00154129380639404,-0.00321639800525169
30.43,-0.000324060121608184,-0.00148265403254454,-0.00264237446569386
30.435,-0.00059371608393932,-0.00132800834350664,-0.00191265196126402
30.44,-0.000821928225578233,-0.00108400711750102,-0.00106760658562466
30.445,-0.0010038641148132,-0.000772755809463209,-0.000156341663242705
30.45,-0.00112943078701556,-0.000415764474001786,0.000766043556621499
30.455,-0.00119357147489401,-3.39319255348173e-05,0.00164814451592095
30.46,-0.00120068656578316,0.000344011025286508,0.00243463563004305
30.465,-0.00114972039711137,0.000689201826150921,0.00307816501292101
30.47,-0.0010471717724083,0.000985939055227836,0.00354457768037711
30.475,-0.000902767465541689,0.00121272345370869,0.00380632028116177
30.48,-0.000720949441516647,0.00135009605926574,0.00384135714283509
30.485,-0.000514205411321547,0.00139606265970112,0.00365473078786957
30.49,-0.000294688667035163,0.00134822173664799,0.00325643411518523
30.495,-6.8252667054648e-05,0.00120593299510839,0.00266777224975857
30.5,0.000151668012353274,0.000987047281069611,0.00192662236893051
30.505,0.000355099154518432,0.000705495661208658,0.00107698847977755
30.51,0.000537465965734939,0.000377416761645012,0.000165569176909245
30.515,0.000690130803513516,2.99024042359325e-05,-0.000749523395196909
30.52,0.000807561912277242,-0.000311972167929337,-0.00161427391209468
30.525,0.000888566198610573,-0.000630841040231566,-0.00238058708953906
30.53,0.000931541746517238,-0.000901295747854389,-0.00300446079466448
30.535,0.000934566585143391,-0.00110506781820956,-0.0034463701702517
30.54,0.000899808140494415,-0.00122858518033896,-0.0036852532987186
30.545,0.000830379197034679,-0.0012707871358921,-0.0037073349842079
30.55,0.000729757465758186,-0.00122188257027151,-0.00351253211258529
30.555,0.000601368006366056,-0.00109033555350011,-0.00311502608920638
30.56,0.00045158304462638,-0.000888165689709533,-0.00254126175515684
30.565,0.000284183419563167,-0.000629638527482017,-0.00182537625550231
30.57,0.000107030378901122,-0.000325098838597294,-0.00100961556905302
30.575,-7.3352972690856e-05,-7.95407645917585e-06,-0.000147554894178092
30.58,-0.00025011002973284,0.000305789101364295,0.000711809069886086
30.585,-0.000419296040992658,0.000598068306405316,0.0015192809757415
30.59,-0.00057224545945262,0.000843433017132134,0.00222751741282429
30.595,-0.000700997556011802,0.00102505286943132,0.00279381871152585
30.6,-0.000805811806881288,0.00113810800532337,0.00319140831361913
30.605,-0.000880008349907291,0.00117122571222998,0.00339650154792261
30.61,-0.00091666528833816,0.00111895763018339,0.00339827557728028
30.615,-0.000913585144857671,0.000995895485576444,0.00320502854551575
30.62,-0.000874544063348099,0.000806299205905614,0.00283035731577054
30.625,-0.000792332194555687,0.000560256132441768,0.0022925528542111
30.63,-0.000676421701088189,0.000278928234280068,0.00163240470936085
30.635,-0.000526099758468534,-1.36107005455959e-05,0.000894907644359171
30.64,-0.000347360677576252,-0.000304313800309116,0.000115015165100394
30.645,-0.000149988412473424,-0.000574031604866898,-0.00065500072784494
30.65,5.82027824225197e-05,-0.000796916915565039,-0.00136832460765481
30.655,0.000275242975373878,-0.000964182047903319,-0.00199032462390601
30.66,0.000482080081370649,-0.00106530481072577,-0.0024833748162969
30.665,0.000672073591353039,-0.00109190424273625,-0.0028177994400957
30.67,0.000837195292472786,-0.00104021638231486,-0.00298489695908855
30.675,0.00096345439603781,-0.000925995292313811,-0.00297551056325577
30.68,0.00104739489127232,-0.000746642831181569,-0.00279031821490429
30.685,0.00108129107490083,-0.000517304620709091,-0.00244937167311175
30.69,0.00106067578891282,-0.000260007147228718,-0.00197506094022672
30.695,0.000988584373350059,1.07852565174066e-05,-0.00139880222320148
30.7,0.000865480040229048,0.000282766765128806,-0.000755988177186123
30.705,0.000692325895042851,0.00052948445571543,-8.6839164541846e-05
30.71,0.000483311934065412,0.000735394727544425,0.000569726734677152
30.715,0.000241382188633162,0.000894222739070463,0.00117501578589214
30.72,-1.91521157376669e-05,0.000988453375416015,0.00169822854741797
30.725,-0.000284125047813869,0.00101398694172064,0.00210586313684049
30.73,-0.000540150171164754,0.000973527817273262,0.0023829194100336
30.735,-0.000773089083969925,0.00087179975957088,0.00251516236095797
30.74,-0.000967973783395449,0.00071041592627774,0.00249718070281157
30.745,-0.00111544065393775,0.000506782412977109,0.0023374187335439
30.75,-0.00120645197694363,0.000275077188316064,0.00204816406344365
30.755,-0.00123269544346325,2.90855538776986e-05,0.00165191153418252
30.76,-0.00119636788699956,-0.000216458451085326,0.00117330129193608
30.765,-0.00109459529120015,-0.000441044630481834,0.0006450098134332
30.77,-0.000932096825729022,-0.000631942274709362,9.5066697188491e-05
30.775,-0.000716665734966746,-0.0007809183296249,-0.00044107935661304
30.78,-0.000458867370249693,-0.000872439052622817,-0.000934412384680459
30.785,-0.000172766902613855,-0.000904804558554349,-0.00135827097286817
30.79,0.00012472523165728,-0.000881684333876454,-0.00169256998266899
30.795,0.000419344533819909,-0.000801032643333352,-0.00191941389933127
30.8,0.000691422533024735,-0.000669561672001295,-0.00202951668020614
30.805,0.000926458204402913,-0.000502662277467588,-0.00202059713965358
30.81,0.00111337745539444,-0.000308837343063029,-0.00190096621930176
30.815,0.00123878317004277,-9.90830250713371e-05,-0.00167861076898064
30.82,0.00129770059303193,0.000106015746006991,-0.00137273106432758
30.825,0.00128570499013798,0.00030159745695588,-0.00100135693146213
30.83,0.00120217225420261,0.000470862724736258,-0.000587522929725006
30.835,0.00105168834362858,0.000600994216078351,-0.000160500655539778
30.84,0.000840449737302059,0.00068950777872731,0.000261624883763319
30.845,0.000581349188206911,0.00073347769518394,0.000654204103665418
30.85,0.000292647273629664,0.00072717578767666,0.000995707950434091
30.855,-1.33999761702135e-05,0.000677945357708896,0.00126897261075653
30.86,-0.000317087098262859,0.000590311723873598,0.00146497302010197
30.865,-0.000600333140652684,0.000468968142123203,0.00157265625536045
30.87,-0.000846048711322766,0.000328944916698761,0.00159329002691182
30.875,-0.0010449465523281,0.000175529906201125,0.00153014245313889
30.88,-0.00118449714819566,1.81138763174718e-05,0.00138702405775671
30.885,-0.00125554264580587,-0.00012910607981159,0.00117761911167961
30.89,-0.00125505776156804,-0.000258555243417526,0.000916994962604276
30.895,-0.00118409251322641,-0.000363800254141618,0.000616701743522301
30.9,-0.00104427259406018,-0.000440108754871423,0.000296246534716032
30.905,-0.000847185930478832,-0.000481461090824724,-2.68802969772842e-05
30.91,-0.000606826024786477,-0.000492960523026552,-0.00033780712235148
30.915,-0.000332598290460326,-0.000473777774919057,-0.000619798644698014
30.92,-4.77543979121985e-05,-0.000429256846755362,-0.00086035779732003
30.925,0.000233464364869268,-0.00036437895529432,-0.00104943446537254
30.93,0.000497584276346984,-0.000287650005656748,-0.00117932726930076
30.935,0.000728560083575734,-0.000202802156981771,-0.00124955679793605
30.94,0.000912957232975362,-0.000117252164670164,-0.00125627920113354
30.945,0.00104453186053762,-3.68637358212902e-05,-0.00120165999694133
30.95,0.00111177540533369,3.3345397873117e-05,-0.00109161211974921
30.955,0.00111349625817748,8.93153760343378e-05,-0.000933595985671394
30.96,0.00105077540454785,0.000129709698483293,-0.000733036679541615
30.965,0.000929032741290208,0.000153874800311004,-0.000503482391371949
30.97,0.000757711315965971,0.000166922505496382,-0.000255696079646521
30.975,0.000545932049553807,0.000167452400253804,3.85788786936001e-07
30.98,0.000311948255857754,0.000160447871937499,0.000248345756018176
30.985,6.77050302204667e-05,0.00015122266387965,0.000479505885711205
30.99,-0.000172152612636453,0.000144897399720553,0.000689481724637725
30.995,-0.00039622585102208,0.000137766689982493,0.000862660652076272
31,-0.000588090743994565,0.000135881068954175,0.000993256586742748
31.005,-0.000741079092919514,0.000140516922552361,0.00108077410636163
31.01,-0.000844227849345292,0.000151425389403578,0.00111748870351821
31.015,-0.0008944109464525,0.0001661230642013,0.00110086922494279
31.02,-0.000889847495356188,0.000183317078442571,0.00103360749737448
31.025,-0.000830999356652179,0.000199910582095558,0.000918001941056552
31.03,-0.000728079691468419,0.00020936108107719,0.000756970835518429
31.035,-0.000588024931243324,0.000208669477085818,0.000561832975236318
31.04,-0.000420537801057409,0.000196023114046302,0.000338982257355759
31.045,-0.000236470910150947,0.000164605592470766,9.69199050139518e-05
31.05,-5.22216500956626e-05,0.000113136779713699,-0.000153963477975946
31.055,0.000128949647570968,4.73276049778759e-05,-0.000398849131414044
31.06,0.000291893833739059,-3.46241186632562e-05,-0.000628314690732677
31.065,0.000428852471848363,-0.000133590291534351,-0.000835083586916868
31.07,0.000532441851845696,-0.000235553104798299,-0.00100188499648943
31.075,0.000595979119690499,-0.000340113996772503,-0.00111900554562303
31.08,0.000620935424511917,-0.000440532754855682,-0.00118845883127729
31.085,0.000606909570878582,-0.00052285595578837,-0.00119436423788481
31.09,0.000554941637663499,-0.000581858553846406,-0.00113894696897604
31.095,0.000476145266185138,-0.000613286061438723,-0.00102721293763965
31.1,0.000374954462196278,-0.000607592276216986,-0.00085853087593217
31.105,0.000256924871983406,-0.000561398617600299,-0.000640544256740049
31.11,0.000135399031473298,-0.000477692582923855,-0.000385238086165377
31.115,1.47776999545256e-05,-0.000354160461812208,-0.000102789887373269
31.12,-9.66674669455148e-05,-0.000197376294983247,0.000193819539864358
31.125,-0.000190539378014562,-1.5622040010265e-05,0.000484838117344365
31.13,-0.00026211908148538,0.000181527378744906,0.000757459881309058
31.135,-0.000309361253001616,0.00038395337308954,0.000995881301754502
31.14,-0.000330912907960692,0.000577112249989462,0.00118549652600426
31.145,-0.000327405772311302,0.000745869938453324,0.00131448333859848
31.15,-0.000303094936889638,0.000879433956344766,0.00137336969289195
31.155,-0.000261261525273339,0.000967435173584518,0.00135970203457344
31.16,-0.000206805183422794,0.000999649213766347,0.00126971238149743
31.165,-0.000146167301097981,0.00096992408007801,0.0011057402161198
31.17,-8.4037526820577e-05,0.000881297038797903,0.000877760683431633
31.175,-2.56694138563035e-05,0.000731193768617526,0.000594548485610917
31.18,2.42528445988731e-05,0.000527834888330283,0.00027092028967805
31.185,6.0211198699995e-05,0.000282700615300984,-7.14655491939824e-05
31.19,8.27483145423313e-05,7.03204490054162e-06,-0.000418201085715398
31.195,9.0407869322598e-05,-0.000282924469279227,-0.000747126100528426
31.2,8.38955821090553e-05,-0.000565507551885229,-0.00103734354949354
31.205,6.54742451836739e-05,-0.000825877664694201,-0.00127360714164356
31.21,4.08449857388289e-05,-0.00104646426864695,-0.00144219997068601
31.215,1.18820176323203e-05,-0.0012080691416734,-0.00152660453668551
31.22,-1.75606532071731e-05,-0.00130273136611854,-0.00152610481487179
31.225,-4.22308063466605e-05,-0.00132103970048693,-0.00143665365294345
31.23,-5.96165619771188e-05,-0.00125623167077558,-0.00126003194249848
31.235,-6.66777880836073e-05,-0.00111222652685847,-0.00100874379323239
31.24,-6.11724988828914e-05,-0.000896219823690001,-0.00069607083715508
31.245,-4.2106889905086e-05,-0.000615494567623764,-0.000337354589220896
31.25,-1.17849183786005e-05,-0.000288951567391907,4.29475597407236e-05
31.255,2.98686633070801e-05,6.30972242012678e-05,0.000424416298046932
31.26,7.80155720161616e-05,0.000421884017962536,0.000785395320550043
31.265,0.00012601675250017,0.000763458617586462,0.00110289475994782
31.27,0.000172569633403939,0.00106427021824639,0.00135557810571165
31.275,0.000211274954225846,0.00130607102349445,0.00153126050603687
31.28,0.000238268056147834,0.00147285901644666,0.001615993156407
31.285,0.00025131572085117,0.00155169004047476,0.00160380300389984
31.29,0.000246000293752917,0.00153527781883396,0.00149663084611543
31.295,0.000220101444237076,0.00142376532467713,0.00129772985998499
31.3,0.000176676394724527,0.00122267646333589,0.00102042291637884
31.305,0.000113336269438821,0.000942247524353899,0.000683381385467995
31.31,3.51420237174828e-05,0.000598787499436623,0.000302877358242177
31.315,-5.2879862341585e-05,0.000214160674521934,-9.57447556490964e-05
31.32,-0.000144450532557522,-0.000189518565146424,-0.000487613371360247
31.325,-0.000231781137493832,-0.000585537783252586,-0.000851053739985342
31.33,-0.000311086354651145,-0.000948321105042187,-0.00116108214775198
31.335,-0.000375159000504392,-0.00125615387886433,-0.00139995452255646
31.34,-0.000416321289775529,-0.00149015615543566,-0.00155295112071497
31.345,-0.000434482238591914,-0.00163151562398818,-0.00160962873644374
31.35,-0.000424721965113035,-0.00167457784515484,-0.001565342460001
31.355,-0.000383872952188763,-0.00161381142121298,-0.00142647747168233
31.36,-0.00031690868079475,-0.00145130288807574,-0.00120011593185803
31.365,-0.000225389451426872,-0.00119771371469455,-0.000900886987140877
31.37,-0.00011199999914661,-0.000869780578179388,-0.000550075144641447
31.375,1.14571185931303e-05,-0.000483639021690762,-0.000166821002020702
31.38,0.000138507634020023,-6.73256241150579e-05,0.00022297773835148
31.385,0.000263985687413664,0.000352339761218275,0.000594305783887874
31.39,0.000373599769390648,0.000751387268176452,0.000925900980198159
31.395,0.000462729179626699,0.00110391216350892,0.00119419211497304
31.4,0.000527336572856427,0.00138667522179455,0.00138557968705618
31.405,0.000557630372750828,0.0015830229894271,0.00148507346091943
31.41,0.000554185333839503,0.00167942135667977,0.00149039967619406
31.415,0.000516515343052603,0.00167047016069939,0.0014003131230636
31.42,0.000440898836349784,0.00155366563778866,0.00122315325068689
31.425,0.000337001517643463,0.00134126899387096,0.000971195407948462
31.43,0.000209216506594766,0.00104453218627281,0.000662146681578685
31.435,6.23666968727258e-05,0.000682499088525128,0.000314968063209144
31.44,-8.90288857753971e-05,0.000278556275473315,-4.58446462897043e-05
31.445,-0.000237213078811172,-0.00013621992192013,-0.000397745302043941
31.45,-0.000372873310764602,-0.000542997110928412,-0.000716043332649194
31.455,-0.000486092365104937,-0.000910868202543269,-0.000983397638136742
31.46,-0.000570636951732453,-0.0012162819239078,-0.00117927226285878
31.465,-0.000621146660407278,-0.00144351215146898,-0.00129502188480459
31.47,-0.000632033529939594,-0.00157620152624396,-0.00132210026598689
31.475,-0.000602323971711444,-0.00160395622637164,-0.00126167535050696
31.48,-0.000533131501300107,-0.0015320807427601,-0.00111964483283255
31.485,-0.000428267930693439,-0.00136218767346815,-0.000906349118267558
31.49,-0.000293544355494723,-0.00110490093649899,-0.000638248813328477
31.495,-0.000138597219075036,-0.000781367433787338,-0.000332234073070281
31.5,2.55543085176771e-05,-0.000412607858282096,-1.22780555665675e-05
31.505,0.000188285999916965,-2.14576264644953e-05,0.000300833833449355
31.51,0.000339443808744136,0.000364293453688393,0.000586717892578668
31.515,0.000470463445187336,0.000719979968921151,0.000823962120194618
31.52,0.000570838353008124,0.0010240241820622,0.00099885896174382
31.525,0.000635698842749047,0.00125745164751232,0.00109928120089539
31.53,0.000659239854773349,0.00140422129111473,0.00111952560054907
31.535,0.000638919386235752,0.00145694456737727,0.0010608549535789
31.54,0.000577672382498091,0.00141499666947763,0.000929610249660784
31.545,0.000476511415056909,0.00128072331003237,0.00073597873621505
31.55,0.000343712046252257,0.00106307696533138,0.000494736136985105
31.555,0.000189714877139388,0.000781056096065796,0.000223918949282631
31.56,2.37028011394247e-05,0.000453894417064268,-5.56409479168991e-05
31.565,-0.000144323998719959,0.000102540824187625,-0.000325736228475185
31.57,-0.000299664466808713,-0.000247655041359315,-0.000564715723077472
31.575,-0.000436106270545445,-0.000572960953468019,-0.000756691065720087
31.58,-0.00054385145432831,-0.00085475652359499,-0.000887708588260711
31.585,-0.00061377542229998,-0.00107441880341418,-0.000949524137010106
31.59,-0.000644691933827404,-0.00121493087238241,-0.000936492915441701
31.595,-0.000633116787975089,-0.00127258165060882,-0.000854094520099444
31.6,-0.000576792678016621,-0.00124300217308425,-0.000709063003649248
31.605,-0.000483645511854681,-0.00112947898008714,-0.000510941043577595
31.61,-0.000360811340578872,-0.000942595518586029,-0.00027750665020248
31.615,-0.000210216347169803,-0.000697758603304135,-2.65952384303583e-05
31.62,-5.05958007473357e-05,-0.000409837493492155,0.000225885042508181
31.625,0.000111450260777296,-0.000104308443680857,0.000456382479114789
31.63,0.000264217270911358,0.000199977094668203,0.000648429998035172
31.635,0.000397381254680445,0.000483354940615308,0.000790763224832379
31.64,0.000502755594720028,0.000725558545927794,0.000868064389263939
31.645,0.000575573169600225,0.000909808155479282,0.000874516101523886
31.65,0.000606441934859361,0.0010256613740116,0.00081327299132147
31.655,0.000597336332947788,0.00106698436945937,0.000685776961758514
31.66,0.000547920760409583,0.00103274423767825,0.000502159373889364
31.665,0.000460284897132789,0.00092590938721294,0.000278961126625514
31.67,0.000342288444428938,0.000758310915033041,2.9810372067284e-05
31.675,0.000202348616217096,0.000542554701122876,-0.000225177962845974
31.68,4.98563776371214e-05,0.000294000800995647,-0.00046444285982306
31.685,-0.000103029888313035,3.40043989141196e-05,-0.000671920711562798
31.69,-0.000245549735867467,-0.000217493966068604,-0.000829263199588918
31.695,-0.00037026151600288,-0.000448329863052629,-0.00092336687255471
31.7,-0.000467322206546957,-0.000635513932138075,-0.000947130617516976
31.705,-0.000531557945631613,-0.000769932420833516,-0.00089410745914696
31.71,-0.000557042856004108,-0.000843960639825308,-0.000770427527126977
31.715,-0.000543064988872666,-0.000851809346154159,-0.000582592612950681
31.72,-0.000492293899277044,-0.000793977409479739,-0.000342626809074572
31.725,-0.000405475356089075,-0.000680726609522684,-6.90135050680512e-05
31.73,-0.000290601363261772,-0.000516796757210917,0.000216341817534927
31.735,-0.000158699699011793,-0.00031967495019887,0.000497655277152182
31.74,-1.66484604059194e-05,-0.000104383437274955,0.000748878538366471
31.745,0.000124924791359502,0.000110927355696377,0.000949912607573633
31.75,0.000252819048716589,0.000310824347170948,0.00108874486270455
31.755,0.00036164811454762,0.000479024415682836,0.00115011477339706
31.76,0.000443425489553886,0.000602164077804548,0.00112416824762914
31.765,0.000489920879712432,0.000672576473628557,0.00101557014365309
31.77,0.000500979052378572,0.000685983356956565,0.000828105634586461
31.775,0.000476167372953091,0.000639886975403361,0.000568908269189324
31.78,0.000414807978967521,0.000538782173409675,0.000261333781571019
31.785,0.000323088233432046,0.000395882588345816,-7.59728487551072e-05
31.79,0.000210974481405805,0.00021669495177337,-0.000422724774669833
31.795,8.13523147281607e-05,2.07583401734357e-05,-0.000751202909479192
31.8,-5.13377148626956e-05,-0.000174074892152511,-0.00103539297006592
31.805,-0.00017798851241905,-0.000353497118047124,-0.00125767529710483
31.81,-0.000290424273089328,-0.000503303632434332,-0.00139983034646383
31.815,-0.000378669738215096,-0.000606135371126315,-0.00144478671983471
31.82,-0.0004373509866051,-0.000655404974634662,-0.00139055036038151
31.825,-0.000462409275914709,-0.000647778361537107,-0.00123708748780446
31.83,-0.000450878414438522,-0.000579037471041684,-0.00098995402212657
31.835,-0.000404782079062953,-0.000454154715662177,-0.000665098564590275
31.84,-0.000328036264346853,-0.000284785630741711,-0.000285338581816686
31.845,-0.000222678928074619,-8.2339641748372e-05,0.000129744842984113
31.85,-0.000101886860492911,0.000139348523742506,0.000550394284017595
31.855,2.85935061165928e-05,0.000356447705766404,0.000945265973278062
31.86,0.000158522595971589,0.000553837974891691,0.0012887307178213
31.865,0.000274912745193503,0.00071772286472558,0.00155910380020345
31.87,0.000370846427884137,0.000825998210645403,0.00172911467810311
31.875,0.000438515099579162,0.000869841326648243,0.00178771800114121
31.88,0.000471009319284063,0.000845921990524377,0.0017301666500861
31.885,0.000466157786835876,0.000747926692002537,0.00155159728897243
31.89,0.000426130766674047,0.000581008930341325,0.00126480080716377
31.895,0.000347880772926254,0.000357737791719105,0.000886766549199951
31.9,0.000241876141315417,8.84223511919387e-05,0.000436490411040088
31.905,0.000112662468866539,-0.000206144714338495,-5.61138748808433e-05
31.91,-2.95654836621347e-05,-0.000503006422047622,-0.000555346065002461
31.915,-0.000173367142244121,-0.000781375830576664,-0.00103466218270815
31.92,-0.000307007018284345,-0.00102133308185444,-0.0014579298949703
31.925,-0.000421965076445513,-0.00119795414108638,-0.0017957560452806
31.93,-0.000506989250423877,-0.00129678143105005,-0.0020268710065388
31.935,-0.000554414499206265,-0.00130658313960268,-0.00212992614532645
31.94,-0.000560486826241501,-0.00122062249612969,-0.00209729018989087
31.945,-0.000523697727474122,-0.00103908701761377,-0.00192922495198173
31.95,-0.000445307489084584,-0.000773448285097941,-0.00163094982243909
31.955,-0.000328296004417947,-0.000434985595094956,-0.00122151797811729
31.96,-0.000180403475381469,-4.25513377561067e-05,-0.000724802528542591
31.965,-1.37643052017512e-05,0.000373558153462402,-0.000169735483930376
31.97,0.000161202145171251,0.000789425413567962,0.000406516756467859
31.975,0.000332893549111804,0.0011768902646995,0.000967727393102139
31.98,0.000486193742683139,0.00150410563277321,0.00147945996126126
31.985,0.000610862025621392,0.00174585240216766,0.00190554097652907
31.99,0.000697594618071635,0.00188411277375504,0.00221755061273061
31.995,0.000734352182787729,0.00190146047243028,0.00239596554205995
32,0.00072016217806378,0.0017910096912968,0.00242459268776865
32.005,0.000655019383998259,0.00155753314909996,0.0022998556228667
32.01,0.000536047377293016,0.00120790912827444,0.00202971081716151
32.015,0.000374218100620859,0.000759610473374398,0.00162707962114622
32.02,0.000179497732693287,0.000239411059472168,0.00111568775525974
32.025,-3.88918083438238e-05,-0.000319536848503321,0.00052840925288438
32.03,-0.000262848076855308,-0.000886204115748576,-9.87422930552292e-05
32.035,-0.000478867326062921,-0.00142141768808051,-0.000729549174157054
32.04,-0.000673300056967178,-0.00188674543073844,-0.00132041636072835
32.045,-0.000828572413406866,-0.00225311265903654,-0.00183490958475733
32.05,-0.000932254778790615,-0.00249226256274488,-0.0022418085093777
32.055,-0.000977538053210416,-0.00258003825529672,-0.00251170431757926
32.06,-0.00095708613846132,-0.00250864117943445,-0.00262757561532738
32.065,-0.000870769871675464,-0.00227774297659731,-0.00258263063628265
32.07,-0.000721697651802692,-0.00189174118195375,-0.00237731870811125
32.075,-0.000516697398935371,-0.0013707611670218,-0.00202261592108162
32.08,-0.000269261698036678,-0.000746525560495327,-0.00154174371565571
32.085,6.28784009996684e-06,-5.39321823004158e-05,-0.000963579571159675
32.09,0.000293838760107376,0.000670275427489671,-0.000322716936154869
32.095,0.000573110000208386,0.00137627763277215,0.000340263048169919
32.1,0.000824408342471112,0.00201932702189439,0.000982722205020663
32.105,0.00103277979186763,0.0025631297332156,0.00156667505305413
32.11,0.00117801024892455,0.00296693969902669,0.00205578145865408
32.115,0.00125446085330741,0.00319693621780787,0.00241718680270688
32.12,0.00125149803284022,0.00324244910497389,0.00263114860467271
32.125,0.00116457034562779,0.00309211929141046,0.0026844262667943
32.13,0.0010014373436624,0.0027438087545984,0.00257200531418443
32.135,0.000767227675732721,0.00222235841292491,0.00230156550854493
32.14,0.000473127303801043,0.00155402125750661,0.00189457820718884
32.145,0.000141156228616855,0.000768921630950116,0.00137025312870735
32.15,-0.000211142622434331,-8.23396808122557e-05,0.000765538750507221
32.155,-0.000563668567623602,-0.000946724203953465,0.000119941577298371
32.16,-0.000888837583174261,-0.00177993344031188,-0.000530069524650653
32.165,-0.00116895366003424,-0.00252655728559921,-0.00114387263662887
32.17,-0.00138455107483988,-0.00313470716587927,-0.00167956881936234
32.175,-0.00151855393727523,-0.00357135523406403,-0.00210918082232594
32.18,-0.00156088138033421,-0.00380708706599663,-0.00240564295314004
32.185,-0.00150633394658363,-0.0038181310530533,-0.00255126254372419
32.19,-0.00135563813335122,-0.00360123976046564,-0.00253761423075148
32.195,-0.00111431853759627,-0.00317145587904641,-0.0023711197521273
32.2,-0.000798662937119987,-0.00254304436095202,-0.00206194035282763
32.205,-0.000421962089507055,-0.0017493489235475,-0.0016283678505961
32.21,-1.12791285568533e-05,-0.000843585981998988,-0.00110463303525479
32.215,0.000412181968725794,0.000126779808173238,-0.000522313941279377
32.22,0.00082203459491162,0.00111102466739746,8.4824886883353e-05
32.225,0.00118972188736617,0.0020407473481481,0.000674257246778884
32.23,0.00149318589099508,0.00286293890467763,0.00120834305911517
32.235,0.00171306733453107,0.00353481018071073,0.00165923420239398
32.24,0.00183036653217971,0.00400808158969351,0.00199856774494663
32.245,0.00183900627943339,0.00425022440681496,0.00220256802220033
32.25,0.00173612343807104,0.00425136331739537,0.00226832518084021
32.255,0.00152090883775746,0.004006191957783,0.00219254218772172
32.26,0.00121121449783273,0.00352064033202423,0.00197908104390449
32.265,0.000819930089770052,0.00282972917079315,0.00165026169337567
32.27,0.000369831632751066,0.00197022575698853,0.00122880398612448
32.275,-0.000110550572061035,0.000985204290938754,0.00074100472652162
32.28,-0.00059325949084863,-6.47951958110095e-05,0.000220654959789411
32.285,-0.00104906386183266,-0.00111673488261386,-0.000293661620997374
32.29,-0.00144830107981438,-0.00211423829784069,-0.000774080646765877
32.295,-0.00176770119060292,-0.00299885826307604,-0.0011907960128702
32.3,-0.00198654551643623,-0.0037126966128282,-0.00151345804268924
32.305,-0.00208779953883376,-0.00421840476437942,-0.00172895884533859
32.31,-0.00206585854669526,-0.00448688637037445,-0.00182628171346862
32.315,-0.00191897458475365,-0.00449820572190324,-0.00179947962091259
32.32,-0.00165381771998146,-0.00425019619926804,-0.00165648771665247
32.325,-0.0012864412231388,-0.00376305511233372,-0.00141208322658462
32.33,-0.000835875347845945,-0.00305972265328076,-0.00108397878664412
32.335,-0.00033005090837969,-0.002176428171058,-0.000696507964536265
32.34,0.000201595010606509,-0.00117310177341537,-0.000280972361597607
32.345,0.000728371525598503,-0.000103001443638034,0.000135016502726362
32.35,0.00121906230499702,0.000976396336129423,0.000524546137409435
32.355,0.0016413838257255,0.00199745886037318,0.000858871255865175
32.36,0.00197313143357473,0.00290138009258337,0.00111708183999236
32.365,0.00218987905377208,0.00364430511449696,0.00128614744127265
32.37,0.00227703177905376,0.00417883076987499,0.00135557372830367
32.375,0.00223286668130922,0.00447218801867053,0.00132188147646041
32.38,0.00205321650761557,0.00451708695321676,0.00119511184812985
32.385,0.00174989751663832,0.00430734361834027,0.000987736027896272
32.39,0.00134272810370947,0.00385452209081421,0.000711133789649037
32.395,0.000851922686872224,0.00318932123397831,0.000395156543120253
32.4,0.000304812226824706,0.002351720102608,6.42414927556541e-05
32.405,-0.000259801516023499,0.00138595582670129,-0.000262612411173982
32.41,-0.00081538623446582,0.000350171601464946,-0.000553515528125564
32.415,-0.00132703170633561,-0.000696043273576653,-0.00078745093473211
32.42,-0.00176123571819877,-0.00169558707601213,-0.000952755743924495
32.425,-0.00209445553783847,-0.00259301680889877,-0.0010333497227477
32.43,-0.00230712156229507,-0.00333576411842011,-0.00102313029613329
32.435,-0.00238390852734046,-0.00388450798008415,-0.000930158667634025
32.44,-0.00232068421869181,-0.00421542348768727,-0.000758270689492307
32.445,-0.00212235201100938,-0.00430669503060823,-0.000522263318244189
32.45,-0.00179779608183357,-0.00415772386800574,-0.000241827915483567
32.455,-0.00136811862709367,-0.00378339649246336,5.90263188305303e-05
32.46,-0.000859240893474266,-0.00320591910529841,0.000358218140978514
32.465,-0.0002980278027565,-0.00245562018969852,0.000630902566572981
32.47,0.000280209871179243,-0.0015845936922776,0.00085361538909317
32.475,0.000841920628605109,-0.00063952964766641,0.00100887159605005
32.48,0.00135517921749534,0.000328359131082792,0.00108264809040912
32.485,0.00178929724024895,0.00125988608537253,0.00106738233897245
32.49,0.00211868084176618,0.00210545545637342,0.00096200972007181
32.495,0.00232443822557264,0.00282259145706718,0.000773471243254307
32.5,0.0023934913863776,0.00337172520194796,0.000513123778084236
32.505,0.00232508166842369,0.00372507191485557,0.000198488711415365
32.51,0.00212120116077417,0.00387104960215328,-0.00014550308893121
32.515,0.00179429649116686,0.00380289819812757,-0.000496288720084108
32.52,0.00136741200698222,0.00352886735271046,-0.000827106083042956
32.525,0.000860362486017427,0.00307135296455526,-0.00110976034128505
32.53,0.000306248909019862,0.00245707008246482,-0.00132463564653729
32.535,-0.000262167522444374,0.00172409711949842,-0.00145272008351924
32.54,-0.000813182450395318,0.000915633438563895,-0.00147833552252117
32.545,-0.00131403137632031,7.88153945813127e-05,-0.00139957539987569
32.55,-0.00173432131511985,-0.000742906479364461,-0.0012170359811758
32.555,-0.00205262707416449,-0.00150248637062502,-0.000937795929727073
32.56,-0.00224919414681517,-0.00216183222500706,-0.000578616572307258
32.565,-0.00231312234396022,-0.0026883030552864,-0.000164610459389276
32.57,-0.00224624497878553,-0.00305786760318407,0.000283086733983573
32.575,-0.002049290388174,-0.00325289075184767,0.000731812449984868
32.58,-0.0017349394709133,-0.00327096274955738,0.00114981184636718
32.585,-0.00132508003067642,-0.00311453718200584,0.00151020890531115
32.59,-0.00084370543117366,-0.00279847421828723,0.00178515993357875
32.595,-0.000316849905957261,-0.00234344758216042,0.00195373737747734
32.6,0.000219680974633756,-0.001780722606794,0.00200076017806428
32.605,0.000738314442337985,-0.00114194353621162,0.00191917957376786
32.61,0.0012080941206809,-0.000464331040628448,0.00171216035534453
32.615,0.00159960142123431,0.000213801509953569,0.00138616453629201
32.62,0.00189771765710369,0.000857355421664187,0.000961245511406873
32.625,0.00208161045904684,0.00143549152612423,0.000460676248574062
32.63,0.00214286868012057,0.00191606552713188,-8.42874757471719e-05
32.635,0.00208289378928892,0.00228128394261357,-0.000643660201625445
32.64,0.00190346150007072,0.00251552367655677,-0.00117634302872851
32.645,0.00161710397009412,0.00261170167198845,-0.00165150865663266
32.65,0.00124496330479976,0.00256753882416501,-0.00204120822262401
32.655,0.000806553650092319,0.00239669665509644,-0.00231123805717615
32.66,0.000329954360624234,0.00211003853501103,-0.00244670672109444
32.665,-0.000155359459873852,0.0017270638178653,-0.00243883920933799
32.67,-0.000624690373258124,0.00127407247301321,-0.00227852979325794
32.675,-0.00104825455469231,0.000777327216644187,-0.00197818110305788
32.68,-0.00140376751164249,0.00026187260998261,-0.0015514802041914
32.685,-0.00167360585050185,-0.000244668005776506,-0.00102162777740641
32.69,-0.00184246931063256,-0.000714690775520042,-0.000419953545953963
32.695,-0.00190131951171719,-0.00112963147974988,0.000216500269171193
