time,L1AccX_filtered,L2AccX_filtered,L3AccX_filtered
0,0.000166041088768522,0.000945255270746525,-0.000837483001008866
0.005,0.00162464229448729,0.00261793797727271,-0.000247612879100549
0.01,0.00280976381251505,0.00378643951572365,0.000420635306757993
0.015,0.00347745432546067,0.00421852975071189,0.00102699919941416
0.02,0.00350543346658655,0.00382599287886696,0.00143403605777447
0.025,0.00286960452293478,0.00270268318889984,0.00154660822473307
0.03,0.00167906452058231,0.00107812971540257,0.00133037179494783
0.035,0.000158523579499414,-0.000737717509681873,0.000822238135966885
0.04,-0.00140214546834502,-0.00237420590823511,0.000116751691114248
0.045,-0.0027036448673234,-0.00350888952274886,-0.000633481659703324
0.05,-0.0035040398360751,-0.00393869144490617,-0.001272397623573
0.055,-0.00364570025579849,-0.00359920564116902,-0.00165648153225348
0.06,-0.0031014580692786,-0.00256031429819228,-0.00170080529385188
0.065,-0.00197951850753256,-0.00106543527161755,-0.00138233655410091
0.07,-0.000496093461826131,0.00057713049904566,-0.000766507688257299
0.075,0.00106448985556351,0.00204287162356584,2.75173013238123e-05
0.08,0.00240785739857134,0.00305160657928549,0.000833359052031714
0.085,0.00328679228936175,0.00340824717287556,0.00147730889725379
0.09,0.00353940640722162,0.00308223427932017,0.00181671164740669
0.095,0.003129051143212,0.00217248971185262,0.00178442284018395
0.1,0.00215275677573376,0.000882566302433371,0.0013759202416716
0.105,0.00079655944583897,-0.000509599151764945,0.000675226147977575
0.11,-0.000670611802266891,-0.00171566566439106,-0.000171198203289302
0.115,-0.00197682778721145,-0.00250555227331143,-0.000985790509883728
0.12,-0.00287635105318298,-0.00274810872792152,-0.00160365946036695
0.125,-0.00321793651213942,-0.00242176064115258,-0.00188988783613559
0.13,-0.00295775154109461,-0.00162807956270859,-0.00178173562689912
0.135,-0.00216026747836867,-0.000567224487420372,-0.00131244017050007
0.14,-0.000997511957883813,0.000528474439999163,-0.000573445349195739
0.145,0.000294331431882906,0.00143634300569728,0.000288115165292483
0.15,0.00146891850222726,0.00197337361730475,0.00108140355027504
0.155,0.00232208042174231,0.00205428968318666,0.00165173426462711
0.16,0.00270260048412174,0.00170817868115944,0.00188348059984418
0.165,0.00257075508396104,0.00102826691030451,0.00172526315641705
0.17,0.00198219392479916,0.00018657116131833,0.00121651350868731
0.175,0.00107596243634877,-0.000620032548768154,0.000472342634863834
0.18,3.53195991169633e-05,-0.00122291521706394,-0.000359130966510354
0.185,-0.000939998891653856,-0.0015163556450122,-0.00110804498061977
0.19,-0.00168059578680158,-0.00145788462447551,-0.00161402154633952
0.195,-0.00206299844598912,-0.00108366078756246,-0.00178800909564216
0.2,-0.00204618745966947,-0.000504965416541403,-0.00159900533864785
0.205,-0.00167661226817557,0.000134347250119168,-0.00109185032465641
0.21,-0.00103705890595072,0.000692918142027863,-0.000389341368835397
0.215,-0.000272005141289014,0.0010633666071989,0.000373789532953001
0.22,0.000462284880221627,0.00116438766186049,0.00103981090305477
0.225,0.00104254883777614,0.00100400567630928,0.00147620285897937
0.23,0.00137636778226625,0.000637915074169492,0.00161187415646513
0.235,0.00143350393646342,0.000152263203497517,0.00142979198530937
0.24,0.00124282995773591,-0.000335816159224487,0.000976400536428564
0.245,0.000864626120025451,-0.000716730044998015,0.000356106395564791
0.25,0.000393145507204863,-0.000918312947356865,-0.000299839881771955
0.255,-6.78898943952385e-05,-0.000920314847917773,-0.000878598156366817
0.26,-0.000443733189691921,-0.000724035768550853,-0.00125775494143321
0.265,-0.000692054752124409,-0.00039501382130853,-0.00137541838995798
0.27,-0.000790939940593638,-1.42184395890043e-05,-0.0012346972252564
0.275,-0.000755958631277444,0.000338188076158817,-0.000866960631499642
0.28,-0.000620519052137094,0.000603552262722184,-0.00036172736814139
0.285,-0.0004351164660984,0.000725764859355339,0.000178644783636695
0.29,-0.000234028992859094,0.000705049124052104,0.000645492706252987
0.295,-5.35434551536969e-05,0.000567706736555459,0.000967174576418498
0.3,9.53094060936358e-05,0.000343664069183412,0.001088972855555
0.305,0.000204681430272063,8.1431615442215e-05,0.0010057598754736
0.31,0.00028018487240372,-0.000158198251358272,0.000759227058059769
0.315,0.000332497750200144,-0.000347787061639325,0.000400178080133763
0.32,0.000367137817267998,-0.0004697617231253,5.10329113342828e-06
0.325,0.000393988845805553,-0.000509800172583181,-0.000355150477327845
0.33,0.000396178116943228,-0.000476400350890852,-0.00062387509019535
0.335,0.000364097801652471,-0.000400223590256342,-0.000766122874344149
0.34,0.000285938978520372,-0.000290645030746952,-0.000772264089623388
0.345,0.000158048293643942,-0.000158559807790241,-0.000654483676863321
0.35,-2.42280888071573e-05,-2.55478587821912e-05,-0.000447206680294577
0.355,-0.000228166408126742,0.000102159050098316,-0.000190678300590844
0.36,-0.000431709554518821,0.000237950242435485,6.85445446709209e-05
0.365,-0.000586410302549729,0.000357130245085746,0.000293360471076339
0.37,-0.00065467367263658,0.000455129750110188,0.000456360537797976
0.375,-0.000620877717429706,0.000520826468782023,0.000535964756260439
0.38,-0.000479200948260483,0.000532184947535347,0.000536353502557999
0.385,-0.000246864746137627,0.000465080235317295,0.000463588047769478
0.39,3.58593897066271e-05,0.000328414653680579,0.000333971181937511
0.395,0.000318178005524464,0.0001163970328702,0.000166997248794652
0.4,0.000556831671118994,-0.000149406109502093,-1.2144208922541e-05
0.405,0.000704762194650868,-0.000428168113973536,-0.000181990250666933
0.41,0.000741045653563831,-0.000671625591587634,-0.000320263261256017
0.415,0.000663513554052285,-0.000839242547282326,-0.000404440031144564
0.42,0.000480607831161108,-0.000891135070673913,-0.000429889333785193
0.425,0.000225741085478491,-0.000802443485393507,-0.000390343262403451
0.43,-5.13627753345953e-05,-0.00056929563418861,-0.000286295503967171
0.435,-0.000311222494694044,-0.000224965095152734,-0.000142186635953006
0.44,-0.000520795823476532,0.000194427149084168,1.78233184396997e-05
0.445,-0.000643095608285837,0.000617737747112876,0.000164207959046992
0.45,-0.000681252754104997,0.000978589337189726,0.000275750492564933
0.455,-0.00063735103390127,0.00120800725327225,0.000323660083733664
0.46,-0.000520852927827249,0.0012650619034378,0.000311278647406403
0.465,-0.000362089033716378,0.00111320113249577,0.000243889850190525
0.47,-0.000167233795216486,0.000765548622274959,0.000128746433467672
0.475,4.94623082305243e-05,0.000268236272557087,1.28828839607429e-05
0.48,0.000273863436929132,-0.000309514844131075,-8.82100459287265e-05
0.485,0.00049662840198246,-0.000889016042181243,-0.000146093613731606
0.49,0.000705601211732456,-0.0013633260365801,-0.000148823819102706
0.495,0.000858355557199061,-0.00165320990940797,-9.76492658095449e-05
0.5,0.000930949270127398,-0.00170236706703807,-1.10809569323628e-05
0.505,0.000884574697120666,-0.00147583699705585,8.07354262956215e-05
0.51,0.000691394087562127,-0.000983950737418756,0.000145495866819863
0.515,0.000349156115539421,-0.000295108589065219,0.000148971787057215
0.52,-0.000128606464983333,0.000501621302113689,7.7280297175879e-05
0.525,-0.00067261067726638,0.00128857619038675,-6.16500128750569e-05
0.53,-0.00120367805742494,0.00192856499436607,-0.000239378102612319
0.535,-0.00161232831531249,0.00229461411117252,-0.000405275887232604
0.54,-0.00179861023700093,0.00230051987291634,-0.000515427719855971
0.545,-0.00168097181685805,0.00191027232100765,-0.000511887211527876
0.55,-0.0012253799521608,0.00115358318107993,-0.000364962435519981
0.555,-0.000461647290290471,0.000128735301667085,-9.29758594132152e-05
0.56,0.000504337991171588,-0.00100552545980467,0.000270997071490666
0.565,0.0015080111593872,-0.00206402349632781,0.00065661401441308
0.57,0.00236253737842224,-0.00284462442617561,0.000971175336348809
0.575,0.00286540701098654,-0.00317755971711677,0.00112989454762693
0.58,0.00287201337136663,-0.00297047575412906,0.00107586316398598
0.585,0.00231368839781993,-0.00221188177799881,0.000773194669262982
0.59,0.00124197345504425,-0.000988934864890049,0.000251321893895574
0.595,-0.000194760124871071,0.000512595873084039,-0.000392571014864591
0.6,-0.00173774356167139,0.002035410313577,-0.0010545518911632
0.605,-0.00309353027683966,0.00329732905751272,-0.00159318314899396
0.61,-0.00397572955521405,0.00404152201936033,-0.0018673363943453
0.615,-0.00415880388739516,0.00408748409828057,-0.00179795005682372
0.62,-0.00354897372166666,0.00337349068298634,-0.0013524830646794
0.625,-0.00219394937102293,0.00198218663342353,-0.000584915857477332
0.63,-0.000304183695053217,0.000128374670596445,0.000379422584162594
0.635,0.00179004696563837,-0.00187118357122258,0.00136151436685506
0.64,0.00368931243222557,-0.00363761199587538,0.00216869896059353
0.645,0.00501073705199566,-0.00481941412842175,0.00262191597751082
0.65,0.00544729592185264,-0.00516632404178282,0.00259292881462867
0.655,0.00485385500250759,-0.00455579276255102,0.00206311777993886
0.66,0.0032845140616821,-0.00305141783970858,0.00109107433059105
0.665,0.000987015763571946,-0.000895069704281409,-0.000162067513078246
0.67,-0.00162399196218446,0.00153333042878377,-0.00146371240751968
0.675,-0.0040610251557519,0.00379467649874498,-0.0025729448276434
0.68,-0.00584020258131745,0.00543666097533086,-0.00325803749420886
0.685,-0.00658425051460097,0.00612058953962388,-0.00336245020708869
0.69,-0.00609875533099827,0.00567998816202486,-0.00283884887735494
0.695,-0.00443992626063612,0.00414751177785723,-0.00174981514832138
0.7,-0.00186920247906253,0.00176413799184141,-0.000280683816979549
0.705,0.00115290919842502,-0.00103881773804511,0.00130944945779307
0.71,0.0040598397916105,-0.00374439487838295,0.00272171457844253
0.715,0.0063035711761805,-0.0058436550429327,0.00368377489818227
0.72,0.00743378877964935,-0.00690320612916245,0.0039994244188709
0.725,0.00720223247683908,-0.00669422033456641,0.00358901490698185
0.73,0.00562185055163429,-0.00522761372278315,0.00250271277576134
0.735,0.00295124258409353,-0.00274096959752875,0.000925638082329819
0.74,-0.00033813215288932,0.000333402728183104,-0.000856124886269223
0.745,-0.00363316617184168,0.00341719241362893,-0.0025281386372565
0.75,-0.00632594612275622,0.00593653126771632,-0.00378990560903474
0.755,-0.00791061471486272,0.00741458795900328,-0.00438764071969747
0.76,-0.00806390642228629,0.00755057323483153,-0.00421515752779818
0.765,-0.00674950763555251,0.00628770754640035,-0.00328688650515852
0.77,-0.00418701197983398,0.00384141745996616,-0.00175525695429467
0.775,-0.000830406350710973,0.000636786507041134,0.000109125591761713
0.78,0.0027156540693958,-0.00275311497955238,0.00198302007406745
0.785,0.00580901194864674,-0.00569454381116572,0.00353662615027309
0.79,0.00790064468349977,-0.00764482901282354,0.00448989794066836
0.795,0.00860038684994743,-0.0082439201534004,0.00466310368294121
0.8,0.00778249593830357,-0.00734912126179965,0.0040289998382854
0.805,0.00557978504231635,-0.00510008045925827,0.00269060941821447
0.81,0.00237135701326092,-0.0019018811960707,0.000870522829854076
0.815,-0.00128165356935303,0.00169174276111515,-0.00111347549609571
0.82,-0.00474734777153834,0.00504524232260266,-0.00292347403370503
0.825,-0.00742033692260947,0.00754039922921127,-0.00424986574405876
0.83,-0.00883011891802706,0.00873038476262192,-0.0048627776177721
0.835,-0.00871879500937395,0.00839047913248377,-0.00465073283867606
0.84,-0.00709728601940435,0.00654806771222543,-0.00365458115737059
0.845,-0.00422725780846716,0.00350660723382921,-0.00202550097474895
0.85,-0.000596000483680736,-0.000207028527803483,-3.17698607800536e-05
0.855,0.0031897764953937,-0.00396200050072815,0.00199199559865122
0.86,0.00649026714325818,-0.00709783280886563,0.00370505660873842
0.865,0.00872870202804449,-0.00905019669124892,0.0048289892353247
0.87,0.00951298014912772,-0.00945034844279415,0.00514641251716468
0.875,0.00868582122172579,-0.00820392370388177,0.00459927672199925
0.88,0.00635378453602076,-0.00547648265561152,0.00326729592079698
0.885,0.00287341981390284,-0.00171114093158902,0.00135003535825025
0.89,-0.00118997153802022,0.00245684757404054,-0.000842189855674811
0.895,-0.00516751500764319,0.00630274576480801,-0.00293527357392512
0.9,-0.00837485307413987,0.00917386946360098,-0.00457634260509428
0.905,-0.0102291150342662,0.0104976514423755,-0.00548156772758107
0.91,-0.0103704320838661,0.0100105336348492,-0.00546390448175816
0.915,-0.00869957010668735,0.00775069569595889,-0.00449585017351147
0.92,-0.00544512796766074,0.00403121518311597,-0.00273132681264915
0.925,-0.00110216725672004,-0.000553262943120714,-0.000433647557568854
0.93,0.00360504033812243,-0.00519217293789811,0.00201739484794472
0.935,0.00785405962868235,-0.00909200443293773,0.00419200775908803
0.94,0.0108709915463179,-0.0115310918222361,0.00569944198348856
0.945,0.0120698076202396,-0.0119887892055606,0.00624810932625696
0.95,0.011146727694648,-0.0103022298034945,0.00570418443601866
0.955,0.00816089657633408,-0.00669346002521655,0.00411091998067905
0.96,0.00357517278865196,-0.00171897703223356,0.00172221007025878
0.965,-0.00187138105746337,0.00378716351773899,-0.00106264701906742
0.97,-0.00721585153791394,0.0088289037132328,-0.0037533633431136
0.975,-0.0114660788243874,0.0124687738671644,-0.00584968704728921
0.98,-0.0137924325709373,0.0139799753430507,-0.00694619025231722
0.985,-0.0136674634437939,0.0129839647586419,-0.00679764105664746
0.99,-0.0109792620806298,0.0095482505016082,-0.00538862657363981
0.995,-0.00612213381642699,0.00420854501057777,-0.00293047090291359
1,8.52422504648351e-05,-0.00213401805703193,0.000160705579979774
1.005,0.00655727972206016,-0.00835031434843561,0.00331979148476681
1.01,0.012055642404004,-0.0132695277245994,0.00596547114281001
1.015,0.0154969091630947,-0.0159099251335268,0.00758166874109149
1.02,0.0161364610214521,-0.0156895061987132,0.00781221773838001
1.025,0.0137356756827688,-0.0125235014352267,0.00657558219994233
1.03,0.00861637909638581,-0.0068788456856813,0.00404159920477121
1.035,0.00165687772644165,0.000275982364757528,0.00066263878616153
1.04,-0.00587757746492443,0.00764516791534813,-0.00295136173658323
1.045,-0.0125747003546842,0.0138488036641573,-0.00611025589125507
1.05,-0.0170944097473841,0.0176530727395434,-0.00819078581711151
1.055,-0.0184905058341204,0.018255055395765,-0.00874978194138909
1.06,-0.0163802285170161,0.0154220530634487,-0.00763551521462945
1.065,-0.0110414655564344,0.00956613782426421,-0.0050180252477293
1.07,-0.00338262216332373,0.00170784347406116,-0.00135359470277362
1.075,0.00516549582543123,-0.00672289503647509,0.00266834152554971
1.08,0.0129888736015051,-0.0141411203206206,0.0062795086699722
1.085,0.0185391093363449,-0.0190900786762143,0.00876610500674327
1.09,0.0206584525418701,-0.0205511181540493,0.00961201253700174
1.095,0.0188324130491648,-0.018153261170991,0.00860519681251668
1.1,0.0133088305132497,-0.0122282231631118,0.0059027691705481
1.105,0.00505605808419525,-0.00381763090391375,0.00198408515905566
1.11,-0.00439477468430097,0.00552894151825983,-0.00241527750352575
1.115,-0.0132193028890556,0.0140533316136844,-0.00644480837613611
1.12,-0.0196980571149708,0.0201023656649509,-0.00930371042036274
1.125,-0.0225149543832497,0.0224577390362346,-0.0104100704524259
1.13,-0.0210279233934086,0.0205800521435618,-0.00950379102261597
1.135,-0.015436835899903,0.0147435550234502,-0.00671886888668171
1.14,-0.0067464977208388,0.00598428799221795,-0.00256822052127816
1.145,0.00342749476490353,-0.00408585800784974,0.00216788997320541
1.15,0.0131338437281342,-0.0135633665717157,0.00656912308804344
1.155,0.0204750512570826,-0.0206126979975248,0.0097690885537793
1.16,0.023990903173371,-0.0238650273597641,0.0111221256777717
1.165,0.0229348678186417,-0.022636909529442,0.0103297164185784
1.17,0.0174268021593895,-0.0170775674941684,0.00751614983392767
1.175,0.00847646990607708,-0.00820932261955335,0.00319527985424382
1.18,-0.0022289438066461,0.00232797745242174,-0.0018130599898187
1.185,-0.0126538147200729,0.0125646689665219,-0.0065456027269778
1.19,-0.0207779476361928,0.0205375604920485,-0.010078811757853
1.195,-0.0249988445426894,0.0246966233780869,-0.0117078169765032
1.2,-0.0244763435666525,0.0242404986550431,-0.0110958856905506
1.205,-0.019256368407662,0.0191923170556285,-0.00832599889420659
1.21,-0.0102978479681653,0.0104643701880893,-0.00391538925338502
1.215,0.000704188353613155,-0.000307305042171237,0.00130035449332494
1.22,0.0116624476467964,-0.0110943961258102,0.00632973449840763
1.225,0.0204859354969242,-0.0198742646238031,0.0101950749287101
1.23,0.0254644129338059,-0.0249611522731956,0.0121351610812915
1.235,0.025628830074047,-0.0253778345054923,0.0117693009301559
1.24,0.0209296593880887,-0.0210298190790555,0.00914998838238759
1.245,0.0122332998131982,-0.0127187812678235,0.00476006746275145
1.25,0.0011719157702197,-0.0019865841746575,-0.000572585703732665
1.255,-0.010151855808921,0.00914665995762184,-0.00582318733759232
1.26,-0.0195967685412074,0.0185958870727554,-0.0100081523141627
1.265,-0.0253704788748536,0.0245901075752291,-0.0123191773860746
1.27,-0.0263724930064981,0.0260062637453346,-0.012299222177048
1.275,-0.0224092819445817,0.0225605273937714,-0.00996436987748548
1.28,-0.0142306661416091,0.0149048499303265,-0.00574070750596715
1.285,-0.00337045525939475,0.00447319312303958,-0.000406189337096018
1.29,0.00812120126408469,-0.00679742784864874,0.00501426796445808
1.295,0.0180913577936415,-0.0168090942522287,0.00950759835440084
1.3,0.0246719908840085,-0.0236800296778402,0.0122326420059139
1.305,0.026647178106911,-0.0261510450054429,0.012677541843446
1.31,0.0236480549749844,-0.0237724910727724,0.0107397021842721
1.315,0.0162454142021254,-0.0169811066445265,0.00680645160744763
1.32,0.00584159019680013,-0.00705172052987287,0.00160885788298834
1.325,-0.00563458748765679,0.00415336821372235,-0.00389847839768544
1.33,-0.0160449554470564,0.0145670643719429,-0.00867150939813442
1.335,-0.0234504864286284,0.0222616460719987,-0.0118291177427806
1.34,-0.0264911757666407,0.0258158287942369,-0.0128010485039043
1.345,-0.0246214135049643,0.0245873340687598,-0.0114052790326485
1.35,-0.0181920874272964,0.018826123211108,-0.00790364839523572
1.355,-0.00842821963796777,0.00960570144514476,-0.00295962423934407
1.36,0.0028631492931489,-0.00136155585935196,0.0025139712625792
1.365,0.0135809559714673,-0.012035948157719,0.0075219006910552
1.37,0.0217555528286213,-0.0204499902586197,0.0111320015715616
1.375,0.0258828654107509,-0.0250731267142413,0.0126877708373151
1.38,0.0252278669306398,-0.0250486256932748,0.0119158120061712
1.385,0.0199297867627069,-0.0203991645241322,0.00896829888603393
1.39,0.0109861313581801,-0.0120092772878433,0.00439102356877784
1.395,6.22050769279301e-05,-0.0014395647813435,-0.000976332955706316
1.4,-0.0108312994994482,0.00935617008045847,-0.00614141472428385
1.405,-0.0196914432512219,0.018369244168849,-0.0101568698413514
1.41,-0.0248894530916534,0.0239512731908536,-0.0123098561040498
1.415,-0.0254859501341347,0.0250857387247612,-0.0122029717461566
1.42,-0.0213982136566051,0.0215788927732768,-0.00987557338850541
1.425,-0.0133864271386619,0.014103662019312,-0.00576360774626385
1.43,-0.00294393830159321,0.00406096494021455,-0.00062854877753833
1.435,0.00799207621759178,-0.00667812397021068,0.00460525806887386
1.44,0.0174106691249205,-0.0161270659622404,0.00897240567681912
1.445,0.023572948577721,-0.0225457473850488,0.0116790991846576
1.45,0.025356901975519,-0.0247574652310991,0.0122613719956887
1.455,0.022461489738093,-0.0223647486283501,0.0106100786940367
1.46,0.0154432813403112,-0.0158482218963075,0.007027171461041
1.465,0.00560362421092797,-0.00643337944114989,0.0021908814534325
1.47,-0.00521009377102095,0.00412630128743766,-0.0030216673012881
1.475,-0.0150011700836963,0.0138491688632437,-0.00765797706112297
1.48,-0.0219719205033056,0.0209285950199588,-0.010875213563449
1.485,-0.0248427835830122,0.0240791598871557,-0.0120843183297329
1.49,-0.0231067740754675,0.0227308036303851,-0.0110832376707752
1.495,-0.0171095401947626,0.0171485417090978,-0.00806726947417733
1.5,-0.00798062130451274,0.00842380406865539,-0.0035900876523522
1.505,0.00257289539420096,-0.0018029710755634,0.00151065632808508
1.51,0.01258319350851,-0.0116232039173114,0.00630537152878882
1.515,0.0201943649677357,-0.019198906664697,0.00991426584588233
1.52,0.0240040259483165,-0.0231282944346082,0.011681207725395
1.525,0.0233324746822845,-0.02272218499543,0.0113022767633765
1.53,0.0183277398296331,-0.0180792196041975,0.0088502389511416
1.535,0.00995294199856212,-0.0100956250112923,0.00479213181008052
1.54,-0.000202316180113277,-0.00030323368106997,-0.000115594501146292
1.545,-0.0102368578456541,0.00945769979008786,-0.00496780649705887
1.55,-0.0182807845369115,0.0173739781469588,-0.00887009679506798
1.555,-0.0228572233410056,0.0219746846212288,-0.0111077322168326
1.56,-0.0231415404994413,0.0224220851200972,-0.0112737724116466
1.565,-0.019117740753425,0.0186835759493537,-0.00936823691444679
1.57,-0.0115765099478105,0.0114900512581628,-0.00573994395485338
1.575,-0.00195686383703053,0.00221490851639423,-0.00107499417067908
1.58,0.0079396416539285,-0.0073873310004386,0.00373282738054415
1.585,0.0162617738255192,-0.0155134060662906,0.00781520347547114
1.59,0.021474878295437,-0.0206758706941334,0.0104132250550907
1.595,0.0226424891832655,-0.0219353117658183,0.0110502183209178
1.6,0.0195847895653557,-0.019096254579932,0.00963473750182754
1.605,0.0129153863790492,-0.01273152647584,0.00645404409448648
1.61,0.00391577978802014,-0.00406253296850493,0.002092754138555
1.615,-0.0057160990542157,0.00527734032634089,-0.00260745115161568
1.62,-0.014184386896501,0.0135606761931609,-0.00676851090572343
1.625,-0.0199266429271337,0.0192456412698524,-0.00964380539902835
1.63,-0.0219081310885477,0.0213166620480411,-0.0106962911970314
1.635,-0.0198113984949762,0.0194212345198511,-0.00973342111690575
1.64,-0.0140676389582673,0.0139580572669266,-0.0069807884273761
1.645,-0.00578487977100998,0.00594537916307758,-0.00295133424059366
1.65,0.00347737361854574,-0.00309300388759287,0.00159668639316125
1.655,0.0119993410676298,-0.0114946244468423,0.00579767363016621
1.66,0.0182240500174002,-0.0177216961838844,0.00887628183459383
1.665,0.0210247729099613,-0.0206536475215455,0.010281428608893
1.67,0.019929717216143,-0.019768040740705,0.00975066842435977
1.675,0.0151809597025864,-0.0152710281913044,0.00740564147865861
1.68,0.00768973533294063,-0.00800562224022865,0.00370988777429027
1.685,-0.00115287097148892,0.000693732998143999,-0.00064897971807043
1.69,-0.0097135098587186,0.0092262867118077,-0.00485624932380454
1.695,-0.0164256915475046,0.0160432516088095,-0.00812179412490308
1.7,-0.020086814785734,0.0199239811698329,-0.00985613786995011
1.705,-0.0200576339828041,0.0201740033676215,-0.00974668408848271
1.71,-0.0163667560505393,0.016748806413233,-0.00782101634860616
1.715,-0.00971147604461799,0.0102865897791119,-0.00445812272078224
1.72,-0.00132341626317756,0.00196048436841634,-0.000275692781655812
1.725,0.00727571918673842,-0.00673302223106386,0.00393862214979454
1.73,0.0145225693776814,-0.014224166299093,0.00740244356562842
1.735,0.0191164041337043,-0.0191578898679566,0.00948564568091398
1.74,0.0202351650462001,-0.0206404994401016,0.00980344838437672
1.745,0.0176899807758432,-0.0184031409823244,0.00830428392333567
1.75,0.0119279376298217,-0.0128228930149916,0.00526360953216407
1.755,0.00400148939983544,-0.00489530534300444,0.00125707994864479
1.76,-0.00467033626624231,0.00397250034662643,-0.00298948180053897
1.765,-0.0125313291456853,0.0121816942268293,-0.00668817238461525
1.77,-0.0181518729852348,0.0182644491466212,-0.00915327127622747
1.775,-0.0205108758549614,0.0210941761146113,-0.00993933794384422
1.78,-0.0191712952555682,0.0201339847514808,-0.00889274105657451
1.785,-0.0143383031838756,0.0155160590812651,-0.00619269395922288
1.79,-0.00686796869355718,0.00804190445333736,-0.00233655284882825
1.795,0.00191047840040613,-0.000985800301215266,0.00197686319741165
1.8,0.0104405833471112,-0.00994686961854282,0.00595774591315954
1.805,0.0171535796079987,-0.0172099652075942,0.00887528630027856
1.81,0.0208220800700061,-0.0214425638330237,0.0101782159788915
1.815,0.0207447141128516,-0.0218381760506053,0.00961466517100804
1.82,0.0168839249462476,-0.0182516609732084,0.00727055440252852
1.825,0.00987689224101051,-0.0112812525364717,0.00355493762656538
1.83,0.000964074267907616,-0.00216017145110397,-0.000857778548721118
1.835,-0.00825898593284498,0.00749185309151182,-0.00517298839975272
1.84,-0.016109205264756,0.015921712180392,-0.00858883523727116
1.845,-0.0211254891343429,0.0215450638157714,-0.0104582147783831
1.85,-0.0223292467554424,0.0232971800739583,-0.010430314774246
1.855,-0.0194396826456844,0.0207976184398695,-0.008466969849938
1.86,-0.0129116516899867,0.0144324991051306,-0.00490226820123361
1.865,-0.00388452536949355,0.0053060242279475,-0.000378467621832353
1.87,0.00600943574099242,-0.0049230920571406,0.00428851313110138
1.875,0.0149561783203619,-0.0143854448989244,0.00825388010112832
1.88,0.021279616537184,-0.0213228418853507,0.0107432911577759
1.885,0.0237528831188852,-0.0244021537910292,0.0112803320474564
1.89,0.021840425617935,-0.0229877469533052,0.00974134428172954
1.895,0.0158283039231938,-0.0172904470281414,0.00635732586770156
1.9,0.00676821694688454,-0.00831414269244487,0.00172678383542248
1.905,-0.00371421258709468,0.00232100479064734,-0.0032908961435065
1.91,-0.0136625899334985,0.012630344663078,-0.00778885395806459
1.915,-0.0211995970977595,0.0206845647462644,-0.0109191240164935
1.92,-0.0248833030977112,0.0249633227978545,-0.0120544213619627
1.925,-0.0239428413219252,0.0246150546920447,-0.0109639427561812
1.93,-0.018485358911538,0.0196524623605553,-0.00782121064751313
1.935,-0.00947718514240164,0.0109812376199835,-0.00315899632232222
1.94,0.00143018504663772,0.00019340002130496,0.00216794250730603
1.945,0.0122034159920033,-0.0107092513763461,0.00716344509605861
1.95,0.0207978396409573,-0.0196582419666475,0.0109073722575434
1.955,0.0255622205452588,-0.0249604148164134,0.0126656886121289
1.96,0.0255441643659155,-0.0256004434398038,0.0120732682483547
1.965,0.0206992687574649,-0.0214318633976257,0.00921866188971879
1.97,0.011902983873284,-0.0132147008547269,0.00460291425000014
1.975,0.000787049704126231,-0.00249671969506123,-0.000939663327963183
1.98,-0.0105673480304265,0.00869752879779627,-0.00636650967398002
1.985,-0.0200014256952953,0.0182586228578506,-0.0106624961321904
1.99,-0.025699802119292,0.0243763758485689,-0.0130043178681405
1.995,-0.0265680982533146,0.0258898737435648,-0.0129265660172317
2,-0.0224084518587506,0.0225099195843309,-0.0104262692867809
2.005,-0.0139835656803048,0.0148949872961236,-0.00595198579077561
2.01,-0.00288189886804935,0.00449158377408566,-0.000325061445430096
2.015,0.00879736800957364,-0.00671791392333608,0.00539984242989985
2.02,0.0188243117306159,-0.0166059067186507,0.0101439261463591
2.025,0.0252882456202055,-0.0233022623228392,0.0130141065789499
2.03,0.0269602464169241,-0.0255542047750493,0.0134572368606725
2.035,0.0235164401611921,-0.0229623722117469,0.0113732061959338
2.04,0.0156176777996722,-0.0160428785312586,0.00715902221241193
2.045,0.0047759363406286,-0.00614524676124938,0.00158916168353261
2.05,-0.0069398599843883,0.00483409989633304,-0.00429119713280906
2.055,-0.0172996708071915,0.0147959879579389,-0.00936470926883228
2.06,-0.0243365098846664,0.0218636806954305,-0.0126860949121481
2.065,-0.0267347615629679,0.024713408871024,-0.0136209476016479
2.07,-0.0240512402308317,0.022853662123261,-0.0120018235380097
2.075,-0.0168343034724247,0.0166759959824123,-0.00813047654759347
2.08,-0.00647637341171041,0.00740800889673689,-0.00275225467596689
2.085,0.00503441442853858,-0.00315819313419101,0.0031209360111044
2.09,0.0155039996488719,-0.0129903530766008,0.00838355874954799
2.095,0.0229526584430609,-0.0202425198444482,0.0120412140210005
2.1,0.0259972331898925,-0.0235581777638834,0.0134209442283171
2.105,0.0240975446593275,-0.0223601310631054,0.0122763435897958
2.11,0.0176501259766566,-0.0169299399498563,0.00884537628818356
2.115,0.00793486571328313,-0.00836268657930049,0.00378709485294928
2.12,-0.0031788884775753,0.00168281003550523,-0.00193823740436947
2.125,-0.0135692710204763,0.0112709395651155,-0.00724007319101721
2.13,-0.0212797290124194,0.0185853776929528,-0.0111341030630022
2.135,-0.024877566741265,0.0222624042148785,-0.0129042325683587
2.14,-0.0237360500274777,0.0216559155596981,-0.012236232541342
2.145,-0.0181226229248832,0.0169319895675643,-0.00928341210377598
2.15,-0.00916807879494146,0.00904818886549021,-0.00463635296220572
2.155,0.00140156891518692,-0.000459393730227233,0.000818951860700968
2.16,0.0115715266424628,-0.00974288417555213,0.00605303400334813
2.165,0.0194291454593811,-0.0170520613296256,0.0100736662163262
2.17,0.0235178013584252,-0.0210156409730749,0.0121503161612444
2.175,0.0231152876646839,-0.0209197893756244,0.0119281091098259
2.18,0.018363173523772,-0.0168311386749586,0.00947696509216276
2.185,0.0102136134982006,-0.00959066500200324,0.00529005007452279
2.19,0.000240099471166892,-0.000598531046661511,0.0001891529090711
2.195,-0.0096432050236855,0.00839512837877515,-0.00486211599030156
2.2,-0.0175751465375192,0.0156815776865074,-0.00892631782284884
2.205,-0.0220879509821887,0.019892080659979,-0.0112457463529857
2.21,-0.0223727905752668,0.0202628004672613,-0.0114195158284033
2.215,-0.0184358799455061,0.0167478411441311,-0.00946361592434066
2.22,-0.0110772902028924,0.0100692242891724,-0.0057692356917437
2.225,-0.00172429995413404,0.00152596344021537,-0.00105695991870055
2.23,0.00782506388274658,-0.00722860967130608,0.00376499477837264
2.235,0.0157809117730936,-0.0145312524208207,0.00779635191510917
2.24,0.0206591226789718,-0.0189829146503922,0.0102964713682019
2.245,0.0215746438133481,-0.0197717599523097,0.0108234899951496
2.25,0.0184171580395931,-0.0167696901336893,0.00931100616936076
2.255,0.0118219891765569,-0.0105766019867768,0.00609028957142966
2.26,0.00307284985933786,-0.00239951978474761,0.00178766353739292
2.265,-0.00615004695851394,0.00616950041508127,-0.00276738567526392
2.27,-0.0141082312248055,0.0135092440418654,-0.00672272983275091
2.275,-0.0193143347214183,0.0182154718095489,-0.0093393032217084
2.28,-0.0208066195735745,0.0194101548811503,-0.0101603960800615
2.285,-0.0183546700520325,0.016884292934869,-0.00906901741134657
2.29,-0.0124651715072415,0.0111424050987893,-0.00630234707151844
2.295,-0.0042838068098749,0.00329575079053785,-0.00240114272597842
2.3,0.00461629919852161,-0.00513977197201936,0.00187028493391486
2.305,0.0125467972887553,-0.0125560919836678,0.00571850176756796
2.31,0.0180126405645807,-0.0175397784690462,0.00843222865539464
2.315,0.0200206677123068,-0.0191543878630912,0.00951325948273877
2.32,0.0182231975669396,-0.0171083898665124,0.0087920038750639
2.325,0.0130046459868805,-0.0118030188157353,0.00645235418334627
2.33,0.00538682286524272,-0.00427200466903992,0.00294004765826704
2.335,-0.00316210443909513,0.00403082976268588,-0.00106199545406396
2.34,-0.0110222757939336,0.0115302134335486,-0.00478612005200157
2.345,-0.0167183950598552,0.0168011283801637,-0.00754800070335894
2.35,-0.0191906336416303,0.0188499248842324,-0.00885584216157343
2.355,-0.0180171666883223,0.0173144014038453,-0.00847727642661657
2.36,-0.0134579392384642,0.0125060412708591,-0.0065297515941386
2.365,-0.00641513589209622,0.00535286880437903,-0.00340340418811486
2.37,0.00175414825848473,-0.00276457315187798,0.000307405813397737
2.375,0.00948559135891093,-0.0103072907392859,0.0038961320378064
2.38,0.0153380635077643,-0.0158625230436307,0.00668461880992499
2.385,0.0182216146083588,-0.0183953387026358,0.00818659089469845
2.39,0.0176421882392846,-0.0174464298628569,0.00813865139343878
2.395,0.0137628704141694,-0.0132331193587377,0.00657645597334586
2.4,0.00735983272781205,-0.00657165550437083,0.00382696214365732
2.405,-0.000328476663350766,0.00126008150981153,0.00041379403446796
2.41,-0.00783833260471723,0.00877936129183771,-0.0030140745134514
2.415,-0.0137638821480798,0.0145928163713616,-0.0058092409805596
2.42,-0.0170279052912308,0.0176291780511677,-0.00747878723049306
2.425,-0.0170670914129823,0.0173496068274092,-0.00773673091920514
2.43,-0.0139301281505021,0.0138539948579644,-0.00655914620555178
2.435,-0.00825842075521743,0.00784614069818335,-0.00419455382077294
2.44,-0.00115631152670825,0.000458061132816,-0.0011120788630528
2.445,0.00602816933429634,-0.00691232578779534,0.0021147423613953
2.45,0.0119602522848618,-0.0129084205054922,0.00488986956975337
2.455,0.0155635121506218,-0.0164506120957713,0.00670424709887858
2.46,0.0162260956524433,-0.0169396494010378,0.0072650728833778
2.465,0.0138900440111622,-0.014320168284991,0.00648892545728359
2.47,0.0090572684993217,-0.00914160991116423,0.00454348693590652
2.475,0.00267568707864418,-0.00239258514135927,0.00181840695176281
2.48,-0.00404652113004551,0.0046785672525755,-0.00118077079451347
2.485,-0.00987950903553575,0.0107817330982916,-0.00390288716719396
2.49,-0.0137752255726597,0.0148200919537019,-0.00585926553492417
2.495,-0.0150804284280193,0.016127096368081,-0.00671355888854466
2.5,-0.0136415006169962,0.0145191671743471,-0.00633991319344189
2.505,-0.00977802851215488,0.0103296819215492,-0.00483325559729685
2.51,-0.00424970091506289,0.00438643134793945,-0.00249622179859852
2.515,0.00189352296803985,-0.00220675246167986,0.000240307576029615
2.52,0.00754362719059372,-0.00828602417982619,0.00287576482289071
2.525,0.0117095495116174,-0.0127743891183501,0.00493011482361458
2.53,0.0136849218194733,-0.0149037825972564,0.00606829213007492
2.535,0.0131834228494908,-0.0143725438286525,0.00611236580887016
2.54,0.0103670333427866,-0.0113377654294964,0.00506323083368709
2.545,0.00578660418056504,-0.00637283670506848,0.00314711104384781
2.55,0.000315901511554494,-0.000404310095595928,0.000714464928277062
2.555,-0.00507011471726262,0.00550587889381667,-0.00180358251328166
2.56,-0.00944130290963557,0.0103421911987157,-0.00395078922831243
2.565,-0.0120577469538983,0.013290822744356,-0.00536439601602401
2.57,-0.0125065778442327,0.013867741343945,-0.00581560671175233
2.575,-0.0107875549220823,0.0120388256117554,-0.00523952474040143
2.58,-0.00724137041988784,0.00817259560262609,-0.00373794469890111
2.585,-0.00252275538455543,0.00296520509018037,-0.00161420064213804
2.59,0.00253307681778317,-0.00266076088270975,0.000768458114481769
2.595,0.00705412788614055,-0.00771993122347455,0.00298560444475817
2.6,0.0102790770372408,-0.011369608069596,0.0046488319386807
2.605,0.0116816390588263,-0.0130109869238545,0.00547818747338246
2.61,0.0110597643920261,-0.0123893725595581,0.00533865117593002
2.615,0.0085450066319624,-0.00965353907096751,0.00426368931533297
2.62,0.00458879952357585,-0.00531729207228697,0.00244147158039845
2.625,-0.000104519424018737,-0.000126837103783742,0.000210454595018228
2.63,-0.00472795202164335,0.0050232928633798,-0.0020463162733099
2.635,-0.00849233557432204,0.00923315921513585,-0.00393834589528216
2.64,-0.0107581805531103,0.0118060977394116,-0.00512517875052607
2.645,-0.0111473544621106,0.0123312527854896,-0.00539895958675045
2.65,-0.00960519755816384,0.0107281254538288,-0.00471694560422046
2.655,-0.00640635685766883,0.00728152564113561,-0.00319038822375559
2.66,-0.00211157560720575,0.0026273330751431,-0.00108759440062051
2.665,0.00254109175811569,-0.00244031297100821,0.00121223994893702
2.67,0.00674122026234451,-0.00704738169108218,0.00330396664542338
2.675,0.00975556156817425,-0.0103896855426968,0.00481025635752815
2.68,0.0110610461143128,-0.0118917125007067,0.00545212999855814
2.685,0.0104226681005886,-0.0113246139912467,0.00511112963207556
2.69,0.00793450608817836,-0.00878624765409039,0.00383696585170721
2.695,0.00403317735828424,-0.00473306747230627,0.00185132506133479
2.7,-0.000597433171686344,0.000112964577846971,-0.00047967999621136
2.705,-0.00513388574556167,0.00489690717255965,-0.00274370029094642
2.71,-0.00877062672248651,0.00879269843359783,-0.00452503002233717
2.715,-0.0108479294716583,0.0111074986004463,-0.00548609959840858
2.72,-0.0109742576720899,0.0114456570444966,-0.00544303846638449
2.725,-0.0091125570933986,0.00976760763984568,-0.00439632475782489
2.73,-0.00560201752051242,0.00637703494020984,-0.00251049872853305
2.735,-0.00106280161119568,0.00187062330679013,-0.000142774872095388
2.74,0.00369303875314447,-0.00292956283992215,0.00227099576530984
2.745,0.00778722536058905,-0.00716343883199983,0.0043006729460459
2.75,0.0104724401024466,-0.010097907351945,0.00554132866318184
2.755,0.0112519588162276,-0.0112070876477005,0.00574548716864881
2.76,0.00996533407892027,-0.0102985857815034,0.00488194011536337
2.765,0.0068497170545053,-0.00756068011834625,0.00308377857007648
2.77,0.00246396575608526,-0.00349539306699143,0.000680665081111763
2.775,-0.00239752802095665,0.00116145380629784,-0.00186517145677948
2.78,-0.00682447648474222,0.00556801440768874,-0.00408897085374071
2.785,-0.00999476244124495,0.00892936165022223,-0.00556885915773522
2.79,-0.0113298708430523,0.0106572947614955,-0.00599706450529476
2.795,-0.0105598528792454,0.0104524458922161,-0.00529866492411405
2.8,-0.00782919218126138,0.00836309064888316,-0.0035958615656089
2.805,-0.00364521404265627,0.00478539786290982,-0.00118224582168884
2.81,0.00122291119346827,0.000378387054876503,0.00147255214159725
2.815,0.0058632110471903,-0.00406065005768235,0.00387337511464522
2.82,0.0094129994701555,-0.00772691701221906,0.00557338063759663
2.825,0.0112124154018538,-0.00996272996454456,0.00622456664396407
2.83,0.0109302328371135,-0.0103853855825817,0.00569822876269984
2.835,0.00861214446807578,-0.00891870610396998,0.00409593599080367
2.84,0.00470151710637646,-0.00584939820159147,0.0016991138059418
2.845,-8.54528588842976e-05,-0.00174959982301746,-0.00104690782086003
2.85,-0.00485782535621713,0.00264002869935207,-0.00360733387105565
2.855,-0.00872417629317289,0.0065243696658149,-0.00551091784941972
2.86,-0.01096586128663,0.00919638730689584,-0.00638902640853548
2.865,-0.011181400283493,0.0101873501581843,-0.0060641235818697
2.87,-0.00931979371478274,0.00932367765211352,-0.00459224943010149
2.875,-0.00573012405920909,0.00676783069554809,-0.00225041217662958
2.88,-0.00108235283646387,0.00299567515988351,0.00053421633406599
2.885,0.00376669639210683,-0.00131085037020852,0.00323951313928025
2.89,0.0079162776482469,-0.00537402657669299,0.00535172701645909
2.895,0.0106099152041882,-0.00845619621637258,0.00647691441636907
2.9,0.0113436682220312,-0.00999592065304668,0.00639666819376847
2.905,0.00998649527276179,-0.00971573352512455,0.00512275434167284
2.91,0.00679266186933584,-0.00766756676110904,0.00288471852053925
2.915,0.00234331973091965,-0.00421076270658696,9.97045435789174e-05
2.92,-0.00255226214130678,2.16805572447752e-05,-0.00272015236637014
2.925,-0.00698237551127732,0.00426139359873542,-0.00504477626861814
2.93,-0.0101441434827806,0.00774451266204125,-0.0064450156215533
2.935,-0.0114545909428326,0.00982972302912325,-0.00665901201621603
2.94,-0.0106684193866666,0.0101201605993355,-0.00563767383766425
2.945,-0.00792380717123781,0.00856215823831937,-0.00358243375944114
2.95,-0.00371927357739701,0.00541982295831684,-0.000857906829909477
2.955,0.00118778657322141,0.00125581188546938,0.00203509755769612
2.96,0.00590352394099395,-0.00317567227098581,0.00456235196978368
2.965,0.0095554462713248,-0.00706828694118627,0.00625510809296216
2.97,0.0114809400127956,-0.00970167051541452,0.00681641569086302
2.975,0.0113216529092532,-0.0105689280851421,0.00613297009664427
2.98,0.00909086308912584,-0.00950009898860026,0.00432236441502985
2.985,0.00517689257058297,-0.0066659364128495,0.0017292802056861
2.99,0.000295552219927196,-0.00256270544125772,-0.00118048608932914
2.995,-0.00467438402005688,0.00205727102184673,-0.00389244304373914
3,-0.00882233902216974,0.00635259874374176,-0.00588734566460833
3.005,-0.0113917427909844,0.0095238039137542,-0.00681509535931844
3.01,-0.0118968435571524,0.0109654264834656,-0.00652228687041102
3.015,-0.0102201955290633,0.0103825389106577,-0.00503626608295221
3.02,-0.00666643720502932,0.00787753201394145,-0.00264186791970497
3.025,-0.00186087631320828,0.00386964924221426,0.000221838026902803
3.03,0.00332170062443365,-0.000903727888334847,0.0030458988326975
3.035,0.00792811287651559,-0.00555756831582088,0.0053281912432256
3.04,0.0111107991723808,-0.0092268127122153,0.00663419198575965
3.045,0.0122788281025222,-0.0112256128342622,0.00674875354973112
3.05,0.0111874912485251,-0.0111423403912761,0.0056581323778188
3.055,0.0080388449655676,-0.00898821276833953,0.00354087532265219
3.06,0.0033997109551678,-0.00514963525684261,0.000797381467433386
3.065,-0.00189219638270701,-0.000313097390998799,-0.00207441745446533
3.07,-0.00685714547598628,0.00461029308736383,-0.0045721348505494
3.075,-0.010572315338696,0.00869969815812531,-0.00623358461507628
3.08,-0.0123566005471571,0.0111955020863686,-0.00676489525303264
3.085,-0.0118680993280473,0.0116139234043559,-0.00607987916562165
3.09,-0.00919231334211705,0.00986246389443685,-0.00431330958747777
3.095,-0.00481630547969629,0.00627739504296019,-0.00177560998244418
3.1,0.000448652852687786,0.00152150812355693,0.00105392464219329
3.105,0.00561972688897511,-0.00352660192863479,0.003673027844161
3.11,0.00974343518189405,-0.00790437259149838,0.00560789982434112
3.115,0.012061977899302,-0.0108034795786664,0.00651481050226086
3.12,0.0121300815332662,-0.0116830349058156,0.00625182289520441
3.125,0.00995828002288538,-0.0103965344058057,0.00487053590148366
3.13,0.0059652091031832,-0.00717940444853116,0.00263380270323683
3.135,0.000890592818995109,-0.00266513494584965,-3.63877315461198e-05
3.14,-0.00429553529193262,0.00230306810589839,-0.00266579722653264
3.145,-0.00863281612562961,0.00679621366662081,-0.0047757302879098
3.15,-0.0113240272413256,0.00997613508757901,-0.00599184317998396
3.155,-0.0118832732972145,0.011259937556019,-0.00611664060766491
3.16,-0.0102352223021389,0.010451061391053,-0.00515036671049543
3.165,-0.00673189498363608,0.00772036847189298,-0.0032708821179383
3.17,-0.00203797217003108,0.00360958500177582,-0.000851261942366472
3.175,0.00293893616588074,-0.00107655884664202,0.00165764257030947
3.18,0.00726391858350152,-0.00546556449370501,0.00381832972195718
3.185,0.0101564758855827,-0.00875176918532621,0.00523477885463582
3.19,0.0111060578611918,-0.010336114103047,0.00567158865567607
3.195,0.00997952587448371,-0.00997896922129724,0.00509488210011881
3.2,0.00703580094654211,-0.00781040197413574,0.00361810850905567
3.205,0.0028805370783598,-0.00427414514713416,0.00154566824725665
3.21,-0.00168213641288728,-6.75932602329528e-05,-0.000723440691910358
3.215,-0.00578221663784094,0.00399712356960683,-0.00278414163663879
3.22,-0.00867559882879369,0.00717985659459484,-0.00427539783868317
3.225,-0.00985813669263244,0.00893224423068562,-0.00493904476680092
3.23,-0.00917152844915164,0.00898250122344215,-0.00470044445630322
3.235,-0.00681864804596401,0.0073891757628776,-0.00363998103487205
3.24,-0.00331144515651706,0.00452812098130502,-0.00197435887823911
3.245,0.000643508120229921,0.000980234722445641,-3.80725696935485e-05
3.25,0.00429519776712948,-0.00257112694791107,0.00180308292067678
3.255,0.00697115057178263,-0.00546840782842005,0.00323853788278325
3.26,0.00821918476850289,-0.0072086258514324,0.00401508645453326
3.265,0.00788259407442419,-0.00754215941057575,0.00403184177512997
3.27,0.00611533313317294,-0.00649193941197989,0.00334002282851256
3.275,0.00331865127499492,-0.00432751116920252,0.00209594043090763
3.28,7.77499530065174e-05,-0.00153109043954463,0.000558859518296962
3.285,-0.00296583048886462,0.00134004210566743,-0.000961118253614499
3.29,-0.00525989559597699,0.00375835002822669,-0.00220551865236371
3.295,-0.00641897708190616,0.00530785009165136,-0.00297099865090918
3.3,-0.00629141043813224,0.00576297578300377,-0.0031477687265943
3.305,-0.0049992840516048,0.00514264593459384,-0.00275393130946909
3.31,-0.00287334479384037,0.00365268125708887,-0.00191409558422957
3.315,-0.000382292298155667,0.00163270134989483,-0.000808121505270788
3.32,0.00196635779299259,-0.000479879106490162,0.000341322615692236
3.325,0.00372532136361877,-0.00227739344586651,0.00131133347430971
3.33,0.004612453778168,-0.00346314706678585,0.00195706420556422
3.335,0.00452189379107344,-0.00387952147359486,0.00218724562709981
3.34,0.00356995053252471,-0.00352069721510842,0.00199837966634559
3.345,0.00202637103350193,-0.00255649076325385,0.00147563779674068
3.35,0.000253310225901466,-0.00125972454713703,0.000759356680097731
3.355,-0.00136824379917589,8.55671871548717e-05,1.31995995618449e-06
3.36,-0.0025189820178034,0.00119399259523258,-0.000649348175630421
3.365,-0.00301553709755463,0.00186319326269294,-0.00107283661393764
3.37,-0.00281803599465225,0.0020285651358669,-0.00123636539430094
3.375,-0.00203362096897315,0.00174533812812011,-0.00113587839498393
3.38,-0.000909264165833869,0.00113344314240218,-0.000834135603171191
3.385,0.000280684534039764,0.000409470779681749,-0.000441112727344354
3.39,0.00125418128135963,-0.000220769877272592,-4.46318611946844e-05
3.395,0.00179783509843314,-0.000612972708653411,0.000264703252207027
3.4,0.00181275655150078,-0.000687782260888553,0.000424977412850837
3.405,0.00134135021788347,-0.000455757004920848,0.000429617356210946
3.41,0.00053136549542668,-3.1899800573921e-05,0.0003114055285886
3.415,-0.000391918979988368,0.000429611046587118,0.000116730128551732
3.42,-0.00117660236502997,0.000766417610179655,-7.49575710565956e-05
3.425,-0.00161725231528739,0.000835526304026777,-0.000188650522454296
3.43,-0.00159203664806421,0.000576434471765846,-0.000198048263742908
3.435,-0.00109964966803224,1.75633368677069e-05,-8.012590344126e-05
3.44,-0.000242641407156372,-0.000719296437786378,0.000141026992788998
3.445,0.000764716899443318,-0.00146237037999109,0.000391252169044681
3.45,0.00167855734193927,-0.0020046602519757,0.000608374614148257
3.455,0.00227211962336992,-0.00216770633730872,0.000720638933972671
3.46,0.00236393290971582,-0.00184857914202993,0.000668790339235365
3.465,0.00189361422762194,-0.00106250488210875,0.000436232230372116
3.47,0.000925258213402889,9.09349093365113e-05,5.62733503282666e-05
3.475,-0.000359903205928796,0.00139793279101625,-0.000410251342444301
3.48,-0.00171312258974633,0.0025758119357989,-0.000875813226967149
3.485,-0.00282363266999462,0.00337648776373735,-0.00122954876839988
3.49,-0.00344153041933688,0.00358419737220328,-0.00138231226619855
3.495,-0.00339395387072685,0.00309010458739414,-0.00128834196269025
3.5,-0.00263789077314212,0.00192826598766226,-0.000923120605145942
3.505,-0.00127682682354439,0.000291904451072703,-0.000337684047625598
3.51,0.000452354602884992,-0.00155353525699727,0.000375568982155839
3.515,0.00222290744957148,-0.00324895796967125,0.00108543476050343
3.52,0.00368228679805861,-0.00444606572831534,0.00166868476889095
3.525,0.00451894277507924,-0.00487377426111679,0.00199020657455349
3.53,0.00453550037522104,-0.00441009279113349,0.00196674127824701
3.535,0.00367059751930248,-0.0030786281985464,0.00158407659885625
3.54,0.00204821454471133,-0.00108363772707261,0.000881581932156056
3.545,-5.77891904491038e-05,0.00122006020386922,-3.60055541940911e-05
3.55,-0.00226862778254989,0.0034136456804559,-0.00100993928627037
3.555,-0.00416917115841146,0.00508073985965647,-0.00186267039987869
3.56,-0.00537542640346049,0.00587619515786328,-0.00244040761956694
3.565,-0.00562679170579294,0.00560691903303031,-0.00260814147797772
3.57,-0.00484687201749437,0.0042955280333121,-0.00231652196057039
3.575,-0.00312107679455039,0.00213677325794026,-0.00159188891452118
3.58,-0.000739702551646982,-0.000496654727235123,-0.000540837359361077
3.585,0.00186215956983752,-0.00312591100440313,0.000666117434373403
3.59,0.00422279181648379,-0.00525828189937817,0.00182115924882331
3.595,0.0058899697623094,-0.00649800402688892,0.00269995489106995
3.6,0.00652741556862499,-0.00658021012702093,0.00314446767681539
3.605,0.00598394602523103,-0.0054500065481718,0.00304508221980583
3.61,0.00432998307156181,-0.00331114099047329,0.00239381502951428
3.615,0.00182402430880235,-0.000522123838371772,0.00128108663821926
3.62,-0.00107946247751025,0.00241900996491011,-0.000103819669888165
3.625,-0.00386665279369383,0.00497705086604123,-0.00152785652440196
3.63,-0.00601873623498282,0.00665875478648908,-0.00274155532518734
3.635,-0.00712733792734345,0.00716773524146958,-0.00350042784382131
3.64,-0.00695904736059396,0.00638921115117047,-0.00366374576793251
3.645,-0.0055224242194833,0.00443726132648949,-0.00317999515910943
3.65,-0.00305451116782237,0.00166810188911799,-0.0020992819035201
3.655,1.90753978389934e-05,-0.00141608176752243,-0.000604072219257083
3.66,0.00313888782782435,-0.00427904719253069,0.00103994972015836
3.665,0.00574362046055127,-0.00639844431458527,0.00255778687197186
3.67,0.00734042725212256,-0.0073645786148991,0.00366609462991575
3.675,0.00763889632274062,-0.00702278031815535,0.00413830819951382
3.68,0.00655532697158724,-0.00543335199526997,0.00388000416067526
3.685,0.00427164663201198,-0.00285779797148433,0.0029225104879313
3.69,0.00120010172327447,0.00022382568361428,0.0014013393865304
3.695,-0.00211966981670246,0.00325997151351805,-0.000403608181145835
3.7,-0.00508748036353976,0.00571254179059143,-0.00217730720236972
3.705,-0.00715796263119967,0.00714718284802671,-0.00360209918711665
3.71,-0.00796008879964354,0.00729695778849022,-0.00440287237280872
3.715,-0.00733216678457958,0.00616125803010094,-0.004418804526693
3.72,-0.00538010035138919,0.00393892114605609,-0.00363804030381062
3.725,-0.00246310585796805,0.0010340062657477,-0.00219073776493239
3.73,0.000912873603002114,-0.00203508073010855,-0.000310313360419562
3.735,0.00412838994197356,-0.004717737328011,0.00164315042416496
3.74,0.00659952549315081,-0.00654806892458527,0.00333157719192454
3.745,0.00788879212402485,-0.00721508427027214,0.0044412481167967
3.75,0.00776204408071778,-0.00661264524337294,0.00475555679881426
3.755,0.00624377857608124,-0.00485586627711925,0.00421266333949844
3.76,0.00361493788127587,-0.00227683959376935,0.00290610556540542
3.765,0.000355279063367678,0.000667074262785415,0.00105637314675764
3.77,-0.00294745553742186,0.00346337456775078,-0.000997664781729456
3.775,-0.00570110312336654,0.0056201780779451,-0.00287981462341024
3.78,-0.00742077426082593,0.00676539236964705,-0.00424923136445236
3.785,-0.00780736458591484,0.00672558756250404,-0.00485837271549505
3.79,-0.00679786368431666,0.00552473073078102,-0.00457779743704512
3.795,-0.00459627468844583,0.00338531212902506,-0.00347190445839405
3.8,-0.00160830187549768,0.000689738886189172,-0.0017409001612039
3.805,0.00163240560088622,-0.00206982402190087,0.000304933627478686
3.81,0.00454039908266428,-0.00443158325072725,0.00229160320610567
3.815,0.00660037280611892,-0.00599338473564522,0.00385036096230918
3.82,0.00746481072707018,-0.00651007744709428,0.00470532169484356
3.825,0.00699663166437954,-0.00590034791321194,0.00471652834205346
3.83,0.00530240863905117,-0.00430803400061699,0.00386791497040894
3.835,0.00271041559094841,-0.00201643916450207,0.00233694094993723
3.84,-0.000302256760279918,0.000582866080683203,0.000404816198653379
3.845,-0.00320068954789525,0.00303164214563788,-0.00158224545228042
3.85,-0.00547145758757669,0.00491644227046093,-0.0032630310025604
3.855,-0.00673406272844327,0.00594682351597325,-0.0043298143758729
3.86,-0.00679935353884853,0.00596437107393669,-0.00460284907592289
3.865,-0.00568711756959802,0.00496482611477651,-0.00406057187665369
3.87,-0.00362379239134886,0.00316775436476664,-0.00279262421999519
3.875,-0.00100003167577069,0.000879615047603616,-0.00105358395205179
3.88,0.00172459334567423,-0.0015198934453729,0.000825544529357658
3.885,0.00407382375111044,-0.00362025076115694,0.00252739808991935
3.89,0.0056590514395668,-0.00507630319600603,0.00373598045590183
3.895,0.00623734428276061,-0.00568260180907865,0.0042552652418561
3.9,0.00574306922134796,-0.00534850412314175,0.00401591296352977
3.905,0.0042989380419998,-0.00413547505274094,0.00308745279089531
3.91,0.00218189558566857,-0.00227337302762522,0.0016439474153203
3.915,-0.00022774703282782,-7.92311174350324e-05,-4.30400473961328e-05
3.92,-0.00251415164461261,0.00210738672906646,-0.0016595562149966
3.925,-0.00430518793286217,0.00392757385051724,-0.00294530749994685
3.93,-0.00533045063041536,0.00507590909291174,-0.00368279913050484
3.935,-0.00544591396742197,0.00539889552211235,-0.00376064902142897
3.94,-0.0046881851195626,0.00486435935610129,-0.00320176102648512
3.945,-0.00320205876280906,0.00352925636312588,-0.0021189496397737
3.95,-0.00125782614494935,0.00163686882469075,-0.00072492269021612
3.955,0.000819586588008002,-0.000495505471301123,0.000746193330523481
3.96,0.00270668009287923,-0.00255515582248736,0.00202868200936284
3.965,0.00412216359442996,-0.00421078234046529,0.00292463221926402
3.97,0.00485150583294391,-0.00516947037539847,0.00331025984436483
3.975,0.00481866277539933,-0.00531284761355861,0.00313838676674619
3.98,0.00404553022760153,-0.00460412348552863,0.00246633417059732
3.985,0.00265493065018413,-0.00314298315399041,0.00142777032487476
3.99,0.000883358280533929,-0.00115556588619936,0.000205293421106159
3.995,-0.00100138758060523,0.00102330826519964,-0.0010087056612059
4,-0.00272122084368278,0.00307316038481512,-0.00201927972019251
4.005,-0.00401910465419617,0.0046560673436192,-0.00267481913810406
4.01,-0.00469708486566938,0.0054934751740138,-0.00290624926499514
4.015,-0.00465534014820351,0.00543612283259807,-0.00267693272963396
4.02,-0.00390107084703892,0.00448846293348844,-0.00204377223894037
4.025,-0.00252915806117884,0.00276115325934231,-0.00110828486312529
4.03,-0.000739618682283881,0.000529167902858213,-2.79169418293561e-05
4.035,0.00120094594936103,-0.00183375666621559,0.00104008728218667
4.04,0.00299295187195783,-0.00394031629011011,0.0019420627131254
4.045,0.00435956410603757,-0.00543951498899291,0.00253048029725858
4.05,0.0050547528029651,-0.00603097831439757,0.00273476015382304
4.055,0.00494977211355978,-0.00560083544540209,0.00252658082045022
4.06,0.00402203191053752,-0.00419791029918558,0.00192482667803343
4.065,0.00239242193775159,-0.00203680495777877,0.00102714009138989
4.07,0.000302545439409382,0.000546401775832097,-3.51652795467324e-05
4.075,-0.00191036232479978,0.00308786710502309,-0.00110405731124934
4.08,-0.00387516550896402,0.00514369565911541,-0.00202558947261908
4.085,-0.00524435786923199,0.00634498241417887,-0.00263728929243426
4.09,-0.00574201868422874,0.00644147454812175,-0.00284596796256592
4.095,-0.00525605563451367,0.00537920337444063,-0.00260372368258631
4.1,-0.00383453251551694,0.00333335738312453,-0.00192891823253627
4.105,-0.00168161007452492,0.000645353452410537,-0.000918890299095424
4.11,0.000832685326552753,-0.00222403551941652,0.00026598038514999
4.115,0.00327481528002913,-0.00473648833259609,0.00144479372146058
4.12,0.0051971334060387,-0.00642533686418894,0.00241196224731621
4.125,0.0062355386578707,-0.00697049771270947,0.00300158851402672
4.13,0.00616828070991927,-0.00624308243070194,0.0030968991862994
4.135,0.00497385831810507,-0.0043506076327273,0.00266285341791971
4.14,0.00283657909519376,-0.00163977836728285,0.00176250355697078
4.145,0.000135605297896862,0.00140515811554214,0.000539735621722848
4.15,-0.00264291176054302,0.00422465556885468,-0.00081151073042388
4.155,-0.00497875656405228,0.00627099481369823,-0.00205021790598572
4.16,-0.00642383239879857,0.00715880802116025,-0.00295683564815185
4.165,-0.00669472916708499,0.00672027548914639,-0.00336276501477895
4.17,-0.00571187539031,0.00501710958738548,-0.00318325281142692
4.175,-0.00366522955579054,0.00236193581040708,-0.00243379928019392
4.18,-0.000919684006924664,-0.000731735790069559,-0.00124605971385314
4.185,0.00200915824546493,-0.00369171311823667,0.000181471571438846
4.19,0.00456835254971863,-0.00594959429955174,0.0015996200039441
4.195,0.00626716929511795,-0.00706412776891424,0.00274279422659802
4.2,0.00678750406821693,-0.00684533601092382,0.00340089398334532
4.205,0.00602956102375463,-0.0053289085980309,0.00345840076270251
4.21,0.00414556339529092,-0.00280625080931281,0.0028959029879145
4.215,0.00149161249706889,0.000220449999500334,0.00181145537630772
4.22,-0.00141697973138017,0.003156434445387,0.000405631897235087
4.225,-0.00401861748637893,0.00546240342393643,-0.00107104116096579
4.23,-0.00582396159306967,0.0066845477723344,-0.00235162733656015
4.235,-0.00650110964431444,0.00660640533787567,-0.00320327063150948
4.24,-0.00593596587733856,0.00527588267113655,-0.0034700240030738
4.245,-0.00426417023320193,0.00297405389637302,-0.0031206561062224
4.25,-0.00183009054341256,0.000140987476133483,-0.00221222076702037
4.255,0.000882775758552472,-0.00264164815054933,-0.000917968810696956
4.26,0.00334566209031259,-0.00484867113387578,0.000524711712552968
4.265,0.00510339170469062,-0.00608267939069613,0.00185154490330395
4.27,0.00584838708713414,-0.00612351054216341,0.00282387475583257
4.275,0.00546273342925968,-0.00498592375134543,0.00327463437080821
4.28,0.00407497008345581,-0.00295340410113886,0.00312864925042301
4.285,0.00198894080297729,-0.000425992568670055,0.00243158260514239
4.29,-0.000379229802184332,0.00210118670428539,0.00131778353895829
4.295,-0.00257093098443438,0.00412714788227163,1.49255268267639e-06
4.3,-0.00418199076387672,0.005285143428502,-0.00128051389343807
4.305,-0.00493884023039503,0.0054159343715058,-0.00230185924606566
4.31,-0.00474778871313333,0.00451946666041465,-0.00287687918288095
4.315,-0.00370473903558608,0.00281287539846816,-0.00294011971477168
4.32,-0.00204193315462572,0.000667390588807164,-0.00248382473783331
4.325,-0.00010534819813595,-0.00148908203892384,-0.00160311760662118
4.33,0.00172528214804116,-0.00327671068377938,-0.000476166786263839
4.335,0.00312712361926876,-0.00436711509510219,0.000697904288282608
4.34,0.00387769057705071,-0.00460040246018166,0.00171656858097535
4.345,0.00389396075868045,-0.00399451353816905,0.00239956166447171
4.35,0.0032347598180995,-0.00271431628789611,0.00264223803530291
4.355,0.00205990164084327,-0.00101698053800036,0.00242285543207344
4.36,0.000622336044171414,0.000750704596772996,0.0017962621189974
4.365,-0.000806265564562722,0.00227359415794962,0.000864119959298804
4.37,-0.00199711083533683,0.00331840080984865,-0.000171290236173493
4.375,-0.00278016500557089,0.00373102768587669,-0.00115210646366721
4.38,-0.00305829511547397,0.00348707343940515,-0.00190273210637751
4.385,-0.00283743766633337,0.00269017371341734,-0.00230132939978725
4.39,-0.00218963916663649,0.00150789288553026,-0.00228992960334119
4.395,-0.00124867460544981,0.000153333347971731,-0.00188576542283837
4.4,-0.00017060165408876,-0.00114812753937282,-0.00116346274599021
4.405,0.000883613018530379,-0.00219367873090047,-0.000251954778920788
4.41,0.0017655016995653,-0.00286025126200177,0.000686370243143935
4.415,0.00236493366307797,-0.00308260338978009,0.00148389159354046
4.42,0.00261647769390822,-0.00284019261207293,0.00201634761244165
4.425,0.00248582857626584,-0.00219255779365201,0.00218283980822542
4.43,0.0019872216786538,-0.00125746054098898,0.00196034728988688
4.435,0.0011881478223072,-0.000145352670560894,0.00138254850088325
4.44,0.000179882055313168,0.00100545897818739,0.000561529127095663
4.445,-0.000898359510797047,0.00201806568905015,-0.000363512625039006
4.45,-0.00190647121952405,0.00276666372723509,-0.00122798522916216
4.455,-0.00266677433067192,0.00314306041465333,-0.00186256649381685
4.46,-0.00303015998986922,0.00305910437448042,-0.00215542405549857
4.465,-0.00290230185224411,0.00249317890971424,-0.00204831102622213
4.47,-0.00226350748670173,0.00150475672278237,-0.00154777117165359
4.475,-0.00115810964540513,0.000197767331418429,-0.000740798930184747
4.48,0.000255207265756069,-0.00123484770506735,0.000227201278309967
4.485,0.00173690375013627,-0.00257398527812622,0.00116695699185982
4.49,0.00301465018666114,-0.00357875342207753,0.00190857184980146
4.495,0.00382437589516838,-0.00404487155024714,0.00229024322523091
4.5,0.00396319311811952,-0.00382627994382631,0.00222636883455351
4.505,0.00333971260745393,-0.00290782840467826,0.00171547212384726
4.51,0.00200451267032261,-0.00138407238511519,0.000837278799913764
4.515,0.000165594054020673,0.000508901177585018,-0.0002485988659644
4.52,-0.00184435786272399,0.00245006004620214,-0.00132064911078362
4.525,-0.00363878963653193,0.00407288223839133,-0.00216292929229034
4.53,-0.0048331042747095,0.00503521043786975,-0.00259855839863287
4.535,-0.00512980484608485,0.00510639212652895,-0.00251204838514847
4.54,-0.00440383774853363,0.00420945564050957,-0.00189447485552033
4.545,-0.00273135977032875,0.00244839534668607,-0.000864602554097184
4.55,-0.000391629700308607,0.000105531354566931,0.000400127711290239
4.555,0.00218174039039812,-0.00238136744175071,0.00164464675306279
4.56,0.00446537732743915,-0.00453953684102555,0.00259574937391175
4.565,0.0059582677952298,-0.00593364951523825,0.00306349272638863
4.57,0.00631377304390879,-0.00623344375765792,0.00291560948321467
4.575,0.00538789339960291,-0.00532465028418189,0.00215087894533422
4.58,0.00330017334383077,-0.00333698929230945,0.000903577105226285
4.585,0.00042890830033783,-0.000619888230704219,-0.000593040323517762
4.59,-0.00266767081538268,0.00232414198198346,-0.00204188919202198
4.595,-0.00536071576398906,0.00490787039105818,-0.00314022535413806
4.6,-0.00706503657437232,0.00660249879248971,-0.00363533604458613
4.605,-0.00739335581754043,0.00704521418520454,-0.00340823990332998
4.61,-0.00621503192641661,0.00611104685593408,-0.00246983691637223
4.615,-0.00371677996908175,0.00394177118845288,-0.000972579542237952
4.62,-0.000362233184560005,0.000948403801464885,0.000783197588178489
4.625,0.00317454595334032,-0.00228115779525921,0.00245609925954621
4.63,0.00618064726106531,-0.00511872104439005,0.00369516934420364
4.635,0.00801234108900202,-0.00697956540538756,0.0042309625614557
4.64,0.00824964456839395,-0.00747589428352744,0.00392782273213747
4.645,0.00680227986473774,-0.00650025145336043,0.00281892530143866
4.65,0.00393797035855961,-0.00423164762526182,0.00110625890721662
4.655,0.000204938651423926,-0.00110950452892077,-0.000889603290384499
4.66,-0.00364202600674492,0.00222731987630971,-0.00276596617760571
4.665,-0.00681115889661598,0.00511712179046957,-0.00413757905553749
4.67,-0.00864021694096493,0.00698640719422695,-0.00472222879769126
4.675,-0.00873526696067595,0.0074574475460532,-0.00437430051950102
4.68,-0.00706036873213456,0.00643545004553439,-0.00315394299273456
4.685,-0.00394204884066861,0.00414696741946924,-0.00126966277199857
4.69,-7.19064359309625e-06,0.00106311341298954,0.000893631836966541
4.695,0.0039460505625167,-0.00218815384502281,0.0029182273043519
4.7,0.00710767028748459,-0.00494583805970984,0.00439179240309424
4.705,0.00883304470279519,-0.0066559161512604,0.00501549097221893
4.71,0.00877065954658651,-0.00699840749087935,0.0046545946108671
4.715,0.0069345383882724,-0.00594290587277293,0.00337741778384546
4.72,0.00371296950970239,-0.0037212983112346,0.00143479306480384
4.725,-0.000220555922448441,-0.000828134489986089,-0.000793565841342105
4.73,-0.00407094165486702,0.00212732498670711,-0.00285854437003319
4.735,-0.00704303938865225,0.00455493628159302,-0.00435507267758249
4.74,-0.0085445027017185,0.00597344592919945,-0.00500177480672357
4.745,-0.00829689542742428,0.00612709202147766,-0.00466756841559572
4.75,-0.00638094872787332,0.00504921761734928,-0.00342811485566589
4.755,-0.00322771040063464,0.00300711481366813,-0.0015494353217575
4.76,0.000482936665971863,0.000443720560124451,0.000600016302775364
4.765,0.00397924912355689,-0.00206324659550436,0.00259307868355663
4.77,0.00656177051358074,-0.00400844565593921,0.00404220503850765
4.775,0.00772350941280644,-0.00502986058702094,0.00466764093877599
4.78,0.00727995060554824,-0.00496174775833571,0.00438343568761593
4.785,0.00538808422417769,-0.00387784929982247,0.00326172915824367
4.79,0.00250801366289981,-0.00208324714080485,0.00155268624712423
4.795,-0.000739325666730528,6.08394233868551e-06,-0.000377878021138406
4.8,-0.00367139041562366,0.00193060712745995,-0.00215929722440367
4.805,-0.00568496548796063,0.00328255026114733,-0.00343990297288005
4.81,-0.00642458220175299,0.00383475371023567,-0.00399242783724251
4.815,-0.00581078587508386,0.00352829734261007,-0.00375394218800875
4.82,-0.00405065366428359,0.00250589282067802,-0.00282136356574432
4.825,-0.0015857237464227,0.00105764703944006,-0.00140768872526388
4.83,0.00100546092725043,-0.000448347858589893,0.000169568035225723
4.835,0.00317327385110278,-0.00168253634313289,0.00159537640248714
4.84,0.00447701610959592,-0.00238012804517972,0.00260800637156117
4.845,0.0047111863303707,-0.00244932901190171,0.0030365075322611
4.85,0.00392320396317399,-0.00195049866409109,0.00285119424523184
4.855,0.00237875729941887,-0.00106596899417511,0.00215343292938392
4.86,0.000498536719232879,-7.29312171384752e-05,0.00112463562048325
4.865,-0.00124808052922958,0.000760841032811779,-4.39292632141184e-07
4.87,-0.00247371732057432,0.00123407179580164,-0.000975374997334726
4.875,-0.00295192257022541,0.00126108582395455,-0.00163088421831537
4.88,-0.00265327854043498,0.000868759422602349,-0.00188143482400821
4.885,-0.00174191777882668,0.000239335350264992,-0.00173048316446245
4.89,-0.000525243496962443,-0.000402469002411701,-0.00128240046116242
4.895,0.000624809937066335,-0.000838351691459126,-0.000686051227737829
4.9,0.00139024805952763,-0.000908118271240459,-9.85832623457589e-05
4.905,0.00158941491563593,-0.000557021117803091,0.000344606367257449
4.91,0.00119375491291324,0.000118471984945826,0.000576462129140018
4.915,0.000360787621207843,0.000906532184199803,0.000602723193867447
4.92,-0.00062082882794721,0.00157111121783596,0.000479153424992289
4.925,-0.00141775253254372,0.00185380152642734,0.000309752933924406
4.93,-0.00174577293773585,0.00159387872089872,0.000190972796958629
4.935,-0.00144527884293591,0.000784091148582712,0.000181977574793334
4.94,-0.000542466450654701,-0.000423492169524144,0.000304376849121439
4.945,0.000758273068595541,-0.00177869902402015,0.000511095663282931
4.95,0.00210417676430832,-0.00291767619019396,0.000706695533421669
4.955,0.00308980089442867,-0.00349506336304161,0.000791546261146266
4.96,0.00337946776241506,-0.00329401495521028,0.000676629555537908
4.965,0.00278825299663953,-0.00223940445799222,0.000314024986360884
4.97,0.00133331627863415,-0.000469367944000346,-0.000255471384491708
4.975,-0.000712654096679841,0.00166382503497395,-0.000934509049576176
4.98,-0.0028920925939215,0.00368852597503348,-0.00156926767758857
4.985,-0.00467770516454597,0.00513099853129886,-0.00197779036125274
4.99,-0.0055768206188048,0.00556236939771869,-0.00201228635854516
4.995,-0.00526170330454995,0.00476208418649818,-0.0016059292359154
5,-0.00367329614941697,0.00279542640187292,-0.000759499537033173
5.005,-0.00104904192128334,-6.98174424059248e-06,0.000379806774509333
5.01,0.00210341027245505,-0.0031149350904824,0.00159173281362431
5.015,0.00510774919823561,-0.00584818421866165,0.00261877228257998
5.02,0.00726677880484225,-0.00754718848134739,0.00320088764535366
5.025,0.00801088960112143,-0.00776162183770181,0.00315146420650527
5.03,0.00704211887578471,-0.00632093393345058,0.00242357516058918
5.035,0.0044385879608109,-0.00337708978776416,0.00110656635174726
5.04,0.000645908578397412,0.000539818462933841,-0.000573300379975277
5.045,-0.00359315285556456,0.00463496893341585,-0.00227363696657759
5.05,-0.00738377308638267,0.00806847267926915,-0.00362989742669313
5.055,-0.00985586985518334,0.0100539169424978,-0.00433288949278752
5.06,-0.0103792240061232,0.0100501556821853,-0.00416992385973634
5.065,-0.00871392766398611,0.00793979785336157,-0.00312137632555327
5.07,-0.00508813830457911,0.00403749423939299,-0.00134689814738018
5.075,-0.000152296381591403,-0.000967070404513596,0.000826813865232961
5.08,0.00511342440627035,-0.00608322564175271,0.00296818936210574
5.085,0.00959725926897496,-0.0102360161120998,0.00461605244038547
5.09,0.0123084019848679,-0.012529755763501,0.00540047380007346
5.095,0.0125841947991903,-0.0123793261618059,0.00511015113741343
5.1,0.0102509470584912,-0.00967827143931464,0.00374090874727793
5.105,0.0056645687952694,-0.00486307941043842,0.00152410882558836
5.11,-0.000310258842123056,0.00116838718163142,-0.00111211464817442
5.115,-0.0064938533590614,0.00725168924553925,-0.00364981525645006
5.12,-0.0115982892021442,0.0121470650559582,-0.00554605359360403
5.125,-0.0145344954602233,0.0147898302152392,-0.00638217468542804
5.13,-0.0146039937158768,0.0145690387301784,-0.00594952166433454
5.135,-0.0116817360627435,0.0114220578379614,-0.00428512076879803
5.14,-0.00626605373250578,0.00587347983348195,-0.00167356827601657
5.145,0.000614400069744955,-0.00105746249689369,0.00137024648152555
5.15,0.00759975245797781,-0.00800300980779175,0.0042380683990702
5.155,0.0132656173340059,-0.0135879876382202,0.00635541084470738
5.16,0.0164091391329438,-0.0166593814022471,0.00725299034139873
5.165,0.016336289791923,-0.0165285209263884,0.00671364454675907
5.17,0.0129645090486166,-0.0131336379560145,0.0048149809832433
5.175,0.00690545152869299,-0.00707420113702109,0.00189336624418044
5.18,-0.000680982708326265,0.000518796626090761,-0.00149340274600656
5.185,-0.00829595004152763,0.0081857791373818,-0.00466393231337254
5.19,-0.0144131327579321,0.0144101461518796,-0.00697674569505194
5.195,-0.0177813278020563,0.0179481728636963,-0.00796426259505403
5.2,-0.0176822660721529,0.018054969440448,-0.00738747587373943
5.205,-0.0140841640195075,0.0146663354151921,-0.00533711382504078
5.21,-0.0076484083724718,0.0083856422766185,-0.00219278789763173
5.215,0.000381754641812688,0.000400940345732432,0.00143508429891766
5.22,0.00843299193150393,-0.00775896041586857,0.00484126378810594
5.225,0.0149137095277175,-0.014510341317116,0.00735026299797349
5.23,0.0185446133652771,-0.0185443539364049,0.00845665885529656
5.235,0.0185854929426023,-0.019055566297109,0.00793113635498273
5.24,0.0149987098987225,-0.0159284758418801,0.00586090734018178
5.245,0.00848201700813765,-0.00975375013281994,0.00263418548067003
5.25,0.000290926695040217,-0.00169480515181054,-0.00113246244063393
5.255,-0.00796981170659887,0.00670983801721112,-0.00470344196489305
5.26,-0.0147138991613874,0.0138544743933594,-0.00739047319526626
5.265,-0.0186266238257994,0.0183742057960801,-0.0086795623819486
5.27,-0.0189643708754997,0.0194249275760684,-0.00831056493773823
5.275,-0.0156662856550656,0.0168133681316183,-0.00635411895948321
5.28,-0.00939185034691508,0.0110446835066294,-0.00318857934556613
5.285,-0.00135420451602776,0.00322606257208032,0.000585095290855744
5.29,0.00689604166458658,-0.00515545881598583,0.0042445340753657
5.295,0.0137815490175325,-0.012527001847944,0.00709307786070497
5.3,0.0180168254710881,-0.017510865916097,0.0085995031451072
5.305,0.018815124514637,-0.0191835411311613,0.00848689377700332
5.31,0.016063905086254,-0.0172854586156979,0.00678981890361208
5.315,0.0103237128270326,-0.0122059974918896,0.00382637359376298
5.32,0.00272618012196817,-0.00490888093051758,0.000182405497768474
5.325,-0.00529687780361624,0.003214644163963,-0.00347325419635861
5.33,-0.0122209676861685,0.0106394425449,-0.00645069470191667
5.335,-0.0167854124803237,0.0160283836658447,-0.00820733367216524
5.34,-0.0181785503341494,0.0183976979209537,-0.00843472274593309
5.345,-0.0161908535783319,0.0173490437318368,-0.00710784583396792
5.35,-0.0112508805735913,0.0131445799794007,-0.00449363006995395
5.355,-0.00431948161921646,0.00659877495425437,-0.00108036100811009
5.36,0.00328477723189841,-0.00107953669614274,0.00247846470543071
5.365,0.0101649852897166,-0.00844445093890846,0.00554037905059041
5.37,0.0150775431377965,-0.014151324077637,0.00755653864988525
5.375,0.0171603344863047,-0.0172079796743572,0.00816903400572737
5.38,0.0160858238689303,-0.0170934408984658,0.00729938103777211
5.385,0.0121153006684475,-0.0138675164477232,0.00512054003874331
5.39,0.00601677041914112,-0.00818255635924834,0.00205258384062121
5.395,-0.00106365484706799,-0.00109969469338309,-0.00133914317611117
5.4,-0.00783110824854272,0.00608925492697811,-0.00444149847078046
5.405,-0.0130871762377761,0.0120755892191087,-0.00669713232634157
5.41,-0.0158990760210141,0.0157776049261507,-0.00772782646599838
5.415,-0.0158151580942587,0.01658742756518,-0.00735716575674611
5.42,-0.0128997499901234,0.0143854436175777,-0.00567526354630422
5.425,-0.00771212580341255,0.0095938036869683,-0.00299715589215871
5.43,-0.00121051913584127,0.00312297962721712,0.000177500935527434
5.435,0.00541575786882943,-0.00383082836283083,0.00328427918810217
5.44,0.0109973797317304,-0.0100283717386331,0.00576974709479774
5.445,0.0145569290784429,-0.014338587781171,0.00719154526435997
5.45,0.0154687646471279,-0.0159876572943462,0.0073192325088273
5.455,0.0136047499261176,-0.0147301246527367,0.00613664006123685
5.46,0.00931450034829595,-0.0108063660811897,0.00386274752627849
5.465,0.00338012157304198,-0.00492651256074882,0.000923129159760028
5.47,-0.00312146613522949,0.00180544566308632,-0.00216073479034353
5.475,-0.00903645369428696,0.00815769046390219,-0.00483472964897187
5.48,-0.0133010617496715,0.0129858166386095,-0.00662641364722518
5.485,-0.0151487673184442,0.0154092875100837,-0.00721474719647649
5.49,-0.0142464217138884,0.0149768196900657,-0.00649924162541306
5.495,-0.0107616386559559,0.0117934953909347,-0.00461180939468463
5.5,-0.00532449746544213,0.00643647639148667,-0.00189678996448264
5.505,0.00108977171062668,-0.000105621326723821,0.00116094150982239
5.51,0.00732077264959968,-0.00662133425317694,0.00400530290305419
5.515,0.0122175669799614,-0.0118957498869655,0.00610889678954528
5.52,0.0148932847707228,-0.0149573932214065,0.00711136946200027
5.525,0.014839669890483,-0.0152261087897614,0.00680495201561738
5.53,0.0120413736443395,-0.012641439676606,0.00524357202006171
5.535,0.0070001144675627,-0.00767550832843429,0.00271704198524655
5.54,0.000624991969839485,-0.00126136303498754,-0.000315125382987094
5.545,-0.00590800796372879,0.00541811577126084,-0.00330652453178021
5.55,-0.011391813566909,0.0110918984117945,-0.00569161248833204
5.555,-0.0147876718598495,0.014679739014848,-0.00702553715303037
5.56,-0.0154323004045313,0.0154962172944751,-0.00706337179776351
5.565,-0.0131791991705367,0.0133827301661096,-0.00577573787075895
5.57,-0.00841967779734986,0.0086968416558296,-0.00339206409189049
5.575,-0.00202758524385891,0.00232397216082753,-0.000367473699654703
5.58,0.00481353282674918,-0.00452597090837264,0.00275553023377383
5.585,0.0108100200280588,-0.0105580811429045,0.00538449138173585
5.59,0.0148071152121865,-0.0146168298768599,0.00701914213907508
5.595,0.0160205387538708,-0.0158954201914608,0.00733243843843039
5.6,0.0141951343684381,-0.0141341684705836,0.00626397928290553
5.605,0.00963882125117394,-0.00963895218079597,0.00399101783591145
5.61,0.00318627588113859,-0.00324598921473109,0.000929874491019665
5.615,-0.00394529065041199,0.00383094295443282,-0.00232957605222894
5.62,-0.0103920344791339,0.0102325320664951,-0.00518510211965494
5.625,-0.0149259282351487,0.01472015428005,-0.00707991465189564
5.63,-0.0166432826050708,0.0164116878430848,-0.00763219234656911
5.635,-0.0151786248713325,0.0149529269142074,-0.00673050825899567
5.64,-0.0107845127013254,0.010587922106717,-0.00452763876762769
5.645,-0.00426032999996449,0.00413178007835955,-0.00143214878832927
5.65,0.00316055661937912,-0.00319685208493625,0.00198301729916909
5.655,0.0100597839781769,-0.00999848539924355,0.0050472310085652
5.66,0.0151109327344696,-0.0149494129926027,0.0071895515617725
5.665,0.0173070578911763,-0.0170798214806912,0.00797811071301322
5.67,0.016194053551391,-0.0159531577324316,0.00723487989543411
5.675,0.0119550915806386,-0.0117275064886041,0.00509960358734985
5.68,0.00535898115410148,-0.00519055617813186,0.00195161827835809
5.685,-0.00234217404020118,0.00243490019269976,-0.00161829105425706
5.69,-0.00969389436357478,0.00970240943605945,-0.00492565037007255
5.695,-0.0152759204115893,0.0152108313646041,-0.00733344758374875
5.7,-0.0179963283730246,0.0178767284825044,-0.00836910330409896
5.705,-0.0173031311579616,0.0171581988457768,-0.00781121748662889
5.71,-0.0132908915463649,0.0131392347276377,-0.00573663921081657
5.715,-0.00667664522657442,0.00653546242679234,-0.00253625832426591
5.72,0.00130307388121357,-0.00141863680082234,0.00120612911583658
5.725,0.00915169202312631,-0.00924185374523674,0.00478143276245317
5.73,0.0153654558063688,-0.0154301600794653,0.00748775335542961
5.735,0.0187377812735875,-0.018781488364847,0.00881612136290209
5.74,0.0185874307134642,-0.0186186406680746,0.00847187673524244
5.745,0.0148962137284315,-0.0149155509960099,0.00649992005578134
5.75,0.00830749120236946,-0.0083057309928527,0.00325516546786536
5.755,3.33516230372994e-05,-1.52430097121669e-06,-0.00067003304901266
5.76,-0.00837838054016755,0.00845849964825247,-0.00454239130257951
5.765,-0.0153460706627964,0.0154813306182512,-0.00761824020515881
5.77,-0.0195155232363332,0.0197133200934412,-0.00929690130349184
5.775,-0.0200583642671893,0.0202961220038788,-0.00924046574804911
5.78,-0.0168196335389326,0.0170601056704506,-0.0074152950741843
5.785,-0.0103360775919784,0.0105292098791508,-0.00414326923045514
5.79,-0.00177189250247605,0.00187403839340229,-1.37953165111897e-05
5.795,0.00728340937484753,-0.00731867517314704,0.00420705677254964
5.8,0.0151416954619373,-0.0153309273176156,0.0077100745250515
5.805,0.0202981827020611,-0.0206271799948376,0.00982612444270991
5.81,0.021727294293001,-0.0221483210172279,0.010115596201962
5.815,0.0190864411085259,-0.0195364607816311,0.00848933001316151
5.82,0.0127854284672045,-0.0131884500061015,0.00521568144516901
5.825,0.00393488884992461,-0.00421423204892144,0.00088254402211628
5.83,-0.00585427082189971,0.0057548046876707,-0.00371863221144119
5.835,-0.0147530701340643,0.0148676477933541,-0.00771766630033562
5.84,-0.0210713293178952,0.0213919094288075,-0.0103391638845445
5.845,-0.0235527612328278,0.024040462934511,-0.0110650866179521
5.85,-0.0216453403259483,0.0222248276047622,-0.00970980651310466
5.855,-0.0156065883011911,0.0161785409801904,-0.00647502109024606
5.86,-0.00647748473636943,0.0069519362929481,-0.00193916743753471
5.865,0.00408960328677471,-0.00380225212006928,0.00307069720594177
5.87,0.0141279260146894,-0.0140958575578048,0.00761999550958959
5.875,0.021732521178173,-0.021956242116994,0.0108369864537128
5.88,0.0254118772648586,-0.0258606770670752,0.0120651639774416
5.885,0.024371660111817,-0.0249856885451177,0.0110405645060927
5.89,0.0186865273260536,-0.0193670600588945,0.00789940762055238
5.895,0.00933323561090707,-0.00997195588845854,0.00318312407331919
5.9,-0.00200682442018511,0.00150012378435004,-0.00224579292189431
5.905,-0.0132384161122762,0.0129466962407918,-0.00737073254748505
5.91,-0.0222184442534712,0.0221903091632477,-0.0112174205091395
5.915,-0.0271869797475506,0.0274213682695242,-0.0130284606010445
5.92,-0.0271086201213228,0.0275843779357569,-0.0124029496703427
5.925,-0.0218813558472034,0.0225380886059867,-0.00941786494512577
5.93,-0.01237705229479,0.0131168327677491,-0.00458489280598883
5.935,-0.000318395210644236,0.00103707929577616,0.00122820543497101
5.94,0.0120525857226356,-0.0114596599000397,0.00692909213491879
5.945,0.022390037760409,-0.0220182465961842,0.0114353151298302
5.95,0.0286793210671436,-0.0285985360210648,0.0138690089311618
5.955,0.029628332717982,-0.0298608628134389,0.0137261044016467
5.96,0.0249665424356267,-0.0254890519663199,0.0109792219893224
5.965,0.0154631588348269,-0.0162246353726184,0.00610331190765887
5.97,0.00283992753182997,-0.00373571830020531,-1.49673491924782e-05
5.975,-0.0105357839607108,0.00964668860015165,-0.00624337061575343
5.98,-0.0221376661173054,0.0213713426605245,-0.0113908029432195
5.985,-0.0297107901569125,0.0292013749291239,-0.0144735371753326
5.99,-0.0317397792209628,0.0315925960437443,-0.0148717478898469
5.995,-0.0277597736990795,0.0280147908156954,-0.012463026593628
6,-0.0184363557428503,0.0190781779178112,-0.00767003326876657
6.005,-0.00547670929147827,0.00643790304904412,-0.00136594178297613
6.01,0.00867880185006249,-0.00755147642116237,0.00528013748051059
6.015,0.0213481693345033,-0.0202354558555275,0.0110169049028959
6.02,0.0301004338720468,-0.0291824808345709,0.0147430233539543
6.025,0.0332060565414125,-0.0326606339723119,0.01573675534806
6.03,0.0300336373975706,-0.029979707716755,0.0137865311542004
6.035,0.0211312642114753,-0.0215905043181615,0.00922074197496722
6.04,0.00814439016886247,-0.00906394214734833,0.00289010074259061
6.045,-0.00647419546988475,0.00523235719205531,-0.0040336777176586
6.05,-0.0199452685685996,0.0185917715234362,-0.0102496063854574
6.055,-0.0297130885619897,0.0284707879734621,-0.0145829674974918
6.06,-0.0338890208651231,0.0329787651299325,-0.0162059002974398
6.065,-0.0316615752946345,0.0312546458000425,-0.0148069602285684
6.07,-0.0234358486080416,0.0236138898512978,-0.0106413423876683
6.075,-0.0107673148042402,0.0115105067585718,-0.00447910602898891
6.08,0.00394390022562741,-0.00276630112790571,0.00253335435902334
6.085,0.0179198439433907,-0.0165015170074008,0.00907646769866962
6.09,0.0284980385281273,-0.0270923967908511,0.0139348265513285
6.095,0.033687092189308,-0.0325488525615196,0.0162067390512608
6.1,0.0325248102351845,-0.0318558280715652,0.0154667446319417
6.105,0.025242474407782,-0.025153629888362,0.0118632797886307
6.11,0.0132476591203987,-0.0137517921991609,0.00607763741430542
6.115,-0.00117177661866406,0.000176042217421439,-0.000815550869191589
6.12,-0.0152922465115391,0.014001685010367,-0.00752944456851715
6.125,-0.0264604604183225,0.0251004131388898,-0.0128148284505116
6.13,-0.0326003695775416,0.0314070653339341,-0.0157130457628308
6.135,-0.0326066560705702,0.0317809330056503,-0.0157014315646859
6.14,-0.0265276399795946,0.0261910796249152,-0.0128027294090445
6.145,-0.0155596949610229,0.0157393991331381,-0.00757459330809749
6.15,-0.00180256341848871,0.00244417534801818,-0.00100562303661327
6.155,0.0121473871294306,-0.0111956385550687,0.0056893019251037
6.16,0.0236979546082713,-0.0226034324104704,0.0112806362201323
6.165,0.0307240187783535,-0.029675431409883,0.0147550488382522
6.17,0.0319722312687346,-0.0311475741409585,0.0155038755082674
6.175,0.0272946840203337,-0.0268066994294021,0.013421023157831
6.18,0.0176353801480798,-0.0175187135227987,0.0089278692301138
6.185,0.00485208765502653,-0.005088989060564,0.00286080582608966
6.19,-0.00864788629909797,0.00813672328114031,-0.00364673966607332
6.195,-0.0203709096336013,0.0196985438006644,-0.00941547780709011
6.2,-0.0281839922041595,0.0274701860902505,-0.0134046212091086
6.205,-0.0307171955526221,0.0300530427453514,-0.0149235210326669
6.21,-0.0275898801998822,0.0270520175814262,-0.0137257857830776
6.215,-0.0194693460393944,0.0190943833045703,-0.0100631893103815
6.22,-0.00791576598312579,0.0077057854858163,-0.0046402359255037
6.225,0.00490365006919231,-0.00496023644958031,0.00154698889947735
6.23,0.0166340846233894,-0.0165381946648004,0.00737874488867405
6.235,0.0251743926187923,-0.0249361459510548,0.0117976919769865
6.24,0.0290098410718567,-0.0286421450789324,0.0140408475745169
6.245,0.0275198090912971,-0.0270370572057573,0.0137379026675432
6.25,0.021068329036049,-0.0204981565974696,0.01097420819132
6.255,0.0109001756809872,-0.0102938667627562,0.00627287409424516
6.26,-0.00110493239279122,0.00168510356023487,0.000515097627415122
6.265,-0.0127334491537082,0.0131990808891021,-0.00526526078004909
6.27,-0.0219100345538348,0.0221598208702517,-0.010043855870724
6.275,-0.0270027831120622,0.0269782584805149,-0.0129610097436536
6.28,-0.027164904334664,0.0268183028477566,-0.0135255844859448
6.285,-0.0224290129502907,0.0217577305495525,-0.0116637197306661
6.29,-0.0137145811592704,0.0127959474303918,-0.00772600189470666
6.295,-0.00263560811871652,0.00159048784681588,-0.00243374306522654
6.3,0.00879238181969393,-0.00979705392071879,0.0032468373323075
6.305,0.0185234390552462,-0.0192866640575457,0.00828791131504386
6.31,0.0248200798382109,-0.02517420186654,0.0118138882094051
6.315,0.0265996091841478,-0.0264348548551718,0.0131811254786626
6.32,0.0235842657166669,-0.0228804815681492,0.0121577659796574
6.325,0.0163428998508375,-0.0151942749131507,0.00895976778126061
6.33,0.0062181197523686,-0.00481159719920227,0.00416543828060301
6.335,-0.00495649295159136,0.00637072136104355,-0.00136162880045935
6.34,-0.0151762344361779,0.0163110467757674,-0.00661398905477906
6.345,-0.0226053537360457,0.023223492215342,-0.0106405318330858
6.35,-0.0259094865411741,0.0258802401289839,-0.0127355641318473
6.355,-0.024529071170562,0.0238172957707543,-0.0125090509095857
6.36,-0.0187235256387573,0.0174397063963906,-0.0100070149287863
6.365,-0.00955016994883475,0.00792474718628109,-0.00569145930241036
6.37,0.00132065136647339,-0.00298627538542549,-0.00034205812305297
6.375,0.0119230108853606,-0.0133138395947614,0.00506517448375471
6.38,0.0203457886076247,-0.021175092996796,0.00954898251767394
6.385,0.0250652629162842,-0.0251633845771653,0.0122800527554424
6.39,0.0252350094107019,-0.0245640314713743,0.0127570448938099
6.395,0.0208184212839176,-0.0194954412416887,0.0108982364276043
6.4,0.0126204697785115,-0.0108930543741214,0.0070250035100927
6.405,0.00212131363742201,-0.000327844846737696,0.00185613712979507
6.41,-0.00877156062810311,0.010267607978713,-0.00366023641107291
6.415,-0.0180777910972376,0.0189791310860071,-0.00850368262606918
6.42,-0.0240909825031431,0.0242129851981417,-0.0117925884194604
6.425,-0.0257139680228362,0.0250262668260448,-0.0129022922571349
6.43,-0.0226278991562708,0.0212806996266023,-0.0116185707689494
6.435,-0.015398442690326,0.0136643707941195,-0.00818706938736338
6.44,-0.00533185472163499,0.00354947436114332,-0.00322863708163024
6.445,0.0057292944113552,-0.00719667755421864,0.00234807217712268
6.45,0.015759566129895,-0.0166208503635559,0.00750009921506842
6.455,0.0229131134522565,-0.0230190297375139,0.0112706875649767
6.46,0.025872884887972,-0.0252140942347436,0.0129565430876514
6.465,0.0240819567031687,-0.022793491765191,0.0122395285071765
6.47,0.0178612212541694,-0.0162215455791614,0.00922295836024107
6.475,0.00834779641400374,-0.00668386872074259,0.00449356426187889
6.48,-0.00272356311571113,0.00408311217983247,-0.00108663694499131
6.485,-0.0133165845094146,0.014094467792028,-0.00648273725134092
6.49,-0.0214791247904336,0.0215249030848361,-0.0106813950198402
6.495,-0.0257009778353878,0.0250264436920626,-0.012885435241527
6.5,-0.0251997486900088,0.0239612760935885,-0.0126965048779357
6.505,-0.020051351045833,0.0185023260146897,-0.0101435305537018
6.51,-0.0112014505013014,0.00966391428552008,-0.00568825399640128
6.515,-0.000271564504517929,-0.00093213772169708,-0.00016961594964176
6.52,0.01072609871547,-0.0113697383863258,0.00538565878527095
6.525,0.0197604964558793,-0.0197400026252749,0.00995253651766366
6.53,0.0251584347732445,-0.0244919920274332,0.0126726457328078
6.535,0.0259278440237964,-0.0247771633332462,0.0130319269446608
6.54,0.0219211020318195,-0.0205486778632796,0.0109682036971903
6.545,0.0138694583114287,-0.0125399563533102,0.00686880771626856
6.55,0.00326833959308363,-0.00223780891187748,0.00148372599170399
6.555,-0.00794236630282724,0.0084628378704413,-0.00418427911152071
6.56,-0.0177043037103149,0.017633651132661,-0.00906721537300958
6.565,-0.0242100247447522,0.023595808557069,-0.0122738850611807
6.57,-0.0262633226829931,0.0252325384125802,-0.0131989097523041
6.575,-0.0234997454470494,0.0222639996234183,-0.0116812873158691
6.58,-0.0164130110537482,0.0152317456869726,-0.00799536966817686
6.585,-0.00630090020019494,0.00539878599821799,-0.00283787517333491
6.59,0.00497113073384152,-0.00543238032301008,0.00283967774106457
6.595,0.015334480054864,-0.0152682812500363,0.00799226240275603
6.6,0.0228852278310126,-0.02233161559909,0.0116635029900351
6.605,0.0262360533834386,-0.0253343405549285,0.0131793956269048
6.61,0.0247655832548264,-0.0237043143936627,0.0122661863137697
6.615,0.0187526082906194,-0.017737894490542,0.00910406622773229
6.62,0.00929695644227072,-0.0085284532359884,0.00426423229047722
6.625,-0.00186697302557068,0.00225694153753183,-0.00135748304242518
6.63,-0.0126906744877347,0.0126600322812357,-0.00671368572958102
6.635,-0.0211921685122136,0.0207565248426466,-0.0108442603981409
6.64,-0.0258148955208182,0.0250724399229391,-0.0129753254999116
6.645,-0.0257089486928185,0.0248175332343143,-0.0127169499699691
6.65,-0.0208927901762457,0.0200151118829546,-0.0101301854695004
6.655,-0.0122453488298489,0.0115244893696872,-0.00569463889284852
6.66,-0.00134742834239999,0.000912481711392765,-0.000214699965846269
6.665,0.00981383599729941,-0.00988286220803677,0.00529986562316493
6.67,0.0191911447589051,-0.0189040908286402,0.00983182146477868
6.675,0.0250565827745115,-0.0244829345468557,0.0125643271200847
6.68,0.026336967148768,-0.025587067404651,0.0130005546629634
6.685,0.022790403592417,-0.0220026593614002,0.0110585573831788
6.69,0.0150509670376409,-0.0143745751674413,0.00710368785923581
6.695,0.00453837539560602,-0.00408789574627269,0.00184926292198019
6.7,-0.00682486658414851,0.00698106390379942,-0.00373993991154809
6.705,-0.0169520219374538,0.0167972564874001,-0.00864968708714024
6.71,-0.0239832458485811,0.0235514520871388,-0.0119739648615088
6.715,-0.0266213727096631,0.0259989894314931,-0.0131141703472304
6.72,-0.0243697608948205,0.0236704548222856,-0.011854928321558
6.725,-0.0176350440026661,0.0169618661626603,-0.00842808601764228
6.73,-0.00765323614103432,0.00711938080210059,-0.00346007599323533
6.735,0.00376106566954585,-0.00405714033168864,0.00214886677612213
6.74,0.014511658852638,-0.0145246951835096,0.00736354669454305
6.745,0.0226129947222524,-0.0223343202279873,0.0112323596859729
6.75,0.0265605518906972,-0.0260336340800649,0.0130513622007125
6.755,0.0256279569250667,-0.0249482807908375,0.0124776065233005
6.76,0.0199601496416804,-0.0192444022905603,0.00962103042709687
6.765,0.0105953366916328,-0.0099657195362206,0.00499890116832671
6.77,-0.000749917138596,0.00116444679192421,-0.000541416523429787
6.775,-0.0119833215440166,0.0120909220501715,-0.00599480231148222
6.78,-0.0210175486702183,0.0208071155816981,-0.010345750200511
6.785,-0.0261797388299333,0.0256872775042438,-0.0128034478461459
6.79,-0.0265084616425332,0.0257978600976759,-0.0129125155799259
6.795,-0.0219213738817546,0.021131210517417,-0.010646937093821
6.8,-0.0132716193154238,0.0125491951975952,-0.00641451738588007
6.805,-0.00215498230705686,0.00161795590497552,-0.000995372675747097
6.81,0.00938681373212411,-0.00962722752294506,0.00461280119749096
6.815,0.0191963812805969,-0.0190655759520296,0.00937963024423877
6.82,0.0254522091527554,-0.024976559301046,0.0124164023539094
6.825,0.0269906067245868,-0.0262575656525483,0.0131528661289124
6.83,0.0235152779442062,-0.0226254513263263,0.011468734539214
6.835,0.0156660879942877,-0.0147873723596295,0.00765781254591004
6.84,0.00489375616373712,-0.0042218240685294,0.00242195540904624
6.845,-0.00679728825820633,0.0071303780128893,-0.00325923096100537
6.85,-0.0172325518262906,0.0171479510230394,-0.00833077453323303
6.855,-0.0244537574267942,0.0239366778575522,-0.0118629612725379
6.86,-0.0271172138694802,0.0262583448182861,-0.0131899197618869
6.865,-0.0247268490957382,0.0236876321071574,-0.0120648130539787
6.87,-0.0177207503715317,0.0166873740430372,-0.00870114701080256
6.875,-0.00740692161182572,0.00658498091595631,-0.0037173674185464
6.88,0.00428215525817403,-0.00471305259166897,0.00195765942596045
6.885,0.0151576793717507,-0.0151064927529321,0.00726328381234769
6.89,0.0231966096337875,-0.0226651759786641,0.0112118142434611
6.895,0.0268864883721455,-0.0259496599901155,0.0130587856228211
6.9,0.0255460822193825,-0.0243704316701312,0.0124751553058733
6.905,0.0194265329764774,-0.0182447760388394,0.00955583338430265
6.91,0.00969105033380202,-0.00872122760621406,0.00484650412330456
6.915,-0.00185415815750767,0.00241196346793137,-0.00075136442835252
6.92,-0.0130321151303376,0.0130406456862163,-0.00619695115321896
6.925,-0.0217520118377096,0.0211812659640031,-0.0104787411273371
6.93,-0.0263826367314083,0.0253403085070619,-0.0127838770463427
6.935,-0.0260604049497602,0.0247243532365105,-0.0126777344458015
6.94,-0.0208518995209348,0.0194605560469895,-0.0102098283979228
6.945,-0.0117412476830941,0.0105801204322859,-0.00582563182653278
6.95,-0.00044620902200104,-0.00024370681885577,-0.000350104083845495
6.955,0.0109178246254521,-0.010999488626944,0.00516804719857806
6.96,0.0201995109933615,-0.0196387678059543,0.00969517115485411
6.965,0.0256684030558979,-0.0245492704659722,0.0124057380881081
6.97,0.0263081007810585,-0.0248416632790395,0.0127656195768634
6.975,0.0219959574096946,-0.0204641839540915,0.0107171689326469
6.98,0.013562186453356,-0.0122475695718912,0.00666679931321659
6.985,0.00260278797222326,-0.00176357562066409,0.00136936726883301
6.99,-0.00882988926519782,0.0090037047777858,-0.0041796823358918
6.995,-0.0185818292748264,0.0180481209008253,-0.00891784350741551
7,-0.0248109091998502,0.0236679740940079,-0.0119584207914716
7.005,-0.0263704980129932,0.0248084529442083,-0.0127421242320672
7.01,-0.0229594433148632,0.0212707867320332,-0.0111183988027345
7.015,-0.0152364491293924,0.0137510976871058,-0.00739239026773409
7.02,-0.00465660364073872,0.00365563416954924,-0.00228377841987665
7.025,0.00679138799938791,-0.00710505169853324,0.00324068349572087
7.03,0.0169420044789034,-0.0164897178592385,0.00814495814886113
7.035,0.0238847238026747,-0.0227491417136862,0.0115047649428201
7.04,0.0263196651832727,-0.0247231779245337,0.0126755311734753
7.045,0.0237957162679074,-0.0220276543775475,0.0114527612789641
7.05,0.0167823447789165,-0.0151833883412234,0.00807281681602089
7.055,0.00661543544889635,-0.00550548385064367,0.00316210417332763
7.06,-0.00479462580386678,0.00520079935392448,-0.00234302415715073
7.065,-0.0152966304917786,0.0149207578233537,-0.00739144165432718
7.07,-0.0229098148694766,0.0218182066098378,-0.0110443941043471
7.075,-0.0262017093571965,0.0245964785831196,-0.0126089171874876
7.08,-0.0245553788563804,0.0227523369895861,-0.0117829590535528
7.085,-0.0182830840121977,0.0166215989806826,-0.00872589548447869
7.09,-0.00856153164795487,0.00735701949109199,-0.00401863183925306
7.095,0.00277864619331291,-0.00328409442505714,0.00145125030621594
7.1,0.0136007369449964,-0.0133032641354794,0.00665964992513003
7.105,0.0218648232494058,-0.0208393878361816,0.0106085203376976
7.11,0.0260256488272775,-0.0244647273841761,0.0125565111783186
7.115,0.0252798416742879,-0.0234874924233141,0.0121428659057386
7.12,0.0197781470496418,-0.0181125769679298,0.0094329793790825
7.125,0.010555171375994,-0.00933845504517172,0.00492302103496406
7.13,-0.00067717266485516,0.00120633580744366,-0.000521629343286477
7.135,-0.011798413097708,0.0115364461380875,-0.00587707810037776
7.14,-0.0207155522908622,0.0197114093631239,-0.0101581482863784
7.145,-0.0257551384589972,0.0242243337476188,-0.0125297096994048
7.15,-0.0259741151652047,0.0242175044653355,-0.0125425850349269
7.155,-0.0213144064438564,0.0196713049664931,-0.0102020515417313
7.16,-0.0126547209711748,0.0114497089203184,-0.00592216481679704
7.165,-0.00160250570935005,0.00108328893798334,-0.000504321979841631
7.17,0.00977301079524089,-0.00951432046262408,0.00503150500517731
7.175,0.019340951142095,-0.0183708722473918,0.00964674786121091
7.18,0.0253150978925006,-0.0238206686099506,0.0124845371094854
7.185,0.0265743128846166,-0.0248629039092419,0.0129941764483463
7.19,0.0228785619714977,-0.0213014357431642,0.0110631032672987
7.195,0.0149064784957852,-0.013771958870017,0.00705201355894203
7.2,0.00414084720457369,-0.00366977523936749,0.00169774347707098
7.205,-0.00742574034196876,0.00712606108975715,-0.00401112376932335
7.21,-0.0176359008722241,0.0166383741264254,-0.00900914755834597
7.215,-0.0246024548211016,0.0231154085989345,-0.0123542538869077
7.22,-0.0270189828166031,0.0253334975665836,-0.0134184743417927
7.225,-0.0244352772797648,0.0228970750055918,-0.0119953703498772
7.23,-0.017328887236091,0.0162455610064024,-0.00831973634304786
7.235,-0.00699591534076632,0.00657781706380073,-0.00307366370093062
7.24,0.00465726035915742,-0.00432506902586186,0.00277667047070687
7.245,0.0154854251849467,-0.0144588025888484,0.00816079109796928
7.25,0.0234889959859543,-0.0219893579046154,0.0120751145711758
7.255,0.0271940442156839,-0.0255254933661664,0.0137780038233268
7.26,0.0259150093850963,-0.0243995641639425,0.0129492387859465
7.265,0.0198713417538662,-0.018820589372922,0.00972420494726817
7.27,0.0101642240675405,-0.0097962430214095,0.00467553345092835
7.275,-0.00143518055382607,0.00105100783808289,-0.00127592458584254
7.28,-0.0128130689449192,0.01174712213699,-0.00703709514499915
7.285,-0.0218878077540109,0.020343133454885,-0.0115486891521073
7.29,-0.026998975448654,0.0252833533006128,-0.0139808331005166
7.295,-0.0272106848936586,0.0256575753385914,-0.0138621688779275
7.3,-0.0224602247895921,0.0213759847707808,-0.0111913118778319
7.305,-0.0136092143205026,0.0132020357626124,-0.00645600962692818
7.31,-0.00224501638432867,0.00260314612791078,-0.000492719121373789
7.315,0.0095803335711511,-0.0085234530933119,0.00561057112037508
7.32,0.0197244026493541,-0.018163636093604,0.0107427044208371
7.325,0.0263396442571487,-0.0245641460381682,0.013950428357083
7.33,0.0282071241639545,-0.0265720712597893,0.0146441416316824
7.335,0.0249844141713575,-0.0237828372144695,0.0126716157900968
7.34,0.0172167486444217,-0.016676122909789,0.00836856394384497
7.345,0.00628022613128677,-0.00652586470480802,0.00250717193645913
7.35,-0.00585856977472524,0.004860648561798,-0.00385903535756978
7.355,-0.0170117681927358,0.0154515414956432,-0.00958332678610937
7.36,-0.0251643950825257,0.0233142767955177,-0.0136113663047163
7.365,-0.0288220455314748,0.0270079236550073,-0.0152041345809454
7.37,-0.0272922547489184,0.0258578858281434,-0.0140421887508036
7.375,-0.0208134038057618,0.020021619554881,-0.010322391434569
7.38,-0.0105216408642303,0.0105141348179822,-0.0046934930082197
7.385,0.00175629960578388,-0.000958178875828339,0.00183818290569128
7.39,0.0138131276778484,-0.0123343136681001,0.00809803680186042
7.395,0.0234651259848751,-0.0215750190031593,0.0129379031852846
7.4,0.0289483780816105,-0.0269688633544161,0.0154703947718173
7.405,0.0292205099655327,-0.027499278126013,0.0152230775203042
7.41,0.0242030102003173,-0.0230467199071427,0.0121963091419927
7.415,0.014747752070248,-0.0143735321955854,0.00693156722901047
7.42,0.002513720318669,-0.00301023629608531,0.000369892687911356
7.425,-0.0102747859187755,0.00897764211851291,-0.0063238045617391
7.43,-0.0213075490832068,0.0194128744295788,-0.0119187857806991
7.435,-0.0285589469479868,0.0263919624228236,-0.0153848780155912
7.44,-0.0306657240959047,0.028592274992306,-0.0160777824692519
7.445,-0.0271845387399937,0.0255576917166459,-0.0138555483221108
7.45,-0.0187014610181743,0.0178324562741947,-0.00907793292245129
7.455,-0.0067208705097411,0.00678607990663886,-0.00261485846345663
7.46,0.00659369251177707,-0.00559850922770902,0.00436523116386802
7.465,0.0188110194757468,-0.0170212412479339,0.0106005711951346
7.47,0.0276600472075796,-0.025365571497453,0.0149400551426292
7.475,0.0314941867516003,-0.0290902855367038,0.0165661086438207
7.48,0.0295519152454851,-0.027460194481103,0.015168108397544
7.485,0.0221344346881897,-0.0207258494586726,0.0109883626723708
7.49,0.0105859366320302,-0.0101298495460855,0.00477085685835024
7.495,-0.00300393416734481,0.00238020603906677,-0.0023558678475611
7.5,-0.0161219242942297,0.0145107637897049,-0.00906858820113619
7.505,-0.026320729528303,0.0239770100858239,-0.014140881998027
7.51,-0.0316812920341236,0.028992977703814,-0.0166292599855239
7.515,-0.031176519716309,0.0286135778163237,-0.016049825168458
7.52,-0.0248634963419782,0.02288903719664,-0.0125113564705559
7.525,-0.0138778675425528,0.0128629216510328,-0.00666021332384448
7.53,-0.000271070866157799,0.000417568612911367,0.000428773036269318
7.535,0.0134240296608822,-0.01210262316042,0.0074431745217991
7.54,0.024633031570979,-0.0223518433107015,0.0130727875188484
7.545,0.0312385356875306,-0.0283936386068666,0.0162721249009141
7.55,0.0319805210191197,-0.0290668155936748,0.0164470281934306
7.555,0.0267142474156605,-0.024252799462282,0.0135687198679515
7.56,0.0164128870037343,-0.0148766958443675,0.00817183181752568
7.565,0.00303251814584143,-0.00270805084634214,0.00127533274625481
7.57,-0.0108983871390617,0.00993624283721188,-0.00581994640247064
7.575,-0.0227378490487962,0.0206315810863512,-0.0118049281192359
7.58,-0.0302354723828238,0.0273571140419996,-0.0155436166422765
7.585,-0.0319809882519501,0.028855813017173,-0.0163408884164743
7.59,-0.0276497051225971,0.0248359729949338,-0.0140864282414608
7.595,-0.01809965663982,0.0160982119688463,-0.00920942971034326
7.6,-0.00516009254290617,0.00435931152659729,-0.00264505822646084
7.605,0.00867356636454115,-0.00812679102170269,0.00435016953848992
7.61,0.0207572859135289,-0.0189700291129117,0.0104455670073526
7.615,0.028786000126587,-0.026077599925596,0.0145148546380465
7.62,0.0312518715617486,-0.0281175456691527,0.0158003355303714
7.625,0.027721332142442,-0.0247449430796625,0.0140785176559893
7.63,0.0189258149684614,-0.0166439163746859,0.00973742555481374
7.635,0.00659714531636576,-0.0054128682240391,0.0036215730582639
7.64,-0.0068588596078694,0.00673079232862977,-0.00309095824569334
7.645,-0.0188360426584097,0.0174332023974941,-0.00910697020734921
7.65,-0.0270502444867453,0.024657270040016,-0.0132875681438458
7.655,-0.029951002028597,0.0270301874679465,-0.0148715683361354
7.66,-0.0270528971102075,0.0241246191371657,-0.0136093773662538
7.665,-0.0189894471874031,0.016591037619241,-0.00977368112298099
7.67,-0.00738636344650232,0.0059416387745623,-0.00416187589330559
7.675,0.00546641346769436,-0.00573059095564556,0.0021262616275781
7.68,0.0170583728225613,-0.0161316652937952,0.00787766145395729
7.685,0.0251635748916728,-0.0232503928277745,0.0119927639559345
7.69,0.028270116161438,-0.0257577997203545,0.0137186983669434
7.695,0.0258471872642295,-0.0232186030171929,0.0127788939461448
7.7,0.0184656992002035,-0.0161816599577803,0.009416693823341
7.705,0.0076380847244914,-0.0060933080841918,0.00433040954671451
7.71,-0.00446997644511923,0.00503058139324676,-0.0014580163407374
7.715,-0.015491529261923,0.0150210390539219,-0.00681555064035189
7.72,-0.0232954341365471,0.0219350457034854,-0.0107222241508834
7.725,-0.0264146633423328,0.0244698240613885,-0.012453566582341
7.73,-0.0243470931893203,0.0221832129931362,-0.0117374214432051
7.735,-0.0175919618487737,0.0156000140124691,-0.00877647479784848
7.74,-0.00754287525039864,0.00605425624037328,-0.00419883369584183
7.745,0.00377480791606329,-0.00453992521114312,0.00106193693950063
7.75,0.0141275772752924,-0.0141023679161904,0.0059691252376597
7.755,0.0215266408183554,-0.0207779475365555,0.0095817215068743
7.76,0.0245821627732157,-0.0233101774763192,0.0112333011777975
7.765,0.0227960839443828,-0.0212572630815201,0.0106458102927033
7.77,0.0166081938292009,-0.0150714326584328,0.00801589053347961
7.775,0.00730223232669604,-0.00602688348692766,0.00390339653390932
7.78,-0.00323700166635897,0.00406895886699635,-0.000863932740088455
7.785,-0.0129423672490117,0.0132607563533528,-0.00532156119064866
7.79,-0.0199449028869824,0.0197619732484636,-0.00861516976871912
7.795,-0.022934651529364,0.0223282135469405,-0.0101451675075601
7.8,-0.0214026879915649,0.0205357707719151,-0.00964867060767771
7.805,-0.0157548742726096,0.0147760837422897,-0.00727792127871661
7.81,-0.00714316666704969,0.0061896574303401,-0.00355557332763321
7.815,0.00270126681803225,-0.0035013011399924,0.00077010282813869
7.82,0.0118474319554692,-0.0124106516030461,0.00484700529172844
7.825,0.018546100001018,-0.018853114143037,0.00787522174376311
7.83,0.0215468903118978,-0.0216004149717409,0.00929092252674882
7.835,0.0203329291284531,-0.0201479239371035,0.00886534736616068
7.84,0.0152197068593368,-0.0148262145159929,0.0067234601304657
7.845,0.00724658717449967,-0.00670573401472968,0.00330242940733439
7.85,-0.00201075147697785,0.00264662749265089,-0.000688791444780309
7.855,-0.0107564017501704,0.0114353368856128,-0.00447296393623804
7.86,-0.0173205247816673,0.0179622985365163,-0.00732389780196589
7.865,-0.0204776749807801,0.0210285517635728,-0.00870657943858967
7.87,-0.019690018165486,0.0200712619590809,-0.00837201735984174
7.875,-0.0151414240361183,0.0152867972410554,-0.00641872004252035
7.88,-0.00774754264231064,0.00761684251381481,-0.00325967737283838
7.885,0.00104318804289089,-0.00145120591972777,0.00051130470195375
7.89,0.00955739944650489,-0.0102199307854567,0.00414223679711692
7.895,0.0161899915236453,-0.0170340378646502,0.00693605497305364
7.9,0.019703447221718,-0.0205977261378127,0.00838785910556166
7.905,0.0194581354467267,-0.0202835047347488,0.00821559654063061
7.91,0.0155452748880673,-0.0161562353089841,0.00646620730109618
7.915,0.00872855728844611,-0.00899376021374134,0.00348664199987521
7.92,0.000291528722643929,-0.000151355965015503,-0.000148772179924613
7.925,-0.00816898124682065,0.00869923702053418,-0.00375702313252912
7.93,-0.01507123914352,0.0159297045156063,-0.00666159725091584
7.935,-0.0191431077246685,0.0201891556329025,-0.00828712160008334
7.94,-0.0196222371672704,0.0206877632235193,-0.00835883689874445
7.945,-0.0164438607553032,0.0173274384775699,-0.00684483840185375
7.95,-0.0101996057801366,0.0107460721621881,-0.00402322703043839
7.955,-0.00203582127541968,0.00215476175491694,-0.000427411138075492
7.96,0.00652034380357881,-0.00685921968124079,0.00327958311638451
7.965,0.0138873291248628,-0.0146344852688583,0.0064005760766835
7.97,0.0187048456789653,-0.0197203642887477,0.00835677203946967
7.975,0.020071798714109,-0.0211862458402749,0.00875601888349945
7.98,0.0177236212719864,-0.0187480228342732,0.00752291858782056
7.985,0.0120745256629527,-0.0128320853585174,0.00486235109075044
7.99,0.00415499691922611,-0.00451214718256364,0.00125390733480116
7.995,-0.00459506175044075,0.00467628540029062,-0.0026379833405753
8,-0.0125662331226604,0.0130646619264856,-0.00611251472142921
8.005,-0.0182803832491354,0.0191046098983534,-0.00848698736932405
8.01,-0.0206686270879163,0.021665622915504,-0.00931755045541707
8.015,-0.0192594166156753,0.0202476138988737,-0.00842848939073737
8.02,-0.0142799136348087,0.0150959716243682,-0.00593492027525952
8.025,-0.00660268705819918,0.00711144961718564,-0.00229228960275972
8.03,0.00238852539271153,-0.00224613799886517,0.00185264664456651
8.035,0.0110446090321581,-0.0112711406343321,0.0057313895549187
8.04,0.017768713406812,-0.0182975834034936,0.00861922954848263
8.045,0.0212941000639145,-0.0220260466841812,0.00995090064644043
8.05,0.0209189674506598,-0.0217243560373254,0.00944321414878299
8.055,0.0166713055570789,-0.0174107997852541,0.0071746571135515
8.06,0.00925900898348692,-0.00984791887935378,0.00350702268781204
8.065,2.73144778103352e-05,-0.000390349328185048,-0.000888340479509846
8.07,-0.00934079405195255,0.00923875446936817,-0.00521048865761784
8.075,-0.0171188184836997,0.0172568114458817,-0.00864737193421676
8.08,-0.021826214503109,0.0221723468277927,-0.010534766070406
8.085,-0.0225357311866179,0.0230368193757712,-0.0104953556757334
8.09,-0.0190738828071626,0.0196417718263472,-0.00847579979930876
8.095,-0.012001217684747,0.0125650112016498,-0.0048363202168852
8.1,-0.00258815165002288,0.00308374969270382,-0.000212072912221306
8.105,0.00744148196252124,-0.00707579622599884,0.00455317909261579
8.11,0.0162368463889299,-0.0160256296322836,0.00855151789820811
8.115,0.0221335670296638,-0.022092326819952,0.0110210378596525
8.12,0.0239742152327296,-0.0241168723465171,0.0114648906408549
8.125,0.0213600124875841,-0.0216615485067807,0.00976600577095703
8.13,0.0147156868646843,-0.0151410377961726,0.00619627200774458
8.135,0.00521063001044255,-0.00574227968301955,0.00139876476950917
8.14,-0.00540651237638998,0.00482995321867252,-0.0037398551718238
8.145,-0.0151516102829337,0.014600895464252,-0.00826144817232829
8.15,-0.0221843685086645,0.021722473728214,-0.0113020057818391
8.155,-0.0251373612925549,0.0248529071219421,-0.0122583913764918
8.16,-0.0233998314404752,0.0233612779521302,-0.0109190163176141
8.165,-0.017237733832934,0.0174592371452074,-0.00751329149696843
8.17,-0.0077558618080602,0.00823843629217326,-0.00264080013255533
8.175,0.00329550706503599,-0.00259313304069564,0.00280361921460548
8.18,0.0138437373705446,-0.0130411387642033,0.00777950487721621
8.185,0.0218952903957157,-0.0211096489058426,0.0113531110972437
8.19,0.0258945046447822,-0.0252563768433982,0.0128326026105329
8.195,0.0250484283201394,-0.0246754413123073,0.0119062402019709
8.2,0.0194655083081644,-0.0194500712814346,0.00871738623474875
8.205,0.0101536836669543,-0.0105102861688912,0.00386663564250032
8.21,-0.00115352972069514,0.000452782246592948,-0.0017576974668773
8.215,-0.0123335760013267,0.0113775164113935,-0.00710904765424038
8.22,-0.0212604985867655,0.0202028693251184,-0.0111455763425145
8.225,-0.0262307686049883,0.0252557831349306,-0.013105243790201
8.23,-0.0262610625196017,0.0255405084147889,-0.0126199004268624
8.235,-0.0213183394456077,0.0209933498366611,-0.0097491916004211
8.24,-0.0123101308905817,0.0124729190518741,-0.00502149774477037
8.245,-0.000932139011942157,0.00157012310320047,0.000661457301593097
8.25,0.0106734001018221,-0.00965874771919092,0.00624009966303659
8.255,0.0202864823827417,-0.0190542085552336,0.0106743992106371
8.26,0.026075121909463,-0.0248590880734902,0.0130953989512759
8.265,0.0269357150988281,-0.025961796111825,0.0130561757680372
8.27,0.022689037723167,-0.0221307027524971,0.0105706224442208
8.275,0.0141344260252962,-0.0141083902687539,0.00609328015602223
8.28,0.0029017678452618,-0.00343860074061957,0.000462693953543058
8.285,-0.0088689956863899,0.00787106014402326,-0.00524204500832457
8.29,-0.0189502006456675,0.017659537013047,-0.00994540363618404
8.295,-0.0254270254665193,0.0240624798864334,-0.0127776404507556
8.3,-0.0270629714705806,0.025877288637042,-0.0131938024470675
8.305,-0.0235655623498194,0.0227859850297767,-0.0111300590635774
8.31,-0.0156208365844937,0.0153900401670626,-0.00699162486918906
8.315,-0.00474702279087883,0.00511459392708204,-0.0015615352613675
8.32,0.00697325084993853,-0.00606286380564292,0.00412792561219526
8.325,0.0173069044171875,-0.0160095198163912,0.0090085581962443
8.33,0.0243056941853875,-0.0228653979126303,0.0121603707325887
8.335,0.0266383358091704,-0.025348486866697,0.013018177634134
8.34,0.0239186245843803,-0.0230064431102722,0.0114321663863857
8.345,0.0167045816127483,-0.0163452488543104,0.00772534405399895
8.35,0.00638850762675141,-0.00666343048527165,0.00261417814292152
8.355,-0.00503532032082455,0.00418271141188055,-0.00294370450237359
8.36,-0.0153858157216916,0.0141272591946673,-0.00787652709616815
8.365,-0.0227185141601867,0.021290658560202,-0.011292144708397
8.37,-0.0256818386414567,0.0243623272913254,-0.0125590338007529
8.375,-0.0237689924614313,0.0228071273346557,-0.0114623024494268
8.38,-0.0174037586432973,0.0169720550090031,-0.00824878959724594
8.385,-0.00784458104805589,0.00802605463039011,-0.00354688488808576
8.39,0.00305393618709791,-0.00229920448375026,0.00175083356271341
8.395,0.0132217951469019,-0.0120433518764918,0.00664225779928091
8.4,0.0207498685181699,-0.0193853552551746,0.0102136756279971
8.405,0.0242643491365388,-0.0229760976225323,0.0118326492913773
8.41,0.0231651341080716,-0.0222115021012213,0.0112382938115877
8.415,0.0177375987524598,-0.0173126280161868,0.00855912244780709
8.42,0.00908324974547983,-0.00925545034604653,0.00435436031891979
8.425,-0.00111681633621246,0.000379486089349568,-0.00058058637730041
8.43,-0.0109229151439618,0.00977157602576003,-0.00532023703384011
8.435,-0.0184966283230522,0.0171625530224934,-0.00898220276832523
8.44,-0.022463588787132,0.0212338690351792,-0.0109101668263992
8.445,-0.0221577195256851,0.0212711602374909,-0.0107868619366794
8.45,-0.0177365564314407,0.0173554734094216,-0.00868252449600078
8.455,-0.0100971042274352,0.0102980450185058,-0.0050088850975183
8.46,-0.00074963670307417,0.00148865256965809,-0.000494984250466474
8.465,0.00853788032991467,-0.00742235545557073,0.00401234474566941
8.47,0.0160308834575964,-0.0147610126930164,0.00768655467711506
8.475,0.0203840324301491,-0.0192188929305401,0.00985877755421841
8.48,0.0208567504681958,-0.0200306152017937,0.0101738272329314
8.485,0.0174583438873151,-0.0171333823906938,0.00860763222994958
8.49,0.0108977233766117,-0.0111476579853991,0.0055063521005427
8.495,0.0024802046635383,-0.00325211307966501,0.00145549234062631
8.5,-0.00619614180642456,0.00505673014804012,-0.00276048829476812
8.505,-0.0135261869178702,0.012235560874845,-0.00637180727216178
8.51,-0.0181812119020966,0.0170024238003679,-0.00873039155582809
8.515,-0.0193625437112242,0.0185436470792639,-0.00942914247812791
8.52,-0.0169423313558442,0.0166392711884193,-0.00838690972705866
8.525,-0.0114709573902687,0.0117406831859893,-0.00583031790868439
8.53,-0.00402076610774561,0.00481306151158089,-0.0022654706803806
8.535,0.00399623213289305,-0.00283371594132609,0.00163098596706637
8.54,0.0110700421351126,-0.00976363411090815,0.00513523220473717
8.545,0.015942738253894,-0.0147462458771266,0.00761305990514364
8.55,0.0177626299622299,-0.0169100399324464,0.00863913996820195
8.555,0.0162721372978663,-0.015929352143964,0.00805385491661032
8.56,0.0118339951739293,-0.0120505030714645,0.00600972994681663
8.565,0.00532548270011113,-0.00607567777371392,0.00291097663313744
8.57,-0.00202175442970497,0.000863088638251164,-0.000649180128135321
8.575,-0.0088119046750748,0.00746841167571462,-0.00400512485425067
8.58,-0.0138306064362901,0.0125422998007221,-0.00654726110647519
8.585,-0.01618805904242,0.0151902584923163,-0.00782826904606907
8.59,-0.0155057777983588,0.0149868440556546,-0.00764982231855444
8.595,-0.0119928607529275,0.0120500497868431,-0.00606164170468732
8.6,-0.00633834256968266,0.00696087924801017,-0.00339916996478608
8.605,0.000358057049077918,0.000725751580440192,-0.000168195879012588
8.61,0.00684050471784802,-0.00548620795872855,0.00303106421989048
8.615,0.0119180039613509,-0.0105430161291187,0.00560035286488179
8.62,0.014689726585212,-0.0135359674956212,0.00708561231797953
8.625,0.0146792031294238,-0.0139435712514855,0.00723011046342067
8.63,0.0119512036621966,-0.0117696790142911,0.00604025436817836
8.635,0.00706342748319026,-0.00746158908738835,0.00374830311951208
8.64,0.000961533651916545,-0.0018710737331674,0.000807483256373551
8.645,-0.00520450575817735,0.00392791835741992,-0.00222080974616948
8.65,-0.0102851559024608,0.00885151048553863,-0.00478435362436338
8.655,-0.0133506776964497,0.012007489972688,-0.00640513431305656
8.66,-0.0138657319336411,0.0128354625041416,-0.006807360838379
8.665,-0.0117830449558006,0.011236582837565,-0.00593101454791094
8.67,-0.0075235207965116,0.00755552195055449,-0.0039694436738517
8.675,-0.00192759781398503,0.00254382087936969,-0.00130249454321297
8.68,0.00393455310559434,-0.00283491259557379,0.00157361767776501
8.685,0.00895555539491409,-0.00755203803289366,0.00409603834091492
8.69,0.0122064087616185,-0.0107370945455828,0.00581205731792427
8.695,0.0130844608859274,-0.0117984333135751,0.00642154615904668
8.7,0.0114873572216106,-0.0105895329326145,0.00581247239175782
8.705,0.0077367519176923,-0.00737930416681016,0.00411639035708117
8.71,0.00257915330281361,-0.00282466267537592,0.00167742245068262
8.715,-0.00298403486779931,0.00218364390756387,-0.0010379229490593
8.72,-0.00789155693967914,0.00665782490996811,-0.00353278210735785
8.725,-0.0112310454417798,0.00976763672380773,-0.00531008245064086
8.73,-0.0123786484054987,0.010922619571382,-0.00606647819979078
8.735,-0.0111518611342395,0.00992917105839769,-0.00567429486905242
8.74,-0.00781979916524238,0.00702529541672077,-0.00421015254079108
8.745,-0.00303990595206288,0.00280633396359251,-0.00196557370568704
8.75,0.00226002079691526,-0.00189680608603478,0.000613424527771311
8.755,0.00705481388266551,-0.00615465473596719,0.00304448654909046
8.76,0.0104373883858846,-0.00913960090645593,0.00487937679927829
8.765,0.0117709781312948,-0.0102988999243763,0.00576340759433681
8.77,0.0108346376685618,-0.00942480716853875,0.00555217428509949
8.775,0.00783724389439047,-0.00670707081127518,0.00430037501830322
8.78,0.00337716038303502,-0.00270407824698267,0.00224089706536751
8.785,-0.00168495281057807,0.00178452313933768,-0.00021688617067378
8.79,-0.00635517147666515,0.00588559406917942,-0.00261105275331986
8.795,-0.00975573730419757,0.0088089490036821,-0.00448924989607428
8.8,-0.0112576270731118,0.00997311630578609,-0.00550644836586872
8.805,-0.0105929107644448,0.00917354178944101,-0.00547491404936705
8.81,-0.00791907750772916,0.00658588959904295,-0.00440463580085789
8.815,-0.00375902575765611,0.00270541167249261,-0.00251567008729559
8.82,0.00107925187248104,-0.00170149399564637,-0.000164152341545621
8.825,0.00566515661941207,-0.00575866385305781,0.00220802441634849
8.83,0.00913620601393502,-0.00870287587796102,0.00414620828757475
8.835,0.0108594868293454,-0.00996094903506539,0.00529034248255734
8.84,0.0105053641896399,-0.00927825723810784,0.00544168808915489
8.845,0.00816901979585072,-0.00680375224228315,0.00456930325154837
8.85,0.00430699008833174,-0.00300864230061732,0.0028353537614492
8.855,-0.000349457229366013,0.00138956091185215,0.000580287995861753
8.86,-0.00491891896557881,0.00554805050362416,-0.00178121845595892
8.865,-0.00854795511293885,0.00866775770370089,-0.00381022930591533
8.87,-0.0105635284232179,0.0101626162640408,-0.00512280482990328
8.875,-0.0106008026973849,0.00973555359818439,-0.00547948449989796
8.88,-0.00866129699248443,0.00745205188643754,-0.00481221618123128
8.885,-0.00511161396752971,0.00372995026493919,-0.00323856377004438
8.89,-0.000614375466060513,-0.000730526226740933,-0.00105363787627265
8.895,0.00399783561915034,-0.00511520838996455,0.0013413808347267
8.9,0.00788620725712383,-0.00859948597943181,0.00349494788511085
8.905,0.0103310194930382,-0.0105184694835021,0.00501105462202761
8.91,0.0108817981233975,-0.0105012016609163,0.00560909949716063
8.915,0.00943983121444017,-0.00853820618504822,0.00516053008048178
8.92,0.00625451057936003,-0.00495415230579229,0.0037377326875308
8.925,0.00189126404476404,-0.000395316263343391,0.00161315991291714
8.93,-0.00285714598141659,0.00431344410512797,-0.000840325538232086
8.935,-0.00713032061015755,0.00830620652387406,-0.00317126769942774
8.94,-0.0101593003661196,0.0108499064560046,-0.00493433034361842
8.945,-0.0113631293660112,0.011441224564279,-0.00580963885576831
8.95,-0.010502193461857,0.00995089959567322,-0.00560831496048566
8.955,-0.00772151201394217,0.00661139349656354,-0.00435640220405215
8.96,-0.00347782547544453,0.0019911519732562,-0.00226798723190705
8.965,0.00147231657614529,-0.00309195222163625,0.00027884357063879
8.97,0.00623809298964927,-0.00771336242948807,0.00282655756671195
8.975,0.00996189617751632,-0.0110330892679706,0.00489446629644077
8.98,0.0119370862533759,-0.0124242438213776,0.00608762813534894
8.985,0.0117692914121232,-0.0115785115580618,0.00616584754657202
8.99,0.0094519964749171,-0.00860836758601878,0.00508558357971386
8.995,0.00534794152816652,-0.00400666033431351,0.00302979401852607
9,0.000166224102900862,0.00143466540299145,0.000362226619240035
9.005,-0.00516813454042025,0.00674006335797637,-0.00243872751368791
9.01,-0.00968855202864965,0.0109327068230292,-0.0048402409057921
9.015,-0.0125360779730544,0.013239529434285,-0.00638755558680972
9.02,-0.0131539779303409,0.0131912540763402,-0.00676811438692111
9.025,-0.0113551446244303,0.0107323337126827,-0.0058847872932378
9.03,-0.00741915632321558,0.00626354825162113,-0.00387135923310991
9.035,-0.00200843462324826,0.000561644482194898,-0.00108297913618052
9.04,0.00391133882082145,-0.00537722650966907,0.00197438539064298
9.045,0.00926007286863409,-0.0104693741642981,0.00473096139618948
9.05,0.0130276015653917,-0.0137495685460965,0.0066625255573991
9.055,0.0144704106310178,-0.0145977976181723,0.00738594033623252
9.06,0.0132593757065611,-0.012807916396077,0.00672718995476498
9.065,0.00955434146668586,-0.00862669408026271,0.0047940736970918
9.07,0.0039828566826813,-0.00279046866548515,0.00191447706851988
9.075,-0.00246129085508909,0.00364960133576887,-0.00139477040145342
9.08,-0.0085962225376121,0.00955147533353666,-0.00450364319496359
9.085,-0.01326880398612,0.0138106663018331,-0.00683142022810914
9.09,-0.0155592273889897,0.0156002800816616,-0.00792452189100227
9.095,-0.0150011236807667,0.0145707842119234,-0.00754629086218194
9.1,-0.0116312366458567,0.010865534675753,-0.00573583468193816
9.105,-0.00602690410394076,0.00510204916943298,-0.00282726779160756
9.11,0.000810565279399906,-0.00166870134253055,0.000669394813355598
9.115,0.00761901393248306,-0.00820338672273911,0.00410491175494292
9.12,0.0131161483108382,-0.01333055483307,0.00682135008030895
9.125,0.0162558886813873,-0.0160777693145577,0.00830522342871655
9.13,0.0164056436897978,-0.0158935655374353,0.00826533395526394
9.135,0.0134996463458151,-0.0128089320829486,0.00667908006371045
9.14,0.00804266552715931,-0.00736755117352064,0.00382373893938894
9.145,0.00101650731976404,-0.0005270455977857,0.000229077897817684
9.15,-0.00627514153957691,0.00645028514338366,-0.00345077349141279
9.155,-0.0124693964248287,0.0122706716374406,-0.00653878895255315
9.16,-0.0164079098210729,0.0158913840198859,-0.00843853230691181
9.165,-0.0173271461793417,0.016635019318044,-0.00879374826676227
9.17,-0.0150458178449263,0.0143311004823644,-0.0075354337688054
9.175,-0.00996588570185401,0.00942048215731717,-0.00487454465056776
9.18,-0.00301660364836202,0.00280580268502688,-0.00129243492605013
9.185,0.00451606628153661,-0.00433454941089545,0.00254202181556857
9.19,0.0112424340059233,-0.0106880970958416,0.00592696996682976
9.195,0.015907143973155,-0.0150803105455377,0.00826279545144366
9.2,0.0176526569096541,-0.0167444160585668,0.00908387866799125
9.205,0.0161747388675125,-0.0153856046068391,0.00825239798331774
9.21,0.0117243063132794,-0.0112390694927638,0.00593284291494648
9.215,0.00514184302923848,-0.00508988426143622,0.00252254601218343
9.22,-0.00235604064044724,0.00193116775264504,-0.00134939119245402
9.225,-0.00940609391811062,0.00858152317710282,-0.00497551186091362
9.23,-0.0147272660656719,0.0136549727795252,-0.00770666906113159
9.235,-0.0173514744471364,0.0162346146249863,-0.00906187212617077
9.24,-0.0168308018005582,0.015907504792705,-0.00878261054002614
9.245,-0.0132869766247595,0.0127452680725962,-0.00692974891983763
9.25,-0.00736944751106559,0.00732376953887426,-0.00385406171694348
9.255,-0.000170288488858311,0.000643645179791812,-9.08091631903702e-05
9.26,0.00700448222599893,-0.00608905877178459,0.00368603031381434
9.265,0.0128818415630407,-0.0117037087493916,0.00679792715758654
9.27,0.016426083641076,-0.0152018375414294,0.00869997935764921
9.275,0.0170162786133329,-0.0159857323374401,0.00906922261726692
9.28,0.0145982714364053,-0.0139436323804238,0.00784178684320568
9.285,0.00962051904652529,-0.00947178227119177,0.00523166513586788
9.29,0.00298084955094279,-0.00335843739770474,0.00171537822607196
9.295,-0.00413433944317361,0.00330304108042238,-0.00209543274746932
9.3,-0.0104727073417178,0.00933879949286678,-0.00554476801345209
9.305,-0.0149375856257337,0.0137087963446048,-0.00801785299416334
9.31,-0.0167706821035635,0.0156585861955132,-0.00909038935551365
9.315,-0.0156655364690064,0.0148570372356897,-0.00858443906614918
9.32,-0.0118457881233439,0.011461401560706,-0.00657983893567662
9.325,-0.00597822815413559,0.0060783607374276,-0.00342280833342841
9.33,0.000912046734860772,-0.000361085874676232,0.000328974896054945
9.335,0.00762945072979282,-0.00673125515315701,0.00403417858625383
9.34,0.0130102462910149,-0.0119200427135292,0.00705605267150731
9.345,0.0161474399385147,-0.0150400667305516,0.00885608814062096
9.35,0.0164859332807772,-0.0155344754827777,0.00912208767349811
9.355,0.013965470836014,-0.0133105192490497,0.00780886219629847
9.36,0.00901171657611702,-0.00875152506640052,0.00512597668575168
9.365,0.0024734188012573,-0.00263716478560746,0.00152841795094843
9.37,-0.00453806672478853,0.00398726626490534,-0.00235656143215516
9.375,-0.0108035998552825,0.00994974063531573,-0.0058599462563341
9.38,-0.015235064610209,0.0142109499801817,-0.00837213022826423
9.385,-0.0170517358625914,0.0160066857998233,-0.00943261905177435
9.39,-0.0159023077573836,0.0149786431476807,-0.00884410263303283
9.395,-0.0119501724896736,0.0112777242880973,-0.00670327633960053
9.4,-0.00585137865635738,0.00553492364897655,-0.00335135198835189
9.405,0.00135561003964991,-0.00127168298812093,0.000632688772580592
9.41,0.00843284401171508,-0.00794982187222977,0.00454040658651726
9.415,0.0141153913624794,-0.0132941910965112,0.00768393249980866
9.42,0.0173778667117089,-0.0163259030899068,0.0095056733113461
9.425,0.0175994006083603,-0.0164647078754181,0.0096453245296018
9.43,0.0146688633027234,-0.013627197170208,0.00806533604763234
9.435,0.00905319793609188,-0.0082692530706491,0.0050325124670579
9.44,0.00171217267231033,-0.00132511414558933,0.00105645023095239
9.445,-0.00606908297537758,0.00597733764964659,-0.00315658895603508
9.45,-0.0128919222478164,0.0123252165365365,-0.00683713515213542
9.455,-0.0174894929595951,0.0165170425191729,-0.00932598240758476
9.46,-0.018984720195099,0.0177351747608728,-0.0101640364772891
9.465,-0.0170339905007172,0.0157225133510359,-0.00915713224506263
9.47,-0.0119339426551661,0.0107661548378072,-0.00647213962355349
9.475,-0.00455266533050322,0.00371044617804535,-0.00259319027981212
9.48,0.00380160501182252,-0.00414466593150037,0.00180294872139662
9.485,0.0115861183054722,-0.0113653530069345,0.00591185210434656
9.49,0.0173612315378735,-0.0166106638591626,0.00896710955211524
9.495,0.0200132817578173,-0.0188290798447839,0.0103923294687012
9.5,0.018990616534274,-0.017551305968492,0.00993506622340913
9.505,0.0144124661666804,-0.0129754888752124,0.00763444626540354
9.51,0.00707676278892869,-0.00589560408561312,0.00390536856189186
9.515,-0.00169382304324446,0.00243095600531273,-0.000546602667851148
9.52,-0.0102664006712007,0.0104114883360122,-0.00492661793297803
9.525,-0.0170269195531617,0.0165440815057005,-0.00842521515106194
9.53,-0.0206829538112959,0.0196606333634864,-0.0103565539664824
9.535,-0.0204903846873176,0.0191021133098589,-0.01037791790125
9.54,-0.0164333188995206,0.0149020784065307,-0.00848513574600216
9.545,-0.00923699930122387,0.00783905595659698,-0.00499755861432677
9.55,-0.000227501364209152,-0.000801388545360816,-0.000564033097741594
9.555,0.00891532774112331,-0.00942346625088081,0.00395921127271346
9.56,0.0164501997259378,-0.0163533884130999,0.00775780743730335
9.565,0.0209401032948327,-0.020246274124366,0.0101150657712455
9.57,0.0215051327393572,-0.0203539087581466,0.0105687455307192
9.575,0.0180024294699771,-0.0165953871258262,0.00904837545538128
9.58,0.0110714897225634,-0.00962575492995761,0.00584716927546083
9.585,0.00199529205926824,-0.000776390719848383,0.00154707535501543
9.59,-0.00749676708326594,0.00829371285027358,-0.00303231963099317
9.595,-0.0156195562765126,0.0158905826189232,-0.00701609544672797
9.6,-0.0208189680142478,0.0205179903370554,-0.00967727116799931
9.605,-0.022088044448767,0.0212685248606088,-0.0105212612093078
9.61,-0.0191768641753549,0.0180080696339187,-0.00937983688737234
9.615,-0.0126289075154188,0.0113150045121572,-0.00648366853110674
9.62,-0.00367640742479317,0.00241561810757698,-0.00239139651306122
9.625,0.00597670480254833,-0.00697918602823629,0.00212817369386492
9.63,0.0145042905733137,-0.0150904195592877,0.00623524082424415
9.635,0.0202897733208528,-0.0203994148566909,0.00914022183710455
9.64,0.0222399126357698,-0.0218726084745498,0.0103167079846572
9.645,0.0199899963263597,-0.0192085378572112,0.00955798608925748
9.65,0.0139716273743683,-0.0129348713821023,0.00700178133734694
9.655,0.00534770895206565,-0.00421359971892178,0.00314993369281549
9.66,-0.00426965986257773,0.00532475918615422,-0.00126645524851774
9.665,-0.0130559401818358,0.0138624761643859,-0.0054141355966271
9.67,-0.0193509911594155,0.0197947417765355,-0.00853060606656945
9.675,-0.0220027159110107,0.0220276997974863,-0.0100199217836864
9.68,-0.0205242393103467,0.0201466554695064,-0.00962214793418632
9.685,-0.0152112528957075,0.0144955028747996,-0.0074388750887865
9.69,-0.00708218312274644,0.00616895439079852,-0.00386665614152631
9.695,0.00231869501078401,-0.00327590220009465,0.000402364746896177
9.7,0.0112347281675213,-0.0121001467948557,0.00456725454586537
9.705,0.0180051229417233,-0.0186482192608096,0.00785928398445949
9.71,0.0213902853384035,-0.021712472619797,0.00967033029819415
9.715,0.0207914615883211,-0.0207721857273474,0.00967068229068889
9.72,0.0163492415180983,-0.0160191575272021,0.00786665653989432
9.725,0.00891427522326724,-0.00834037866694125,0.00461670365907276
9.73,-9.61612471703904e-05,0.000812113331925775,0.000519548351236318
9.735,-0.0090207775638066,0.00975165908763271,-0.00365974634594251
9.74,-0.0162267583425909,0.0168592724492798,-0.00713353081263237
9.745,-0.0203964723305087,0.0208394958916256,-0.00927806242340005
9.75,-0.02080851299456,0.0209997965736165,-0.00969776610300443
9.755,-0.017412970200311,0.0173598738758982,-0.00832254058934961
9.76,-0.0108757761289247,0.0106191527355461,-0.00540500982800273
9.765,-0.00241437898775495,0.00201373366408069,-0.00151298399407952
9.77,0.00642011938626822,-0.00687382612213508,0.00265368491518904
9.775,0.0140135890768383,-0.0144351742607322,0.00633087762647952
9.78,0.0190141563547233,-0.0193487025085443,0.00882035606849346
9.785,0.0205426742708258,-0.0207627086469761,0.00970152932730073
9.79,0.0183457941236561,-0.0184573039462795,0.00879981816169147
9.795,0.0128732683141609,-0.0129032938448051,0.0062811244162012
9.8,0.00513309228165804,-0.00512153897062503,0.00261994401220198
9.805,-0.00347597144562518,0.00349827779666003,-0.00151757390640542
9.81,-0.0113864806215564,0.011412948512825,-0.00538117509093919
9.815,-0.0172098042593276,0.0172265934788483,-0.00826671183162745
9.82,-0.0199271081653387,0.0199657519510422,-0.00963401983050108
9.825,-0.019068362714565,0.0191687595527062,-0.00925395968651535
9.83,-0.0148215995401102,0.0150166713839808,-0.00719406291487823
9.835,-0.00797703658232713,0.00828148824303649,-0.00380750512239602
9.84,0.000246412848860895,0.000166366656838061,0.000256810773488396
9.845,0.00838381545182188,-0.00791304633763737,0.00428353514560961
9.85,0.0149903331241306,-0.014542744240646,0.00753783702334645
9.855,0.0189049957141635,-0.0185856578695267,0.00943092977269858
9.86,0.0194642111235961,-0.0193784073710285,0.0096174258587602
9.865,0.0165755392400353,-0.0168131052281296,0.00807137251566409
9.87,0.0107719772744285,-0.0113430999244775,0.00506994698056641
9.875,0.00309256465378196,-0.00395731797376358,0.00114248757295867
9.88,-0.0051047785179208,0.00406911353956693,-0.0029872340064473
9.885,-0.0123718540988629,0.0113558390026341,-0.0065830517666892
9.89,-0.0174297888577493,0.0166421870842331,-0.00900527373286476
9.895,-0.0194055830914714,0.0190189681445134,-0.00980498093043642
9.9,-0.0179656781303903,0.0181106956472349,-0.00884733282921094
9.905,-0.0133633352395066,0.0140743940477643,-0.00629555150761787
9.91,-0.00642092328247616,0.00761204990394935,-0.00262105480977814
9.915,0.00163250228449149,-0.000149692661743799,0.00152653164191511
9.92,0.00938279881744706,-0.00786272109536475,0.00540115833380722
9.925,0.0154765979620961,-0.0142087773207553,0.0083042260063566
9.93,0.0188339296099338,-0.0180839886808344,0.00972431323227728
9.935,0.0188712567305824,-0.0188203166055573,0.00940993288918469
9.94,0.0155850218209966,-0.0162965327253801,0.00742124497114953
9.945,0.00955866854008875,-0.0109481603283575,0.00411432929100828
9.95,0.00185523493466192,-0.00368807328255942,8.5169526257676e-05
9.955,-0.00616183977843745,0.00421500168504065,-0.00394776569616384
9.96,-0.0130849600862456,0.0113870604161996,-0.00727943530743273
9.965,-0.0176899175407399,0.0165890278993587,-0.00930712639156098
9.97,-0.0191726483586901,0.0188984511998993,-0.00968278089649043
9.975,-0.0172756151048769,0.0179019412981644,-0.00834878049753898
9.98,-0.0123424774239108,0.013768498704111,-0.00554131799802553
9.985,-0.00523925844465921,0.00721250568738629,-0.00175822606791721
9.99,0.0027726213257929,-0.000633383340937307,0.0023157888628464
9.995,0.0102860582721403,-0.00838175516968724,0.00596291826878572
10,0.0159750995063514,-0.0146674156287371,0.00855266900320571
10.005,0.0188389381523079,-0.0183802986878896,0.00961913338404618
10.01,0.0183775172460635,-0.0188518941099199,0.00899100951893478
10.015,0.0146710613175103,-0.0159914753892459,0.00679154479105646
10.02,0.00837904451734421,-0.0102903865773498,0.00340828105951031
10.025,0.000616735206138349,-0.00275271207927105,-0.000552919810274862
10.03,-0.00723725559301651,0.00528734732988582,-0.00439115090644578
10.035,-0.0138031417568958,0.0124017554176334,-0.00744802489917417
10.04,-0.0179122380750917,0.0173164218875984,-0.00918595607664244
10.045,-0.0188465650230664,0.0191547640609546,-0.00930801840460537
10.05,-0.0164487516829947,0.0175703493303902,-0.00780619337051987
10.055,-0.0111476491243615,0.0128415745800773,-0.00494395426477476
10.06,-0.00388543242280413,0.00580346761897917,-0.00123470591474415
10.065,0.0040449728055245,-0.00228331789881097,0.00267626947472663
10.07,0.0112452063683764,-0.00996573801520204,0.00610470697339206
10.075,0.0164415743690061,-0.0158593478692765,0.00845423736321457
10.08,0.0187233928616264,-0.0189048702531367,0.00931684552477331
10.085,0.0176830834849644,-0.018542250587825,0.00854796809080063
10.09,0.0135052768127678,-0.0148343285744184,0.0062935564258145
10.095,0.00694319448095533,-0.00845485107760972,0.00294357711118822
10.1,-0.000848715354710853,-0.000549706840511479,-0.000911797816394699
10.105,-0.0084861820904865,0.00744585124596035,-0.0045922006010767
10.11,-0.0146091782724489,0.0140811815715321,-0.00747116236843339
10.115,-0.0181326512473504,0.0181587650250351,-0.00903290411071718
10.12,-0.0184186109849572,0.0189410977872942,-0.00901475084037605
10.125,-0.0154255424444573,0.0162822706291482,-0.00741421095110914
10.13,-0.00968350278348256,0.0106678592213901,-0.00451494236189594
10.135,-0.00220809062382439,0.00312432652413301,-0.000814200091470486
10.14,0.00565897121154721,-0.00496712474699593,0.00304071084225357
10.145,0.0125234145907746,-0.0121434965846676,0.00635659841883105
10.15,0.017150760228063,-0.0170890932171557,0.00857003913854235
10.155,0.0187093513372357,-0.0188950312855874,0.00926815667967007
10.16,0.01691652765887,-0.0172518068998934,0.00832087271208337
10.165,0.0120831489749139,-0.0124619575532163,0.00589317500870115
10.17,0.00506397030916412,-0.00540245130192771,0.00240731369967764
10.175,-0.00288412300638749,0.0026201569214417,-0.00152632433762895
10.18,-0.0103401549674272,0.0101229521629423,-0.00520478953840623
10.185,-0.0159490177345332,0.0157530352938996,-0.00796925256679489
10.19,-0.018691290913941,0.0184655663891965,-0.00932230626630648
10.195,-0.018052340682482,0.0177770109873662,-0.00900882606637988
10.2,-0.0141364769068314,0.0138291671951576,-0.00706413232931009
10.205,-0.00763557366263994,0.00735103209537233,-0.00384101985677694
10.21,0.00028504915140031,-0.000454323641949868,0.000106290549245715
10.215,0.00818602108184148,-0.00814244117693603,0.00406494049394273
10.22,0.0146224802585458,-0.0142925147168405,0.00731831220564839
10.225,0.0184123221409603,-0.0177889475986463,0.00926607071740904
10.23,0.0188472406538301,-0.0179847409225684,0.00953491585165928
10.235,0.0158315185612234,-0.0148521004142503,0.00806768780293656
10.24,0.00988586615108241,-0.00898648409313305,0.00510638122420872
10.245,0.00209869292896807,-0.0014931068138081,0.00118103386300485
10.25,-0.00611975663156942,0.00624992060965303,-0.00299463558519087
10.255,-0.0132506508919555,0.0127923408481417,-0.0066544415712336
10.26,-0.0179692656550217,0.0169253287110253,-0.00911642285554039
10.265,-0.0193878748557432,0.01789980732808,-0.00991619428863848
10.27,-0.017220016314732,0.0155411479906527,-0.00887936880511429
10.275,-0.0118359300411874,0.0102965705064553,-0.00619888303131838
10.28,-0.00423092966686198,0.00316551999111737,-0.00233671666658701
10.285,0.00420219795448968,-0.00451767860055241,0.00199233983288451
10.29,0.0118979471940086,-0.0113276369592501,0.00598453778391316
10.295,0.0174042528131264,-0.0159863150721845,0.0088956777838193
10.3,0.0196827353605824,-0.0176368522322108,0.0101783301028465
10.305,0.0182859200206569,-0.0159833039754437,0.00956322029573035
10.31,0.0134655437234765,-0.0113467722701578,0.00715728588906365
10.315,0.00609977624013862,-0.00460102655643625,0.00339783417196776
10.32,-0.00244491797167626,0.00297144814761417,-0.00103237397038444
10.325,-0.0105553505662776,0.00994683322125232,-0.00529967787824678
10.33,-0.016719018337871,0.0150286219700658,-0.00860071586636634
10.335,-0.0197558253757684,0.0172535125126584,-0.0103087586990067
10.34,-0.0190818316253356,0.0162200729260565,-0.0100955071321284
10.345,-0.0148167966292272,0.012136196115,-0.00797841929078326
10.35,-0.00774881803585705,0.00578198244460522,-0.00435239984718145
10.355,0.000812082553833239,-0.00164628347869151,9.97676984315126e-05
10.36,0.00923199243964515,-0.00871896585661866,0.00456837496800239
10.365,0.015925366625344,-0.0141180787646854,0.00819673387620668
10.37,0.0196226949405426,-0.0168371244773372,0.0102914707250816
10.375,0.0196140519898259,-0.0163507194123216,0.0104692888153427
10.38,0.0158936279175884,-0.0127700479277706,0.00868064472925243
10.385,0.00916143181800693,-0.00678241062999201,0.005252873242577
10.39,0.000694584280816129,0.000468541573827651,0.000829409871479071
10.395,-0.00791154595907642,0.00762190330506811,-0.0037528878089879
10.4,-0.0150115954266235,0.0132995902822336,-0.00764412383303878
10.405,-0.0192754716884577,0.0164340725880027,-0.0101065868882976
10.41,-0.0198853369314572,0.0164410465371575,-0.0106573841430504
10.415,-0.016729086125179,0.0133180474097719,-0.00922088787477742
10.42,-0.0104059569547389,0.00764861605745409,-0.00604896943031964
10.425,-0.00212269531651173,0.000541399180295445,-0.00174157120546377
10.43,0.00655280401642794,-0.00665874408148428,0.00288137992151702
10.435,0.0139782868378984,-0.0125984897450824,0.00695480933038873
10.44,0.0187387472188733,-0.0161199359867559,0.00971368517757292
10.445,0.0199347457308547,-0.0165620612907224,0.0106523655198173
10.45,0.0173585368476728,-0.0138573297665098,0.00958384916613991
10.455,0.0114940653128639,-0.00850274878586584,0.00673213859595259
10.46,0.00346297082761101,-0.00151284899699362,0.00263850519568713
10.465,-0.0051951973590064,0.00575751729984783,-0.0019392955221737
10.47,-0.0128450617218219,0.0119413166436806,-0.00612628791164132
10.475,-0.0180376110629255,0.0158690176971719,-0.0091438298831069
10.48,-0.0197930727610437,0.0167648808546154,-0.0104367514539386
10.485,-0.0177993877835821,0.0144584886527476,-0.00977077545116866
10.49,-0.0124419363664428,0.00939530996606062,-0.00727417286118636
10.495,-0.00475082208221975,0.00252430262694151,-0.00343653535452859
10.5,0.00380908013597074,-0.00486890843597907,0.00100924637705741
10.505,0.0116149642196621,-0.0113434133065346,0.00524429834554747
10.51,0.0171966217945727,-0.0156819462093396,0.00845522034927697
10.515,0.0195071502004429,-0.0170581484314515,0.0100566136774992
10.52,0.0181143004989272,-0.0151886888019658,0.00976149175544033
10.525,0.0133013317176058,-0.0104074161323724,0.00764461775373063
10.53,0.00598819724713082,-0.00363493664839164,0.00411638278949167
10.535,-0.00243275483274807,0.00386270326130484,-0.000153506314483784
10.54,-0.0103678538567595,0.0106745324529326,-0.00434282125816517
10.545,-0.0163118282877967,0.0154852346083198,-0.00768265842746517
10.55,-0.0191430787829033,0.0173803095046323,-0.00954443799703667
10.555,-0.0183423103354052,0.0159930264872328,-0.00959243974141549
10.56,-0.0140768845575837,0.011558299177641,-0.00783937173411651
10.565,-0.00715682876645494,0.00489550760955296,-0.00463023484812791
10.57,0.00109941514282511,-0.00272695338996352,-0.00058127760277657
10.575,0.00911685961497376,-0.0098803741155631,0.00353555944101143
10.58,0.0153869993334705,-0.0152233364971853,0.0069383840064006
10.585,0.0187278018282064,-0.0177089056439424,0.00899205952938804
10.59,0.0185147473774023,-0.0168540272322951,0.00932886472088139
10.595,0.0147925375145456,-0.0128175175413704,0.00788798439354781
10.6,0.00827345687403956,-0.00632792200957573,0.00497097653213988
10.605,0.000192350488744739,0.00140767810882876,0.00114481210590199
10.61,-0.00791190894102176,0.00891071424707477,-0.00286364075668766
10.615,-0.0145040983361959,0.0147810201140742,-0.00628036463012166
10.62,-0.0183389574572408,0.0179032997265863,-0.00846402526515275
10.625,-0.0186825076460735,0.0176567994420988,-0.0090140766036411
10.63,-0.0154708448643033,0.0140794448863263,-0.00783402262748109
10.635,-0.00932051306864415,0.00783185643272142,-0.00516452748488793
10.64,-0.00139941516739929,6.95422458328407e-05,-0.00153220960057288
10.645,0.00678787624458461,-0.00775100124063204,0.00236521470967636
10.65,0.0136793495772987,-0.0141461544717825,0.00577756223618182
10.655,0.0179570140712227,-0.0179093668752652,0.00804743037469158
10.66,0.0188171439476207,-0.0183230123458297,0.00874485375548618
10.665,0.0160851291730562,-0.015280844319665,0.00775001595033629
10.67,0.0102828334933382,-0.0093461335122378,0.00525832183052783
10.675,0.00251624621717113,-0.00163617397120527,0.00176612727454548
10.68,-0.00573281343570355,0.00640622727694061,-0.0020478296344588
10.685,-0.0128978917796187,0.0132750235311203,-0.00543860350583986
10.69,-0.0175965043305064,0.0176488703895609,-0.0077531419822089
10.695,-0.0189346890815293,0.018711751206446,-0.0085435562447231
10.7,-0.0166526437364142,0.0162580102478496,-0.0076632639355648
10.705,-0.0111778931733444,0.0107311417414982,-0.00529379799990855
10.71,-0.00355470995729513,0.0031737701252863,-0.00190311861337182
10.715,0.00475159272981003,-0.00497518365415593,0.00185416422643292
10.72,0.0121499461852329,-0.0121942513163977,0.00523497647257737
10.725,0.0172277032552422,-0.0171191572642673,0.00757889312671882
10.73,0.0189954488058766,-0.0188031386194609,0.00844285731344339
10.735,0.0171151320541678,-0.0169446688964111,0.00764865061603471
10.74,0.0119609358533794,-0.0119012404302679,0.00535733935609257
10.745,0.00450487482453772,-0.00461652339436712,0.00202284548487747
10.75,-0.00381122766330331,0.00351781168298296,-0.00170424418497905
10.755,-0.0113889037655099,0.0109522839244547,-0.0051036595385569
10.76,-0.0167772675228749,0.0162978830596,-0.00749418525514721
10.765,-0.0189462125591385,0.0185495416255536,-0.00842227216500699
10.77,-0.0174700468241318,0.017275367806358,-0.00770704118519698
10.775,-0.0126537047863602,0.0127504954961145,-0.00548431423457332
10.78,-0.00541750662625657,0.00584443282589437,-0.00218808564977144
10.785,0.0028471660913119,-0.00212868491868843,0.00153256997020821
10.79,0.0105434675674269,-0.00965018981669045,0.00495891484082357
10.795,0.0161977896347701,-0.0152843544276301,0.00742852239002532
10.8,0.0187358638509675,-0.0179927433783652,0.00845799802478029
10.805,0.0176839543903225,-0.0172763444751693,0.00784469549667192
10.81,0.0132434156593765,-0.0132955192514298,0.00571801973792677
10.815,0.00630111217123008,-0.00683335498895565,0.00248480886035658
10.82,-0.0018201098485009,0.000854040490029669,-0.00123422491105017
10.825,-0.00955106520769233,0.00830762562880281,-0.00471436283944877
10.83,-0.0154255250878578,0.0141157421465195,-0.00728992043812753
10.835,-0.018327832931636,0.0171771516780417,-0.00847176634458434
10.84,-0.0177238402990469,0.0169621764816311,-0.00802974112302825
10.845,-0.0137597264074565,0.0135445819079322,-0.00604847524864898
10.85,-0.00720543263681567,0.00758990536029254,-0.00292386832946657
10.855,0.000666553444606301,0.000275319568999376,0.000756552111382969
10.86,0.00834991053926462,-0.00698963200466689,0.00429926338351446
10.865,0.014393726541861,-0.0128538128206139,0.00701686196254367
10.87,0.0176687745595598,-0.0162156447791977,0.00840408658831364
10.875,0.0175760689058516,-0.0164582851095511,0.00821491034267715
10.88,0.0141850619960375,-0.0135989312257819,0.00647800156613817
10.885,0.0081556164670065,-0.00821170612665976,0.00352944447839548
10.89,0.000655547712255894,-0.00134431358530876,-6.81873982718894e-05
10.895,-0.00688639776513983,0.00567574927298023,-0.00364560353086748
10.9,-0.0130622478819627,0.0115258478337109,-0.00653477478578766
10.905,-0.0167341944997056,0.0151274403283178,-0.0081985709795125
10.91,-0.0172552729553209,0.0158321915818047,-0.00833702573742825
10.915,-0.0145533379756778,0.0135453329638267,-0.00693904880054796
10.92,-0.00919001261648507,0.00875519439469695,-0.00426740684773947
10.925,-0.00219129580909387,0.00239499962899672,-0.000815680886939329
10.93,0.00513382411191294,-0.00432342255665241,0.0027654299579781
10.935,0.0114209099981749,-0.0101366640589454,0.00582741411802307
10.94,0.015527679336958,-0.0139654831031765,0.00781700852155407
10.945,0.0167329208160268,-0.0151482487937556,0.00837723820102139
10.95,0.0148592495064948,-0.0134993411158037,0.00741166893896473
10.955,0.0102950474631464,-0.00935874927314908,0.00511243007596214
10.96,0.00391444454065275,-0.00355043923468019,0.00189526714396363
10.965,-0.00309919568783897,0.00282629986109726,-0.0016546371538138
10.97,-0.00946104073034241,0.00860714465805114,-0.00489292196496785
10.975,-0.014035453023182,0.012719117512223,-0.00723989623064718
10.98,-0.0160177592485258,0.0144295710979748,-0.00829307169006969
10.985,-0.015094734114146,0.0134816325423284,-0.0078431537908985
10.99,-0.0114740446091002,0.0100777862842742,-0.00599313844236172
10.995,-0.00582768627396566,0.00486029306321895,-0.00308366296342043
11,0.000791464307784579,-0.0011713988648455,0.000381839253349456
11.005,0.00720700778109449,-0.006915365943329,0.00377451579741058
11.01,0.0122765120001883,-0.0113562193394949,0.00648521158190232
11.015,0.0151177071982723,-0.0136861173611033,0.00804620005391253
11.02,0.0152415823305748,-0.0135161757220261,0.00817962607577835
11.025,0.0126614660374136,-0.0109316280261985,0.00685164085801534
11.03,0.00786072526150859,-0.0063958703355627,0.00431097447008458
11.035,0.0016920217795103,-0.000740839637713025,0.00101058951709238
11.04,-0.0047389937039029,0.00498685360252244,-0.00248823979820503
11.045,-0.0102963827102932,0.00978603689800436,-0.00554786318122267
11.05,-0.0140152923940758,0.0128331205889235,-0.00762446124011997
11.055,-0.0152494916780598,0.0135620837452251,-0.00835840392698665
11.06,-0.0137854923040595,0.0118753523138199,-0.00761615068745395
11.065,-0.00990242583250993,0.00809808643716985,-0.00550818234150413
11.07,-0.00427483952110145,0.00289473677457022,-0.00241123278171051
11.075,0.00210114858093126,-0.00282975234809053,0.00111736155408794
11.08,0.00810884353267041,-0.00803638709631152,0.00447168970773663
11.085,0.0126958270986183,-0.0118167749836762,0.00704959595474909
11.09,0.0150526265015661,-0.0135332875956904,0.00837123408337724
11.095,0.0147567600535521,-0.012858217732721,0.00821242594385761
11.1,0.0118497790953843,-0.00990303845981253,0.00659169974835657
11.105,0.00683817079840059,-0.00520819234278242,0.00377614123523867
11.11,0.000593634629388927,0.000420004241466642,0.000271325042936361
11.115,-0.00579656899015521,0.00602231685666075,-0.00328820453252317
11.12,-0.0111881469328144,0.0105769263285275,-0.00628409929569078
11.125,-0.014618269350045,0.0132865123862541,-0.00817763535987746
11.13,-0.0154713090448311,0.0136981165508959,-0.00859449498984477
11.135,-0.013571619848327,0.0116812633994278,-0.00747688417157969
11.14,-0.00923635714304191,0.00757369721389612,-0.00502128257031783
11.145,-0.00322388308928038,0.00210695220632164,-0.00163819467410073
11.15,0.00340287518888778,-0.00378023797051063,0.00205314323632111
11.155,0.00946761086025005,-0.0090834270422097,0.00538013195697295
11.16,0.0138721406679639,-0.012808849574082,0.00775108968864584
11.165,0.0158122379193065,-0.0143012329090165,0.00873944767530243
11.17,0.0149307418434299,-0.0132795252801507,0.00814027293625787
11.175,0.0113578350240147,-0.00987801294493226,0.00606931490475108
11.18,0.005706103125255,-0.00466728226367907,0.00291532167388083
11.185,-0.000999696922090392,0.00141685988526119,-0.000781541033242435
11.19,-0.0075657742619745,0.00731040865996447,-0.00433981460848036
11.195,-0.0128061817750391,0.0119764881510467,-0.00709366892219531
11.2,-0.0157548242574904,0.0145379087188702,-0.00857353466251274
11.205,-0.0158593171133516,0.0145108219928423,-0.00851081828997247
11.21,-0.0130966203984992,0.0118934676251149,-0.00689874344004381
11.215,-0.00794203100607841,0.00711658417494736,-0.00404431417230035
11.22,-0.00132967181431872,0.000994892326718299,-0.0004858927166847
11.225,0.00554081047687361,-0.00535850685198731,0.00316194771301052
11.23,0.0114124768714067,-0.0107921247723091,0.00622986483900158
11.235,0.0152230159040018,-0.0143523002028311,0.00814126243910946
11.24,0.0162653598627547,-0.0153389961153751,0.00858837717708239
11.245,0.014350091121907,-0.013548412839497,0.00748975111435221
11.25,0.00982820219538812,-0.00930656266707916,0.00503284737217824
11.255,0.00352517294339847,-0.00335430334875275,0.00169392109275815
11.26,-0.00341083593391471,0.00326825164851901,-0.00191659377470636
11.265,-0.00971341863995964,0.00931509186805463,-0.00516314373580463
11.27,-0.0142292564026057,0.0136996326463999,-0.00745411455620044
11.275,-0.0161519677062044,0.0156279320164844,-0.00837511049446882
11.28,-0.0151275927821798,0.01471597356198,-0.00778712955853331
11.285,-0.0113552185512415,0.0111116547937773,-0.00582056536283529
11.29,-0.00553528103979784,0.00549083140855126,-0.00281999787663683
11.295,0.00125438563696169,-0.0011438374305948,0.000649450820411122
11.3,0.00778332820006433,-0.00759553615905485,0.00395663457169654
11.305,0.0128529205263659,-0.0126564820149363,0.00652560085957886
11.31,0.0155427044304696,-0.0154092963491594,0.00790458420786354
11.315,0.0153994624778993,-0.015367161435106,0.00784805043405438
11.32,0.012460928933692,-0.012515701707826,0.00640194429691566
11.325,0.00728610192143334,-0.00737434211865095,0.00383971888608652
11.33,0.000840576661070183,-0.000912926641841415,0.000616463395341201
11.335,-0.00569426163386187,0.0056990850202699,-0.00267239490236832
11.34,-0.0111393032233847,0.0112644752301568,-0.00543625925672038
11.345,-0.0145069378942332,0.0147414804256012,-0.00720626708901406
11.35,-0.0152257281731969,0.01550241753807,-0.00767194119931332
11.355,-0.0131867479539447,0.0134374254130227,-0.00676972356938194
11.36,-0.00878297965314487,0.00892722252242775,-0.00468070508537035
11.365,-0.00284297861763516,0.0027996463577723,-0.00179144032592291
11.37,0.00354166208834705,-0.00378732268769591,0.00137664504191867
11.375,0.0092124920220895,-0.00963872317390613,0.00426127513681888
11.38,0.0131633258315856,-0.0137014934676921,0.00634844095998805
11.385,0.0146919536317089,-0.0152189978070757,0.00729165310831371
11.39,0.0135506265986689,-0.0139417117723588,0.00693382022672294
11.395,0.00998623756097737,-0.0101427592237537,0.00535084775881467
11.4,0.00466073410214767,-0.0045152996841461,0.002844114294435
11.405,-0.00143805598010513,0.00190004653156638,-0.000134909488486286
11.41,-0.00721080971308323,0.00789338468962778,-0.00305352494939972
11.415,-0.0116182722637382,0.0123936517962772,-0.00540036661219116
11.42,-0.013880454836727,0.0145984689493748,-0.00675439176634507
11.425,-0.0136206088346047,0.014098046165649,-0.00689356190811779
11.43,-0.010909968066537,0.0110172255781794,-0.00581446939249973
11.435,-0.00625810373686243,0.0059667056694376,-0.00370244472769633
11.44,-0.00053276654914306,-0.000132096857357628,-0.000956556367838978
11.445,0.00523802982598946,-0.00615958363485009,0.00192257534067888
11.45,0.0100019586895688,-0.0109864011282507,0.00443245564664193
11.455,0.0129064287966759,-0.0137538813992931,0.00612444855031346
11.46,0.0134609742177208,-0.013988186344255,0.00669442376036223
11.465,0.011563653747111,-0.0116481248777087,0.00605760140055932
11.47,0.00758521293945676,-0.00718869847042328,0.00434948711656059
11.475,0.00226548507410075,-0.00146430394359904,0.00186068220509052
11.48,-0.0034247275573762,0.00447380754762729,-0.000935541653989458
11.485,-0.00845150085223404,0.00955738740984845,-0.00351777781071324
11.49,-0.0118974857019595,0.0128197995184142,-0.00544481524520413
11.495,-0.0131477805725254,0.0136888890620015,-0.00636287043831344
11.5,-0.0119846686409747,0.0120426130453175,-0.00609527959977261
11.505,-0.00863007439138138,0.00818533815125433,-0.00472281276575069
11.51,-0.00370527175795743,0.00282890160158957,-0.00250327301006949
11.515,0.00187081465355651,-0.00299075475308001,0.000152954079334206
11.52,0.00707411971961547,-0.00821648061889349,0.00275406311026534
11.525,0.0109464299871966,-0.0119010400161948,0.00479894807992939
11.53,0.0127670689181043,-0.0133376289031301,0.00593696623854904
11.535,0.012206479396114,-0.0122802453482012,0.00596117150556158
11.54,0.00937236274258183,-0.0089614693256792,0.00486178161873735
11.545,0.00479385496259104,-0.00398584042110516,0.00286779627164444
11.55,-0.000664783865550735,0.0017231823587384,0.000375772159205719
11.555,-0.00598469222964844,0.007065528737356,-0.00215910449086535
11.56,-0.0101507331306384,0.0110509900492236,-0.00425607611521364
11.565,-0.0123984708175234,0.0129581770415456,-0.00549580190227647
11.57,-0.0122879707393314,0.0124123707538804,-0.00567543216553123
11.575,-0.00983393471749379,0.00951592714615023,-0.0047732315225263
11.58,-0.00552163796312696,0.00484482518589254,-0.00295512005033999
11.585,-0.000162177278177124,-0.000726628377098491,-0.000603302235245335
11.59,0.00522964890340883,-0.00615687384976542,0.0018244247344999
11.595,0.00959876865548894,-0.0103919517545938,0.00386287925266406
11.6,0.0121116206726619,-0.0126306622499741,0.00511010179772093
11.605,0.0122837225375894,-0.012465672331993,0.00533393623755104
11.61,0.0100592799088683,-0.00990885600337874,0.0045046378945527
11.615,0.00588266894459292,-0.00544916324962569,0.00280262138048906
11.62,0.00055861715957761,3.91911248845067e-05,0.000560818547404306
11.625,-0.0048733427258464,0.00550583866270162,-0.00174871125783139
11.63,-0.00934800581218469,0.00991058474260637,-0.0036743493130155
11.635,-0.0119807945301552,0.0123806146274035,-0.00483464738565027
11.64,-0.0122425635565284,0.0124423892512861,-0.00499635024063766
11.645,-0.0100869212744436,0.0100879239819832,-0.0041418837408833
11.65,-0.00592343004566067,0.00577140631923697,-0.00245242370843684
11.655,-0.000577945644653876,0.000324791747836961,-0.000270604477855896
11.66,0.00489171032638072,-0.0051690827958171,0.00193868326659013
11.665,0.0093927531612506,-0.00965299860032437,0.00372774229769497
11.67,0.0120210486829664,-0.0122309677096564,0.00473360253679492
11.675,0.0122364274467212,-0.0123942219993357,0.00474662895565575
11.68,0.00998767201264644,-0.0101091298878691,0.00376045131676682
11.685,0.00571769118958344,-0.00583241935132167,0.00199441751860488
11.69,0.000269676480875435,-0.000390944901648149,-0.0001882102672623
11.695,-0.00525427224196468,0.0051091259831019,-0.00233764538348227
11.7,-0.0097392788041429,0.0095894804943953,-0.00399273590018572
11.705,-0.0122615103621031,0.0121579509343803,-0.00481035512392426
11.71,-0.0123039853550486,0.0122882599546183,-0.00462123358212321
11.715,-0.00983318961525701,0.00995474452711264,-0.0034477890349313
11.72,-0.00534488000756437,0.00563865780760229,-0.0015279124131198
11.725,0.000264653729304907,0.000183202383976144,0.000730561290440148
11.73,0.00586315155482186,-0.00530825664161598,0.00286614824675638
11.735,0.0102954072144952,-0.00971647266796976,0.00443618127754991
11.74,0.0126474994909072,-0.0121682075175353,0.00508818099421084
11.745,0.0124313490928254,-0.0121692007465758,0.00467491412646134
11.75,0.00966962288299807,-0.00969844585551564,0.00327780079286674
11.755,0.00490248014941998,-0.00526401718278126,0.0011639665872437
11.76,-0.000903749699640906,0.000219453748500849,-0.00124412934322302
11.765,-0.00656959656837873,0.00565668089236556,-0.00343610157100544
11.77,-0.0109463389550202,0.00995254090423994,-0.00496006798702435
11.775,-0.0131151162732682,0.0122133145389231,-0.00548941084190523
11.78,-0.0126267448750203,0.0119904465161871,-0.00489361007787435
11.785,-0.00956062759318042,0.00934182240102474,-0.00327434469621001
11.79,-0.00451984713955048,0.00478917756609845,-0.000951105468963479
11.795,0.00148899232029077,-0.000740196708037587,0.00161771213302264
11.8,0.00723457010381434,-0.00609758752103903,0.00391820588864618
11.805,0.0115564643147457,-0.010214850000547,0.00546909437017939
11.81,0.0135640929999946,-0.0122664153035632,0.00594250228167051
11.815,0.0128307586233837,-0.0118107908865631,0.00523473264447908
11.82,0.00950182618318568,-0.00896053697011849,0.00346629489934734
11.825,0.00423474166320141,-0.00430715938882482,0.000969052195485742
11.83,-0.00190359235928317,0.00120984372660657,-0.00176648129410172
11.835,-0.00769353215026769,0.00647687459532112,-0.00419006856856048
11.84,-0.0119556471356462,0.0104084380757488,-0.00583026307848632
11.845,-0.0138369285942957,0.0122307896697008,-0.00634276245343137
11.85,-0.012959152048276,0.0115863420420608,-0.00561690611411532
11.855,-0.00950741774017097,0.00860188983853625,-0.0037895759606103
11.86,-0.00415546596675486,0.00389822889958728,-0.00120145330303875
11.865,0.00201004281853435,-0.00155940538492501,0.00164365196255542
11.87,0.00777218794033,-0.0066799025333731,0.00419294247339644
11.875,0.0119926814049865,-0.0104408686141263,0.00594977751548269
11.88,0.0138323073133069,-0.012088656610764,0.0065733645177812
11.885,0.0129486678237892,-0.0113208445139755,0.00595059037163412
11.89,0.00953943081460365,-0.0083144930230946,0.00418835639119515
11.895,0.00428336199711839,-0.00368534280425552,0.00163567122068526
11.9,-0.00176397856433942,0.0016296101360294,-0.00122444146987223
11.905,-0.00741254656196291,0.0065738185843253,-0.00384498671648357
11.91,-0.0115683425924349,0.0101692060523911,-0.00573656468034299
11.915,-0.0134441813997757,0.0117397373243503,-0.00654650581998744
11.92,-0.012708249059629,0.0109946455003151,-0.00613232500150382
11.925,-0.00954087127861912,0.008115998483874,-0.00458317796973538
11.93,-0.00460443652618112,0.00370205788574464,-0.00220264895655046
11.935,0.00112660765775197,-0.00136312042383501,0.000560883882013067
11.94,0.00654314040956512,-0.00609668236637212,0.0031879345580119
11.945,0.0106178324370615,-0.00957036042385859,0.00519521611153681
11.95,0.0126024246556722,-0.0111585436503784,0.00622505570622914
11.955,0.0121819716306694,-0.0105947123616627,0.00610902612272691
11.96,0.00948768104392602,-0.00802374454538184,0.00489259035018549
11.965,0.00509256368338067,-0.00398495992741686,0.00281286684035401
11.97,-0.000141625772958637,0.000709137171050401,0.00027448309712472
11.975,-0.00521788713785011,0.00517949155606174,-0.00226113663281855
11.98,-0.00919213947784061,0.00857843337327064,-0.00433688645816174
11.985,-0.0113609626404212,0.0103016975446274,-0.00559516379750802
11.99,-0.0113932067224837,0.0100770690000037,-0.00582927413956256
11.995,-0.00935108472523948,0.00800136179721866,-0.0050370681478242
12,-0.00566719226731042,0.00449586962504167,-0.00337967277818114
12.005,-0.00108382257591512,0.000264730836806478,-0.00116959258339762
12.01,0.00354421596616878,-0.00390465670644767,0.00118313280967869
12.015,0.00738619265334883,-0.00726385486930929,0.00326389863802835
12.02,0.00978149544052693,-0.00922896798656232,0.00472611191041631
12.025,0.0103617370419232,-0.00947098917784756,0.00533060658859686
12.03,0.00909376432793017,-0.00802029580682267,0.00500249839314455
12.035,0.00626761776544486,-0.00518559541843401,0.00382270339274124
12.04,0.00244032519854451,-0.00148862502285245,0.00202406760730041
12.045,-0.00169048992426312,0.00237389385379171,-7.12977155867212e-05
12.05,-0.00539273467145778,0.00570751065530324,-0.00209760985762025
12.055,-0.00804398407900422,0.00797170609335159,-0.003710429435181
12.06,-0.00922353828125746,0.00879028787166074,-0.00464656318599044
12.065,-0.00877236546365696,0.00803110736038871,-0.00477602691328018
12.07,-0.0068234513958795,0.00589793917908028,-0.00408892018445792
12.075,-0.00375826622067667,0.00278975591980837,-0.00271794312484368
12.08,-0.000117950212237943,-0.000767435713479636,-0.000924967637867097
12.085,0.00345365160670358,-0.00412320746000197,0.000984661504858675
12.09,0.00634838849688404,-0.00669522951013996,0.00269389391041369
12.095,0.00809320463736828,-0.00808256207937912,0.00390119309051225
12.1,0.00841228458666772,-0.00803950137479131,0.00441193977130702
12.105,0.00726413374206355,-0.0065729707255605,0.00416474146894006
12.11,0.00487170069355893,-0.00398145075243983,0.00319775959236163
12.115,0.00166271905686765,-0.000715106598417305,0.00168657904776916
12.12,-0.00181406169613888,0.00267169974440388,-8.38036765193098e-05
12.125,-0.00493852419864869,0.00555569497988009,-0.00180849346541645
12.13,-0.00716163799534316,0.00742362186016108,-0.00319089745332446
12.135,-0.00809594996293822,0.00796691660719368,-0.00398204825008999
12.14,-0.00757028604212603,0.00707046348401359,-0.00404075952436759
12.145,-0.00567014526706142,0.00487646547181856,-0.00337835395753477
12.15,-0.00273480313145566,0.00180270317818142,-0.00211833359189177
12.155,0.00070825925664913,-0.00159844465139025,-0.000477541671611148
12.16,0.00401774408670622,-0.0047144933466299,0.00121013655654805
12.165,0.00658282328374705,-0.00695949566837445,0.00264032766675646
12.17,0.00790438200682301,-0.00787978793603702,0.00356307259382366
12.175,0.0077181981540371,-0.00731683873194996,0.00378979218359612
12.18,0.00604359984088199,-0.0053626984701671,0.00328158777776233
12.185,0.00317835931265783,-0.00236442548088984,0.00215481679099347
12.19,-0.000321218174151492,0.00110222449468572,0.000642604539526228
12.195,-0.00376670738198078,0.00434246622929534,-0.000975319570452786
12.2,-0.00648693602168565,0.00673692987638182,-0.00236143164745644
12.205,-0.00791313882993603,0.00779528550358384,-0.00323373275731402
12.21,-0.00773110581441693,0.00728160424723538,-0.00344039203875283
12.215,-0.00595960898708827,0.00529984482640081,-0.00292959567195277
12.22,-0.00294194517237475,0.00223746441917415,-0.0018134907859386
12.225,0.000719318951643966,-0.00130348197866826,-0.000347444092005094
12.23,0.00426905643872534,-0.00457801530280092,0.00116381964724162
12.235,0.00694463651622327,-0.00690219484134665,0.00239797710714047
12.24,0.00816781116895207,-0.00777777302698586,0.00309375928025882
12.245,0.00764488796323683,-0.00701101052837138,0.00307999742915602
12.25,0.00544583341185866,-0.0047319138598071,0.00238595644478948
12.255,0.00202008643106099,-0.00141779729787402,0.00115396460017076
12.26,-0.00191691638970128,0.00222970253378247,-0.000343653775608715
12.265,-0.00551241521320261,0.00542303657440174,-0.00175533477760369
12.27,-0.00796387758559912,0.00746314655826426,-0.00277323467388591
12.275,-0.00869746492831003,0.00787141012940856,-0.0031459327333716
12.28,-0.00750399352297935,0.00652937825964376,-0.00278282274154226
12.285,-0.0045821527617516,0.00370530532443256,-0.00174216444187995
12.29,-0.000536846836920863,-1.43820955914289e-05,-0.000251114738409528
12.295,0.0037686756937027,-0.00382353188204616,0.00135131285116196
12.3,0.00736986360408871,-0.00686130434945405,0.00270010392761903
12.305,0.00944554471204274,-0.00843110750159788,0.00346623098960188
12.31,0.00946689655567775,-0.00813424504568643,0.00344479034959001
12.315,0.00735460191790434,-0.00597839981301989,0.00260355862540479
12.32,0.00348719504997904,-0.00238814453129368,0.00110094047485289
12.325,-0.00132866070810986,0.00187071698094433,-0.000754615085890185
12.33,-0.0060530572705154,0.00587450951082781,-0.00255319517042721
12.335,-0.0096415730007751,0.00871093367286375,-0.00386844921322032
12.34,-0.011243977198983,0.00969376867520631,-0.00438599275869407
12.345,-0.0104118125753769,0.00854040745231065,-0.00394461820744777
12.35,-0.0072401831310202,0.00542118305807906,-0.00257587922420682
12.355,-0.00232491490965573,0.000952142828605073,-0.000546240078599943
12.36,0.00332479869203699,-0.00392486828219172,0.001738758000709
12.365,0.00849062335961159,-0.00814676823394553,0.00378408692996395
12.37,0.012041443331559,-0.0107658303786999,0.00512796500774313
12.375,0.0131207553099436,-0.0111291216165139,0.00543863947911858
12.38,0.0114076639707923,-0.00907528044545326,0.00460080125965937
12.385,0.0071727899965505,-0.00496533774625818,0.00273053186127246
12.39,0.00122893931497754,0.000390875251974168,0.000171984777092058
12.395,-0.00520772600339225,0.0058820904101882,-0.00255005721399388
12.4,-0.0107700590318463,0.0103171107049615,-0.00487540145537332
12.405,-0.0142509594478039,0.0127186343456127,-0.00629672546989847
12.41,-0.0148406044177095,0.0125049377073948,-0.00647200452473631
12.415,-0.0123287721458601,0.00963143337302177,-0.00531983068868934
12.42,-0.00716061120578209,0.00462470410398325,-0.00303246276587685
12.425,-0.000342117587755367,-0.00150308819592546,-2.80494206044122e-05
12.43,0.00673032178381812,-0.00750032570906,0.00309097485080561
12.435,0.0125843479980886,-0.0121168277674392,0.00568679088402527
12.44,0.0159803658895697,-0.0143320833136691,0.00722225331936685
12.445,0.016153801778785,-0.0136273697063932,0.0073617616069609
12.45,0.0130167315206214,-0.010117600574094,0.00602267203438431
12.455,0.00715839456856814,-0.00444714793589735,0.00344975068622648
12.46,-0.000256309505994932,0.00224745282712803,0.000146339073919004
12.465,-0.00772318765688317,0.00858603920859232,-0.00326980305827463
12.47,-0.0137056394255446,0.0132658883969206,-0.00611100858157742
12.475,-0.016988018691963,0.0153346153288585,-0.00777992148269173
12.48,-0.0168653503938857,0.0143046965337877,-0.00796267942106689
12.485,-0.0133450765178241,0.010384278397412,-0.00659868723864364
12.49,-0.0071367991525903,0.00435489301272802,-0.00391912734981926
12.495,0.0005125367986781,-0.00258161349575492,-0.000465706597955598
12.5,0.0080664940067678,-0.00903117503143638,0.00309397159465132
12.505,0.0139999269322491,-0.0136687856009943,0.00608595281607596
12.51,0.0171252680239059,-0.0155862146705663,0.00791615711545982
12.515,0.0168398568135185,-0.0144138160113753,0.00820871377566378
12.52,0.0132266461837149,-0.0103854982356652,0.00694891186865807
12.525,0.00703833193325328,-0.00432810790338616,0.00437386170043532
12.53,-0.000461348506710699,0.0025138700294969,0.000963184090693279
12.535,-0.00776704547466099,0.00878117248211566,-0.00259343272589396
12.54,-0.0134345713225612,0.0132500313967379,-0.00562586278103019
12.545,-0.0163762772156095,0.015048836860321,-0.00757097394306407
12.55,-0.0160618193448071,0.0138702366428025,-0.00805995655200802
12.555,-0.0126370796371839,0.0100191400370009,-0.00702699439397851
12.56,-0.00683806271530049,0.00429991439919428,-0.00469987941787681
12.565,0.00013333430371675,-0.00212255818106977,-0.00154149797221519
12.57,0.00688073354313953,-0.00796362592585361,0.00185368345396703
12.575,0.0121004624581083,-0.0120952346324131,0.00482183838428432
12.58,0.0148286228272568,-0.0137816063623981,0.00682664220874976
12.585,0.0146145770989541,-0.0127602919960658,0.00752466859401269
12.59,0.0116114445960988,-0.0093267530773563,0.00681589337733643
12.595,0.00651336239859869,-0.0042329901519972,0.00487686779533698
12.6,0.000378163008612236,0.00146480999011614,0.00210135143078448
12.605,-0.00556762860387175,0.00665824675933224,-0.000970001331714361
12.61,-0.0101951687769886,0.0103629856360421,-0.00376651431217461
12.615,-0.0126784265794017,0.0119344652929345,-0.00578352970316782
12.62,-0.0126593116045461,0.0111840895640482,-0.00667710928697593
12.625,-0.0102703508660572,0.00835983477713651,-0.00633477887390566
12.63,-0.00608272080683515,0.00410943398886906,-0.00485979891672964
12.635,-0.00100093859981647,-0.000689262075716905,-0.00256677674576178
12.64,0.00398301915052458,-0.00509050639695159,9.24759390307214e-05
12.645,0.00794173140877623,-0.00829929565679282,0.00263234426874481
12.65,0.0101933309592476,-0.00977619474343812,0.00459061038624909
12.655,0.0104395350853888,-0.00936108682501611,0.00565109974469597
12.66,0.00876865017415564,-0.00724815554848189,0.00565457686546475
12.665,0.00560483509338684,-0.00395168407917084,0.00465987067305167
12.67,0.00164111799988724,-0.000151911155407232,0.00288279669611733
12.675,-0.00234204622737813,0.00341821782462793,0.000678998290926677
12.68,-0.00563816272700758,0.00611691754026075,-0.00154508036213005
12.685,-0.00769107987493471,0.00751935129334527,-0.00339977515010283
12.69,-0.00823349854910949,0.00748902011069208,-0.00456184785944278
12.695,-0.00728764908354378,0.0061267238397928,-0.00487216315971037
12.7,-0.00513917168072928,0.00378363248831936,-0.00431289080356301
12.705,-0.00224771391908141,0.000956057702742229,-0.00301863722880387
12.71,0.000816141807054435,-0.0018214257114506,-0.00124955594931196
12.715,0.00351483445574838,-0.00407735986808665,0.000658731205223158
12.72,0.00542219823399084,-0.00546251114759946,0.00236763883327175
12.725,0.00627628513132804,-0.00581404484001293,0.00358043899115612
12.73,0.00601520348851659,-0.00515430729250543,0.00410883997715581
12.735,0.00476175216929225,-0.00368261764303699,0.00388650279927212
12.74,0.00279143824668027,-0.0017002788646198,0.00297983383610908
12.745,0.000473937839634878,0.00043006815514262,0.00158302875059893
12.75,-0.00179007166836336,0.00234740746099437,-4.28954079650178e-05
12.755,-0.00363584510489481,0.00375690686346089,-0.00159651057415707
12.76,-0.00479632366438196,0.00448136084196185,-0.00279689405688453
12.765,-0.00510517710071828,0.00442773299723772,-0.00344356987406508
12.77,-0.00454497365396502,0.00365643780500444,-0.00344707714403759
12.775,-0.00324418548263675,0.00232362398184436,-0.00280949264551217
12.78,-0.00143880253288928,0.00066180697590707,-0.00167222121486085
12.785,0.00058149406830071,-0.00106846277836597,-0.000274060421475982
12.79,0.00245359048813424,-0.00257364026686871,0.00113874576877673
12.795,0.00387692228983112,-0.00361921810532853,0.00230090967759613
12.8,0.00461076539317259,-0.00404726598487256,0.00297785920345791
12.805,0.00451588703939424,-0.00377828946931242,0.00307081047678866
12.81,0.00360701232183272,-0.00284837163736555,0.00257566020420129
12.815,0.0020399294217658,-0.00142058285291452,0.00158451495011971
12.82,8.48319772362581e-05,0.000262019113932809,0.000302565419373111
12.825,-0.00190955681321758,0.00192695612648117,-0.00099717089389351
12.83,-0.0035627568845748,0.00325450997848948,-0.00207736575030768
12.835,-0.00455783077934575,0.00399134857313802,-0.00272319099995179
12.84,-0.00468378682971312,0.00399931553525916,-0.00279532013356737
12.845,-0.00389320430155822,0.0032519984561973,-0.00229890076301042
12.85,-0.00231141191785966,0.00184674246770067,-0.00134532806925023
12.855,-0.000238982256651159,5.46355685586728e-05,-0.00011791424194902
12.86,0.0019384500542843,-0.00178333621103008,0.00112799051669456
12.865,0.00376872121873138,-0.00332961083924661,0.00211669809496711
12.87,0.00486758946655967,-0.00425890978833585,0.00265575619756582
12.875,0.00499250999184896,-0.00433816017548328,0.00264212967879434
12.88,0.00408403917706764,-0.00355076175189473,0.00205886667206899
12.885,0.00229728651562045,-0.00202673524944966,0.00103442546158489
12.89,-1.79107250603773e-05,-2.75778437892496e-05,-0.000206486887339439
12.895,-0.00239771726703689,0.00203519225562543,-0.00141447594771206
12.9,-0.00433156782704451,0.00371902526827413,-0.00232928128098316
12.905,-0.00540939325440699,0.00469814821331291,-0.00274272058611524
12.91,-0.00537239499520439,0.00472886506699182,-0.00256916513378717
12.915,-0.00419864010186262,0.0037574208710848,-0.00184950407859275
12.92,-0.00209866820352217,0.00198102844169838,-0.000714662053757691
12.925,0.000503316444748419,-0.000248051438251674,0.000593054215716601
12.93,0.00307084498756011,-0.00250337753407901,0.00178306311962188
12.935,0.00505495384917278,-0.00429477403781331,0.00261327008575425
12.94,0.00602159279428633,-0.00522054417831328,0.00289898991006834
12.945,0.00573329805401283,-0.00509315311771478,0.00257006455701053
12.95,0.0042311215197698,-0.00390611121052086,0.00169058641178302
12.955,0.00179711677521536,-0.00187052735046064,0.000445028794531166
12.96,-0.00106968885366191,0.000594931344050894,-0.000913292096792376
12.965,-0.00376043941079192,0.0029762178663463,-0.00210518513841661
12.97,-0.00572195595107557,0.00479810087690737,-0.00286379987647229
12.975,-0.00652055387746989,0.00566899510310823,-0.00303803859489265
12.98,-0.00597458623970877,0.00537574403935493,-0.00258732936935464
12.985,-0.00418087956435815,0.00398632606694084,-0.00159076116915066
12.99,-0.00150837159497213,0.00176961415165275,-0.000257826273753226
12.995,0.00150052467514597,-0.000843094213581911,0.00113644314368733
13,0.00422769002890554,-0.00330978972334913,0.00230905945863014
13.005,0.00610875465603095,-0.00511298668255007,0.00301718744133665
13.01,0.00674528264912098,-0.00591338578691732,0.00310777621414893
13.015,0.00602547024948884,-0.00553898511234818,0.00257265783314051
13.02,0.00408962827118588,-0.00405410017984361,0.00152918211454715
13.025,0.00133584618253243,-0.00177719084884197,0.000177086191584064
13.03,-0.00166591714963447,0.000830562892136014,-0.00119409460840671
13.035,-0.00431207093925629,0.00326775254953822,-0.00231535540954176
13.04,-0.006074891398964,0.00505067419271598,-0.00297222122174425
13.045,-0.00661135862771592,0.00583593051126737,-0.0030293124190125
13.05,-0.00584944604124359,0.00550224313840288,-0.00249949024762526
13.055,-0.00396539763537962,0.00412410183476912,-0.00149682066508887
13.06,-0.00135313261510436,0.00199474379865754,-0.000227096641747794
13.065,0.00144372825006737,-0.000466989934103124,0.00106156620372506
13.07,0.0038742630480215,-0.00278303127146791,0.0021057887898875
13.075,0.00549768713628312,-0.00453953510352307,0.00272492930154646
13.08,0.00603399021108859,-0.00541152655555384,0.00281547812193358
13.085,0.00542082145856211,-0.00529406585340204,0.00236707907620907
13.09,0.00384358811712309,-0.00423667123960447,0.00150699608529029
13.095,0.00164192438529721,-0.00247047309786678,0.000408364925874451
13.1,-0.000747864547066953,-0.000337010908376527,-0.00072236833767956
13.105,-0.00287514585974068,0.001773490265768,-0.00166363063885755
13.11,-0.00438381199060896,0.00350321306470038,-0.00226033097389562
13.115,-0.00504655693573058,0.00458832342944992,-0.00243119249155104
13.12,-0.00480583674667474,0.00488143982781102,-0.00217747620302912
13.125,-0.00378688384522082,0.00437739313595184,-0.00155923173678324
13.13,-0.00222046471448286,0.0031991813755122,-0.000725769102035893
13.135,-0.000408391283468766,0.00156293406579787,0.000170763199180885
13.14,0.00134164527038355,-0.000269829776947552,0.000995646431505669
13.145,0.00276329435722805,-0.00201637032680973,0.00160864366893135
13.15,0.00368276759081191,-0.00343014580140576,0.00193444829176693
13.155,0.00403108756958147,-0.0043338796151378,0.00195560684126187
13.16,0.00380908939833806,-0.00459049897105651,0.00169010482696638
13.165,0.0030846842209687,-0.00417863090166016,0.00119803821825282
13.17,0.00199115541789042,-0.00315865026400971,0.000556678356153651
13.175,0.000669936777057984,-0.00164634052485115,-0.000129679614717784
13.18,-0.000745595354509366,0.00016484874726315,-0.000791394647561856
13.185,-0.00208387142598296,0.00201123825700606,-0.00133740796566295
13.19,-0.00320442304078309,0.00365298617784795,-0.00170870981747897
13.195,-0.00395543253624446,0.00483138185587927,-0.00186272651694833
13.2,-0.00421609790414205,0.00531402948057464,-0.00177688334372934
13.205,-0.00389817263880072,0.00497426256543723,-0.00144398252465515
13.21,-0.00297875607190058,0.00380561780592412,-0.000880160930909172
13.215,-0.00150087296077223,0.00190913225807754,-0.000143552315016024
13.22,0.000366660503853123,-0.000468708250201241,0.000675146588693159
13.225,0.00236971648409291,-0.00295473267781296,0.00146856987974614
13.23,0.00419558794075297,-0.00511926008657929,0.00210606870164672
13.235,0.0055007904728582,-0.00654998030822838,0.00245813308875966
13.24,0.00597132572551381,-0.00691742642128469,0.00243256462763784
13.245,0.00541633669549312,-0.00604564788964089,0.00197976825612439
13.25,0.00381532611035925,-0.00400939791580831,0.00113601136190609
13.255,0.00134178537604902,-0.00107933594343883,4.08593003132825e-06
13.26,-0.00161829539792612,0.00226547424051993,-0.00123125897205555
13.265,-0.00454689351030136,0.00541639239936468,-0.00235974398643689
13.27,-0.00686830412705777,0.00773925167632814,-0.00315543206550894
13.275,-0.00806144080173617,0.00875506834739241,-0.00343239013906788
13.28,-0.00778931110937867,0.00815893917183291,-0.00308441573655434
13.285,-0.00598356438098171,0.00595332921132432,-0.00212584489910902
13.29,-0.00287685566713046,0.0024825258205845,-0.000687034743297203
13.295,0.00100803747968126,-0.00165404900538656,0.000995590425162939
13.3,0.00494848237522011,-0.00569973058400389,0.00261329445712086
13.305,0.00815828551408047,-0.00883082179453791,0.0038331182622909
13.31,0.00995107978255727,-0.0103806626534206,0.00440079928145836
13.315,0.00988012678299151,-0.0099808356594882,0.00414437019694439
13.32,0.00784553366939108,-0.00761107105452076,0.00306076532808044
13.325,0.00414893822102945,-0.00364884565557992,0.00132357655570513
13.33,-0.000538753413666015,0.00117067059886601,-0.000766260451178416
13.335,-0.00533859758661281,0.00592796835962278,-0.00281576715918664
13.34,-0.00927933850260662,0.00967455352267104,-0.00441362272829539
13.345,-0.0115312902219672,0.0116298639474068,-0.00521523987143776
13.35,-0.0115629441358662,0.0113437032209725,-0.00503562289358091
13.355,-0.00929205616290353,0.00881796057138283,-0.00386176507478964
13.36,-0.00509248064056696,0.00449123864677831,-0.00187824691434772
13.365,0.000249240099012941,-0.000820600203906898,0.000537057028163297
13.37,0.00568560435651995,-0.00608311459194095,0.00293111412700023
13.375,0.010125551515307,-0.0102329087862831,0.00482946649631243
13.38,0.0126416422918728,-0.0124346530811132,0.00584001777761021
13.385,0.0126862438090448,-0.0122108022144049,0.00572991423201548
13.39,0.0102085354287539,-0.00956797978223283,0.00448920884849739
13.395,0.00565217722330731,-0.00500779303461833,0.00234839938704818
13.4,-9.75813064897182e-05,0.000584925002323049,-0.000303779446716119
13.405,-0.00589577097727926,0.00610492774114029,-0.00294548744417573
13.41,-0.0105872941421299,0.0104464793096886,-0.00505150534388894
13.415,-0.0132164543170741,0.0127375440461717,-0.00620370130422115
13.42,-0.0132302279104806,0.0125203359436711,-0.0061532291764447
13.425,-0.0106227215681213,0.00982142241325856,-0.00490028737375467
13.43,-0.00588885609860857,0.00519359379029806,-0.00267415645240534
13.435,2.67576981706639e-05,-0.000447236736402855,8.00181816884589e-05
13.44,0.00593592418024696,-0.00598321188571081,0.0028329035783214
13.445,0.0106539892490965,-0.0102988888458063,0.00505403826065146
13.45,0.0132477460502481,-0.0125492705514957,0.00628881668828264
13.455,0.0132032579715723,-0.0123238382130117,0.00630262641219361
13.46,0.0105372641372474,-0.00967417541313647,0.00509499752048903
13.465,0.00581661749472023,-0.00515121749845783,0.00290543750279985
13.47,-8.17603211055501e-06,0.000314279482024412,0.000162801285318654
13.475,-0.00576287087432283,0.0056307910370857,-0.00260114823767263
13.48,-0.0103038666763703,0.00977054315645304,-0.00482915730666532
13.485,-0.012746071796743,0.0119140168540334,-0.00611445801770998
13.49,-0.0126475750937728,0.0116853719768913,-0.00620189107488062
13.495,-0.0100686279730898,0.00918718662317755,-0.00508531609020047
13.5,-0.00556841083551083,0.00495689626303692,-0.00300716376673517
13.505,-6.93188906526149e-05,-0.000150154682460431,-0.000385973426004982
13.51,0.00531512236564223,-0.00508584698933408,0.00226716674926175
13.515,0.00953494741082514,-0.00890350368448482,0.00444050037621317
13.52,0.0117979958914417,-0.010902701008769,0.00571131684245167
13.525,0.0117097436566251,-0.0107371938307143,0.00587005789708776
13.53,0.00935251342020899,-0.00849995739462212,0.00490982974012194
13.535,0.00525349445449532,-0.00472058132552041,0.00303005683386954
13.54,0.000263585707813691,-0.000168127885100871,0.000627145992757206
13.545,-0.00460806096568814,0.00427131069066315,-0.00182858269031925
13.55,-0.00843782672325292,0.00773381167444815,-0.00387425169293922
13.555,-0.0105148660822408,0.00958259988489744,-0.00513435167829635
13.56,-0.0105112692627028,0.00956579929583119,-0.0053947880225821
13.565,-0.00850623884703859,0.00775037575765726,-0.00462478187218284
13.57,-0.00497448712892951,0.0045424652790094,-0.00302028177600271
13.575,-0.000646660468576923,0.000628653947171815,-0.000902869261344146
13.58,0.00361261979721766,-0.00322042939194915,0.00131717258909531
13.585,0.00702031912514757,-0.00632451691930422,0.00321583285095326
13.59,0.00897625901620306,-0.00811720088431608,0.0044563077663185
13.595,0.00918169455122487,-0.00833274891164136,0.00483705006284582
13.6,0.0076897509883403,-0.00703625155173611,0.00431622620508734
13.605,0.00486951497519709,-0.00453377654429033,0.00301974171977933
13.61,0.00129389743806276,-0.00132527946481759,0.00122935395629153
13.615,-0.00235834293629138,0.00195507105037197,-0.000714392578561378
13.62,-0.00540058157369728,0.00472438859588991,-0.00246982467157431
13.625,-0.00734024988734358,0.00654086559086825,-0.0037150980422131
13.63,-0.0078953745983138,0.00713191988389127,-0.0042528424558819
13.635,-0.00703771802741416,0.00645510646207079,-0.0040245135913778
13.64,-0.00499243176270002,0.00470753479932121,-0.00308815650962844
13.645,-0.00219191740158229,0.00224799952200796,-0.00164284287484577
13.65,0.000860932521999923,-0.000503905767282235,4.59920574685867e-05
13.655,0.00363769760220807,-0.00306305675674333,0.00167603542486111
13.66,0.00568667848885867,-0.00501163519693164,0.00297887453117328
13.665,0.00671406274464136,-0.00607794291516116,0.00373385254930081
13.67,0.00660304298188068,-0.00612462759142588,0.00382010875314509
13.675,0.00541121135083082,-0.0051545226057029,0.00326053278159548
13.68,0.00337484782010317,-0.00337154765437194,0.00215107990496416
13.685,0.000837762371692723,-0.00107369584431281,0.000690083478882195
13.69,-0.00179970361250282,0.00138233234801515,-0.000867309131183877
13.695,-0.00411953980339892,0.00360422593082572,-0.00226427291411726
13.7,-0.00575908549746548,0.00523600549275496,-0.00327330636921302
13.705,-0.00647420486210234,0.00603195249415883,-0.00372089038881087
13.71,-0.00614956769654649,0.00584270337683303,-0.00353839144099139
13.715,-0.00481364116334851,0.00467623824472793,-0.00275235787983922
13.72,-0.00265846549004186,0.00270184069498838,-0.00149123994423312
13.725,-2.17743085476014e-05,0.000213411466296453,4.83374705596388e-05
13.73,0.00270012751822806,-0.00240362357791485,0.00160518522288913
13.735,0.0050587763239062,-0.00469563436605097,0.00291815089255001
13.74,0.00663879237244558,-0.00626358444724086,0.00375288451082372
13.745,0.00714507600693127,-0.00679766964979116,0.00394754832968708
13.75,0.00643253723431546,-0.00614210616771535,0.00345853944822815
13.755,0.00454949489795003,-0.0043405273855145,0.00233767303106854
13.76,0.00177169819162833,-0.00167166457765374,0.000766506010798495
13.765,-0.00147106373929973,0.00144473930645542,-0.00100231652332424
13.77,-0.00462482276342642,0.00445060813882222,-0.00264885529150357
13.775,-0.00709461345493285,0.00678421514490963,-0.00387795817309573
13.78,-0.00838467478933234,0.00795551094959331,-0.00444502177565609
13.785,-0.00819586671220588,0.00768753224554862,-0.0042137555051416
13.79,-0.0064522010398516,0.00593229689745587,-0.00320398689949756
13.795,-0.00339045583033469,0.00294386178776444,-0.00155443581042825
13.8,0.000472430608476751,-0.000763083640129651,0.000457494750372901
13.805,0.00444764165623799,-0.00451183645272403,0.00246484860618224
13.81,0.00777906665486777,-0.00758556440258474,0.00408882631040544
13.815,0.00977984248661585,-0.00932009313734001,0.00501004231316324
13.82,0.00998838551205423,-0.00930016752591001,0.00502198661811444
13.825,0.00826815280975143,-0.00746778046379971,0.00407047750868267
13.83,0.00485326164071943,-0.00406070182212201,0.00230559952935906
13.835,0.000324467069112652,0.000323751723348159,3.42813112513652e-05
13.84,-0.00447325253566557,0.00482503682543518,-0.00234334118114171
13.845,-0.0086118676006961,0.00857225567307135,-0.00435681929777891
13.85,-0.0112458963707146,0.010791564021085,-0.00559491682509535
13.855,-0.0117722869986659,0.0109341495521807,-0.00580189786487163
13.86,-0.00998973199978638,0.0088906926065105,-0.0048980171678661
13.865,-0.00616128264786666,0.00500458301375344,-0.00299868482701312
13.87,-0.000957956389092235,-5.87296797604155e-05,-0.000452205031310403
13.875,0.00464188126687958,-0.00531624665758897,0.00226159215725452
13.88,0.00952479950104596,-0.00969920650663423,0.00463554791377704
13.885,0.012692417035792,-0.0123076286855904,0.00618009382843295
13.89,0.0134541515943737,-0.0125539588991388,0.00655844940137291
13.895,0.0115609411750748,-0.0102810795912304,0.0056707117124496
13.9,0.00730153591036749,-0.0058600536726888,0.00365291602418754
13.905,0.00146162006046836,-0.00012589270002386,0.000849143379092356
13.91,-0.00485372401794307,0.00583304716865274,-0.00220388767266138
13.915,-0.0104001085617076,0.0108226533789636,-0.00489996711152876
13.92,-0.0140354342718134,0.0137959354890073,-0.00670913443841641
13.925,-0.0149890671611162,0.0140879482239455,-0.00725425189717896
13.93,-0.0129922075056126,0.0115844543133123,-0.00638595951813912
13.935,-0.00835817964949969,0.00668351930990768,-0.00423436431503674
13.94,-0.0019457957690301,0.000307170391415669,-0.00121519592228634
13.945,0.0050116727495929,-0.00629790243198138,0.00212795621420595
13.95,0.0111407831265582,-0.0118202539856401,0.00512803908821967
13.955,0.0152121530244762,-0.0151462273380688,0.00717664326529704
13.96,0.0163564467447176,-0.0155327951186461,0.00786997275342193
13.965,0.0142889019669693,-0.0128433670410205,0.00704270910833721
13.97,0.00935822431808695,-0.00755881267176526,0.00481074996717145
13.975,0.00248185914003091,-0.000656684442170975,0.00159060656109273
13.98,-0.00502611687459036,0.00652973692313445,-0.00199810441487559
13.985,-0.0116696916180659,0.0125686138392581,-0.00526438201945888
13.99,-0.0161405720544368,0.0162536874991962,-0.00756500987940994
13.995,-0.0175205598490344,0.0168142472461061,-0.00842078381330972
14,-0.0154842933497148,0.0140718262563832,-0.00764957220659323
14.005,-0.0103857157124863,0.00852554004807395,-0.00537463762785628
14.01,-0.00317673482777005,0.00121947513689358,-0.00200611149746277
14.015,0.00475838447563768,-0.00644667502008885,0.00180526436470687
14.02,0.0118740613465059,-0.012974390801657,0.00532395521933724
14.025,0.0167734807052508,-0.0170735973431739,0.0078561051221792
14.03,0.0184821514168907,-0.0179091527581681,0.0089067833030994
14.035,0.0166211169551444,-0.0152837743168104,0.00823741737893127
14.04,0.0115119683115278,-0.0096685568896578,0.00596323292918026
14.045,0.0041136350176864,-0.00211580995127378,0.0025057603844829
14.05,-0.00416344850763884,0.00593016745121293,-0.00149200152323616
14.055,-0.0117237147096011,0.0129217349415584,-0.00524931312099538
14.06,-0.0171078693023655,0.017507425458698,-0.00804240633750538
14.065,-0.0192530769231406,0.018775670782859,-0.00931770238851652
14.07,-0.0177219271075648,0.0164618551167148,-0.00881819264823467
14.075,-0.0127786430161183,0.0109872597371626,-0.00661314427718187
14.08,-0.00534651670383069,0.00336604286527678,-0.0031066743147175
14.085,0.0031743451034945,-0.00495732021750364,0.00103810570998336
14.09,0.0111624105285521,-0.0123954612616004,0.00504056784569008
14.095,0.0170914862804737,-0.0175513236671384,0.00811901532106655
14.1,0.0198219780375329,-0.0194222814773922,0.00967905736273085
14.105,0.0188125909038633,-0.0176242517267045,0.00941131641682164
14.11,0.0142312370118059,-0.0124993353092005,0.00734116738808532
14.115,0.00690914571070895,-0.00499792021498375,0.00384272958412234
14.12,-0.00177392762655246,0.00349380783194604,-0.000429391227931265
14.125,-0.0101907924022617,0.011376634922151,-0.00466786473415332
14.13,-0.0167566032425355,0.0171674745598041,-0.00806269173912588
14.135,-0.0202257786684005,0.0197863680018449,-0.00996739301811525
14.14,-0.0199145087339843,0.0187220978442759,-0.00999902431463613
14.145,-0.0158553259105935,0.0141623677230299,-0.00813779338213073
14.15,-0.0087897094943906,0.00694687057981938,-0.00471041698811961
14.155,-1.72691648039668e-05,-0.00159547226069772,-0.000345825242377003
14.16,0.0088334597872212,-0.00989460463233092,0.00413394980792097
14.165,0.016110025210155,-0.0164076558537596,0.00788059743448947
14.17,0.020429590833898,-0.0199136152279096,0.0101860491582826
14.175,0.0209716500051667,-0.0197565354720512,0.0106000196246453
14.18,0.0176018375269454,-0.0159564189954816,0.00900734038490217
14.185,0.0109197309675552,-0.00918087940836663,0.00569853831562187
14.19,0.00213360730125394,-0.00067106419830284,0.00128168914729262
14.195,-0.00712895628883408,0.00800570374871805,-0.0034419956594136
14.2,-0.0151544178710449,0.0152660463613377,-0.00756785581463642
14.205,-0.020435013487511,0.019776706826652,-0.0103047566456569
14.21,-0.0219614796000108,0.0206586709513757,-0.0111476046972998
14.215,-0.0194149176095319,0.0177494695511275,-0.00989998423437789
14.22,-0.0132245605500304,0.0115723822925117,-0.00675819417400929
14.225,-0.00450136305673154,0.00321196697986877,-0.00231895804667269
14.23,0.00515236320175729,-0.00581396149469416,0.00260238758887987
14.235,0.0139413407384392,-0.0138218510877041,0.0071075375525912
14.24,0.0202274078696826,-0.0193617152521273,0.010318859368939
14.245,0.0228110664595919,-0.0214019166327417,0.0116114840582282
14.25,0.0211622660661038,-0.0195124650143125,0.0107570309168815
14.255,0.0155471084999666,-0.0140162866272279,0.00786592648480178
14.26,0.00697762620393111,-0.00591280834581747,0.00344952022418675
14.265,-0.00298576080628132,0.00335790762208562,-0.00165236341925303
14.27,-0.0124964325757738,0.012100689924955,-0.0064876681269338
14.275,-0.0197667090758882,0.0186841526547978,-0.010165884088958
14.28,-0.0234181761511152,0.0218814676304776,-0.0119580256627702
14.285,-0.0227323479015081,0.0210870253025711,-0.0115120684995432
14.29,-0.0177896174373006,0.0163833837536324,-0.00890466759109641
14.295,-0.00946425802437786,0.00861265959631105,-0.00459760652758099
14.3,0.000708092106725941,-0.000804783591769651,0.000624685725539979
14.305,0.0108345710496867,-0.0101597615550745,0.00575942676474111
14.31,0.0190285877739362,-0.0177340881096364,0.00984241464464475
14.315,0.0237246294577349,-0.0220788996504415,0.0121149160075358
14.32,0.0240024767881176,-0.0223693237722236,0.0121222548202186
14.325,0.0197825202342891,-0.0185372827730742,0.00984135269184396
14.33,0.0118192546569179,-0.0112368052255588,0.00569795769214358
14.335,0.00157356016196885,-0.00178603999860755,0.000464582559546644
14.34,-0.00902959154443629,0.00805274348282633,-0.00489137590181745
14.345,-0.0179979474822582,0.0164670412806252,-0.00934574744794785
14.35,-0.0236384662312126,0.0218948025705509,-0.0120526954467882
14.355,-0.0248594068324272,0.0232743429142026,-0.0125105092413287
14.36,-0.0214085460737767,0.0203286231689815,-0.0106100788185228
14.365,-0.0139257821269173,0.0136009500921118,-0.00669958796775212
14.37,-0.00379218071579844,0.00429775047509989,-0.00152704850226464
14.375,0.00708962316491225,-0.00585422560713396,0.00394040432515975
14.38,0.0166584188312153,-0.0149545247135319,0.00867084382771058
14.385,0.0231089909688777,-0.0213025980153202,0.0117694660374612
14.39,0.0252267197343117,-0.0237069601022284,0.0126461673203848
14.395,0.0225889382561351,-0.021690718352316,0.0111481680495848
14.4,0.0157008686011845,-0.0156231061728377,0.00755342774367754
14.405,0.00585730899553517,-0.00663656241542637,0.00254484157323221
14.41,-0.0050821302345051,0.00360044972214253,-0.00292412879084623
14.415,-0.01504856654312,0.0131724099220116,-0.00781820134153821
14.42,-0.0221552024565454,0.0202883357395555,-0.0112263644629497
14.425,-0.0250730295852853,0.0235976366093343,-0.0125043282165347
14.43,-0.0232668888578086,0.0225042536692359,-0.0114274162596533
14.435,-0.0170830115640789,0.0172006341193945,-0.00821051559541849
14.44,-0.00771398295457909,0.00869155630860861,-0.00347684552203599
14.445,0.00305433234543883,-0.00141325701611183,0.00188144400841738
14.45,0.0131859567934357,-0.0112173602619418,0.00683756800136636
14.455,0.0207760073862927,-0.0188947407680299,0.0104656030667792
14.46,0.0244020108668141,-0.0229899361722161,0.0121065465797777
14.465,0.0234184786669783,-0.0227589008244913,0.0114592208381671
14.47,0.0180460589345311,-0.0182844128996504,0.00866906556539748
14.475,0.00932335077913237,-0.0104124285042103,0.00428945920815192
14.48,-0.00106588424509694,-0.000651747346621788,-0.000839960283668899
14.485,-0.0111499741638284,0.00914715065790669,-0.00575750849565287
14.49,-0.0190423700171126,0.0171524437717099,-0.00952560323691285
14.495,-0.0232813747913844,0.0218784793128286,-0.0114699529315805
14.5,-0.0231006473796255,0.0224528295120477,-0.0112502489091541
14.505,-0.0185955381415669,0.0188272320959812,-0.00892624005572919
14.51,-0.0106675577985719,0.0117245194993155,-0.00496712038199699
14.515,-0.00083726787979502,0.00250315854873322,-0.000151872514502135
14.52,0.00901663833102771,-0.00707332924944773,0.00462609190974574
14.525,0.0170471178562952,-0.0151971683646701,0.00847004473087534
14.53,0.0217754233775893,-0.0203740670419036,0.0106681672385236
14.535,0.0223675849780251,-0.0216747600045909,0.0108500493872726
14.54,0.0187677355010803,-0.0188906809289255,0.00901415778923644
14.545,0.0117266728079739,-0.012624062107664,0.00552711952961531
14.55,0.00260294526223842,-0.0041001918751609,0.00107671463132484
14.555,-0.00686104163369596,0.00505701216986585,-0.0034907187686878
14.56,-0.0148878582982448,0.0131196705602706,-0.00733211667035309
14.565,-0.0200090485522606,0.0185799573029337,-0.00974630015471243
14.57,-0.0213195537828014,0.0204715125902389,-0.0103054737190102
14.575,-0.0186378995391563,0.0185115896186056,-0.00894632909010958
14.58,-0.0125367819801292,0.0131189195804725,-0.00595980122010924
14.585,-0.00421566543300991,0.00537430404923334,-0.00192647472820668
14.59,0.00474421242888996,-0.00321321203817011,0.00238972714699163
14.595,0.0126585011275464,-0.0110352293641701,0.0061819529165599
14.6,0.018076725050746,-0.0166524506343099,0.00875700992256371
14.605,0.0200397301029178,-0.0190261858530152,0.00967745985091677
14.61,0.0182561766227357,-0.0178015277481802,0.00879422317106762
14.615,0.0131208876127207,-0.0132946350777692,0.00630238493521685
14.62,0.00565257583833279,-0.00638503983432237,0.00270399035126675
14.625,-0.0027217529669035,0.00156926672596017,-0.00132393354961726
14.63,-0.0104308187551449,0.00904126319672391,-0.00503815018912068
14.635,-0.0160639003265237,0.0146711566835356,-0.00775589086910218
14.64,-0.0186226425989518,0.0174458769317004,-0.00899453019795571
14.645,-0.0176990734883241,0.0168854889147128,-0.00856572020021067
14.65,-0.0135246727388476,0.0131948053795074,-0.00657413781838181
14.655,-0.00693383407273353,0.00713718478935271,-0.00340526155057258
14.66,0.000810167323336468,-0.000123910721224398,0.000322068363897358
14.665,0.00824984592620135,-0.00720566751524782,0.00392555741821194
14.67,0.0140342312851641,-0.0127758341869347,0.00675833511947812
14.675,0.0171279455600868,-0.0158415316142162,0.00830487486650263
14.68,0.0170115037630194,-0.0159098531539643,0.00830643825294602
14.685,0.0137693919276074,-0.0130040648135413,0.0067973928118103
14.69,0.00806049608892363,-0.00774238214534581,0.00407235472916177
14.695,0.000978837695470266,-0.00117061530737349,0.000641764526447782
14.7,-0.00614674174144076,0.00548186011928358,-0.00284882086360482
14.705,-0.0120208816812424,0.0109903614588016,-0.0057682447980962
14.71,-0.0155872988413682,0.0143251462638251,-0.00759801946320892
14.715,-0.01623584569929,0.0149404411386745,-0.00801757665276258
14.72,-0.0139100746087814,0.0127886573524264,-0.00696842385986499
14.725,-0.00908239224301082,0.00829941691871939,-0.00467012272502803
14.73,-0.0026776393607407,0.00235955672655842,-0.00155415541880617
14.735,0.00410894311720237,-0.00388966687878067,0.00180753612610179
14.74,0.0100268540754543,-0.00931629595737064,0.00479613264381841
14.745,0.0140262106675191,-0.0129356536927139,0.00687844084771084
14.75,0.0154063001235116,-0.0140984510695107,0.00768947429308563
14.755,0.0139547364625565,-0.0126525741333629,0.00709868302747404
14.76,0.00999439847644079,-0.0089161654434007,0.00522858819569011
14.765,0.00427903150878751,-0.00359272376549979,0.00242831588728843
14.77,-0.00213072687269451,0.00231676371711993,-0.00077514036743789
14.775,-0.00805361616842133,0.00771506760412158,-0.00381046130641783
14.78,-0.0124324665820519,0.0116317542699449,-0.00612778054889967
14.785,-0.0145047764889239,0.0133831686696664,-0.00731593323696404
14.79,-0.0139223136176718,0.012663417848845,-0.00716056377540676
14.795,-0.0108295726845915,0.0096428519662084,-0.00571762464296035
14.8,-0.00582094356717137,0.00489427512360272,-0.00325504503066977
14.805,0.000175166258189526,-0.00070257248877867,-0.000214888342864262
14.81,0.00607086328823397,-0.00613733452697942,0.00283042030422816
14.815,0.0108081568494546,-0.0104132078098345,0.00533964911036996
14.82,0.0135419242876795,-0.0127745188690353,0.00687765721423554
14.825,0.0138095421822084,-0.0128138723854235,0.00715396911421436
14.83,0.0115857002403241,-0.0105371630883474,0.00613084200035258
14.835,0.00729083519234082,-0.00635447506722406,0.0040206485466677
14.84,0.00172588601920676,-0.00103337118075286,0.00119765509965581
14.845,-0.00410542810638372,0.00445926027471328,-0.00183967854863831
14.85,-0.00915328316249314,0.0091535818800103,-0.00451783419342206
14.855,-0.0125148989846848,0.0121952916714811,-0.00635783315038734
14.86,-0.0136025577222094,0.0130405339069762,-0.00705534524688084
14.865,-0.012242857968729,0.0115315999598711,-0.00646099971121888
14.87,-0.00868221653800037,0.00794357188911415,-0.00469761466084811
14.875,-0.00358168526540636,0.00290446814796838,-0.00209946243402662
14.88,0.00213560989127622,-0.00268183343621598,0.000869663884397567
14.885,0.00745004404560513,-0.00781170072005966,0.00367759564634906
14.89,0.0114089908179892,-0.0115642422266377,0.00579678606278149
14.895,0.0133001006275524,-0.0132600300027888,0.0068513695910976
14.9,0.0127879859833691,-0.0125746236230006,0.00666975399618951
14.905,0.00997202045383733,-0.00961149176747499,0.00527255717398032
14.91,0.00536082351232167,-0.00490011389151679,0.00291430909896922
14.915,-0.000216927806209796,0.000736499482866552,4.48442920467945e-05
14.92,-0.00575267045041127,0.00629613672598086,-0.00282331289365041
14.925,-0.0102519525925103,0.0107617996148759,-0.0051730845018864
14.93,-0.0128898459507454,0.0133232631544121,-0.00656566587864671
14.935,-0.0131938114836027,0.0135096575674143,-0.00675282572527918
14.94,-0.0111092063892233,0.011246665935228,-0.00570764457684823
14.945,-0.00700939314292185,0.00691948894966844,-0.0036218099267149
14.95,-0.001622648821281,0.00130485872437697,-0.000870570507002168
14.955,0.00406664969270638,-0.00460769659266162,0.00202858361905438
14.96,0.00902300275328604,-0.00974693279423958,0.00454338097134558
14.965,0.0123507513145609,-0.0131648689421243,0.00622231452193338
14.97,0.0134308200281627,-0.014220399605465,0.00674299732134358
14.975,0.012062298243649,-0.0127104227634924,0.00601823520952881
14.98,0.00848014911032067,-0.0088723561425852,0.00418830168022579
14.985,0.003335227030916,-0.0033893565999701,0.00158753668735591
14.99,-0.0024426586929098,0.00276041147155793,-0.00130083363110293
14.995,-0.00778017896228542,0.00844907682033654,-0.00393718427355366
15,-0.011713731647751,0.0126463747288534,-0.00583389825059391
15.005,-0.0134960878020719,0.0145679848597811,-0.00664212783250508
15.01,-0.0127952040247968,0.0138437643914585,-0.00620956152399721
15.015,-0.00973211769300541,0.0105870448052795,-0.00461946570437077
15.02,-0.00486636187520808,0.00537807947855466,-0.00217416181356327
15.025,0.000915592863633884,-0.000843930424637315,0.000674418522104145
15.03,0.00653689299351904,-0.00694171231132735,0.00339006356903168
15.035,0.0109582841919817,-0.0117910962609666,0.00545697913143004
15.04,0.0133602503126741,-0.0145013745948092,0.0064942605999059
15.045,0.0132849130165896,-0.0145612929709286,0.00630840223895934
15.05,0.0107388501958456,-0.011950861852877,0.0049376929711293
15.055,0.00618886843690067,-0.00714801836473851,0.0026333395836692
15.06,0.000485894084278277,-0.00102984404582075,-0.000150742485202238
15.065,-0.00531674153695553,0.00527981027796592,-0.00289594126139198
15.07,-0.0101340357449725,0.0106140962300772,-0.00508890767657951
15.075,-0.0130560446792402,0.0139848435380871,-0.00630326849418965
15.08,-0.0135429542976843,0.0147803800669678,-0.00632191953136333
15.085,-0.011493697129471,0.0128516022457851,-0.00514859878612066
15.09,-0.00728765314101978,0.00856221689865993,-0.00299577617253717
15.095,-0.00172903373852516,0.0027105982790019,-0.000284545525066453
15.1,0.00414520557271209,-0.0036179860641107,0.00246671506841319
15.105,0.00924358218098197,-0.00924727655113177,0.00473837738600426
15.11,0.0125887735093386,-0.0131333219824578,0.00610874630794135
15.115,0.0135584792245024,-0.0145682602722385,0.00630311242856802
15.12,0.0119865876835589,-0.0133010833817187,0.00529835285847795
15.125,0.00815969634135482,-0.00957213323573853,0.00329699466294316
15.13,0.00280740093412429,-0.00410440624221835,0.000664104570834171
15.135,-0.00305317514048874,0.00207618007135182,-0.00207707045551937
15.14,-0.00832217289442326,0.00781933980046283,-0.00440574752142701
15.145,-0.0120030980368117,0.0120510101535693,-0.00589125807555009
15.15,-0.0134008644371049,0.0139897203978433,-0.00624543152533054
15.155,-0.0122677765338799,0.0133077151938045,-0.00540311781406816
15.16,-0.00882441225617276,0.0101493191590906,-0.00353565258460498
15.165,-0.00371926631458115,0.00512572117996935,-0.00101274154029048
15.17,0.00206205101445483,-0.000799727951681399,0.00170365900266772
15.175,0.00741864677763896,-0.00650032224836435,0.00407803396691207
15.18,0.0113473000904709,-0.0109203591057018,0.00565955947920115
15.185,0.0131026827277126,-0.013238149895009,0.00616350861043164
15.19,0.0123647946489706,-0.0130265969143517,0.0054911709380676
15.195,0.00928272814169116,-0.0103609794994225,0.00377600888666714
15.2,0.00446180246781841,-0.00578734014866918,0.00135189530718117
15.205,-0.00118421530951629,-0.000162398035098878,-0.00131686768908464
15.21,-0.00656925259117411,0.00542503882982696,-0.00371716111493013
15.215,-0.0106701706792426,0.00989767807964619,-0.0054044158225802
15.22,-0.0127242708776372,0.0124359308404916,-0.00604779126982483
15.225,-0.0123472244210324,0.0125793214692019,-0.00554347615511335
15.23,-0.00961229456611181,0.0103004894463404,-0.0039883943769432
15.235,-0.00506682974328771,0.0060816282744483,-0.00168870419270579
15.24,0.000418882451294659,0.000754181563874445,0.000922008858604446
15.245,0.00580215461824959,-0.00466509192162497,0.0033406537465565
15.25,0.0100391072045483,-0.00913374582557563,0.00510360206918124
15.255,0.0123334281955055,-0.0117808956730409,0.00589976729540621
15.26,0.012258076427674,-0.0121216023519698,0.00557591421693001
15.265,0.00983218307769685,-0.0101253616740064,0.00419353959755218
15.27,0.00553119971087045,-0.00617242560405153,0.0020361125669377
15.275,0.000191762567908511,-0.0010486570952868,-0.000495463443295247
15.28,-0.00514930629882271,0.00422975893489565,-0.00291682179178779
15.285,-0.00948113601207434,0.00864487327537182,-0.00477423173414159
15.29,-0.0119674665523728,0.011354776391823,-0.00571416403625204
15.295,-0.0121363616144342,0.0118032911534175,-0.00557111801580232
15.3,-0.00997505602549098,0.00993330133866903,-0.00438197641841281
15.305,-0.00590006616318249,0.00612983229202502,-0.00236364718640054
15.31,-0.000701764674789383,0.00112600589932005,8.43873124737627e-05
15.315,0.00460527612000741,-0.00409439454911895,0.00249480453782055
15.32,0.00900896301144314,-0.00848024052010755,0.00442142885308613
15.325,0.0116600625531065,-0.0111828229980362,0.00550000349658198
15.33,0.0120386529012243,-0.0116802583070528,0.00553136562868177
15.335,0.0100919774274682,-0.00986403850135002,0.00451922416557471
15.34,0.00619217730709461,-0.00608337243520105,0.0026647890426505
15.345,0.0010969817265015,-0.00111346145744309,0.000321589413644672
15.35,-0.00419743825745735,0.00408592854491851,-0.00207101449745678
15.355,-0.00865926514743694,0.00849626365333602,-0.00404535876160807
15.36,-0.0114337030388329,0.0112252669147812,-0.00524427518668248
15.365,-0.0119714678141872,0.0117209300273813,-0.00545366795354569
15.37,-0.0101840437236835,0.00991646411477585,-0.00462095096892163
15.375,-0.00642008233831721,0.00613033995858291,-0.00291561915214559
15.38,-0.0014117760694568,0.00110694779001327,-0.000679543477030671
15.385,0.00386109167930712,-0.00414930883627717,0.00167462170806465
15.39,0.00836269927735064,-0.00860441955498771,0.00370364986216077
15.395,0.0112375163663031,-0.0113858521764035,0.00500384586397816
15.4,0.0119211080346181,-0.0119178182352253,0.00534978834114405
15.405,0.0102762852134405,-0.0100938821054102,0.00468300238121797
15.41,0.00663080184722158,-0.00628133679196375,0.00311786728173821
15.415,0.00169922505978111,-0.00121288236603552,0.000974253804263693
15.42,-0.00356047035260166,0.00412141032555159,-0.00133103902540824
15.425,-0.00812139399685076,0.00865459437541057,-0.00337547064095345
15.43,-0.0110873069474369,0.0114940445683065,-0.00476101316983213
15.435,-0.0118865853292884,0.0120973547738197,-0.00522909979285373
15.44,-0.0103678075136711,0.0103220969966437,-0.0046933442990266
15.445,-0.00682220843486955,0.00651621813100701,-0.0032701976814638
15.45,-0.00195191327022396,0.00143809983220397,-0.00122844520800485
15.455,0.00327865792417214,-0.00393209376149008,0.00104060970157501
15.46,0.007859077285726,-0.00854582568109046,0.00309044737979221
15.465,0.0108941150965736,-0.0114898584697609,0.00454212091224884
15.47,0.0117954084160063,-0.0121913054181938,0.00511074625768285
15.475,0.0104008764435315,-0.0105274912910712,0.00469891717588717
15.48,0.00698684703574698,-0.00681343057000989,0.00338226390086866
15.485,0.00222284571493244,-0.00179334069307632,0.00142449813831184
15.49,-0.00294800177204516,0.00356325068678547,-0.000789832348787003
15.495,-0.00752695902570772,0.00820400225098316,-0.0028436883536795
15.5,-0.0106303325667574,0.0112352958930894,-0.00433078754763166
15.505,-0.0116534209602349,0.0120755242345344,-0.00497562678869089
15.51,-0.0104011479496831,0.0105785874843779,-0.00465878982914594
15.515,-0.00714763571055194,0.00705624031842963,-0.00344518952371789
15.52,-0.00252006997815815,0.00219786503425249,-0.00157832354225268
15.525,0.00257397513808168,-0.00303581366641285,0.000583237685812433
15.53,0.00713088998698901,-0.00763910868696275,0.00261366744963677
15.535,0.010271294075976,-0.0107293259962547,0.00413003015202885
15.54,0.0114065556021737,-0.0117329215569192,0.00484092073918005
15.545,0.0103165041578056,-0.0104647957060783,0.00460926444808654
15.55,0.00723976898164797,-0.00721884615520075,0.00349431945880336
15.555,0.00279711478974139,-0.00263152377882848,0.00170297163976124
15.56,-0.00215193468736008,0.00240063534559894,-0.000402266057062206
15.565,-0.00663947617756651,0.00689907983989525,-0.00241022605787707
15.57,-0.00979737703705387,0.0100061552544999,-0.00394566845310137
15.575,-0.0110359247182698,0.0111524376319438,-0.00469662102618816
15.58,-0.0101405714129981,0.0101503987691533,-0.0045315502706018
15.585,-0.00729355571833253,0.00722207487892166,-0.0034853942991542
15.59,-0.00307172074495815,0.00297167716961697,-0.00177722341775011
15.595,0.00169331334733314,-0.00176837326996167,0.000270202336828776
15.6,0.0060823809938429,-0.00608499851970005,0.00223716649518641
15.605,0.00925074863681698,-0.00916095828265275,0.00375232516553737
15.61,0.010592128521923,-0.0104186279018644,0.00453057767620888
15.615,0.00987866049243478,-0.00967776565543888,0.00441853073926135
15.62,0.0072721238927932,-0.00710581227769993,0.00344399196221311
15.625,0.00328300410540249,-0.0032254189729607,0.00181684777960132
15.63,-0.00128125835884956,0.00118253002827606,-0.000147810534154303
15.635,-0.00553853884771897,0.00527267646468024,-0.0020688948761618
15.64,-0.00867143597101316,0.0082765707355192,-0.00356353826346363
15.645,-0.0100907910059746,0.00963124045745777,-0.00434117154267035
15.65,-0.00954603837402019,0.00911098607530622,-0.00427118422209151
15.655,-0.00716495194417392,0.00686718268498535,-0.00336083219063904
15.66,-0.00343441260523487,0.00335511106629799,-0.00179596743877003
15.665,0.000913610258325543,-0.000726817420803014,9.6584898848831e-05
15.67,0.00502630713569117,-0.00458670869925592,0.00194960017348744
15.675,0.00811164289979162,-0.00748330212817838,0.00340310347265471
15.68,0.00959281074798784,-0.00888296774918881,0.00416740302324759
15.685,0.00920081195736877,-0.00856182753542809,0.00409878742377803
15.69,0.00701752503816914,-0.00659327658266041,0.0032283384552982
15.695,0.00350418463270698,-0.00339862869467702,0.00172939724684935
15.7,-0.000648093120292972,0.000379538906455157,-0.000100984988496644
15.705,-0.00462932970272398,0.00401703512458349,-0.0018846679839342
15.71,-0.00765659923651637,0.0068252232359274,-0.00327455109455145
15.715,-0.00915885374236393,0.00825547012452064,-0.00400559543665723
15.72,-0.00886371407959475,0.00806969000212914,-0.00393177217082088
15.725,-0.00684061134397575,0.00633648102986228,-0.00306808065981208
15.73,-0.00349840066901481,0.00339669231904243,-0.00160577079215284
15.735,0.000485505724847337,-0.00015610236260605,0.000168834376317176
15.74,0.00433247611927228,-0.00362511594816695,0.00189612166822115
15.745,0.00730338818286091,-0.006341868652415,0.00322771593090233
15.75,0.00881551859755287,-0.00779841789449469,0.00390128042800231
15.755,0.00858648812668043,-0.00771417244747376,0.00378910472401114
15.76,0.00667320371586567,-0.00613123637635383,0.00291905668020731
15.765,0.00346419648493514,-0.00338600222745538,0.00146228309824977
15.77,-0.000400171593948597,-1.03892306377161e-05,-0.000273338588104328
15.775,-0.00416169862114962,0.00333378701766239,-0.00194126835390172
15.78,-0.00708552707568722,0.00598356066863492,-0.00321385865964027
15.785,-0.00858942256104309,0.00743990085576489,-0.00383934868780391
15.79,-0.00839049392037941,0.00744393726569267,-0.00368786534230672
15.795,-0.00654468448397118,0.00599031976498771,-0.00279481392246041
15.8,-0.00341910322378812,0.00337669234230801,-0.00135369491821695
15.805,0.00036441734583556,0.000138790880318657,0.00036548381644807
15.81,0.00405217706615471,-0.00310007830039867,0.00200747301165719
15.815,0.00691602908784112,-0.00571798449173741,0.00323682264652607
15.82,0.00841137807787208,-0.00718847672866482,0.00382949096211491
15.825,0.00823712679920089,-0.00724075348775549,0.00365446864108579
15.83,0.00644451156678979,-0.00589378717900452,0.0027424283528761
15.835,0.00340206699310425,-0.00340393357502744,0.00129358430514463
15.84,-0.000297757896669571,-0.000271675729122487,-0.000406495881046706
15.845,-0.00391544017369414,0.00287194859922318,-0.00202930799067617
15.85,-0.00674134111405691,0.00542163096271609,-0.00324353286084836
15.855,-0.008229855104558,0.00689182131927742,-0.00380823344342926
15.86,-0.00809184659406515,0.00699911815094144,-0.00362917403378891
15.865,-0.00636733564534101,0.00575004073076702,-0.00273583124760247
15.87,-0.00341383710715336,0.00340182801484149,-0.00130869154949883
15.875,0.000181114889239856,0.000426930133222566,0.000357485480902254
15.88,0.00370300705608223,-0.0025785567625111,0.00194788942306863
15.885,0.00646287794794939,-0.00503915361185889,0.00315223784317638
15.89,0.00792435474028705,-0.00648384541494671,0.00373405618783239
15.895,0.007820819244383,-0.00665031946342075,0.00359029774596121
15.9,0.00620539947400434,-0.00553054288667687,0.00276536622693766
15.905,0.00340516260602857,-0.00337198722549849,0.00141498331206902
15.91,-7.64778697696793e-07,-0.000614588276969036,-0.000187757511607597
15.915,-0.00334316421871833,0.00218179423412309,-0.00172734245279528
15.92,-0.00597102407306226,0.00448669614316597,-0.002911124981132
15.925,-0.00739171270679061,0.00585941949390216,-0.00352495870454798
15.93,-0.00735606000257815,0.00605783244984473,-0.003454703766077
15.935,-0.00590508676509779,0.0051005652074977,-0.00273700655312818
15.94,-0.00335976387818344,0.00320155151756396,-0.00153049751448265
15.945,-0.000240032351847087,0.000766042991978999,-7.33643798050414e-05
15.95,0.00282202467820615,-0.00170248814874324,0.00135759192019023
15.955,0.00524697786145175,-0.00373288259992665,0.0024787919195488
15.96,0.00657992965464501,-0.0049628383738374,0.00310440488854909
15.965,0.00659789663665794,-0.00518181541102657,0.00314553537192031
15.97,0.00534769813329151,-0.0044133573011158,0.00260514583724285
15.975,0.00314567227226918,-0.00286645409634726,0.00161358749372319
15.98,0.000443017834968031,-0.00087632672155377,0.00039496763424321
15.985,-0.00220317268179074,0.00113954567922874,-0.000841927532059846
15.99,-0.00427720324653713,0.00278001819536525,-0.00185532880506861
15.995,-0.00542040342205167,0.00377636782116726,-0.00246751726930297
16,-0.00545945787916148,0.00397889206605159,-0.00260656968505703
16.005,-0.0044594075825974,0.00341529110656495,-0.00228125250547585
16.01,-0.00269268059424859,0.0022699040694013,-0.00157274851462221
16.015,-0.000556350782006169,0.000835076034997497,-0.000654457080684337
16.02,0.00151560530290342,-0.000590908438285247,0.000286209935874171
16.025,0.00311389081034859,-0.0017191924407991,0.00109371096122932
16.03,0.00396524946330606,-0.00236052867694395,0.00162782153781758
16.035,0.00397399663885313,-0.00246481758654666,0.00182092396626973
16.04,0.00321834234202639,-0.00210103230600331,0.00170343874211467
16.045,0.00193435166300527,-0.00141059867952796,0.00132312722078701
16.05,0.000436263890087264,-0.000608241135490514,0.000795398988904491
16.055,-0.000936825157419407,9.19665577254097e-05,0.000234196176873291
16.06,-0.00191464625687695,0.000568608614305024,-0.000261943198428776
16.065,-0.00233759368924774,0.000767376228061767,-0.000620403066434037
16.07,-0.00219621526189286,0.000699621795362614,-0.000820544088766909
16.075,-0.0016122376215642,0.000487577374148714,-0.000870826483129079
16.08,-0.000803022654673752,0.000270204773484527,-0.000816210786301364
16.085,-4.79236499024504e-06,0.000155470180200696,-0.00070367190912217
16.09,0.000570888615164665,0.000227555678313366,-0.000584829093813889
16.095,0.000783880325377563,0.000495598691746143,-0.000483616924631776
16.1,0.000644462051485867,0.000859124038994622,-0.00039431793915392
16.105,0.000239068805494723,0.00118390485664343,-0.000311153830393073
16.11,-0.000258384774517609,0.00132269416238382,-0.000176592726968197
16.115,-0.000646658826859251,0.001138805121363,3.19739662369546e-05
16.12,-0.000751405322407123,0.000569817390356367,0.000316899985506129
16.125,-0.000501983015343394,-0.000318702492770291,0.00067437104186776
16.13,8.97959336356952e-05,-0.00138604736051861,0.00104675941957036
16.135,0.000890884736533015,-0.0024073080594676,0.00133720366499257
16.14,0.0016835535922822,-0.00311038953298783,0.00146762740415742
16.145,0.00223513727474494,-0.00326321203845989,0.00136918350759275
16.15,0.00233492025388862,-0.00275769467579625,0.000984944493512094
16.155,0.00186481071782415,-0.00158443417847896,0.000345061910099235
16.16,0.000836839350002546,0.000102671310020825,-0.000458799600152516
16.165,-0.000581926874902663,0.00198853379154007,-0.00131301560739686
16.17,-0.00211991398810351,0.00370076634507394,-0.00204627615656269
16.175,-0.00343190677558036,0.00487155202458935,-0.00248543000665581
16.18,-0.00418783505070662,0.00518079539296607,-0.00252436900643812
16.185,-0.0041532929800918,0.00447465155150394,-0.00210290222258976
16.19,-0.00323211228125948,0.00282150818140775,-0.00123929004245843
16.195,-0.00153140077351163,0.000462518011486205,-5.89442864328414e-05
16.2,0.000659205040939892,-0.00220207684550023,0.0012294388233444
16.205,0.00293050369200242,-0.00463856064523254,0.00241922154678959
16.21,0.00481529458957505,-0.00634027990270525,0.00326156499204891
16.215,0.00589463115574243,-0.00694141800469806,0.00355694172079914
16.22,0.00588691070739878,-0.0062294927545927,0.00323196694032667
16.225,0.00470775528923127,-0.00425157973990863,0.00228929225049247
16.23,0.00252165990362316,-0.00135262484092701,0.000857355687912684
16.235,-0.000293320910821927,0.00196902775837506,-0.000811006766302973
16.24,-0.00322325389913333,0.00510251408101088,-0.00241956311963995
16.245,-0.0056976637815194,0.00739427780181466,-0.00368226135248567
16.25,-0.00720161008621792,0.00837161342219635,-0.00432749935369504
16.255,-0.00739348563742505,0.00781611752868176,-0.0042065064291864
16.26,-0.00616615807366304,0.00574128789046157,-0.00332555107435782
16.265,-0.00370538531621601,0.00248989518335242,-0.00180032998358372
16.27,-0.000429854163437971,-0.00133070719303753,0.000112850140873875
16.275,0.00305878315520215,-0.00503169555798579,0.00206987712272547
16.28,0.00609621395511552,-0.00791068856094657,0.00371628238950417
16.285,0.00807181919343363,-0.00937192926266231,0.00474982800653024
16.29,0.00856475552586006,-0.00911004014842395,0.0049492089509451
16.295,0.00744166869089143,-0.00715041148145666,0.00426694544002021
16.3,0.00487526243627654,-0.00379710044656254,0.00279734405552437
16.305,0.00131290450678047,0.000351711576455091,0.000789018502924635
16.31,-0.00258546322855407,0.00450622995930312,-0.00140038431221853
16.315,-0.00607154100415607,0.00788962510251628,-0.00338585066042178
16.32,-0.00848508708077159,0.00987537293300319,-0.00479337480098964
16.325,-0.00934482931139729,0.0100307552267186,-0.00534915268811672
16.33,-0.00844381029864051,0.00830507899096087,-0.00495287236721135
16.335,-0.0059408538139877,0.00502505896230041,-0.00364903354160925
16.34,-0.00228966703617837,0.000760828596906053,-0.00167023089627477
16.345,0.00184324793945442,-0.00369795205941746,0.000628650616117108
16.35,0.00567203423678998,-0.0074935127584227,0.00282349723754741
16.355,0.00844490459274796,-0.00991248331670129,0.00453164541711362
16.36,0.00965391412837534,-0.0105211431406559,0.00542028908849441
16.365,0.00904242629565035,-0.00916561169210403,0.00531588504458927
16.37,0.00671986360277756,-0.00610174358595575,0.00426028636260524
16.375,0.00314282475310083,-0.00191240467301913,0.00242199089036878
16.38,-0.00101470720731053,0.00264185488633976,0.000139182470277231
16.385,-0.00496368042302912,0.00671045405591554,-0.00215594074430625
16.39,-0.00793713388423322,0.00951821342489078,-0.0040601146132534
16.395,-0.00938201093585939,0.0105617088604502,-0.00521553103909357
16.4,-0.0090547191088063,0.00966000177274182,-0.00541552030620229
16.405,-0.00703682779786543,0.00696267584839951,-0.0046289050519233
16.41,-0.00374080986434491,0.00299950712153733,-0.00301964518496914
16.415,0.000182260736925375,-0.00145322067158863,-0.00088419771198509
16.42,0.00396048312660109,-0.00560102648653351,0.00139323855245892
16.425,0.00689593806983918,-0.00867413644538585,0.00337144196077573
16.43,0.0084673622189074,-0.0101094597398248,0.00472084964905821
16.435,0.00840865294737018,-0.00969137605926355,0.00520156698198137
16.44,0.00681280951319461,-0.00754273316574726,0.0047447549290414
16.445,0.00403298316740943,-0.00407907448879095,0.00344898899286856
16.45,0.000650210138110543,2.21160645533423e-05,0.00158230627019251
16.455,-0.0026660035018323,0.00400622208516213,-0.000518221914330585
16.46,-0.00529983353507034,0.00716161604166269,-0.00248426042935764
16.465,-0.00681775773131779,0.00897177478792573,-0.00394644319803605
16.47,-0.00702358524143718,0.00913779319842935,-0.00469413987419803
16.475,-0.00598908351088491,0.0077099632255824,-0.00462643746928676
16.48,-0.00403884704480262,0.00505711944679879,-0.00376176517804033
16.485,-0.00161406557585292,0.00167436927636784,-0.00229853397908745
16.49,0.000829266257449139,-0.00184585100704765,-0.000498928282020792
16.495,0.00283791182128411,-0.0048757011839159,0.00132948445180042
16.5,0.00416378705273504,-0.00697401701638727,0.00289058684498138
16.505,0.00471593363055204,-0.00787739827177145,0.00392837033810444
16.51,0.00453665908010584,-0.00750064577671442,0.00430786014673883
16.515,0.00383183415342241,-0.00602468279787148,0.00400592577843707
16.52,0.00282680935785402,-0.00376831359757057,0.00307771388972183
16.525,0.00170985034622758,-0.00109805817742916,0.00171638691727013
16.53,0.000643225465717665,0.00157758998572685,0.000134790702657742
16.535,-0.000361423227462476,0.00392352354111836,-0.00145242555703629
16.54,-0.0013418740114423,0.00567826991012481,-0.00280370650478047
16.545,-0.00234029600899949,0.0066951805202264,-0.0037672142331988
16.55,-0.0033796351089048,0.00688988430592643,-0.00421649888549328
16.555,-0.004352015098993,0.00628313646723657,-0.00408777793649214
16.56,-0.00506044042257245,0.0049512035266965,-0.00337930561613001
16.565,-0.00524826686874123,0.00294775165996644,-0.00215706454672575
16.57,-0.00462907944442037,0.000427162278428571,-0.000567051794191501
16.575,-0.00303391450802595,-0.0023738560848679,0.00122483112230593
16.58,-0.000491368403726014,-0.00514701611830704,0.00297654926046331
16.585,0.00274891433642942,-0.00754242904052407,0.00442859953572708
16.59,0.00615204525501467,-0.00916804916726979,0.00532772438081596
16.595,0.00904169687069834,-0.00961184500837709,0.00550095806749743
16.6,0.0106958712663773,-0.00862304724247674,0.00479776243268205
16.605,0.0105147307065748,-0.00610009820606608,0.00323223778242933
16.61,0.00817703978165376,-0.00220243096217093,0.000966850968065197
16.615,0.00381902053019747,0.00260857707950719,-0.00171340689249495
16.62,-0.001936659423885,0.00759407150485867,-0.0044124008217856
16.625,-0.00810242142349179,0.0118859047074028,-0.00661923479837004
16.63,-0.0133835311641522,0.0146394708997475,-0.00786736935592246
16.635,-0.0165644476043456,0.0150315125387649,-0.00784471737883163
16.64,-0.0167381942373048,0.0127228289267791,-0.00639533298629135
16.645,-0.013498411353657,0.00783009121216494,-0.00362550864599983
16.65,-0.00722463959851818,0.000972170442059113,3.99744739018596e-05
16.655,0.00108097372115532,-0.00671224106370139,0.00403199756886302
16.66,0.00986903649129838,-0.013857535197688,0.00760772193432977
16.665,0.017334908164826,-0.0190642594887249,0.0100547424011477
16.67,0.0218262594077021,-0.0211298913744415,0.0108169307207325
16.675,0.0222162796542419,-0.0193860889361683,0.00963758606122559
16.68,0.01814225618703,-0.013882976228566,0.0065922921527765
16.685,0.0101868356266905,-0.0054229012503498,0.00211819650934802
16.69,-0.000202554207348962,0.00456712641983095,-0.00299871520887898
16.695,-0.0110023389003385,0.0142370097280482,-0.00784196737287566
16.7,-0.019962987771024,0.0217295255540034,-0.011455807905322
16.705,-0.025189177604002,0.0255318375165907,-0.0130916477878204
16.71,-0.0254998187349361,0.024690178087454,-0.0123600869667608
16.715,-0.0207123865367803,0.0192446577131914,-0.00931706602290057
16.72,-0.0117291181674633,0.0100855233024668,-0.00446902649468737
16.725,-0.000396952307450345,-0.00111267988391652,0.00132701557097821
16.73,0.0110082554142069,-0.0122623204600655,0.00697013733799201
16.735,0.0201042745463928,-0.0212893129710619,0.0114016653437253
16.74,0.0250502384647411,-0.02646345842686,0.0137942639916219
16.745,0.0249142334149164,-0.0268141891566533,0.0136872397047453
16.75,0.019822238954119,-0.0223335863528363,0.0111239498175722
16.755,0.0109992818143258,-0.0139528248065455,0.00661209739853929
16.76,0.000433748783462901,-0.00331700207091842,0.00103514204763905
16.765,-0.00956810040477531,0.00751173555397269,-0.00458966396853362
16.77,-0.0169540491689199,0.0165521271474893,-0.00918899300559116
16.775,-0.0202528591858405,0.0223196896947946,-0.0119780957394933
16.78,-0.019124901790986,0.0239076356132525,-0.0125905604066477
16.785,-0.0142250502943611,0.0213891245309074,-0.0110448898456641
16.79,-0.00701828136912919,0.0155918521216308,-0.00780215882439487
16.795,0.000519592637189335,0.00789202570522025,-0.00360127985760209
16.8,0.00656380369921034,-0.000140444731349178,0.000739222851627635
16.805,0.00983757291104667,-0.00712476135804439,0.0044501777350581
16.81,0.00987723438016238,-0.0121051167129674,0.00702324431845544
16.815,0.00727504806964024,-0.0146610296055068,0.00824292890958154
16.82,0.00330798555377525,-0.0149848787614843,0.00824474538681888
16.825,-0.00042879696378642,-0.0136702856057214,0.00729085756488079
16.83,-0.00243154205318209,-0.0114513659749557,0.00583749853379402
16.835,-0.00184710073170857,-0.00896176061473053,0.00420210414116786
16.84,0.00122887958523204,-0.00650757665243261,0.00260950713247174
16.845,0.00581643861744133,-0.0039818092499853,0.0011029342089652
16.85,0.0101815771966702,-0.00105880385124534,-0.000464797863276967
16.855,0.0123690163158796,0.00262150619192301,-0.00230824283508141
16.86,0.0109000506560609,0.00734843994351171,-0.00451986412953654
16.865,0.00509234771600125,0.0128470706638999,-0.00703044294748455
16.87,-0.00436939292028746,0.018376080291092,-0.0094567485492418
16.875,-0.0155355490354774,0.022670447063093,-0.0112676309525605
16.88,-0.0256482687546272,0.0242054463637283,-0.0117002739812183
16.885,-0.0316114577926348,0.0217061783613462,-0.0101924583004233
16.89,-0.0309724447777761,0.0145123203452745,-0.00637812834317085
16.895,-0.0226344527936031,0.00293623733977675,-0.000471307752925665
16.9,-0.00735788204273529,-0.0115863378478422,0.00681575830736803
16.905,0.0122132396938486,-0.0265429887868171,0.0142015004319455
16.91,0.0319300700485523,-0.0388296806682478,0.02013587543499
16.915,0.0471021859783004,-0.0453591350987232,0.0231305859990531
16.92,0.053543291799153,-0.0438040763227618,0.0220538969034185
16.925,0.0486202953220942,-0.0334261704069645,0.0164512624551483
16.93,0.0322457854959781,-0.0151572686371996,0.00690068359862506
16.935,0.00702712961215561,0.00813489771181385,-0.00516686954431545
16.94,-0.0221586737532864,0.0321194509237218,-0.0175104352194831
16.945,-0.0488783928440899,0.0519045578401776,-0.0276427900586811
16.95,-0.0668678331181743,0.0629309449959081,-0.0332069556246923
16.955,-0.0713097323320478,0.0621804960890849,-0.0326496789352104
16.96,-0.0601566278965763,0.0489491048036347,-0.0255738808293344
16.965,-0.034963419963676,0.0251821142038547,-0.0129175800841449
16.97,-0.00061543741888684,-0.00481880426249745,0.00303530608787719
16.975,0.0355407906385004,-0.0350743844071147,0.0191735598654532
16.98,0.0652449343500351,-0.0592448495712586,0.0321603496125805
16.985,0.0813216731346553,-0.0720125319627126,0.039176561906955
16.99,0.0794457537910202,-0.0703076230503842,0.0385350114069196
16.995,0.0592272017855853,-0.0542003213798501,0.0301218155435659
17,0.0247235878391771,-0.0269374560414141,0.0155226285319855
17.005,-0.0164165040753309,0.00576619822862595,-0.00229101002187485
17.01,-0.0546163305503731,0.0367411130904617,-0.0195840152021032
17.015,-0.0805178598868869,0.0591870303976536,-0.032617662080898
17.02,-0.0873393133684312,0.0681183775788145,-0.0386143269690464
17.025,-0.0727202297548967,0.0616583185971166,-0.0363040137223178
17.03,-0.0393981372862444,0.0415889024909943,-0.0262893739034905
17.035,0.00495318327651568,0.0129851074338172,-0.0109907395434621
17.04,0.0494998979412117,-0.0170037969162567,0.00593807440221224
17.045,0.0827487662368198,-0.0407927246255667,0.0204515151508439
17.05,0.0954137407939174,-0.0523290156740222,0.0291118204362505
17.055,0.0828829619587501,-0.0486818117698668,0.0299124290890181
17.06,0.0467642832010059,-0.0308820025644752,0.0229029285279066
17.065,-0.00511051838322006,-0.00390711947205783,0.0101413046210931
17.07,-0.0602324245206787,0.0244191227934275,-0.00480516499514131
17.075,-0.104101830541426,0.045616090466993,-0.017602115451029
17.08,-0.123962064265677,0.0524957870713055,-0.0243831777162771
17.085,-0.112039642385591,0.0414435445710936,-0.0228044408841032
17.09,-0.0679733213040435,0.0136082811944145,-0.0127937851344652
17.095,0.000289226032670979,-0.0248181389995294,0.00334654351424641
17.1,0.0778032219074426,-0.0638661774465567,0.0212429552344118
17.105,0.145664051604162,-0.0919468070640587,0.0355025914754631
17.11,0.185239620599096,-0.0988644644911526,0.0411629324798797
17.115,0.182958688963081,-0.0786903488460884,0.0349443596316836
17.12,0.134129153071164,-0.0319252742121975,0.0164467894519635
17.125,0.0449694319986951,0.0337977946091751,-0.0113568556189602
17.13,-0.0677114869881183,0.104777902412241,-0.0425067853311133
17.135,-0.179464290362298,0.163779268255176,-0.0692362659924085
17.14,-0.263384478998858,0.193825481621337,-0.0837341172146997
17.145,-0.296096192476712,0.182719537682897,-0.0800237468007031
17.15,-0.263758088765861,0.126382487024837,-0.0558567435839661
17.155,-0.166280569203614,0.0309622381530579,-0.0136614256985521
17.16,-0.0185772488790011,-0.0871976460422943,0.0393734606097582
17.165,0.151202270122431,-0.204245741737989,0.0924069013069473
17.17,0.306949668698743,-0.293381402669777,0.13308937857263
17.175,0.412049591707413,-0.330663517628887,0.150183051232349
17.18,0.437581018293366,-0.300834108498121,0.136492700983651
17.185,0.369628410430217,-0.201834335786398,0.0907753053938471
17.19,0.213751484155226,-0.0467218054282113,0.0189360955275974
17.195,-0.00455628613926561,0.137573285273867,-0.0665852447952421
17.2,-0.243716697640972,0.314746548163497,-0.14882954887884
17.205,-0.453789977585117,0.446103361159224,-0.209586008840123
17.21,-0.586860034547831,0.498675706737285,-0.233346873731081
17.215,-0.607574331268477,0.45310347129875,-0.210920787721209
17.22,-0.501735525616575,0.309013208956707,-0.142054315218337
17.225,-0.281262925903491,0.0868208490971142,-0.0364363215764657
17.23,0.0166831526012443,-0.17463439980105,0.0875715920658145
17.235,0.335555587514251,-0.424828632210345,0.205874217195525
17.24,0.610040230274119,-0.611144699271437,0.293440419778008
17.245,0.779498903829985,-0.689785162128641,0.329345241968048
17.25,0.800926247545193,-0.63561508139368,0.30168691458859
17.255,0.659285829482477,-0.448902218656466,0.21067344795531
17.26,0.372567531470493,-0.157224631092294,0.0696062725970711
17.265,-0.00994132559194054,0.188291882177582,-0.0968309909214677
17.27,-0.41600871268802,0.52181455707446,-0.256937266781056
17.275,-0.76389920353854,0.775346836864738,-0.377835089206732
17.28,-0.979013458539508,0.892392910096726,-0.432365571117225
17.285,-1.00960119255118,0.840364695469386,-0.404946844928796
17.29,-0.838623586448243,0.618715817039216,-0.295427614299292
17.295,-0.489330365660542,0.260920148615764,-0.120295634850052
17.3,-0.0224335080419692,-0.170136153641186,0.0898436124285303
17.305,0.474304402272573,-0.593276287384968,0.295361757484028
17.31,0.902508624848365,-0.924314483648007,0.455279843263523
17.315,1.17288377419811,-1.09272198535589,0.535324393268792
17.32,1.22358435428587,-1.05658607868139,0.51517777641489
17.325,1.03406908835595,-0.812352683976673,0.393417467144447
17.33,0.63104342418627,-0.397575669748509,0.188548145380014
17.335,0.0851651197369313,0.11476141671572,-0.0634766434695633
17.34,-0.50141916840892,0.628990600028348,-0.31563969473549
17.345,-1.01416300323395,1.04472712807529,-0.518638940094181
17.35,-1.34867663265016,1.27656357989011,-0.63062016163155
17.355,-1.43193659233469,1.27148420378767,-0.625738285721129
17.36,-1.23795513528667,1.0207224673012,-0.49984942382479
17.365,-0.794663639788916,0.563144180758273,-0.272390860201225
17.37,-0.180216729730383,-0.0205309069063321,0.0166997064628367
17.375,0.490860877159908,-0.622034434162275,0.313889032947558
17.38,1.0890789933709,-1.12576858566138,0.561979082333172
17.385,1.49518163112027,-1.43107106898885,0.711362909531636
17.39,1.6238992257172,-1.47243004069084,0.729744373501845
17.395,1.44176392617707,-1.23327535886938,0.60913651370308
17.4,0.975110723920724,-0.750800679716596,0.368175363949981
17.405,0.306580776913635,-0.110333692611489,0.0493071426926451
17.41,-0.43960658931413,0.569885274326415,-0.288691812125091
17.415,-1.12091487366823,1.1606019858883,-0.581611501512616
17.42,-1.60380696516848,1.54633308116781,-0.772097753210464
17.425,-1.79010214795967,1.64792865050223,-0.820984732493879
17.43,-1.63679015070606,1.43883604836609,-0.715199729588284
17.435,-1.16565044743797,0.951414039747614,-0.470983713452292
17.44,-0.460411898929161,0.272041587158904,-0.13152429942559
17.445,0.348233416663087,-0.474191814787629,0.240815366026183
17.45,1.1070339943194,-1.14675050713564,0.575924827318187
17.455,1.66930090005058,-1.61622422684807,0.809321429374835
17.46,1.92348541362411,-1.78936651015413,0.89454974049891
17.465,1.81522241295086,-1.62754864012098,0.812485135445611
17.47,1.35879693400718,-1.15523537058108,0.575457959988223
17.475,0.635556286114367,-0.456427945581367,0.225477132613286
17.48,-0.220682121859603,0.340441401624212,-0.173181045105695
17.485,-1.04863078225541,1.08619894612633,-0.545952201613138
17.49,-1.68994532934727,1.63898711624425,-0.821904939602085
17.495,-2.01968843517791,1.89136955981325,-0.947403447927763
17.5,-1.970693576219,1.79132311831039,-0.896514866227686
17.505,-1.54713687613529,1.35277251586162,-0.676286241356343
17.51,-0.824640886748307,0.65389464719159,-0.325930697081777
17.515,0.0632603553061095,-0.176846177655064,0.0902269934243407
17.52,0.95002363053935,-0.984529759194679,0.494588297997445
17.525,1.66735963159934,-1.61671252393824,0.810868970307813
17.53,2.07732683091641,-1.95234893628148,0.978507998354345
17.535,2.0989141889587,-1.92500345638998,0.964328787683554
17.54,1.72400600775666,-1.53601672664906,0.769113503554843
17.545,1.01961048852339,-0.854951628920156,0.427721568525833
17.55,0.115899074229472,-0.00706492961212545,0.00294768827381695
17.555,-0.818062180359373,0.849771199186433,-0.426165350012808
17.56,-1.60591378749133,1.55463544863994,-0.778997190245857
17.565,-2.09748434961097,1.97377615398237,-0.988657523182497
17.57,-2.1974884696149,2.02613070629277,-1.01465986485647
17.575,-1.88389391088141,1.69902777570228,-0.850711785052006
17.58,-1.21278182979662,1.05106980838992,-0.526261342604261
17.585,-0.308231953395236,0.201655053392677,-0.101090229979839
17.59,0.660731264968641,-0.691121368809105,0.345643048460724
17.595,1.51168633444073,-1.45991179542812,0.730206350855433
17.6,2.08330525857027,-1.95961149567589,0.980094474629826
17.605,2.266019193912,-2.09483616894219,1.04763754548635
17.61,2.02300268969096,-1.83807086108467,0.919226986870068
17.615,1.39756470653683,-1.23538614732632,0.617991490586144
17.62,0.505527822138413,-0.398137374917426,0.19962797666673
17.625,-0.486400131378982,0.517622597927723,-0.257873506076948
17.63,-1.39170641039686,1.3403884594104,-0.668773520911148
17.635,-2.03921215398038,1.91520673680159,-0.955753832255031
17.64,-2.30563294088697,2.13301729358979,-1.06451073234625
17.645,-2.13894161176065,1.95146081793093,-0.973967539175475
17.65,-1.56863933080915,1.40305191591703,-0.700473439785032
17.655,-0.700538840391643,0.589439633043256,-0.294839538578347
17.66,0.302870496346641,-0.337387601430632,0.167175804672546
17.665,1.25287361972822,-1.20365310269228,0.598872439041835
17.67,1.97005804877281,-1.84628936875428,0.919056864588973
17.675,2.31829424776266,-2.14378837952494,1.06729986741397
17.68,2.23060355805399,-2.03916903065909,1.01534747789894
17.685,1.72208191310503,-1.55103282136998,0.772559033209065
17.69,0.887397317423942,-0.770254604873947,0.384226279056833
17.695,-0.116873344686916,0.156884482372928,-0.0768553210019759
17.7,-1.1015858375393,1.05620214603047,-0.524021918523865
17.705,-1.88070401623188,1.75827464698107,-0.873073556686386
17.71,-2.30655823271464,2.13046589828254,-1.05817064129842
17.715,-2.29783280349394,2.10205767065694,-1.04428284737076
17.72,-1.85518853962283,1.67775207058761,-0.833807875535014
17.725,-1.06141849091002,0.936964336615986,-0.466221474106831
17.73,-0.0659105517435715,0.0190067508122061,-0.0106922213351077
17.735,0.943425410861296,-0.903207083151774,0.446944023091761
17.74,1.77564465655563,-1.65565095815147,0.820360118143346
17.745,2.27302059416975,-2.09614830225592,1.03910830225724
17.75,2.34098288802474,-2.14131713557788,1.06186225432141
17.755,1.96614590293188,-1.78242435726361,0.884306792453145
17.76,1.21904795715527,-1.08710713949478,0.539983411646589
17.765,0.240922534915093,-0.186714587213372,0.0939257051219301
17.77,-0.783065587814461,0.748568387613366,-0.369548318127
17.775,-1.65882204236737,1.54191031370389,-0.762806462807502
17.78,-2.22022792219142,2.04329794935654,-1.01157935647157
17.785,-2.36076945910034,2.15796429489528,-1.0689270196737
17.79,-2.05374096621586,1.86448780552144,-0.924169130071115
17.795,-1.3574839637203,1.21875713445743,-0.604884076829744
17.8,-0.404324255169178,0.34341043269836,-0.171721627773582
17.805,0.62460094876534,-0.595471563863865,0.293181212451544
17.81,1.53376169881817,-1.41991364356916,0.701720450879854
17.815,2.15048787706997,-1.97384949798408,0.97659939563654
17.82,2.35785658355082,-2.15272125023276,1.06600833797769
17.825,2.11695729211393,-1.92336001163096,0.953351552973486
17.83,1.47424040525525,-1.33016246853006,0.660412768849393
17.835,0.552700118318332,-0.48656326078637,0.243172261483056
17.84,-0.471737274276977,0.446662952600332,-0.218959742113127
17.845,-1.40377826908844,1.29209616059824,-0.638116420474231
17.85,-2.066083945043,1.88945724144786,-0.934901814852713
17.855,-2.3331157385995,2.12604766984452,-1.05335876177027
17.86,-2.15504723352889,1.95818818274623,-0.971573202823279
17.865,-1.56712434125846,1.41932388776918,-0.705771716173331
17.87,-0.682820499518365,0.61338646047084,-0.307142698185949
17.875,0.32811658519131,-0.305195528180851,0.148028110908699
17.88,1.27222494980066,-1.16115061088043,0.572980447218272
17.885,1.96944043028329,-1.79190915267579,0.887015212813189
17.89,2.28759993687161,-2.07851288304681,1.03094012008922
17.895,2.16754350790013,-1.96820616402174,0.978220653839758
17.9,1.63423773349103,-1.48422359226659,0.739855143176627
17.905,0.791710990368806,-0.72097984950655,0.362272465845258
17.91,-0.197233936308667,0.174338096301157,-0.08187865632167
17.915,-1.14250820855096,1.03018631433088,-0.507565209533276
17.92,-1.86332083023075,1.68359159555369,-0.833753002027172
17.925,-2.22292527698913,2.01127880210864,-0.998964900534366
17.93,-2.15465318986079,1.95308268944718,-0.972767173369109
17.935,-1.67434562310248,1.52307133415044,-0.761515405493957
17.94,-0.876946369058833,0.806307108318477,-0.406891228869815
17.945,0.082283465269966,-0.0578925158171687,0.0223162038372198
17.95,1.01804059406176,-0.903059463816788,0.443530864912246
17.955,1.75076772271372,-1.56778274082905,0.776381729873926
17.96,2.14131086594376,-1.92656386343942,0.958003841158289
17.965,2.11742846814114,-1.91360902595167,0.955085210730391
17.97,1.68723739405711,-1.53505943273542,0.769883687144605
17.975,0.937068174723459,-0.867125107663237,0.439566028978527
17.98,0.0142306064934773,-0.0407984875328213,0.0288134543048108
17.985,-0.901978271837386,0.783836496709662,-0.382911272065495
17.99,-1.63514693524802,1.44864811382806,-0.716716993152157
17.995,-2.04583922229943,1.82790412002765,-0.909511071446429
18,-2.05821268858091,1.85215513234932,-0.925934275793996
18.005,-1.67413195430494,1.52101384516243,-0.764877009392221
18.01,-0.972032840835584,0.90246914436907,-0.459390585036498
18.015,-0.0910089948958273,0.119061162459359,-0.0698538457006927
18.02,0.796761723318072,-0.676433315267631,0.327814551539842
18.025,1.51972300258034,-1.33083918567892,0.657114252847277
18.03,1.9401935275863,-1.72009570633187,0.855647981042318
18.035,1.98065912106293,-1.77288758887182,0.887028108828699
18.04,1.63812721356542,-1.48382242539723,0.747543778675746
18.045,0.983847562023912,-0.913524651756081,0.466466475671083
18.05,0.148576122064906,-0.176082786217312,0.100001429944997
18.055,-0.703575569527583,0.583712430261521,-0.279969708085587
18.06,-1.40736087744829,1.21887492902714,-0.599982428670112
18.065,-1.82858858988982,1.60868594011146,-0.799202860357646
18.07,-1.88971404239291,1.68164649005353,-0.841123849559303
18.075,-1.58417551174503,1.42866654834349,-0.72012568640816
18.08,-0.97664308977399,0.903936758403936,-0.462226905842316
18.085,-0.189496489612921,0.21336318123955,-0.119484058966152
18.09,0.621907110145467,-0.506708904242579,0.240405804472978
18.095,1.29983053772454,-1.11635417870444,0.547520042024435
18.1,1.71490773269894,-1.49936751355006,0.743348238957598
18.105,1.79088177169608,-1.58538704285,0.79186849213233
18.11,1.51853136930962,-1.36276952455029,0.686237968049918
18.115,0.956420539199239,-0.879967312282392,0.449601630156273
18.12,0.218423667471618,-0.235095471867446,0.130119484693329
18.125,-0.549345247437478,0.443992212393517,-0.208810524698892
18.13,-1.19750201521122,1.02496763136423,-0.50111097421929
18.135,-1.60241844421254,1.39683955901552,-0.690865236451243
18.14,-1.68980797522532,1.49108913398496,-0.743143362052083
18.145,-1.44831920093078,1.29429320461238,-0.650241931932349
18.15,-0.930541985698195,0.849714506475013,-0.432737785919623
18.155,-0.241673026296207,0.247961617750065,-0.135114508089756
18.16,0.4818113358828,-0.391525093341083,0.183450171166037
18.165,1.09926804672732,-0.944024841782975,0.460745236316258
18.17,1.49318683703723,-1.30389593196884,0.643683149609982
18.175,1.59146411238612,-1.40471512182094,0.698413123591399
18.18,1.38051755308961,-1.23137517567056,0.616583005283657
18.185,0.906775890718199,-0.822117785539118,0.416426980746645
18.19,0.266485008422821,-0.260207306034213,0.138772865493317
18.195,-0.413832365702145,0.343053700013269,-0.161245108632924
18.2,-1.00239393855213,0.870303502479095,-0.425110006413924
18.205,-1.38762673744894,1.22091602910082,-0.602365958974865
18.21,-1.4992689382892,1.33003915673727,-0.660130067250219
18.215,-1.32096085911289,1.18055786314807,-0.589200808586045
18.22,-0.892280469703775,0.805414348514406,-0.405309268270155
18.225,-0.300042019877143,0.280413255225445,-0.145764564877851
18.23,0.339415208190317,-0.291104128444764,0.13826131716277
18.235,0.902991908356266,-0.798578341139338,0.391643491592922
18.24,1.28453198145549,-1.14562425700959,0.566095790231015
18.245,1.41467306240779,-1.26811091805527,0.629261098221957
18.25,1.27327691939506,-1.14589299731988,0.570635002011799
18.255,0.892148714037237,-0.80587695897048,0.403157977690598
18.26,0.347970266549846,-0.316089278007766,0.160400684934247
18.265,-0.253257760958787,0.228050374257242,-0.11024924122788
18.27,-0.796853185843518,0.722275046862694,-0.356772523402268
18.275,-1.1812672242698,1.07340709942487,-0.532519692259464
18.28,-1.33687592746387,1.21675850130079,-0.604955157649679
18.285,-1.23843579630007,1.12792068457897,-0.561610535777269
18.29,-0.908813053965378,0.82658287924897,-0.412051646955447
18.295,-0.413690403978254,0.372213706404286,-0.185804042116688
18.3,0.151542759929942,-0.147784137916498,0.0735675751378407
18.305,0.680251445501443,-0.634960766176784,0.316804264710651
18.31,1.07457182087565,-0.998352414678387,0.498319448974445
18.315,1.26333461639965,-1.17130670417233,0.58466057436807
18.32,1.21477109650878,-1.12364292176734,0.560620164237185
18.325,0.941550780196385,-0.86655753660107,0.431724200974943
18.33,0.497542794953605,-0.450053622503431,0.223011729027185
18.335,-0.0328298921012945,0.0469573362233226,-0.0259391551843367
18.34,-0.550701135186259,0.531546206926459,-0.268518505084215
18.345,-0.961074246047937,0.91418783225088,-0.459764190273431
18.35,-1.19010999758458,1.1251732550485,-0.564657870244867
18.355,-1.19823807089195,1.12705471250314,-0.564451600693611
18.36,-0.986721077881916,0.921181644850896,-0.459931979664464
18.365,-0.596798119416631,0.546980314636574,-0.271031158065225
18.37,-0.101601537044349,0.0743186597967041,-0.032986603869078
18.375,0.407645147237547,-0.409566581131302,0.210193321014347
18.38,0.838232369939413,-0.816164704041357,0.413909118665433
18.385,1.11280028226788,-1.07170625652944,0.541106507017026
18.39,1.18304630587498,-1.13051007492644,0.568889130512339
18.395,1.03803879592309,-0.9829102058756,0.492638690201454
18.4,0.705755092439094,-0.656790513331201,0.326664663814481
18.405,0.247646634683729,-0.212182370102684,0.101509071544138
18.41,-0.252704584658255,0.269754988092489,-0.141736318997612
18.415,-0.704809568262723,0.701481907628343,-0.358836837822802
18.42,-1.02739798197017,1.00506685191132,-0.51045478105821
18.425,-1.1630095936984,1.1259204169831,-0.569292926162987
18.43,-1.08809229790562,1.04267010203486,-0.524855725564605
18.435,-0.816933975287968,0.770820860541368,-0.38533160163545
18.44,-0.399064005073518,0.359799613641178,-0.176103560164667
18.445,0.0898501723310695,-0.115926120820378,0.064964649300936
18.45,0.561626124931892,-0.570403186375518,0.294276620746145
18.455,0.931332730320387,-0.921670395648521,0.47041678539212
18.46,1.13251534627361,-1.10641837720079,0.561581627511347
18.465,1.12914361059138,-1.09136759498291,0.551358825788532
18.47,0.921939609334978,-0.87925498796312,0.441569179749317
18.475,0.548284733713661,-0.50834128265416,0.25197877508651
18.48,0.0755721005274889,-0.0454668396748003,0.0168098891452177
18.485,-0.410976510973178,0.425872159506039,-0.221564696416014
18.49,-0.823507504522759,0.820563296553503,-0.420098004828037
18.495,-1.08739907042172,1.06735283226054,-0.542934350323795
18.5,-1.15475799666044,1.12148199445711,-0.567836050665999
18.505,-1.01310380138925,0.972994204715092,-0.490218425565361
18.51,-0.687722254279842,0.648484952814409,-0.324030602628158
18.515,-0.23729900836125,0.206471426587614,-0.0992061857395116
18.52,0.256745950812134,-0.273189540245534,0.143631439703888
18.525,0.704800744053057,-0.703705811811892,0.360584297599197
18.53,1.02540672384483,-1.00705943650282,0.512391417779165
18.535,1.16006443275292,-1.12814591811895,0.571534343586623
18.54,1.08391726099711,-1.04482097583321,0.527279548788477
18.545,0.810471874356378,-0.772040558718365,0.387590502438718
18.55,0.389196336787849,-0.359189134171333,0.177808275952226
18.555,-0.10332642540041,0.118827053004045,-0.064063273789153
18.56,-0.577388278904961,0.575084594737613,-0.294124845461784
18.565,-0.946372807209674,0.926674422849924,-0.470608076981485
18.57,-1.14274347707427,1.10955968364546,-0.561512168835161
18.575,-1.13044979942672,1.09048412264164,-0.55036777650685
18.58,-0.911550798314125,0.872966100303318,-0.43933327559624
18.585,-0.526051902807807,0.496786470068261,-0.248725229872455
18.59,-0.0445259673477251,0.0307351111643381,-0.0133541941605867
18.595,0.444798939403274,-0.440023629254675,0.223826150262089
18.6,0.852132250816373,-0.829559316618699,0.41962476908341
18.605,1.10280157929911,-1.06680771593956,0.538426460330141
18.61,1.15096085262419,-1.10870255384741,0.558835065495251
18.615,0.987976110190348,-0.948009968821653,0.477370603122886
18.62,0.644124244713172,-0.614623306305149,0.309274046825299
18.625,0.182942361013461,-0.170047472831193,0.0855224563031827
18.63,-0.310585927251846,0.303908509189633,-0.152830067311133
18.635,-0.745581742453995,0.720348569263085,-0.362159404315251
18.64,-1.04216502336479,1.00318732041898,-0.504324828537122
18.645,-1.14625184141493,1.1010254686772,-0.553652495903857
18.65,-1.03925307846148,0.996747802461683,-0.501571215816176
18.655,-0.741684129588524,0.710368349792587,-0.358163324473099
18.66,-0.309130417177107,0.295326328371253,-0.150125408795101
18.665,0.178240836728177,-0.171482492056713,0.0840093320383491
18.67,0.630344079459877,-0.604090457808799,0.301270202722729
18.675,0.964088694887389,-0.923229324262885,0.461908238457178
18.68,1.11861691727468,-1.07093693478234,0.536903057860366
18.685,1.06646755313872,-1.02110087601317,0.513051852755021
18.69,0.818432974304103,-0.784154426227102,0.395448010279873
18.695,0.421432657884957,-0.40489684029763,0.206309459198257
18.7,-0.0504836982001202,0.0459634544852481,-0.0191911256483962
18.705,-0.509893355766365,0.485001984172872,-0.239416764485935
18.71,-0.872210878858591,0.83165137163842,-0.413986180709274
18.715,-1.07144182514167,1.02278671285106,-0.511262599069962
18.72,-1.07210638784956,1.02446471028829,-0.513969566605037
18.725,-0.87551438259737,0.837872175477495,-0.422411260707006
18.73,-0.519480053746668,0.498792168343921,-0.254119848813214
18.735,-0.0707456953727106,0.0709103885485589,-0.0406506089532599
18.74,0.387319852726032,-0.366358551004159,0.178449031417409
18.745,0.770300691113064,-0.732534426034663,0.362901886054634
18.75,1.00844172806541,-0.960889516163017,0.479125061716321
18.755,1.05917468571613,-1.01061210054349,0.506420173375049
18.76,0.914810324100794,-0.87416441197167,0.440530689214679
18.765,0.603669829053605,-0.578295041594664,0.294392517009036
18.77,0.184418388757596,-0.178823889831203,0.095498604142328
18.775,-0.264943567167627,0.249845404331904,-0.119183758021874
18.78,-0.661525984014308,0.628726160606965,-0.310105951223189
18.785,-0.933049599705602,0.888687502985017,-0.44244180536693
18.79,-1.03083839783887,0.983014529740316,-0.492420165389938
18.795,-0.938544330263454,0.895959799573542,-0.451587751501375
18.8,-0.674957338532105,0.645162768839618,-0.32823644396729
18.805,-0.290059579736949,0.278217230474832,-0.145685778328801
18.81,0.144446262027736,-0.136435044565074,0.0620326758471573
18.815,0.54834940158281,-0.522267291336438,0.256613713168555
18.82,0.848005339958654,-0.808776888678775,0.402477053093481
18.825,0.989522438187267,-0.944331133956459,0.473290143391181
18.83,0.948517010979116,-0.905498812382051,0.456724936168548
18.835,0.734241726383557,-0.700973042446862,0.356531732706863
18.84,0.387574074195101,-0.369776082011484,0.191786785480128
18.845,-0.0268317583557397,0.0262431624741324,-0.00683014835293225
18.85,-0.432563242091074,0.413994046637606,-0.202651051016709
18.855,-0.755481081244387,0.722619442934164,-0.359801368729303
18.86,-0.937397314083187,0.896231304763667,-0.449816925469163
18.865,-0.94632509697769,0.904318052727399,-0.456741542451172
18.87,-0.782217445717857,0.746802371611684,-0.379961879926372
18.875,-0.476658113259518,0.453950279510909,-0.234124361431387
18.88,-0.0866831640319666,0.0804669831648194,-0.0464967920474102
18.885,0.315775281584015,-0.304686028569545,0.148310818441175
18.89,0.657145446279138,-0.631062853159963,0.314614024647349
18.895,0.875740268314902,-0.839522974080995,0.422151772563174
18.9,0.932734935371717,-0.89296858500923,0.451726785663883
18.905,0.819087387474707,-0.782861772284686,0.398480781207622
18.91,0.55695351792977,-0.530581832859974,0.272714708646268
18.915,0.195302086274862,-0.183310745161739,0.097882399324083
18.92,-0.199198335891559,0.194852460824623,-0.0937185764753427
18.925,-0.554370959502319,0.534774138841085,-0.266943814605503
18.93,-0.805843223861261,0.774664820010504,-0.390293271840006
18.935,-0.908586031985137,0.871523323931363,-0.441507822568096
18.94,-0.844938382693955,0.808719818506578,-0.411745040709193
18.945,-0.627779104661161,0.598806589415198,-0.306934091617861
18.95,-0.297709575341545,0.281104145756461,-0.146668753110601
18.955,0.0843770392875138,-0.0857645967428446,0.0394000227318834
18.96,0.448527574460635,-0.434627140889611,0.217187813650175
18.965,0.728588500422198,-0.702050413425106,0.354222139546518
18.97,0.874109506518556,-0.839827933987864,0.425787345023739
18.975,0.859433137579402,-0.823676024489444,0.41917600861599
18.98,0.688239890832469,-0.65744953918842,0.336082593590564
18.985,0.392662765607559,-0.372374205160136,0.192099893965071
18.99,0.0272182730592495,-0.0211078458266314,0.0138318487148499
18.995,-0.341103785233203,0.332023963800644,-0.16593031295376
19,-0.645159852142658,0.622630603014608,-0.314366358223331
19.005,-0.829958411126941,0.798082712079891,-0.404565423193528
19.01,-0.86237338110403,0.827083761939912,-0.420361586594709
19.015,-0.737364221494539,0.705097406013978,-0.359338495738849
19.02,-0.478534503784296,0.455192493550139,-0.233021149828061
19.025,-0.133667751787984,0.12361367783245,-0.0648856019685351
19.03,0.233847600307236,-0.228769821519587,0.114183505341459
19.035,0.556895543020216,-0.537609646417844,0.271353584151161
19.04,0.776749510366516,-0.746803715942749,0.37807056418122
19.045,0.853721510329214,-0.818649910066312,0.415130936224128
19.05,0.774384289728145,-0.740695437117111,0.376129849429762
19.055,0.553969278306307,-0.527882217123759,0.268649018085016
19.06,0.233249893934567,-0.219756951553956,0.11264047424085
19.065,-0.128689790713021,0.12701994119995,-0.0630649350880592
19.07,-0.465477767169725,0.448902964465651,-0.226211418954241
19.075,-0.715683891086413,0.687152079163296,-0.347059421771869
19.08,-0.833820968822912,0.798651720339921,-0.403699452812494
19.085,-0.798822831015931,0.763531953489266,-0.38620583141316
19.09,-0.617740351447792,0.588918236121637,-0.298112629768707
19.095,-0.32425535900335,0.307418514792072,-0.15598770913128
19.1,0.0273837277310719,-0.028994046203308,0.0138569485785317
19.105,0.372517617450521,-0.358461665727851,0.180175308164359
19.11,0.647889322992732,-0.620692764182,0.312464617494324
19.115,0.803277333885443,-0.767922934669189,0.386740875380632
19.12,0.810614990372425,-0.773686878227315,0.389710191877841
19.125,0.669167955188183,-0.637569526306464,0.321238850562714
19.13,0.405463843642517,-0.385208190402223,0.194247472530981
19.135,0.068428744392,-0.0634392262149641,0.0323974658366726
19.14,-0.279685073441661,0.268377503594705,-0.134376572253823
19.145,-0.574855587493999,0.549224864076808,-0.275500197860147
19.15,-0.76302405949199,0.727773559411072,-0.365149350139907
19.155,-0.810023548743995,0.771714769057283,-0.387231698087192
19.16,-0.707837507592052,0.673603121078861,-0.33808375059954
19.165,-0.475896153524498,0.45220954044811,-0.227108928019883
19.17,-0.157488451678868,0.148855213375789,-0.0751139703930061
19.175,0.18836870962125,-0.180234780898624,0.0897362432664432
19.18,0.4978458844767,-0.474407410115779,0.237052884663761
19.185,0.714106300471113,-0.679664547997003,0.339860447938026
19.19,0.797724688619456,-0.758671971545797,0.379534409611122
19.195,0.733947036430982,-0.697570540325246,0.34915479000877
19.2,0.535269027309837,-0.508345259052779,0.254727496471696
19.205,0.238989309555071,-0.226584857210505,0.113999666764379
19.21,-0.0997082723595593,0.0952801804250908,-0.0467963790368824
19.215,-0.418129342352606,0.397682153281057,-0.197956353381037
19.22,-0.657661206601608,0.62498191543008,-0.311709761538658
19.225,-0.774544529217137,0.735731388378841,-0.367350508819863
19.23,-0.747914949638237,0.710160818938525,-0.355014071931591
19.235,-0.583554898872811,0.553844131870335,-0.277357858622986
19.24,-0.312570380577185,0.296398237369685,-0.149113543186042
19.245,0.0143674341224365,-0.0140628522412768,0.005785120534903
19.25,0.336583629958211,-0.319963990766706,0.158628955362597
19.255,0.594669807002254,-0.564889683962626,0.281280707406036
19.26,0.741426334397216,-0.704046288366695,0.351356980377939
19.265,0.750476794574688,-0.712450371800356,0.356262438784847
19.27,0.621113734558019,-0.589425704142026,0.295526792844205
19.275,0.378132360473717,-0.358572006989378,0.18070767048367
19.28,0.0671314722536161,-0.0631561457499007,0.0333240146427973
19.285,-0.254044947773502,0.241872234381249,-0.119240413858839
19.29,-0.526110484710897,0.500206635833403,-0.24889575894722
19.295,-0.699291608358129,0.664554573109104,-0.331904862821934
19.3,-0.742381456760227,0.705275935270937,-0.353292467395864
19.305,-0.648443410195727,0.615758455038535,-0.309486994402112
19.31,-0.435811962528022,0.413443313556517,-0.208986397438196
19.315,-0.144549311864912,0.136424291336873,-0.0706449746793269
19.32,0.171106506733191,-0.163737380854984,0.0798432648537988
19.325,0.452863744601504,-0.431601250876526,0.214684907965229
19.33,0.649161825874721,-0.618077942068796,0.309204964118625
19.335,0.724538304892101,-0.689441607061844,0.346281294418395
19.34,0.666146525190692,-0.633425257739986,0.319464222716899
19.345,0.485775851877188,-0.461348476002217,0.234049857327916
19.35,0.21755144401516,-0.205688190258467,0.106145023259569
19.355,-0.0885060191334798,0.0859228970510876,-0.0404528737492187
19.36,-0.375902361408772,0.359590576733938,-0.178745414406901
19.365,-0.592021604475873,0.565193884416606,-0.28334457933654
19.37,-0.697766908625161,0.665491087566028,-0.335277185271088
19.375,-0.674682743108796,0.642848229344637,-0.325356149663701
19.38,-0.528046142949296,0.502367579017726,-0.255754164556015
19.385,-0.285732462224882,0.270727350444029,-0.139639121193356
19.39,0.00703626847521103,-0.00888659310196058,0.00139109926078722
19.395,0.296212308271726,-0.28488691329945,0.141307512570573
19.4,0.528885964344531,-0.506658039463859,0.25446700450376
19.405,0.662872245369034,-0.633977191162606,0.32029883956894
19.41,0.674475368551773,-0.644196953995526,0.327030785738141
19.415,0.562551365542914,-0.536354950133258,0.273780002550928
19.42,0.348494280998393,-0.331038851759533,0.170666677057664
19.425,0.0722960231070357,-0.0665280348283464,0.0369236288900925
19.43,-0.215078435911457,0.208327440211848,-0.102777558722137
19.435,-0.461000711374833,0.443178831080811,-0.222816074508072
19.44,-0.620833026797907,0.595344243812042,-0.30132855908307
19.445,-0.666002802388876,0.637539839501268,-0.324234524479727
19.45,-0.589105021855418,0.562857919331511,-0.287632639870495
19.455,-0.405044633406353,0.385731600227319,-0.198604416558428
19.46,-0.148215530573264,0.13923046121312,-0.0737808428803309
19.465,0.133947470996462,-0.131151747698559,0.0637889613647193
19.47,0.38974628334067,-0.375835038115096,0.188845722033453
19.475,0.572633403810973,-0.550275995779962,0.278609753862093
19.48,0.649684287053506,-0.62300929798604,0.316872812250883
19.485,0.607510371644702,-0.581422909961733,0.296928719557098
19.49,0.454550972041969,-0.433827467354301,0.222764105431629
19.495,0.219445273946319,-0.207807423648586,0.108297982399998
19.5,-0.054358805866407,0.0548765644321147,-0.0252677675594036
19.505,-0.31662208876884,0.305973551321155,-0.153395129524982
19.51,-0.519455583426882,0.499680421737317,-0.252675501539414
19.515,-0.626131490790347,0.600886219106278,-0.305111498727878
19.52,-0.617682641399873,0.591638072992377,-0.301379183828462
19.525,-0.496251397385917,0.474232129645518,-0.242476508592999
19.53,-0.284641609249313,0.270717583354804,-0.139561801925885
19.535,-0.0220631506965205,0.018770444346864,-0.0117397198774419
19.54,0.243191958216559,-0.235235961446406,0.117441104393312
19.545,0.462542107288777,-0.444818447349781,0.224289913078432
19.55,0.596020999984986,-0.571827512067911,0.289383543970847
19.555,0.619602064044623,-0.593413959420626,0.301039929846143
19.56,0.52945632535389,-0.506185721782825,0.257397489483273
19.565,0.342615994495874,-0.326665067013348,0.166836332854136
19.57,0.0938275432950036,-0.0881501133513175,0.0462685454135849
19.575,-0.17100969480078,0.165287779676166,-0.0820086140853548
19.58,-0.403206471012678,0.387083910704484,-0.194422242797628
19.585,-0.560236596461522,0.536692752139592,-0.270394934183665
19.59,-0.613575615117738,0.586995880919771,-0.296212183688997
19.595,-0.553846761673216,0.529221825113101,-0.26742997675676
19.6,-0.392511857292017,0.374517063490451,-0.18967544085343
19.605,-0.159684305903229,0.151764738592782,-0.0775787963826401
19.61,0.101455240757485,-0.0977429028984432,0.0480231160224071
19.615,0.342722410331829,-0.327971714167685,0.163953337483396
19.62,0.519712841523857,-0.496625364355893,0.248922460649281
19.625,0.600076935277622,-0.572944433921258,0.287515461933858
19.63,0.569399916801285,-0.54334349228452,0.272846591362393
19.635,0.43381112995496,-0.413795917576044,0.208007392852141
19.64,0.218794459231655,-0.20864484188226,0.105286710944303
19.645,-0.035579955817896,0.033872966272006,-0.0161510372259543
19.65,-0.282158200121937,0.268796640644038,-0.133775316213981
19.655,-0.475382650725227,0.452809806690909,-0.225898159777059
19.66,-0.579770646478895,0.55217391182556,-0.275681365046346
19.665,-0.576417239707564,0.548969548481353,-0.274195899014016
19.67,-0.466447628432323,0.444365417872543,-0.222040036917759
19.675,-0.270747448924925,0.258225350081195,-0.129227135465853
19.68,-0.0259695686144212,0.0254219112012826,-0.0131967497236595
19.685,0.222303298949335,-0.210684764982896,0.10448696526762
19.69,0.428045848658469,-0.406367332943345,0.201991857293425
19.695,0.553348980058256,-0.525643427353801,0.26146099372816
19.7,0.575410404829417,-0.546877351170443,0.272101766793277
19.705,0.490690226674332,-0.466715695422391,0.232265188068973
19.71,0.315511164248084,-0.300600424090821,0.149726459249769
19.715,0.0828830743367411,-0.0798588959977447,0.0400298798368914
19.72,-0.163708751625539,0.154233162500013,-0.0763127354477391
19.725,-0.378409572776768,0.358195023326187,-0.177691916061448
19.73,-0.521550544741812,0.494383219250225,-0.24543608969565
19.735,-0.567036180366414,0.537971690716314,-0.267185251523343
19.74,-0.507030491146095,0.4815225293459,-0.239251945672734
19.745,-0.353363325168922,0.336173895845602,-0.167143425547851
19.75,-0.135183174684132,0.12947214718237,-0.0645778173966002
19.755,0.106579326564116,-0.0997568308936221,0.0492518900541295
19.76,0.32690470985253,-0.308839276843254,0.153161002809105
19.765,0.485024407195118,-0.459129108116288,0.227933029888052
19.77,0.55204508747484,-0.523156013105851,0.259933657229235
19.775,0.516185225874324,-0.489685699887527,0.243484868848255
19.78,0.38485432707548,-0.365649428818009,0.182005758349813
19.785,0.183124519030641,-0.174714532403058,0.0872268309913016
19.79,-0.0510343838236403,0.047168143560377,-0.0230805023884939
19.795,-0.273953151315851,0.258612441385743,-0.128346475039305
19.8,-0.444374274709069,0.420490004760443,-0.209119180815739
19.805,-0.531114442338921,0.503171763337228,-0.250564069458308
19.81,-0.518771493597353,0.491967603659157,-0.245303937536446
19.815,-0.410443037857324,0.389699808832157,-0.194624865387471
19.82,-0.226983225924766,0.216020578204246,-0.108244525361641
19.825,-0.00297657236642698,0.00370226710770014,-0.00241317751354293
19.83,0.219762571713681,-0.207626607636551,0.103172632389117
19.835,0.400017062706958,-0.378845703734717,0.188959739358399
19.84,0.504811770190022,-0.478596483589675,0.239210669213237
19.845,0.515395217594025,-0.489002898379075,0.244863909789933
19.85,0.43062808524308,-0.408893772804658,0.205178172747374
19.855,0.266977787155356,-0.253804956413141,0.127841177876311
19.86,0.0553783336571413,-0.0530312990121211,0.0273765601678034
19.865,-0.164702529455182,0.155929789400478,-0.0774858353438764
19.87,-0.352532365429555,0.334419208311136,-0.167364261955631
19.875,-0.473746821951839,0.449751670299534,-0.225747156463625
19.88,-0.506549858934762,0.481135022936383,-0.24206369054782
19.885,-0.445652928446189,0.423498752324369,-0.213606128436633
19.89,-0.303104272217398,0.28819417274202,-0.14592811520651
19.895,-0.10587129808213,0.100794409440569,-0.05178136710899
19.9,0.109245378039296,-0.103715961834555,0.0513186117123934
19.905,0.302484489344315,-0.287520500821327,0.144298935429294
19.91,0.438444696612369,-0.416941301653538,0.210110160839762
19.915,0.49259967572293,-0.468581042072652,0.236789366728833
19.92,0.455672343298489,-0.433568611123184,0.219666377967257
19.925,0.335209094618713,-0.319013988555161,0.162238253434147
19.93,0.154041100155223,-0.146618406216518,0.0753154735084961
19.935,-0.0540392721949393,0.0514487530141856,-0.0249346739560656
19.94,-0.250585765371397,0.238575447913359,-0.119950047845154
19.945,-0.399562808110819,0.380488845580227,-0.192299952627917
19.95,-0.473976190838718,0.451404948307005,-0.228823842345918
19.955,-0.460750737987695,0.438851795862372,-0.223037486217657
19.96,-0.362961749648361,0.345772093632827,-0.176274172972378
19.965,-0.199198285454848,0.189815469600635,-0.0974345682006822
19.97,-2.47580957321042e-05,7.90143702799807e-05,-0.00118163825368737
19.975,0.197742194819399,-0.188334018302581,0.0946842998359176
19.98,0.357807596126761,-0.34087191447105,0.172546536819049
19.985,0.451040798425206,-0.429793900972438,0.218196777341056
19.99,0.460797381932561,-0.43919789452254,0.223467365576294
19.995,0.385863037052522,-0.367887702026881,0.187645934163228
20,0.240531165278688,-0.229517214517727,0.11758242308131
20.005,0.0519547739186412,-0.0498999741318878,0.0263559336918766
20.01,-0.144964269402988,0.137724406770368,-0.0691211420345949
20.015,-0.314012853412155,0.298840935196477,-0.151295216597397
20.02,-0.42429288117546,0.404054632361056,-0.205115391981263
20.025,-0.455915234208022,0.434396093411637,-0.220879265143876
20.03,-0.403527821301786,0.384740946414977,-0.195925968823756
20.035,-0.277235583383778,0.264706061632295,-0.135139373089416
20.04,-0.100672505531011,0.0967805171032685,-0.0498894029979049
20.045,0.0933775186394961,-0.0878934545016185,0.0439702657285765
20.05,0.269137940492025,-0.255299346029954,0.129114321587104
20.055,0.394352123747249,-0.374733088966455,0.189931705113853
20.06,0.446235576141373,-0.424523063494597,0.215373373903616
20.065,0.415626381711469,-0.395913044134961,0.200987715238567
20.07,0.308582678453763,-0.29462385158488,0.149695207960438
20.075,0.145226912479503,-0.139686196994768,0.0711703599290623
20.08,-0.0440244370343162,0.0400348902005044,-0.0199262695296952
20.085,-0.2241207194235,0.211290962006748,-0.106737550009719
20.09,-0.361890913518611,0.342587711406108,-0.173235596882224
20.095,-0.432089618729709,0.40992487696395,-0.207310198338352
20.1,-0.422099404088716,0.401236967850769,-0.20287444515076
20.105,-0.334154907806341,0.318577900190371,-0.16101907397207
20.11,-0.184902503097205,0.17762343971916,-0.0897268984082703
20.115,-0.00226118609288578,0.00474041451483245,-0.00236918969031557
20.12,0.179809225363077,-0.167947482848357,0.0847894288306382
20.125,0.327601386585949,-0.308509006570687,0.155631276349379
20.13,0.413914863638314,-0.391152464350911,0.197159779607653
20.135,0.423070128009215,-0.40092919760301,0.201883962754309
20.14,0.353758958986995,-0.336454457252025,0.169214971743076
20.145,0.219238516904631,-0.21011297095021,0.105443683763386
20.15,0.0448228151595076,-0.045692552912114,0.0226182755834113
20.155,-0.136896548744011,0.126118123472516,-0.0637838482705363
20.16,-0.292151924709109,0.273405299633018,-0.137693161241742
20.165,-0.392226207537402,0.369004561941217,-0.18550331914212
20.17,-0.418850536760187,0.395498641728522,-0.198515818354077
20.175,-0.367484233049478,0.348428305081646,-0.174571387675249
20.18,-0.248127556885286,0.236991205169417,-0.118406007389207
20.185,-0.0833837298045284,0.0823390997688679,-0.0406801873293925
20.19,0.0958074315738592,-0.0865016202787471,0.0440056615486547
20.195,0.256026856794536,-0.238058609244331,0.119847421676363
20.2,0.367565152292406,-0.344257550732172,0.172808025259557
20.205,0.409941688565908,-0.385665242740651,0.193209087001544
20.21,0.375728532567805,-0.355031022411352,0.177520637226703
20.215,0.271779822167768,-0.258587687356683,0.128923286133038
20.22,0.117942901464458,-0.114754355265802,0.0567228709188905
20.225,-0.0567698990236591,0.0493445121343596,-0.0254678871174019
20.23,-0.219657048662989,0.20297569973151,-0.102274535683762
20.235,-0.340438090328409,0.317616040026215,-0.159419640436844
20.24,-0.396895882349073,0.372202139998399,-0.186427055240202
20.245,-0.378977698210334,0.357019435352703,-0.178487127737899
20.25,-0.290587030897368,0.275445130993673,-0.137376936464211
20.255,-0.148736660796503,0.143206359281597,-0.0710017513694281
20.26,0.0197221284666197,-0.0146331386850202,0.00809092708904505
20.265,0.183171067718099,-0.168453120510836,0.0850446672997595
20.27,0.311190913357382,-0.28963216563877,0.145551050622191
20.275,0.380212572815212,-0.355828878619262,0.178459136372455
20.28,0.377843139422448,-0.355153433765849,0.177874943402644
20.285,0.30511059642448,-0.288309774753114,0.14416638937537
20.29,0.176161645180969,-0.168311028793907,0.0838670185605575
20.295,0.015488576981534,-0.0179405148523639,0.00841991390843256
20.3,-0.146705069239931,0.134487723827591,-0.0680149523820277
20.305,-0.280212262096082,0.260577021085634,-0.131192879249711
20.31,-0.360405056244262,0.337058547014002,-0.169463261436196
20.315,-0.372847842830543,0.350113448352569,-0.175901850725534
20.32,-0.31581726002565,0.297860207198308,-0.149568831637432
20.325,-0.200547990438378,0.190598002724436,-0.0956165648208255
20.33,-0.0490222431570548,0.0487690438999589,-0.0242822339092327
20.335,0.110276504335745,-0.100926456788228,0.0510319744214844
20.34,0.247678788009825,-0.230587178538066,0.116294399222259
20.345,0.337830779577539,-0.316256457216138,0.159456299547459
20.35,0.364444612565129,-0.342384611729994,0.172682648033845
20.355,0.323170748453983,-0.304631557370179,0.153741809466597
20.36,0.222267956891552,-0.210583820930043,0.106387801289199
20.365,0.0810333439163341,-0.0781862041530475,0.0396514426112036
20.37,-0.0739692006558364,0.0676260362837587,-0.0339680732317324
20.375,-0.213879369359528,0.19966699082095,-0.100743994920202
20.38,-0.312894174455737,0.293544915263393,-0.148349139920585
20.385,-0.353049041582125,0.332173726300629,-0.168115994810969
20.39,-0.327445495005441,0.308856195641457,-0.156590343825886
20.395,-0.241428191788267,0.228455164165978,-0.116143434731408
20.4,-0.111469223917755,0.106343118209545,-0.0544769249509643
20.405,0.0379779108017411,-0.0345013223874002,0.0168311653113576
20.41,0.179094827114875,-0.167827552617201,0.084528231827537
20.415,0.285866931291789,-0.269016189728488,0.136104848747554
20.42,0.338857027332155,-0.31960574063564,0.162136959296738
20.425,0.32875257686544,-0.310622057111908,0.158019668183936
20.43,0.257980150163868,-0.244229088761928,0.124713547648238
20.435,0.140134525425372,-0.133166123982473,0.0685893719916854
20.44,-0.00261475387968001,0.0016912659086296,0.000190625317430198
20.445,-0.143695963026096,0.135212082640268,-0.0677705096985595
20.45,-0.257103213570433,0.242730498178078,-0.122735189972037
20.455,-0.322119151415918,0.304599747374858,-0.154651014894281
20.46,-0.327158228286651,0.309715626561423,-0.157788033127802
20.465,-0.271766887123432,0.257580886482731,-0.131793225452652
20.47,-0.16665590183805,0.158254270309577,-0.0816494170437912
20.475,-0.0316036501775852,0.0304152626639959,-0.0167938506169401
20.48,0.108240692877123,-0.102116846159314,0.0507013483100569
20.485,0.227052673434489,-0.214855128047078,0.108368745264726
20.49,0.303067846185481,-0.287141391362965,0.145637457402092
20.495,0.322597169414896,-0.305916305013292,0.155785910216454
20.5,0.282454926345641,-0.268101432346862,0.137126831994043
20.505,0.190490985355367,-0.181087829595436,0.0933107191194718
20.51,0.0640514484750351,-0.0612570520134657,0.0325937952801222
20.515,-0.0733029629692236,0.0690478756413093,-0.0336987074303907
20.52,-0.196160303266923,0.185706193637637,-0.0932965558010991
20.525,-0.281937039841586,0.267294192194018,-0.135253065696597
20.53,-0.315066282787282,0.298991798033626,-0.15194209205204
20.535,-0.289805996772854,0.275283910349342,-0.140476295371942
20.54,-0.211199193295078,0.20094363628638,-0.103178224065261
20.545,-0.0941254027612773,0.0900304944545543,-0.0471031716484959
20.55,0.0395329455317232,-0.0367339662503097,0.0172257352319022
20.555,0.164979455564898,-0.155823436688401,0.0778896339039517
20.56,0.25907856087681,-0.245306286424343,0.123708481053587
20.565,0.304636570086734,-0.288868650536324,0.146325350144241
20.57,0.29356073396971,-0.278768707504469,0.141738806503956
20.575,0.228268636739818,-0.217255103896587,0.11100766589117
20.58,0.121177077402942,-0.116055322652728,0.0600134571515364
20.585,-0.00759729760686884,0.00585920754364566,-0.00167888543827475
20.59,-0.134080511745319,0.125801295006464,-0.0625544121507942
20.595,-0.234862804568582,0.221592316852462,-0.111355454142214
20.6,-0.291432333764656,0.275693773583827,-0.139175982679797
20.605,-0.293622325310885,0.278391163251848,-0.140993619373793
20.61,-0.241376916353321,0.229567944810472,-0.116705286264944
20.615,-0.144753920459119,0.138643356062379,-0.0710296091189482
20.62,-0.0219870404246183,0.0227725205239044,-0.0125828752453469
20.625,0.103960685162574,-0.0963820500587522,0.0476829961854194
20.63,0.209694914282874,-0.196734358301969,0.0985714150690305
20.635,0.275726388242472,-0.259819394025398,0.130739624050516
20.64,0.290068937473237,-0.274231627764114,0.138397426183028
20.645,0.250427976612683,-0.237708167291379,0.120308570012624
20.65,0.164572689892816,-0.157437988927035,0.080072067731535
20.655,0.0488033847914636,-0.0486573673976822,0.0253718650736404
20.66,-0.0751146421855056,0.0681822585504873,-0.0335424730665045
20.665,-0.18405840712727,0.171322542243036,-0.0856629062540178
20.67,-0.257885620316484,0.241742855315673,-0.12137522920474
20.675,-0.283127728038635,0.266631623585846,-0.134212876512829
20.68,-0.255475860526028,0.241778220119847,-0.121989744175749
20.685,-0.180524218183718,0.172266231872351,-0.0872133889059967
20.69,-0.072629930247658,0.0714141361117902,-0.0365761880859345
20.695,0.0478201546078804,-0.0417368307256411,0.0203475050780134
20.7,0.15828550227783,-0.146014094255379,0.0729297450635547
20.705,0.238263276349189,-0.222110801540537,0.111409110338531
20.71,0.273127953142534,-0.25613901973276,0.128770816810437
20.715,0.256792822401264,-0.242188489408651,0.122013214321554
20.72,0.192772631961651,-0.183329759769982,0.0926048360052667
20.725,0.0934584871271585,-0.0909782385117133,0.0462792521129755
20.73,-0.0222831701768642,0.0173337209550648,-0.00817060960767267
20.735,-0.132728796208706,0.121265078774676,-0.060532848305747
20.74,-0.217327049213076,0.201503585649313,-0.101074986521519
20.745,-0.260554387307031,0.243364462380304,-0.122365825328641
20.75,-0.254785754731786,0.239455184178273,-0.12064604437263
20.755,-0.201589620554043,0.190997908565056,-0.0964933379350021
20.76,-0.111394261341949,0.107512403789731,-0.0546206577773694
20.765,-0.00140887516249995,0.00493144357887494,-0.00303042837860588
20.77,0.107646427027883,-0.0974201316326192,0.0485637944090742
20.775,0.195448809747225,-0.180473947735879,0.0905711456499493
20.78,0.245867484495212,-0.228965007765377,0.115254858554367
20.785,0.249914813751731,-0.234252175320748,0.118213484949467
20.79,0.207367368113429,-0.195838916488891,0.0991292025043196
20.795,0.1266773181454,-0.12138148467718,0.0617969730261471
20.8,0.0233118695714868,-0.0251576806047573,0.0133651046753151
20.805,-0.08319947601067,0.0746433231099176,-0.0370356750656371
20.81,-0.173002993426464,0.159393798257164,-0.079987892493885
20.815,-0.229559989134439,0.213473623371094,-0.107595696305634
20.82,-0.242728668715861,0.227160592943934,-0.114873802547421
20.825,-0.210574582534392,0.198374183201581,-0.100697123882842
20.83,-0.13961803749698,0.132971457132931,-0.0679405353205975
20.835,-0.0435178043178628,0.0435429054617144,-0.0228967009498297
20.84,0.0595382282421594,-0.05297412244329,0.0259231606694108
20.845,0.15030909815459,-0.138519691089557,0.0694003741698268
20.85,0.212060428252289,-0.1973147423007,0.0995097354246834
20.855,0.233664534859536,-0.21870593204325,0.110797456583154
20.86,0.211587517803042,-0.199137853400441,0.101369270007941
20.865,0.1504570572976,-0.142732480693331,0.0732003899010279
20.87,0.0621041744556971,-0.0603755588403196,0.0317302450549245
20.875,-0.0367468400004486,0.0323099760068636,-0.015213290163361
20.88,-0.127616630198333,0.117963412496397,-0.0588311921406955
20.885,-0.193728010777368,0.180743221991604,-0.0910706411914423
20.89,-0.223115213610722,0.209226339881507,-0.106062135283086
20.895,-0.210757498247789,0.198476207249125,-0.101199099658826
20.9,-0.15943487447982,0.150940912334622,-0.0776008149845553
20.905,-0.0791257008573428,0.0758329404955011,-0.0398393844790184
20.91,0.0149391784403451,-0.0125948183022633,0.00493088031031734
20.915,0.105169769400651,-0.0977562828281736,0.0483395923579073
20.92,0.174886586618017,-0.163882828393273,0.0823299386751266
20.925,0.211393587689593,-0.198889075871498,0.100706322179275
20.93,0.208313071589681,-0.19658123466381,0.100227455347826
20.935,0.166655735744756,-0.157782914899934,0.0811494716412335
20.94,0.0945616820507433,-0.0900611077516325,0.0472206317179724
20.945,0.00573102665802682,-0.00626398898279255,0.0048690461837646
20.95,-0.0832065317672527,0.0778800758435785,-0.0379702220766677
20.955,-0.155784405566024,0.146752572277534,-0.0733458253426663
20.96,-0.198728234584871,0.187724946961957,-0.0947698654325589
20.965,-0.204405999389787,0.193462866195437,-0.0984125702413077
20.97,-0.172159185885025,0.163225219109424,-0.0837751689487105
20.975,-0.108346665604036,0.102975060751808,-0.0537476938259058
20.98,-0.0251168224145812,0.0241669191512622,-0.0140468074331992
20.985,0.061925193291187,-0.058410921179009,0.0278644214196364
20.99,0.136620958301892,-0.129393943647933,0.0642059245703419
20.995,0.185260167829178,-0.175724859977477,0.0882832577064574
21,0.199092559089359,-0.189034328342122,0.0957634253526887
21.005,0.175899777078182,-0.167151047614361,0.0854075859763151
21.01,0.120330369799434,-0.114452449660033,0.0593226466447638
21.015,0.042997188181015,-0.0409849429985688,0.0224957597905756
21.02,-0.0415565106147305,0.0394335076795677,-0.0181455681950304
21.025,-0.117595994790352,0.111819738179764,-0.0550201365580378
21.03,-0.171115810487858,0.16282065702033,-0.0813218490598582
21.035,-0.192394619874455,0.183160478893385,-0.0922786124484359
21.04,-0.177782372545518,0.169331927068985,-0.0860069882773376
21.045,-0.13033561881413,0.124219790143467,-0.0638422236144362
21.05,-0.0591624750883814,0.056453572284325,-0.0300515664243104
21.055,0.0223221266010491,-0.0211807185728136,0.00896750911673897
21.06,0.0988911219541749,-0.0941746919885884,0.0459304190597208
21.065,0.156381069755662,-0.149038029518074,0.0739864964941159
21.07,0.184294496531673,-0.175748905767128,0.0880148638897152
21.075,0.177716869066266,-0.169596414623009,0.0855560368002999
21.08,0.138196573074479,-0.132034069358762,0.0672364154824878
21.085,0.0733826123130013,-0.0703238829520946,0.0366292091709036
21.09,-0.0044396949145418,0.0038611194625012,-0.000467130747288912
21.095,-0.0806894128377658,0.0766098483665649,-0.0370703683767778
21.1,-0.141199788967531,0.134438615669695,-0.0663883385930674
21.105,-0.17485613959282,0.166744293293369,-0.0830524471950753
21.11,-0.175671187745777,0.167772867953131,-0.0840927413586643
21.115,-0.143810355673427,0.137646796980791,-0.0694860591970721
21.12,-0.0855106475293112,0.0822773426628837,-0.0421327475652941
21.125,-0.0119042602086631,0.0121928741658092,-0.00725425746872758
21.13,0.0631523504458979,-0.0594086816741943,0.0285783606604867
21.135,0.125681722405523,-0.119221762301558,0.0586797572244306
21.14,0.164155914936945,-0.156255770217758,0.0775026192593571
21.145,0.171653603929838,-0.163871191693393,0.0817008048470097
21.15,0.147118147580993,-0.14096852005231,0.0706436576026845
21.155,0.095457341916837,-0.0921552730346818,0.0465692249503079
21.16,0.0265911311260174,-0.0267774720396829,0.014130090108321
21.165,-0.0464488815806147,0.0428163663538906,-0.0205473318333439
21.17,-0.110007154112921,0.103630226832836,-0.0509743751022569
21.175,-0.152340445601566,0.14447322248058,-0.0715301756314946
21.18,-0.165796273408144,0.157996266490879,-0.0785084828032726
21.185,-0.148206877255978,0.141999298791186,-0.0707901208448886
21.19,-0.103223086465664,0.0998288071833703,-0.0499929224738035
21.195,-0.0395512543006446,0.0396594447236182,-0.0201444782606794
21.2,0.0306978514713066,-0.0271121325410664,0.013058503924975
21.205,0.0943448884867023,-0.0879802175869665,0.0433977367967837
21.21,0.139612521555437,-0.131707567628968,0.0652659314748765
21.215,0.158291505116082,-0.150402545209139,0.074689126607416
21.22,0.147237319228599,-0.14091713226398,0.0700831325597256
21.225,0.10890261871615,-0.105396708822716,0.0524969331447752
21.23,0.0507886056607511,-0.0507998873989234,0.0253714970406259
21.235,-0.0159941785343551,0.0124696046210226,-0.00611508866185562
21.24,-0.0788944851503984,0.0725346483089063,-0.0360322299445446
21.245,-0.126239552737262,0.118276240563419,-0.0588328746902197
21.25,-0.149427837477242,0.141417376881342,-0.0703807913626534
21.255,-0.14447152572297,0.137976245531651,-0.0686644133410959
21.26,-0.112695713557137,0.10898501335992,-0.0542004038359325
21.265,-0.0604075388534453,0.0601917881508606,-0.0298514962789911
21.27,0.00236543743916333,0.000958129658118049,-0.000279819796782186
21.275,0.0637939984953521,-0.0575699698740675,0.0289353443639129
21.28,0.112466139163828,-0.104550479218644,0.052365542676086
21.285,0.139508688410944,-0.131437353876879,0.06573388537773
21.29,0.140224474286071,-0.133539510671097,0.0666994507819181
21.295,0.114867408462438,-0.110865461478129,0.0552530363187312
21.3,0.0685477113937983,-0.0679858588496826,0.0336965873119605
21.305,0.0101881510130951,-0.0131580918339267,0.00617750966287012
21.31,-0.0491852577995078,0.043255654579883,-0.0221154590377206
21.315,-0.0985453638017334,0.0907956274137988,-0.045910171326339
21.32,-0.12886412192681,0.120798468684524,-0.0608523493365095
21.325,-0.134819233735751,0.127962216204004,-0.0643001730420554
21.33,-0.115681096477175,0.111327435876355,-0.0557626769645167
21.335,-0.0753793355154157,0.0743515199249641,-0.0369937061114507
21.34,-0.0217157272114174,0.0241662837665998,-0.0116127551446635
21.345,0.0351575510218735,-0.0297244697025889,0.0155837750744438
21.35,0.0846702947390699,-0.0772866405140192,0.039532068490787
21.355,0.117756396821924,-0.109845596059938,0.055835939053897
21.36,0.128540564852066,-0.121603264573012,0.0615687533197265
21.365,0.115384651879945,-0.110698678165531,0.0558315244186449
21.37,0.0810753597740883,-0.0794967739355995,0.0398188449874968
21.375,0.0322781247066467,-0.0340728695031516,0.016639291434974
21.38,-0.0217758599496955,0.0169830060693996,-0.00932387714427857
21.385,-0.0710148671633581,0.0641526180297477,-0.0332294113023454
21.39,-0.106423139863792,0.0987884731228744,-0.0506846700812046
21.395,-0.121658480107022,0.114686655956238,-0.0585421391539238
21.4,-0.114210486509874,0.109184709170256,-0.0554693690288256
21.405,-0.0857793225667381,0.083606635768208,-0.0421803071174903
21.41,-0.0419087324807199,0.0429518739059801,-0.0212599993910252
21.415,0.00908575553653746,-0.00506464077756956,0.00335054247650244
21.42,0.0577038954142591,-0.0514884387162823,0.0270366748387268
21.425,0.0950123252402002,-0.0877907778982235,0.0454403396008853
21.43,0.114302209062632,-0.10742442169843,0.0552407071173616
21.435,0.112258010137633,-0.106978828776638,0.0547198951775515
21.44,0.0895487770930311,-0.0868210400813098,0.0440979482168864
21.445,0.0506322394356063,-0.0509187822593312,0.0254593112627986
21.45,0.0028865227506337,-0.00607293533240064,0.00233260485418093
21.455,-0.0447881815742261,0.0393300544638998,-0.0209635807565248
21.46,-0.0836191707398862,0.0769154412662581,-0.040121690729119
21.465,-0.10656858123913,0.099878063334798,-0.0516566636419749
21.47,-0.109612106280996,0.104155193233667,-0.0535362017358479
21.475,-0.0924328619882319,0.0891793793382966,-0.0455153080852229
21.48,-0.0584356062338832,0.0579481523300716,-0.0291882858013678
21.485,-0.014075380978645,0.0164020268626597,-0.00765475479315287
21.49,0.0323611394923035,-0.0277016025736276,0.0150491400588235
21.495,0.0723091699460682,-0.0662115816829844,0.0347251076422055
21.5,0.0984874145604404,-0.0920933099644353,0.0477912584510028
21.505,0.106237546377378,-0.10072566382617,0.0519039449772082
21.51,0.0943492574301651,-0.0907137155596139,0.0464019495589939
21.515,0.065213715471783,-0.0640860951939595,0.0324110188424922
21.52,0.0243873625679259,-0.0259250512350808,0.012596465484665
21.525,-0.0204820380154776,0.0166180755634656,-0.00932890515199265
21.53,-0.0611073818299239,0.055664198311523,-0.0292924277320215
21.535,-0.0900515092246882,0.0840668353556108,-0.0436362682431941
21.54,-0.102104869046051,0.0966708489890339,-0.0497865956656756
21.545,-0.095239187388945,0.0913306775290394,-0.046698956381614
21.55,-0.0709023654565241,0.0692102997340091,-0.0350266707493488
21.555,-0.0337556202032573,0.0345342615539529,-0.0170402419946535
21.56,0.00922471962955437,-0.00617697441856263,0.00388705314333851
21.565,0.0500651660420799,-0.0453482369776188,0.0238660143789606
21.57,0.0812694875888027,-0.0757871944581014,0.0392207583359906
21.575,0.097176299087514,-0.091959787621021,0.0471709336394715
21.58,0.0950159700858657,-0.0910060349300427,0.0463504591118108
21.585,0.0753673747220778,-0.0732692489957565,0.037001461860371
21.59,0.0420251052311802,-0.0421820837819762,0.0209363904996232
21.595,0.00127838237875842,-0.00360293823442607,0.00120279621592538
21.6,-0.03928040819916,0.0352863485391044,-0.0185130559681157
21.605,-0.0721735192025868,0.0672892663396886,-0.0345953003393816
21.61,-0.0914200592047732,0.0865591622112543,-0.0441096109446682
21.615,-0.0936101721320847,0.0896606940949541,-0.0453811103437056
21.62,-0.0785082264020382,0.0761713915606375,-0.0382810107265814
21.625,-0.0490885411068634,0.0487336623021462,-0.0242096958823022
21.63,-0.0109370841670667,0.0125534517379942,-0.00585052521803129
21.635,0.0288243768541082,-0.0255891927339619,0.0133577816164574
21.64,0.0628409049808352,-0.0586425907866312,0.0298579418819924
21.645,0.0848864071791118,-0.0805265614760385,0.0406544686053679
21.65,0.0910244853822053,-0.08729972736932,0.0438222142778748
21.655,0.0802910201413656,-0.0778717211525968,0.0388729725368015
21.66,0.054856614628267,-0.0541396741476862,0.0268278840157493
21.665,0.0195925112731346,-0.020625799006203,0.00999599089497535
21.67,-0.0188875274574036,0.0163517947148298,-0.00845396841856227
21.675,-0.0534323262882494,0.0499123472157119,-0.0250978648798942
21.68,-0.0776951224357409,0.0738937205526198,-0.0368970187752416
21.685,-0.087323834653346,0.0839404949871746,-0.0417367717924411
21.69,-0.0807129718732807,0.0783392030329773,-0.0388199406348188
21.695,-0.0592780631677865,0.0582970666729414,-0.0287943635694979
21.7,-0.0271624878223276,0.0276857029161919,-0.0135920221103384
21.705,0.00957040626139308,-0.00771226141552616,0.00390140101432919
21.71,0.0440706395376381,-0.0412863338422919,0.0204243177792845
21.715,0.0699883522030295,-0.0668264910012256,0.0329558876757619
21.72,0.0826476794761865,-0.0796855378479695,0.0392352266565672
21.725,0.0798733549326347,-0.0776394140188115,0.0381948362286276
21.73,0.062375243468532,-0.0612318343927541,0.0301306827980819
21.735,0.0335858211210614,-0.0336705248349052,0.016635739312272
21.74,-0.00101898165771082,-0.000217819046260849,0.000267632122659444
21.745,-0.0349672342853357,0.0328579196597838,-0.0159089679444537
21.75,-0.0619902585631892,0.0594387532850693,-0.0289076116288728
21.755,-0.0771783918547013,0.0746563510219247,-0.0364014209287159
21.76,-0.0778906868172693,0.075838245043289,-0.037078610476428
21.765,-0.0642018552604353,0.0629560373659449,-0.0309080169618665
21.77,-0.0388432912827348,0.0385658744555075,-0.0191375755534555
21.775,-0.00666938089835987,0.00734928024767718,-0.00401859576251879
21.78,0.0262668938953219,-0.0248074106706388,0.0116174703266416
21.785,0.0538642580075105,-0.0519211498354879,0.0248820043111177
21.79,0.071099875975156,-0.0690436758262307,0.0333571902428788
21.795,0.0749420964149211,-0.0731176926560426,0.035569822393789
21.8,0.064868922439406,-0.0635747258201369,0.031196042832202
21.805,0.0429592059238913,-0.0423913542881905,0.0211366051905056
21.81,0.0134422021162521,-0.013654506441559,0.00734680309706023
21.815,-0.0181092844850514,0.01719260109633,-0.00758574249796609
21.82,-0.045827364660116,0.04439423973009,-0.020893823496621
21.825,-0.0646463310698481,0.0629551642699754,-0.0301527897683196
21.83,-0.0712190511880842,0.0695676285260968,-0.0337223835935139
21.835,-0.0645228816617415,0.0631923019086007,-0.0310299672210406
21.84,-0.0460030476965039,0.0452008429960164,-0.0226715427072706
21.845,-0.0192775015664266,0.0191145649267416,-0.01026645289715
21.85,0.0105818934190401,-0.0100960908724747,0.00383388069601384
21.855,0.0380034286689877,-0.0369701017174797,0.0170152065325677
21.86,0.0579603361815886,-0.0565732323367752,0.0268676227680161
21.865,0.0668743844213172,-0.0653745040320663,0.031622873792107
21.87,0.0632880636381245,-0.0619311353367601,0.0305065130754844
21.875,0.0480721587832137,-0.0470885765771749,0.0237872840714429
21.88,0.0242241178929259,-0.0237826075973418,0.0128020174299335
21.885,-0.00370203183448431,0.00352703817504787,-0.000362645279602541
21.89,-0.0304778119326146,0.0297188596985741,-0.0132571847837535
21.895,-0.0511788256251952,0.0499606302069232,-0.0235228768087275
21.9,-0.0620744513490443,0.0606182918864298,-0.0293094873576972
21.905,-0.0613264943904356,0.0598956480149104,-0.0296240106721613
21.91,-0.0492703785680287,0.0481213615667417,-0.0245035193741525
21.915,-0.0283244363212131,0.0276779109714666,-0.014961841238175
21.92,-0.00251666189438074,0.00250308472102805,-0.00281697769618339
21.925,0.0233055213914551,-0.022680756865007,0.00964343173032411
21.93,0.0443743332321531,-0.0432280523167788,0.0201539657186534
21.935,0.0568891701021825,-0.0554215355799802,0.0268164696967467
21.94,0.0586941733908771,-0.0571950670188388,0.0284578617943604
21.945,0.0496546695810581,-0.0484146641244928,0.0248590950811812
21.95,0.0316329801338475,-0.0308910364427648,0.0167707715921574
21.955,0.00811395690252829,-0.0080219494738286,0.00573193485901116
21.96,-0.0164718199606565,0.0158742207376181,-0.00618444122746113
21.965,-0.0375758900528107,0.0363973212005682,-0.016781654723896
21.97,-0.0513877078649628,0.0498431368827453,-0.0241468554967915
21.975,-0.0554972342686776,0.053883343761918,-0.0269844901337399
21.98,-0.0493340418931528,0.0479762435032805,-0.0248384681937493
21.985,-0.0342299970442023,0.0334067506758648,-0.0181916344115627
21.99,-0.0131276693865637,0.0130208289011407,-0.00833161138090188
21.995,0.00998422588579074,-0.00933687286261464,0.00289820705654462
22,0.0308247751491225,-0.0295282082087233,0.0134176287238332
22.005,0.0456150638562473,-0.0439238045903884,0.0213264306884858
22.01,0.051763888077008,-0.0500264439463729,0.0252247616767958
22.015,0.0483226552488525,-0.046893925624718,0.0244617399224453
22.02,0.0361130728925405,-0.0352903796506844,0.0192508741194534
22.025,0.0175485100511519,-0.0175215205388477,0.0106233622550155
22.03,-0.00384470868390235,0.00306170628437153,0.000190956289103427
22.035,-0.0241083517374121,0.0226571905824589,-0.0101072303784907
22.04,-0.0395666698307258,0.0377346984812442,-0.0183975636375951
22.045,-0.0475088071525764,0.0456536248519692,-0.0232103625126038
22.05,-0.0466481083478794,0.0451502064102411,-0.0237244659216381
22.055,-0.037324884837859,0.0364983028603661,-0.0199043581041861
22.06,-0.0214234136062088,0.0214410496242792,-0.0125373377233855
22.065,-0.00196508426630163,0.00283664657981562,-0.0030171141161335
22.07,0.0174486950888347,-0.0158722661940896,0.00689705513667528
22.075,0.0332974725770122,-0.0313257676254287,0.0153905688599254
22.08,0.042784207610231,-0.0408158768231681,0.0209502325594046
22.085,0.0443359908542144,-0.042775233170765,0.0226213298451602
22.09,0.0378490507590134,-0.0370228852260878,0.0201592187212446
22.095,0.0246737144198857,-0.0247640281929866,0.0140900993989005
22.1,0.00733295148645751,-0.00833849264320635,0.005575383436429
22.105,-0.0109501753480461,0.00922325652149117,-0.0037993356304861
22.11,-0.0268671631770698,0.0247580414494504,-0.0123326808836408
22.115,-0.0376083546953036,0.0355373749174828,-0.0184871891351776
22.12,-0.0413682047891637,0.0397573931980764,-0.0211921136611701
22.125,-0.0376427837291174,0.0368090604512529,-0.0200182413482519
22.13,-0.0272597139287891,0.0273721453871648,-0.0152501383333585
22.135,-0.0122332245462503,0.0132758930698594,-0.00781820704649139
22.14,0.00464174811040392,-0.00287235712629528,0.000892828688130765
22.145,0.0203241905495768,-0.0181745892265541,0.0092880343997571
22.15,0.0320425287221488,-0.0299230455843055,0.0158491907545539
22.155,0.0378032675879671,-0.0361294381354068,0.0194444986246974
22.16,0.0367186886873288,-0.0358252562938555,0.0194664781297414
22.165,0.029134318932886,-0.0291970972379252,0.0159922756924961
22.17,0.0165509395650845,-0.01755032184981,0.00971437544415183
22.175,0.00130707284672335,-0.00306613991544864,0.0018159537161948
22.18,-0.0138360664406193,0.0116616299886003,-0.00626364831595696
22.185,-0.0262002515846995,0.0240319037553829,-0.0130641182504346
22.19,-0.0336725477330464,0.0319259013472162,-0.0173881432117095
22.195,-0.0350384872105748,0.0340438687516336,-0.018525819257087
22.2,-0.0302026180406503,0.030141551724362,-0.0163287615564374
22.205,-0.020160749264204,0.0210307519618985,-0.0112500914572295
22.21,-0.00678672104962693,0.00840702476868488,-0.00427438146490722
22.215,0.00749436033868978,-0.00543789195445229,0.00332392505077174
22.22,0.0201550236212137,-0.0180516571774268,0.0101868146727721
22.225,0.0290221032405289,-0.0272598808040894,0.0150938678642576
22.23,0.0326171476419014,-0.0315211179248889,0.0172110821218716
22.235,0.0304313619866129,-0.0301835279779756,0.0162373410675158
22.24,0.0229703795591842,-0.0236021214450766,0.0124102435987387
22.245,0.0116488088133394,-0.0130240457969938,0.0064551782904872
22.25,-0.00148452567557173,-0.000382570898935702,-0.000502919354392249
22.255,-0.0140990573540278,0.0120894900919096,-0.00723051493948476
22.26,-0.0240012938600608,0.0222138881206165,-0.0125482358157504
22.265,-0.0295234005328795,0.0282770296965317,-0.0155397483406234
22.27,-0.0298011689655959,0.0293061760104992,-0.0157289578573665
22.275,-0.0248822164636444,0.0252056889119809,-0.0131632592170782
22.28,-0.015728372431645,0.0167851196296595,-0.00833967450334385
22.285,-0.00401129477683048,0.0056075638112123,-0.00214883969960332
22.29,0.0081816369857126,-0.00634456304986313,0.0042864163443466
22.295,0.0187228158891547,-0.0169898144625681,0.00983845181305458
22.3,0.0258207479643339,-0.0244798149056477,0.0135591190728006
22.305,0.0283132396397014,-0.0275771778731174,0.014837914460875
22.31,0.0258461527451905,-0.0258316622521834,0.0135073871975028
22.315,0.0189401251602427,-0.0196213385114453,0.0098553238158893
22.32,0.00886886114055916,-0.0101029241538399,0.00456807271705843
22.325,-0.00257660961917991,0.000995673935826023,-0.00141014137787906
22.33,-0.0133787081024167,0.0117281623704472,-0.00702369791757291
22.335,-0.0216818919849562,0.0202521671664468,-0.0113072422862338
22.34,-0.0260899639611595,0.0250992794039788,-0.0135496578762612
22.345,-0.0259014471895026,0.0254916493073623,-0.0134178123923663
22.35,-0.0212131726111125,0.0214551159030408,-0.0109662889975832
22.355,-0.0129223233386527,0.0137555380011958,-0.0066635310704796
22.36,-0.00251571591331025,0.0037769103990374,-0.00129615670057964
22.365,0.00816637572607839,-0.00668561335766624,0.00420450847845871
22.37,0.0172625964490175,-0.0158155481008157,0.00889450477599734
22.375,0.0232258345804394,-0.0220566333004452,0.0119656359960701
22.38,0.025066871410506,-0.0243452706395985,0.0129282564909109
22.385,0.0225185803455401,-0.0223490551077695,0.0116600131872207
22.39,0.0160872117108661,-0.016493296372275,0.00839083934366287
22.395,0.00695397746284107,-0.00785100566683112,0.00372366353518189
22.4,-0.00327123595393451,0.00204184144878419,-0.00150634261329976
22.405,-0.0127852177844036,0.0114135460341567,-0.0064091329307981
22.41,-0.0199354963641355,0.0186392028407856,-0.0101421367709267
22.415,-0.0235057876481504,0.0225028799556545,-0.0120611154550532
22.42,-0.0229249068803157,0.0223570153488669,-0.0118806231288154
22.425,-0.0183335450701451,0.0182834687941352,-0.00965228186463615
22.43,-0.0105872877470488,0.0110746096848675,-0.0057714977467514
22.435,-0.00108939070335595,0.00202836028728402,-0.000938801847197708
22.44,0.00848193293271378,-0.00725921854946255,0.0039960181696955
22.445,0.0164363894431384,-0.0151188648744526,0.00818477321270759
22.45,0.0213901634508217,-0.0201958797305661,0.0109079888627873
22.455,0.0225156455770772,-0.0216394569921294,0.0116912082560262
22.46,0.0196505849456965,-0.0192251750554488,0.0104289069593057
22.465,0.013340769964481,-0.0134371999360012,0.0073565138411475
22.47,0.00475613710779038,-0.00535677109576393,0.00301659794626838
22.475,-0.00456137196202453,0.00355534704671617,-0.00179974402452754
22.48,-0.0129570865980558,0.0117104332560019,-0.0062436178096784
22.485,-0.0189404309122928,0.017642860487782,-0.00954261217467427
22.49,-0.0214721548641568,0.0203320216519949,-0.0111168295168395
22.495,-0.0201419796383068,0.019345447012447,-0.0106953512748155
22.5,-0.0152285914010305,0.0149094986856312,-0.00838431356409934
22.505,-0.00764313831787842,0.00785457383292702,-0.0046098320241479
22.51,0.00121317055784167,-0.000495589297237793,-5.21733235183711e-05
22.515,0.00973038642726022,-0.00862060661050259,0.0044567668697612
22.52,0.0163885296042039,-0.015071143274875,0.0081067076591959
22.525,0.0199897927031899,-0.018678154827416,0.0102569382837282
22.53,0.0199219275851634,-0.0188385621615255,0.0105293090493548
22.535,0.0162480836576116,-0.015580158109771,0.00889501338604248
22.54,0.00967521097241274,-0.0095415144362307,0.00567408725401565
22.545,0.00143210422718152,-0.00185905652636667,0.00147436895246519
22.55,-0.00694296747374899,0.00601569302664337,-0.00293252451936881
22.555,-0.0139281258551833,0.0126481227389973,-0.00673422046418438
22.56,-0.0182613123584165,0.0168418791479382,-0.00923665434468927
22.565,-0.0191727854202421,0.0178528502147645,-0.0100023771126605
22.57,-0.0165417085873716,0.0155494465404643,-0.00892282692433768
22.575,-0.0109082177443581,0.0104232928948374,-0.00620929929135782
22.58,-0.00334750067016933,0.00346658956857705,-0.00240223611540079
22.585,0.00471629444026731,-0.0039989037106987,0.00176900976414341
22.59,0.011761315321028,-0.0105627390407919,0.00553107315762078
22.595,0.0164995234440087,-0.0150219990293339,0.00818514850133603
22.6,0.0180825956910518,-0.016583930807506,0.00925062310970702
22.605,0.0162499747202637,-0.0150131753757583,0.00856236238700198
22.61,0.011410697989182,-0.0106593336142262,0.00628688319675194
22.615,0.00451466789937538,-0.00440278601004147,0.0028719993491393
22.62,-0.00310260919563218,0.00253921242068265,-0.00100011672297996
22.625,-0.00999370883531379,0.00885442496773444,-0.00458577595563403
22.63,-0.0148645238768005,0.0133417775385926,-0.00721957269077361
22.635,-0.0168304101314905,0.0151943582849346,-0.00841258282283028
22.64,-0.0155651837734512,0.0141231824190749,-0.00795702896989306
22.645,-0.011362216108965,0.0103897347523542,-0.00599183923106489
22.65,-0.00507441329947885,0.00475821261977639,-0.00293015968323485
22.655,0.00205311699763889,-0.00164518914582784,0.000620253348006187
22.66,0.00865052092579762,-0.00757096762796318,0.00396127701167742
22.665,0.0134644186550765,-0.0119050813198489,0.00643661330228108
22.67,0.0155875112836578,-0.0138491685267829,0.00759918892783658
22.675,0.0146701282674748,-0.0130783558752836,0.00725397940352906
22.68,0.0109381392234491,-0.00981246064398767,0.00549320556196181
22.685,0.00516506090520129,-0.00473998475169595,0.00270697890388443
22.69,-0.00149872136705295,0.00113337638804951,-0.000538499098982272
22.695,-0.00773618527214558,0.00663401106810656,-0.00359999246123374
22.7,-0.0123512476629577,0.0107102253265648,-0.00588417928685188
22.705,-0.0144734899579637,0.0126197476843883,-0.00693834625433171
22.71,-0.0137286669434468,0.012028971295932,-0.0065942614038538
22.715,-0.0103232843829026,0.00910493343437922,-0.0049545263083929
22.72,-0.00496784509783649,0.00448826202330888,-0.00235675162123309
22.725,0.00126366880440912,-0.000892989206866459,0.000662686192586613
22.73,0.00712894400163086,-0.00597970561543568,0.00348608347303402
22.735,0.0114952326033513,-0.00977975014919305,0.00556049332845238
22.74,0.013536716960844,-0.0115839945924717,0.00649140634869062
22.745,0.0128820329590877,-0.0110879833588623,0.00610215994038013
22.75,0.00971502063492199,-0.00844777624883148,0.00449364373346317
22.755,0.00469089456675216,-0.00420728664254747,0.00201484345042812
22.76,-0.00117948415885845,0.000752659508604284,-0.000839472619026994
22.765,-0.00672233070244022,0.00545416866017398,-0.00349591371341692
22.77,-0.0108698977958535,0.00900694195194434,-0.00541645638575643
22.775,-0.0128204302522557,0.0107217717997939,-0.00623823854224855
22.78,-0.0122240754627149,0.0103110300201231,-0.00580856905242596
22.785,-0.00924406265598302,0.00791377550602631,-0.00422379831804749
22.79,-0.00449681664735764,0.00402100215257073,-0.00180251115434609
22.795,0.00107218300877118,-0.000585172401585929,0.00096056080605346
22.8,0.00636039649628237,-0.00497912396071783,0.00352514823251287
22.805,0.0103418161895256,-0.00834035427116266,0.00538778001294489
22.81,0.0122550826821654,-0.0100305524678987,0.00617977713593395
22.815,0.011766950158776,-0.00975220433281031,0.00575590958695401
22.82,0.00900525668600085,-0.00760248498800578,0.00420296697784785
22.825,0.00451903687442894,-0.00402751112007639,0.00182480624651955
22.83,-0.000790522570667189,0.000257056021768104,-0.000905492746979189
22.835,-0.00589503302669633,0.00442802494230778,-0.00346919647639027
22.84,-0.00981519980408087,0.00768699187593163,-0.00536347863742787
22.845,-0.0118109210322089,0.00943047895048597,-0.00622430319831515
22.85,-0.0115201889885243,0.00935770731857598,-0.00588767302916233
22.855,-0.00903320940062745,0.00751325963162125,-0.0044266020546634
22.86,-0.00484272261873064,0.00426309630404669,-0.00210910308177604
22.865,0.000240743075597939,0.000257872132946866,0.000617700695830181
22.87,0.00523327100123783,-0.00374284779207959,0.00323913226138541
22.875,0.00919118427790961,-0.00700027982760068,0.00526835182418612
22.88,0.0113861980577416,-0.00890447095482222,0.00630498674345402
22.885,0.0114218845005808,-0.00912225271688791,0.00616483228034693
22.89,0.00930669716692024,-0.00763695090541627,0.00487351059610099
22.895,0.00547166281470867,-0.00474557799444697,0.00266271692658007
22.9,0.000637444400247076,-0.000996731107928933,-5.94625608029265e-05
22.905,-0.00429412416407218,0.00289352148062821,-0.00278246481155166
22.91,-0.00839551433682312,0.00621763689543462,-0.00500999773393063
22.915,-0.0109169279581699,0.00837291140292293,-0.00632213894824842
22.92,-0.011417178578515,0.00896887332108264,-0.00647688566049537
22.925,-0.00980904040937471,0.00790435921810833,-0.0054426423588967
22.93,-0.00640059115162164,0.00539941488969928,-0.0034101736230885
22.935,-0.00182940367538017,0.00192631090104334,-0.00073270677684871
22.94,0.00306366441386484,-0.00189469049592143,0.0020979058650726
22.945,0.00737980998585883,-0.00535181006714199,0.00455887853147176
22.95,0.0103418148474655,-0.00782742495931951,0.00621680637297858
22.955,0.0114209988572137,-0.00887276685041358,0.00675760942548545
22.96,0.0104224205234355,-0.00830678906317042,0.00607733352817579
22.965,0.00753245320155049,-0.00622478514079869,0.00429021325762872
22.97,0.00328324642301129,-0.00301259557571109,0.00171749979973372
22.975,-0.00156646354614307,0.000754282398365878,-0.00119317519339964
22.98,-0.00613805159241412,0.00439156977663731,-0.00391147658780329
22.985,-0.00961745204366514,0.00725038254009868,-0.00594282315081357
22.99,-0.0113692270266153,0.00879541829167597,-0.00691788022880715
22.995,-0.0110802186373812,0.00875207471852507,-0.00665906958032654
23,-0.00879726164150031,0.00712251052830877,-0.00518870562806873
23.005,-0.00491970257144366,0.00418067027343864,-0.00277752688589269
23.01,-0.000126707593463621,0.000457795004886909,0.000154128891668852
23.015,0.00471424266689652,-0.0033705642049601,0.00308803040541755
23.02,0.0087418291441716,-0.00663107945511471,0.0054899358084539
23.025,0.0112228259355015,-0.00872327286850198,0.00691647015372176
23.03,0.0116943013821493,-0.00923668391077493,0.00711273838587636
23.035,0.0100658446389463,-0.00807537404942953,0.00603167511583295
23.04,0.00659879413839861,-0.00542684909144798,0.00384538068541586
23.045,0.00189773988815626,-0.00175050328841243,0.000947491122338802
23.05,-0.00318311838704499,0.00229880822713556,-0.00214350552315678
23.055,-0.00773954575973732,0.00597783131492562,-0.00487747670387026
23.06,-0.0109495451020206,0.00860963393498397,-0.00673976955074655
23.065,-0.0121994935322603,0.00970194786090983,-0.00739382271250602
23.07,-0.0112462510993511,0.0090152542234334,-0.00670904807393042
23.075,-0.00823583662556223,0.00664947477492014,-0.00479794578662115
23.08,-0.00368158387553174,0.00302935535075492,-0.00199863740433618
23.085,0.00160510622450592,-0.00121043328167373,0.00118869871081352
23.09,0.00666360295428503,-0.00530376543880894,0.00416803561097525
23.095,0.0105618248377716,-0.00847166281911371,0.00640055036542387
23.1,0.0125654290049774,-0.0101195472560848,0.00747586033308882
23.105,0.0122735710302802,-0.00991978608511964,0.00717939374981047
23.11,0.00971134166211301,-0.00786646397697252,0.00556263955507383
23.115,0.00531944718636508,-0.00431225806086295,0.00291794826198097
23.12,-0.000120131162183174,9.47385651155405e-05,-0.000276829946016787
23.125,-0.00558944128389302,0.00456159422794533,-0.00343509431245243
23.13,-0.0100836097971779,0.00825761030082416,-0.00595489225724834
23.135,-0.0127534513684945,0.0104633342543819,-0.00737515622457763
23.14,-0.0130704470387926,0.0107369072668724,-0.00743930258856456
23.145,-0.0109437344726263,0.00900456255609607,-0.0060995270745001
23.15,-0.00675100897207732,0.00555745500385819,-0.00362474517441643
23.155,-0.00124087227311135,0.000996248138559658,-0.000475054291972904
23.16,0.00455175546868944,-0.00381662865575583,0.00276604265943418
23.165,0.00954977708733441,-0.00798184809043506,0.00548210799884164
23.17,0.0127899567177413,-0.0107053367729304,0.00715477761178897
23.175,0.0136406902723678,-0.0114563919960962,0.00747265649309035
23.18,0.011913404130776,-0.0100426162927615,0.00638932717494731
23.185,0.00790943896888641,-0.00672108891032239,0.0040901914251607
23.19,0.00237006765431321,-0.00209574556325708,0.00102437296410425
23.195,-0.00366560471706709,0.00299523114511089,-0.00221128436231632
23.2,-0.00904083142292567,0.00758974435388462,-0.00501592472125319
23.205,-0.0127205644245571,0.0107895809492789,-0.00684824536749578
23.21,-0.0139856317204584,0.0119899869645938,-0.00735566476943878
23.215,-0.0125880279421659,0.0109406431259351,-0.00645506734216281
23.22,-0.00876089705977054,0.00778320353999583,-0.00431541543247051
23.225,-0.00323182213956652,0.00312926796397264,-0.00135811953363232
23.23,0.00293352760756743,-0.0021612963613494,0.00184673978767218
23.235,0.00855092792210411,-0.00710502628710972,0.00466067213181592
23.24,0.0125465754543068,-0.0107443106694742,0.00654902852366446
23.245,0.0141329721674497,-0.0123511521797426,0.00715573610445271
23.25,0.0129894924891173,-0.0116355772637746,0.0063577471370014
23.255,0.00933605898962717,-0.00870634400974663,0.00432365685174334
23.26,0.00385885834817517,-0.00409265016589948,0.00146293710641189
23.265,-0.00237149435200881,0.00132352960017134,-0.00165757732677732
23.27,-0.00814716563747002,0.00650893584274589,-0.00442774280864003
23.275,-0.0123497370911339,0.0104834160775297,-0.00629486161680547
23.28,-0.014150571521633,0.0124800049269428,-0.00690707187811981
23.285,-0.0131832747823204,0.0120933485498049,-0.00615670875178057
23.29,-0.00965121306561893,0.00940583615248015,-0.00418853304983955
23.295,-0.00423802784125037,0.00492634327266744,-0.00140301425593454
23.3,0.00200103557647866,-0.000506127884173991,0.00163240199112412
23.305,0.00782943137532519,-0.00585034478933442,0.0043221538819987
23.31,0.0121169265268846,-0.010074821262457,0.00613385001504756
23.315,0.0140236490376254,-0.0123731281952368,0.0067139302649766
23.32,0.0131774930375916,-0.0123146773843929,0.0059459711316918
23.325,0.00974919012572417,-0.00989477784715713,0.00399640958813446
23.33,0.00442783241817755,-0.00559184280494938,0.00126384217517347
23.335,-0.00174895764241019,-0.000239600909244751,-0.00171378323744612
23.34,-0.00755789470615935,0.00513737935178527,-0.00432403783962817
23.345,-0.0118625004926212,0.00950884728289541,-0.00605159655709253
23.35,-0.0138218846190072,0.0120269330252574,-0.00655840328942125
23.355,-0.0130561931140045,0.0122236524848136,-0.00575194543769582
23.36,-0.0097261042264678,0.0100888156519943,-0.00379265435639934
23.365,-0.00450181992818876,0.00603310389315724,-0.00108370533044697
23.37,0.00158208610662661,0.00085727322653778,0.0018232968825986
23.375,0.00731808971547424,-0.00443041488019233,0.0043601863508412
23.38,0.0115851958783724,-0.00881252780491372,0.0060144819413393
23.385,0.0135432198641901,-0.0114681168149363,0.00645921303514794
23.39,0.0128187560061077,-0.0118846958334034,0.00562069789209674
23.395,0.00958093780136874,-0.0100171846803478,0.00366762596794854
23.4,0.00448884381363887,-0.00625322075769947,0.000986076932780844
23.405,-0.00144721502823876,-0.00134661211334162,-0.00187470463557679
23.41,-0.00704775591404659,0.00375679052040722,-0.00435658014633031
23.415,-0.0112124931592971,0.00805045426286996,-0.00596200203755179
23.42,-0.0131397879174556,0.0107223569391273,-0.00638121453589451
23.425,-0.0124682084403992,0.0112932244676739,-0.00553648253920215
23.43,-0.0093682724899719,0.00967418502413272,-0.00361323807459426
23.435,-0.00446377967326761,0.00621660693955287,-0.000980506905030143
23.44,0.00125983143367572,0.0016438961615889,0.00182731580118179
23.445,0.00667084391168784,-0.00315888838677919,0.00424966710826597
23.45,0.0107055787575784,-0.00725892437182625,0.00582835943798443
23.455,0.0125978387415558,-0.00986187238889918,0.00625890606977713
23.46,0.0120052195875016,-0.010502377538081,0.00546646540396785
23.465,0.00907477476482085,-0.00911690428406275,0.00362552369619427
23.47,0.0044211421991164,-0.0060002481213625,0.0011053351913523
23.475,-0.00102054583940884,-0.00180617152468035,-0.00159803011451334
23.48,-0.00616968854537007,0.00262224876278192,-0.00395998779458513
23.485,-0.0100257179146077,0.00643059898333138,-0.00552358316137767
23.49,-0.0118655872690144,0.00889753538651428,-0.00600820998843305
23.495,-0.0113678949920373,0.00957129674702158,-0.00534150791502774
23.5,-0.00867586172931161,0.0083855308021315,-0.00366516677981954
23.505,-0.00436862219568617,0.0056211953355517,-0.0013214953108172
23.51,0.000680165832294812,0.00185413341947109,0.0012199406189045
23.515,0.00548249654763384,-0.00215389725330172,0.00347609456929704
23.52,0.00910415282690504,-0.00560926087945343,0.00502615691051072
23.525,0.0108840759510167,-0.00787779493263127,0.00559338951776467
23.53,0.0105220436193844,-0.00856035935916051,0.0050950539041518
23.535,0.00815836628345994,-0.00757401016530691,0.00366403886159374
23.54,0.00430265555251906,-0.00517144204512019,0.00159508102588821
23.545,-0.000254002960748541,-0.00187773363234827,-0.000708483530941349
23.55,-0.00461234246001968,0.00165557502205074,-0.00279963099826128
23.555,-0.00793852352253338,0.00474200668893678,-0.00430096705239751
23.56,-0.00963776130556398,0.00679451948669172,-0.00495775990635568
23.565,-0.0094509951759129,0.00748401651558542,-0.00468518567093543
23.57,-0.00748327198908806,0.00672695538986238,-0.00356785457754189
23.575,-0.0041879641167197,0.0047290112700788,-0.00185441903115237
23.58,-0.000253502920547834,0.00192930749392693,0.000116899337192614
23.585,0.00354329513220956,-0.00110566548162878,0.00197655590890498
23.59,0.00650226528225406,-0.00380945996952141,0.00338636368787518
23.595,0.00810227398910767,-0.00567736151124298,0.00411924913309974
23.6,0.00812014495470066,-0.00640215100242831,0.0040902573340938
23.605,0.00663413096885708,-0.00592416387024944,0.00334170537798055
23.61,0.00401865740332628,-0.0043876453583765,0.00205189756621226
23.615,0.000828476531170958,-0.00212089319865922,0.000490669312765426
23.62,-0.00231469240392591,0.000401511450642522,-0.00105142481957524
23.625,-0.00483236552385459,0.00272257091803136,-0.00231349827383283
23.63,-0.0063083992037433,0.00444387300374122,-0.00309272079836074
23.635,-0.00655831619496001,0.00529193721556422,-0.00330080701365213
23.64,-0.00563032167047463,0.00516527429697479,-0.00295849178570007
23.645,-0.00379340219108514,0.00416993682239427,-0.00215518913483751
23.65,-0.00145956877678738,0.00251105752414134,-0.00106608617246929
23.655,0.000923066951757339,0.000515864624023775,9.00827296429322e-05
23.66,0.00293964125328138,-0.00146588915072397,0.00114189362407033
23.665,0.00427456182307896,-0.00310127400293692,0.001941475290563
23.67,0.00478772956583971,-0.00416069431206646,0.0023831412768635
23.675,0.00449587767543794,-0.00451138536566818,0.00244076646083406
23.68,0.00353500623647285,-0.00413920392449601,0.00215627312662187
23.685,0.00214389307069653,-0.0031394659941246,0.00159187508718681
23.69,0.000599120904198201,-0.00170200474043576,0.000853181951758813
23.695,-0.000867921180693086,-4.45670089067039e-05,5.31250410375065e-05
23.7,-0.00206809006783114,0.00158283030081063,-0.000717718253063146
23.705,-0.00288445921914751,0.00295234028853864,-0.00137205099746914
23.71,-0.00327783400653204,0.00388278957173925,-0.00183658061660472
23.715,-0.00326892945223833,0.00425694387880778,-0.00206845172479931
23.72,-0.00289906513295607,0.00399894381711598,-0.00204537378682113
23.725,-0.00223792576115043,0.00314500312902196,-0.00175750946504504
23.73,-0.00133874060486884,0.00179601174100609,-0.00122251905725982
23.735,-0.000276397846244906,0.000115434375754895,-0.000493961403320703
23.74,0.000879382908907844,-0.00167042970379499,0.000354607912047447
23.745,0.00201848755981964,-0.00329209540629735,0.00120840677221426
23.75,0.00301606341620161,-0.00449440161986698,0.00195451687696879
23.755,0.00372169142745537,-0.0050567609393446,0.00245845955335321
23.76,0.00397146328553837,-0.00482638593062344,0.00260852721132693
23.765,0.00364215611072147,-0.00377614750463422,0.00234588817508309
23.77,0.00268294852559027,-0.00200802004043804,0.00166792587751404
23.775,0.00114845560555651,0.000243466707451438,0.000637875748695985
23.78,-0.000786630941368146,0.00263418392407052,-0.000597479803969806
23.785,-0.0028245156667534,0.00474436947404704,-0.001825021692877
23.79,-0.00461054605615147,0.00618273182556454,-0.00283861921264551
23.795,-0.00575998373656997,0.00662491509570818,-0.00341596049942618
23.8,-0.00597034444570086,0.00589906877180652,-0.00340719227295462
23.805,-0.00508865245063704,0.0040402174167799,-0.00277038893024866
23.81,-0.00314847097636683,0.00130659208378346,-0.00156148550150703
23.815,-0.00041450131839621,-0.00187153552025732,3.62663357162624e-05
23.82,0.00266085535085779,-0.00493052301207297,0.00173790027677157
23.825,0.00550310406413765,-0.00727655469331641,0.00322372209221585
23.83,0.00753435811186459,-0.00841849365153606,0.00419667055715379
23.835,0.00826582627813928,-0.00805484015195311,0.00442183471252936
23.84,0.00743460714410458,-0.0061464934296286,0.00380109608681409
23.845,0.00508843771149642,-0.00296993137417845,0.00241644340512254
23.85,0.00157233964805224,0.000949904963746923,0.000477971431259058
23.855,-0.00250527184807724,0.00491139680008488,-0.00166148511081519
23.86,-0.00636926725191586,0.00814961432084244,-0.0035870726867505
23.865,-0.00921536354857619,0.00999422836277407,-0.00491409310068996
23.87,-0.0104225252525498,0.010045195419973,-0.00535457211737288
23.875,-0.00964047483098187,0.00818061677392252,-0.00476197534730776
23.88,-0.00691822636453423,0.00467694769519226,-0.00320792974651734
23.885,-0.00268261918779045,0.000135146658138648,-0.000962899676746918
23.89,0.00229633130388534,-0.00460791272998538,0.00157182720769677
23.895,0.00705799694442142,-0.00866570021336441,0.00390974802639994
23.9,0.0106462506634497,-0.0112140267821988,0.00557155010993609
23.905,0.012289598098246,-0.0117186918410699,0.00620534950617825
23.91,0.0115889346681766,-0.0100162259293921,0.00565290367705872
23.915,0.00857929528479133,-0.00636073672093725,0.00397327065773891
23.92,0.00377625648898248,-0.00139762016179619,0.00145992941730917
23.925,-0.00193979647261429,0.00395170445346109,-0.00141604705064314
23.93,-0.00745655872312765,0.00868068238499606,-0.0041007847759496
23.935,-0.011683412341774,0.0118672592069767,-0.00606588267626808
23.94,-0.0137461144457229,0.0128713913048581,-0.00690343798038732
23.945,-0.0131792014339426,0.0114647105487103,-0.00642201371894978
23.95,-0.0100234656079987,0.00788003363275825,-0.00468510146729723
23.955,-0.00484226391321375,0.002759860550422,-0.00200060971423924
23.96,0.00137968751155155,-0.00293240033583843,0.00111971996584787
23.965,0.00745357032977588,-0.00813102038830027,0.00409083193553318
23.97,0.0121753711416155,-0.011841349005792,0.00632431164042923
23.975,0.0146129247291483,-0.0133683703589697,0.00738347115955445
23.98,0.0142478811435958,-0.0124046478459326,0.00704181329289203
23.985,0.0111391914428091,-0.00913145182582439,0.00535681364947186
23.99,0.00586032202921967,-0.00416371895706909,0.00262508844739754
23.995,-0.000583094953407312,0.00155762362722561,-0.000630823138786963
24,-0.00693952837214449,0.00697591609259863,-0.00378724462767368
24.005,-0.0119812782813245,0.0110673704126395,-0.0062524803059593
24.01,-0.0147470043334557,0.0130837179249723,-0.00755319677372657
24.015,-0.0146989665744182,0.0126845097122016,-0.0074271149702568
24.02,-0.0118564174822509,0.00996767429232717,-0.00590836924402687
24.025,-0.00679058108250962,0.00546171665856297,-0.00329381244215284
24.03,-0.000480465092285216,3.84518202176293e-05,-6.351388234928e-05
24.035,0.00586133484134499,-0.0052928827941335,0.00316169790055838
24.04,0.0110313194516952,-0.00956981884912024,0.00578275705327142
24.045,0.0140616606965491,-0.0120245820227401,0.00731867394792538
24.05,0.0144149833087391,-0.0122685185668336,0.00749889606024374
24.055,0.0120818382782855,-0.0103148728048601,0.00629792429411129
24.06,0.00755154372781749,-0.00657546626814491,0.00397008235206989
24.065,0.00172909470950847,-0.00177467210698825,0.000959801702754105
24.07,-0.00427233574325853,0.0031866801726373,-0.0021814923083917
24.075,-0.00932769215327372,0.00742602115107763,-0.00487202204956573
24.08,-0.0125308842997629,0.010229503499213,-0.00663512922985424
24.085,-0.0133548417551338,0.0111510426823217,-0.00717927324672714
24.09,-0.0117349834389012,0.0101067120894484,-0.0064376857558048
24.095,-0.00806148568790262,0.00736457050501042,-0.00457914072228056
24.1,-0.00308930515899997,0.00347468708096371,-0.0019680721895672
24.105,0.00223702490666815,-0.00085401191624043,0.000914531586819594
24.11,0.0069426466922959,-0.00485177577034672,0.00355346234954981
24.115,0.0102114987251415,-0.00786287310251481,0.00549856256413259
24.12,0.0115429736663408,-0.0094389766144925,0.0064402611203289
24.125,0.0108105280570496,-0.00938440402922537,0.00625569907827756
24.13,0.00825595488427237,-0.00779194331909849,0.00502176832036322
24.135,0.00442155494146017,-0.00500631961479469,0.002995505290898
24.14,5.72441832092669e-05,-0.00154311147286603,0.000545782461126143
24.145,-0.00407295620445857,0.00201715420236568,-0.00190817227390988
24.15,-0.00728578403003406,0.00509680148752723,-0.00395094749620717
24.155,-0.00910668763690466,0.00724814827911327,-0.00528147672456502
24.16,-0.00934280513973663,0.0081761894106828,-0.0057141392990544
24.165,-0.00807741309179546,0.00780568836169359,-0.00521642504500955
24.17,-0.00560922723934194,0.00624191504097692,-0.00391524338533565
24.175,-0.00242234814006827,0.0037781217138932,-0.00204938196221623
24.18,0.000934856290543574,0.000813427919120311,8.14386521884261e-05
24.185,0.0039491468162011,-0.00219470611282956,0.00213482816635971
24.19,0.00620567466878504,-0.00480243422108184,0.00379154397714539
24.195,0.00742940455785179,-0.00663733803872012,0.00483337222273022
24.2,0.00751834443269581,-0.00744396904357102,0.00512298367624276
24.205,0.00653848185838096,-0.00711684037133758,0.00462312929687976
24.21,0.00466995802176135,-0.00571687458432891,0.0034423274527942
24.215,0.00220860223704135,-0.00345156545644809,0.00175925742048255
24.22,-0.000497137156738134,-0.000651189884982217,-0.000186509713732719
24.225,-0.00309305059719915,0.00227021363344684,-0.00209257093162067
24.23,-0.00523939933435884,0.00486919519183991,-0.00367777965616232
24.235,-0.0066538687443061,0.00674407545902003,-0.00471995900347749
24.24,-0.00714216070576013,0.00758024177891839,-0.0050531539263475
24.245,-0.00661292805024181,0.00722755571353139,-0.00459607887947751
24.25,-0.00510809260566952,0.0057012446917472,-0.00342514299768094
24.255,-0.00280459316162388,0.00321190675553664,-0.00169602596693331
24.26,6.590200150963e-06,0.000126560168372632,0.000349478380187245
24.265,0.00294146114774307,-0.00305481116901899,0.0023800640534342
24.27,0.00554340276208306,-0.00581344593627049,0.00407703369386926
24.275,0.00738779172681596,-0.00766762075765995,0.00516039558093523
24.28,0.00813124099545926,-0.00827092996746654,0.00542242291060434
24.285,0.00757216251863232,-0.00746977139135308,0.00478928502814334
24.29,0.00571946669080055,-0.00536603047277829,0.00334358324886409
24.295,0.00280264448354117,-0.00227548228819578,0.00129377883770583
24.3,-0.000737716859807617,0.00129270331745376,-0.00103570414998741
24.305,-0.00432443333128248,0.00471958087936942,-0.00324617780772203
24.31,-0.00732362346681773,0.0073943517087066,-0.00495433435385765
24.315,-0.00917052354098472,0.00881718701852005,-0.00585530646112796
24.32,-0.00945821512532819,0.00869843993205695,-0.00575138094829779
24.325,-0.00806958660735461,0.00701967432276059,-0.00463689342805421
24.33,-0.00516772910293582,0.00404781388366822,-0.0026809645160569
24.335,-0.00121962896257862,0.00028827926254807,-0.000207986449201696
24.34,0.00309601012700085,-0.00358204122009873,0.0023464625371831
24.345,0.00698373638953685,-0.00686192051723812,0.00452682162557739
24.35,0.0097052574789794,-0.00894405141924209,0.00592778894101393
24.355,0.0107151577552965,-0.00941022490237023,0.00628574637174523
24.36,0.00976463002950494,-0.00816752797879511,0.0055056233836639
24.365,0.00697188950801124,-0.00542099836470266,0.00372014326104857
24.37,0.00280841781913759,-0.00165321488821846,0.00124607597302904
24.375,-0.00196086224038484,0.00244888275624263,-0.00146859775035697
24.38,-0.00644970194608265,0.00611719748238021,-0.00392928448429686
24.385,-0.00980003511334944,0.00867772844550566,-0.00568084697220332
24.39,-0.0113546846030469,0.009647724062182,-0.00638705584582928
24.395,-0.0107846248334816,0.00883170520110386,-0.0059159761482078
24.4,-0.00816694653725029,0.00638285174071867,-0.00435856357739174
24.405,-0.00398341639858413,0.00275362292035909,-0.00200018095190903
24.41,0.000978386140387019,-0.00138807716208659,0.000714010466928149
24.415,0.00578339601527981,-0.00526881674536363,0.00327112267489444
24.42,0.00950709982802689,-0.00814505669511811,0.0051998710006523
24.425,0.0114236586425318,-0.00950515554949409,0.00614549534568142
24.43,0.0111709371496407,-0.00909448836410196,0.00592591020585525
24.435,0.0087901669369,-0.00698870411225927,0.00460850724678097
24.44,0.004737675168755,-0.00359183045236654,0.00246886608836125
24.445,-0.00020109415681252,0.000429196747540581,-0.000106234987992182
24.45,-0.00506914432714175,0.00434293440161409,-0.00260592596050675
24.455,-0.00893039065205352,0.00741296683686552,-0.00455198609616637
24.46,-0.0110490135401449,0.0090550511235694,-0.00561297340667275
24.465,-0.0110283820808648,0.00898581611520802,-0.00560200914786314
24.47,-0.00889684289150862,0.0072518981952732,-0.00452424415448827
24.475,-0.00508730106305308,0.00417766304970722,-0.00264232456847483
24.48,-0.000360537117932187,0.000356341440730168,-0.000327492095350499
24.485,0.00435161899066433,-0.00346702519376166,0.00199080287588868
24.49,0.00814819429267039,-0.00658253455996169,0.00385487171766169
24.495,0.0103146895525078,-0.00842251967182636,0.00491700919848911
24.5,0.0104479853345639,-0.00864036991121926,0.00503054733806123
24.505,0.00857333618343213,-0.00722887403228116,0.00419041886957774
24.51,0.00509640982719456,-0.00448898067260114,0.00258025361027343
24.515,0.000718625170195192,-0.000949446346751192,0.000565646132975302
24.52,-0.00369486606918747,0.00270896841078379,-0.00146385833222195
24.525,-0.00727814381561275,0.00576412767782188,-0.00313703964199557
24.53,-0.00936238105982329,0.00766361574590708,-0.00413114489632007
24.535,-0.0095786701381301,0.00807404372690597,-0.00428435784481099
24.54,-0.00793705127059171,0.00693055271018902,-0.00363192026314634
24.545,-0.00479951130520955,0.004483921564593,-0.00232041689718368
24.55,-0.000830624701388743,0.00124404563732025,-0.00063771928894769
24.555,0.00317631421325452,-0.00216169679792432,0.00106258539178174
24.56,0.00642754254959923,-0.00507806626361886,0.00246414114587173
24.565,0.00831357662683864,-0.00693629442508959,0.00331122757684674
24.57,0.00850225546383105,-0.00739753486976259,0.00346980892776764
24.575,0.00701708557120889,-0.0064136214731164,0.00294975627674872
24.58,0.00420114782659476,-0.0041988900182761,0.00189850359287571
24.585,0.000656664707722186,-0.00120024670113476,0.000551931143852076
24.59,-0.00288094373635059,0.00195076302238224,-0.000801603198338165
24.595,-0.00570945728582905,0.00462596838693482,-0.00190023635489485
24.6,-0.00729661121329064,0.00631369018430524,-0.00253952357893832
24.605,-0.00735522933694972,0.00667960624774248,-0.00261558886574966
24.61,-0.00592164577245438,0.00567072468145581,-0.00216449678720393
24.615,-0.0033481850974387,0.00353318459363592,-0.00131837532493147
24.62,-0.000177321802779142,0.000717431675806033,-0.000268294575129397
24.625,0.00291400941321613,-0.00218892797940566,0.000736877418388114
24.63,0.00529112922584223,-0.00456845510049512,0.0014885092433907
24.635,0.0064783204787067,-0.00592903246971399,0.00185974685812324
24.64,0.00626265249437301,-0.00600420962942862,0.00178989266879995
24.645,0.00472322455525627,-0.00478492219099606,0.00131895270484625
24.65,0.00221190159619331,-0.00253658066396214,0.000598861465069403
24.655,-0.000715081061475789,0.000237944275490214,-0.000196497332641311
24.66,-0.00341368126413506,0.00293347632201572,-0.000888762824046206
24.665,-0.00530495556286054,0.00497467359607776,-0.00130196815470769
24.67,-0.00599361700638532,0.00588980523127306,-0.00135192352848642
24.675,-0.00533416052001096,0.00546232248778447,-0.00105441318473951
24.68,-0.00348138105065126,0.00378639578837553,-0.000470614649357681
24.685,-0.000840101703552847,0.00121375612384015,0.000247854667460949
24.69,0.00200536659419274,-0.00170407723943125,0.000897565122625148
24.695,0.00442171963445534,-0.00429546405861487,0.00132632714509353
24.7,0.00585643580384461,-0.0059673717086706,0.00141639578463722
24.705,0.0059755542997562,-0.0063113240606081,0.0011093019960529
24.71,0.00472359733407946,-0.00519299767437927,0.000473865574838923
24.715,0.00232346770806568,-0.00280104556279238,-0.000351267304023165
24.72,-0.000709324157847593,0.00035339379117721,-0.00119012504211138
24.725,-0.00371638311158382,0.00360226339880009,-0.00182147858286221
24.73,-0.00601884295277719,0.00621192436635889,-0.0020715075636011
24.735,-0.00707100436249827,0.00754848556875567,-0.00185464776087187
24.74,-0.00656559930299692,0.00723146994559073,-0.00116923444458947
24.745,-0.0045374297994653,0.00525424324196036,-0.000118537526469774
24.75,-0.00134863311320294,0.00194158730058473,0.00108211222732519
24.755,0.00234801241959709,-0.00204570753021874,0.0021881736259794
24.76,0.00577790469832335,-0.00585418146667309,0.00294382041880422
24.765,0.00816669026828045,-0.00863219342488461,0.00313342072287391
24.77,0.00892211348789096,-0.00970593699634104,0.00267964050169313
24.775,0.00777715132613435,-0.00871569961958194,0.00160197698838814
24.78,0.00486345288206213,-0.00575032105890332,6.69009921162898e-05
24.785,0.000687992039808447,-0.00132527533464854,-0.00163352539808365
24.79,-0.00393205143130235,0.00369347905918606,-0.00316377856339604
24.795,-0.00804495109883512,0.00827036140229292,-0.00419509367191084
24.8,-0.0107396706502434,0.0113851335120272,-0.00446115396492766
24.805,-0.0113552723082055,0.0122887188302933,-0.00384065960031336
24.81,-0.00962548080435313,0.0106592655315172,-0.00240260711979107
24.815,-0.0057699387410069,0.00667636592870006,-0.000353862251925045
24.82,-0.000453480247470772,0.00103814240229923,0.00193608464611749
24.825,0.00530666261311057,-0.00515326094609183,0.00401455094489478
24.83,0.0103404413190466,-0.0106455523061416,0.00546790368485522
24.835,0.0135599491731854,-0.0142680448703688,0.00595154360931454
24.84,0.0141983161768849,-0.0151483669728436,0.00529588044806314
24.845,0.0119800928560356,-0.0129647611353955,0.00356526753349126
24.85,0.0071924029043003,-0.00802245022575335,0.00102105843414439
24.855,0.000675048349843083,-0.00118535459010316,-0.00189467518215754
24.86,-0.00633378201236064,0.00624251422375212,-0.00462148172241638
24.865,-0.0124380142041233,0.0127560849730302,-0.00662108793788455
24.87,-0.0163656480236134,0.0169944498869362,-0.00746606531186927
24.875,-0.0172067259827975,0.0180070197107644,-0.00690878663494547
24.88,-0.0146467370512841,0.0154394532867071,-0.0049846347351826
24.885,-0.0090404922399563,0.00966523821338793,-0.00201371440868328
24.89,-0.00138785934761503,0.00172699872844917,0.00151218009625764
24.895,0.0068773458843257,-0.00685652638567839,0.00492458277403364
24.9,0.0141305415572226,-0.0144011407021231,0.00754373317260931
24.905,0.0188832042992456,-0.0193400473144428,0.00884821205618991
24.91,0.0200786675877459,-0.020611660213448,0.00852383442913674
24.915,0.0173667359636108,-0.0178503626500073,0.00654956080814603
24.92,0.0111406915782981,-0.0114783802362476,0.00324653792883534
24.925,0.00250872632298658,-0.00265179242835283,-0.000785619587206877
24.93,-0.00689704642577816,0.00692623955648639,-0.00483245987037319
24.935,-0.0152381262595401,0.0153852418058897,-0.00810699140387061
24.94,-0.0208438512360608,0.021038948798076,-0.00993364675050132
24.945,-0.0225312836209864,0.0226933230186462,-0.00994616737365944
24.95,-0.0198691870942739,0.0199316178882068,-0.00808455376385876
24.955,-0.0132643442664838,0.0132284236594459,-0.00462247470652719
24.96,-0.00392594301908398,0.00383778308508783,-0.000197232113197576
24.965,0.00637562322065022,-0.00647385995106243,0.00436323612373335
24.97,0.0156444077032143,-0.0156729934696658,0.00822240456228164
24.975,0.0220463721093144,-0.0219341636426393,0.0106211849037427
24.98,0.0242896506801348,-0.0240276073956657,0.0110536414990552
24.985,0.0218612034791735,-0.0214957748434225,0.00942460613838243
24.99,0.0151662075715223,-0.0147606930309666,0.00600683669943791
24.995,0.0054668352106752,-0.00513521811428737,0.00139093255120439
25,-0.00538882990831308,0.00552908613283581,-0.00354395381382291
25.005,-0.015322308175503,0.0151922660000642,-0.00787456151203367
25.01,-0.0223701996524114,0.0219464263531503,-0.010787031680918
25.015,-0.0251627583207846,0.0244802434523484,-0.0117135534484992
25.02,-0.0231332668248198,0.0223174623323657,-0.0104465439700573
25.025,-0.0166598683466227,0.0158741701126773,-0.00722760183982469
25.03,-0.00697605289562698,0.00638483504922382,-0.00264801500894177
25.035,0.00404701628768142,-0.00427466886828462,0.00244921500566538
25.04,0.0142891553709695,-0.0140510134003315,0.00710845526916104
25.045,0.0217741119049999,-0.0210835811263746,0.0104426389968617
25.05,0.0250676919645914,-0.0240326737512136,0.0118365042616708
25.055,0.0235647496279351,-0.0223525100280096,0.011042497416957
25.06,0.0175778419241127,-0.0164387282330606,0.00819708136715402
25.065,0.00828835756881611,-0.00747994062978216,0.0038474768294669
25.07,-0.0024942619493173,0.00279157264071742,-0.00118181336852339
25.075,-0.0126787397931484,0.0123667477248314,-0.00595887031756875
25.08,-0.02033506959028,0.0194247996537143,-0.00960908778722188
25.085,-0.0240272081457662,0.0226817764439989,-0.0114423051728768
25.09,-0.0231133000915521,0.0215829161190309,-0.0111523000623953
25.095,-0.0178379479756841,0.0164138557097614,-0.00882749945338106
25.1,-0.00929087824945351,0.008261636448106,-0.00491108211326662
25.105,0.00084055269641933,-0.00125047855794072,-0.000138646097960486
25.11,0.0106107120039965,-0.01029830954962,0.00457250115305138
25.115,0.0181660809480815,-0.0171704823890511,0.00837684608619792
25.12,0.0221269014542389,-0.0206246746940881,0.0105923973498398
25.125,0.0218374586410646,-0.0201091342993059,0.01082791106341
25.13,0.0174679715534046,-0.015844071095202,0.00909160094642664
25.135,0.00994524450761676,-0.00874380393442008,0.0057471068451346
25.14,0.000779592885247107,-0.000246358565998408,0.0014299959037865
25.145,-0.00825915106010741,0.00800367257789278,-0.00305243522345272
25.15,-0.0154740606061647,0.0144736756852283,-0.006866690193124
25.155,-0.0195814337534674,0.0180166688019058,-0.00935526553992894
25.16,-0.0199147792189095,0.0180816211119375,-0.0100992551751413
25.165,-0.0165500770213891,0.0147934898234509,-0.00900388331368497
25.17,-0.0102520426126444,0.00890257030691745,-0.00632793429333273
25.175,-0.00229684342343419,0.00161371666017308,-0.00259716119275591
25.18,0.00577384869336888,-0.00566328080181513,0.00149918474246469
25.185,0.0124594155324764,-0.0115877470826425,0.00520846137328739
25.19,0.016587175346395,-0.0151214510190474,0.00787415084727198
25.195,0.0175200807157961,-0.0157347771846551,0.00907010169286883
25.2,0.0152225937739192,-0.0134486334591907,0.00862489122483872
25.205,0.0102624745478367,-0.0088262337567267,0.00665850393636831
25.21,0.00366922351972945,-0.00283307093056313,0.00358888755126193
25.215,-0.00327883610381412,0.0033788613641731,-1.36513322615743e-05
25.22,-0.00931861414015241,0.00867111376627135,-0.00351048820755266
25.225,-0.0133970073571009,0.0121346608162438,-0.00627239331090752
25.23,-0.0148917029129394,0.0132540392267988,-0.00784160314088812
25.235,-0.0136689767826463,0.0119528441521514,-0.00800310289666847
25.24,-0.0100789596242106,0.00858889982661251,-0.00675960864551558
25.245,-0.00489762113441464,0.00389414011548426,-0.0043732589864651
25.25,0.000886739460727524,-0.00124531555375388,-0.00130483231894217
25.255,0.00622879971991571,-0.00590075078812841,0.00188979434431608
25.26,0.0102133946086544,-0.00927808095779392,0.00466939487584322
25.265,0.0122264386934368,-0.0108657280221926,0.00655317157887436
25.27,0.0120362969429228,-0.0105011510904263,0.00724161152741037
25.275,0.00978327063704979,-0.00834039396751183,0.0066679512826473
25.28,0.00596603014418204,-0.00485410408029785,0.00495668775360513
25.285,0.00131796125988784,-0.000721190219467521,0.00243191385395025
25.29,-0.0033366930068945,0.00334245702149836,-0.000442119006936409
25.295,-0.00721524888564481,0.00665900039856635,-0.00315938946164391
25.3,-0.00971130895614506,0.00870293777205187,-0.0052658479597183
25.305,-0.0104723744092979,0.00918798675384341,-0.00641021331931011
25.31,-0.00946027488875457,0.00813106551648018,-0.00641779191126735
25.315,-0.00690510867535089,0.00575456744229859,-0.00531144875923793
25.32,-0.00329697063666745,0.00248625060955968,-0.00331748665112704
25.325,0.000736134472979222,-0.00107954903193692,-0.000781839858970532
25.33,0.004523308124653,-0.00435847200978767,0.00183634154693629
25.335,0.00745923937965548,-0.00685440342959955,0.00407711905646314
25.34,0.00908320668007322,-0.00814256012387143,0.00556845322518732
25.345,0.00915951329008256,-0.00804044229992802,0.00606390042036607
25.35,0.00771754461750945,-0.00662332909784433,0.00548470708275171
25.355,0.0050120659932424,-0.00410726309304978,0.00395126037954524
25.36,0.00149730248175443,-0.000908687160723877,0.0017590225294019
25.365,-0.00222656187588251,0.00240310855594159,-0.000715466676196903
25.37,-0.00554085631976563,0.00530366414621297,-0.00302718531693671
25.375,-0.00790994789917595,0.00732144667340655,-0.00475571190639855
25.38,-0.00892109612898516,0.00807900787213428,-0.00562091829802453
25.385,-0.00840144039637598,0.0074456497454268,-0.00547815208939295
25.39,-0.00643785861731936,0.00553913764847567,-0.00434735140658155
25.395,-0.00335380705958589,0.00264111402523093,-0.00245438722325742
25.4,0.000329240949633685,-0.000766862551906131,-0.000156312139214822
25.405,0.00397362006043801,-0.00407018232841885,0.00214460989272066
25.41,0.00694484370851366,-0.00670218944998031,0.0040334134231681
25.415,0.0087084005971887,-0.00820107430658346,0.00514949703269341
25.42,0.00893591664443619,-0.00825017227913269,0.00532237522086289
25.425,0.00756316616100483,-0.00680900381373026,0.00453390815504221
25.43,0.00481636362858278,-0.00412666954710079,0.00291801034730735
25.435,0.00117391008164777,-0.000647531294482748,0.000793150789112548
25.44,-0.00272448472479206,0.00302825264700377,-0.00143362136548518
25.445,-0.00616487006457676,0.00620995711421267,-0.00336396414058339
25.45,-0.00850566356872188,0.00830607189275898,-0.004654965031943
25.455,-0.00930168808901022,0.00891685212422223,-0.00505705748061157
25.46,-0.00839294524447584,0.00789656200821869,-0.00451400712822795
25.465,-0.00591027569325195,0.0053812208108424,-0.00315874423768085
25.47,-0.00231415082734321,0.00183302690870901,-0.00123359379156466
25.475,0.00173753981554246,-0.00210849394831934,0.000888800233561877
25.48,0.0054962234383745,-0.0057305320826356,0.00279650232244228
25.485,0.00824795913811364,-0.00833347168737613,0.00415054933817421
25.49,0.00945738513859473,-0.00940690558617462,0.00471011289463572
25.495,0.008897839977737,-0.00874433844655143,0.00437592527379664
25.5,0.00666444537382498,-0.00644171033460515,0.00322614605533949
25.505,0.00315960833699159,-0.00289017211888407,0.001509351419598
25.51,-0.000942420142775218,0.00122795782476495,-0.000455833101780709
25.515,-0.00487084788910565,0.00514892816357921,-0.0022946427069855
25.52,-0.00787985281536058,0.00814241080702216,-0.00365144394148413
25.525,-0.00939167692927761,0.00962275006595414,-0.00429833145821364
25.53,-0.00911944359260497,0.00929750413238398,-0.00412258118378976
25.535,-0.00712165064175605,0.0072321860661388,-0.00317641597250443
25.54,-0.00378106052201173,0.00380442384771926,-0.00166441843081873
25.545,0.000259615146050201,-0.000351732908583995,0.000119337407720757
25.55,0.00422075185334132,-0.00443945362728643,0.00183454057630165
25.555,0.0073571015437746,-0.00768872357850313,0.00316074484222199
25.56,0.00906789511788327,-0.00949963639470551,0.00385623658524352
25.565,0.0090418234683944,-0.00953151530583941,0.00381981730299495
25.57,0.00730397025853985,-0.00777296113451615,0.00306871842916157
25.575,0.00421166362455012,-0.00458409816034166,0.00176795922864289
25.58,0.000362906650256537,-0.000566439383527003,0.000181896737961209
25.585,-0.00350308114879628,0.00353299562357126,-0.00139426567371609
25.59,-0.00663907051224317,0.00692302540006292,-0.00266223155624538
25.595,-0.00847639563900422,0.00898891470406346,-0.00340233514079694
25.6,-0.00868531308549468,0.00937195832404427,-0.00348716987251328
25.605,-0.0072656496708445,0.00801333110449421,-0.00293064753731599
25.61,-0.00450998037596819,0.00518259306202646,-0.00185281179524203
25.615,-0.000976854166791024,0.00146398362674047,-0.000470116254984465
25.62,0.00266095820298978,-0.00246847468629713,0.000955489493009675
25.625,0.00571396962045155,-0.00587715828970913,0.00215775702741258
25.63,0.00762909482286393,-0.00813161504778998,0.00293009707383241
25.635,0.00807577469712773,-0.00884812773258269,0.00315008618509755
25.64,0.00701958160921428,-0.00795154239578202,0.00279134651742107
25.645,0.00470133640775142,-0.005623289217821,0.00194411649533969
25.65,0.00158114772178363,-0.00232971639603151,0.000779245023832393
25.655,-0.00172308890335396,0.00127940702626715,-0.000487247762760759
25.66,-0.00460994717285408,0.00456218914898458,-0.00162790449363469
25.665,-0.006556093014486,0.00693296340593085,-0.00244352916034709
25.67,-0.00724548727578195,0.00798062567376853,-0.00280244955261031
25.675,-0.00660039942630329,0.00756660560511106,-0.00266024583280343
25.68,-0.00479178259694592,0.00582923793725291,-0.00205419868075242
25.685,-0.00219614959991082,0.00311139948417933,-0.00110794042322643
25.69,0.00069458773984859,-6.89426096653717e-05,3.9121137151161e-06
25.695,0.00333890720072615,-0.00310853121309499,0.00108545430338015
25.7,0.0052837836617273,-0.00550083029002066,0.00195122447015887
25.705,0.00621667502830745,-0.00684294698448906,0.00246061138254654
25.71,0.00602998123006135,-0.0069397344678883,0.00253604282049524
25.715,0.00479497137763491,-0.00582806889399146,0.00217661500250515
25.72,0.00278727304597162,-0.00377009296363164,0.00145638052672056
25.725,0.000387858178896467,-0.00114112228728066,0.000495732707745658
25.73,-0.00196660250665453,0.00158191234418462,-0.000518601791847851
25.735,-0.00388365245134798,0.00391693293915656,-0.0014379661444355
25.74,-0.00506395613186592,0.00549035340635107,-0.00210493842619874
25.745,-0.00533653230278465,0.00608970261334399,-0.00239776145045254
25.75,-0.00471600310990034,0.00564178732847778,-0.00228885137513804
25.755,-0.00333889487031615,0.00426225063770542,-0.0017991888522933
25.76,-0.00147613032743387,0.00224660411061094,-0.00100377280734988
25.765,0.00055207479051292,-6.7649151566684e-05,-3.3541520189095e-05
25.77,0.00240697676905368,-0.00229855640475741,0.000924305635418218
25.775,0.00380651082827919,-0.00407014367993298,0.00173698970787547
25.78,0.00455250656194699,-0.0051157341643738,0.00226780729560127
25.785,0.00455032531292481,-0.00532027164075634,0.00239429259094415
25.79,0.00382952006636412,-0.00465287136148559,0.00212412393184031
25.795,0.00252385955190868,-0.00324918389192034,0.00149518150385468
25.8,0.00085424961473068,-0.00136795647131131,0.000590715220568934
25.805,-0.00091796359816128,0.000697991446037849,-0.000425897604592106
25.81,-0.00252640184286153,0.00262739697726494,-0.00136761789061751
25.815,-0.00372613428151475,0.00410369995907229,-0.00209406457452291
25.82,-0.00433333559635317,0.00490319419980799,-0.00247191127243036
25.825,-0.00426527145916743,0.00492373182003812,-0.00240757121029666
25.83,-0.00352349529507674,0.00414359772191095,-0.00192462003276101
25.835,-0.00221151924415029,0.00268290867527729,-0.00110330798802045
25.84,-0.000533605307583419,0.000785651111458871,-5.26514207576297e-05
25.845,0.00126663284717324,-0.00125866143902094,0.00101923654348156
25.85,0.00289851327845924,-0.00312943566888112,0.00192875457035934
25.855,0.00409846875785622,-0.00451085829626619,0.00251753811401751
25.86,0.0046533698729333,-0.00515288821784829,0.00266514709741984
25.865,0.00445082469156306,-0.00495650100617555,0.002330657002919
25.87,0.0034948452058564,-0.00390845255198512,0.00156813920724962
25.875,0.00190237101373583,-0.00215959925285972,0.00050801855563402
25.88,-7.83519519220064e-05,9.83370865905553e-06,-0.000681575399865809
25.885,-0.0021196978307139,0.00223608975516477,-0.00176491262018022
25.89,-0.00388417210705307,0.00415645683588069,-0.00255289147135915
25.895,-0.00503987023742616,0.00539970444643737,-0.00288936924570277
25.9,-0.00534312247404155,0.00571908545576376,-0.00269785171874329
25.905,-0.00470665715119064,0.0050247185663821,-0.00200222717652291
25.91,-0.00318933456412758,0.00340138589513731,-0.000911369848752882
25.915,-0.00101768474805919,0.00109003949514503,0.000381297855687066
25.92,0.00143798790516178,-0.00150917712799376,0.00163249187814772
25.925,0.00373829165288313,-0.00392702352511069,0.00261268906456055
25.93,0.00545350808193469,-0.00571190725823026,0.00313388879057622
25.935,0.00622707450453003,-0.00650420257410059,0.0030709594732033
25.94,0.00586188355413512,-0.00610498319844884,0.0024256068558169
25.945,0.00437744260114007,-0.0045391080765859,0.0013068370120531
25.95,0.0019950908055003,-0.00205558202924308,-0.000102822445181553
25.955,-0.000881159534535476,0.000918118243572928,-0.0015338459660213
25.96,-0.0037114329801666,0.00383333422099172,-0.00270458090967252
25.965,-0.00595339320799134,0.00612052121334058,-0.00340193809705271
25.97,-0.007144708402475,0.00732047138624185,-0.00347028362849055
25.975,-0.00700740523550348,0.00714697518138497,-0.00285956523921655
25.98,-0.00550049862450757,0.00558583655932671,-0.00168353701663847
25.985,-0.00286049989148363,0.00287364062979958,-0.00015348974861825
25.99,0.000450133132240534,-0.000498758883489986,0.00147023385451758
25.995,0.00381071063905831,-0.00389778957727416,0.00285900783963058
26,0.00655899237639783,-0.00666078481132599,0.00373102636836127
26.005,0.00813479891009168,-0.00821916249623921,0.00392115687399677
26.01,0.008166855700899,-0.00820944900821191,0.0033515606504988
26.015,0.00658243453293704,-0.00658192434301755,0.00210462807781425
26.02,0.00363221673282447,-0.00360164113935948,0.000406402489564503
26.025,-0.000147556934284664,0.00020469006045453,-0.00142302573903593
26.03,-0.00405713781096309,0.00409615715870075,-0.003052653575101
26.035,-0.00730435465854809,0.00729780753617449,-0.0041369513028936
26.04,-0.00921912136810626,0.00915955373338434,-0.00444707299544076
26.045,-0.00936616403909165,0.00926434540004627,-0.00391061035147949
26.05,-0.00765460877887197,0.00751572282467068,-0.00258008834491483
26.055,-0.0043468635358308,0.0042138475926485,-0.00069632014959605
26.06,-5.07609336761602e-05,-2.74136351058627e-05,0.00138529925645082
26.065,0.00441019302859321,-0.00439946807685057,0.00327918909288192
26.07,0.00814526034023215,-0.00803049934052114,0.00459986083803926
26.075,0.0103740150604919,-0.0101549474993458,0.00506644990873933
26.08,0.0106081419894935,-0.0103133646738232,0.00455813478994565
26.085,0.0087180368821613,-0.0084144180131151,0.00314526570911672
26.09,0.00501666830172222,-0.00477393694473238,0.00105690217623644
26.095,0.000187883413684361,-7.86413963884873e-05,-0.00130706326173186
26.1,-0.00483090766762157,0.00475404472766418,-0.00349078217516442
26.105,-0.00904572517807919,0.00875977723959898,-0.00508432632255136
26.11,-0.0115796054069848,0.0111095103646235,-0.00572763920649836
26.115,-0.0118693851908938,0.0112911887657916,-0.00527775567085776
26.12,-0.0097827686229628,0.00921757172009877,-0.00378856304324945
26.125,-0.00568226677810172,0.00524641739966026,-0.00150591103655027
26.13,-0.000323888526485573,0.000131909329886379,0.00114064517557475
26.135,0.00525488775272114,-0.00511601135764588,0.0036489260702048
26.14,0.00992796967253168,-0.00945581693375174,0.00552591360741461
26.145,0.0127412149428761,-0.0119876105161021,0.00639230274977551
26.15,0.0130784717969665,-0.0121736940831007,0.00603785805504228
26.155,0.0108091310414417,-0.00992660979146076,0.00450500495844424
26.16,0.00632942637792743,-0.00565870746807265,0.00205976018825065
26.165,0.0004814692214702,-0.000185163265635371,-0.000860113858666144
26.17,-0.0055964756156165,0.00541020744940251,-0.003680858658684
26.175,-0.0106884101600911,0.0100133275134364,-0.00586691634047435
26.18,-0.0137600679366125,0.0126836554586554,-0.00697832124202396
26.185,-0.0141610942192237,0.0128612255309543,-0.00675994478464957
26.19,-0.0117533566161686,0.0104725981528168,-0.00524067709314121
26.195,-0.0069658272252848,0.00597833469557294,-0.00267653713490911
26.2,-0.000716621962570686,0.000243955489242513,0.000459584776791372
26.205,0.00577590171607465,-0.00560412629942693,0.00356669889906163
26.21,0.0112256760199318,-0.0103836468709263,0.00604184209288229
26.215,0.0145290386466804,-0.013137836013684,0.00740753771388991
26.22,0.0150028748652892,-0.0133137530865578,0.00737878829949259
26.225,0.0125206406806798,-0.0108468631517158,0.00592511354406497
26.23,0.00753911547863624,-0.00622005260486206,0.00333400114885358
26.235,0.00102337039453197,-0.000351791750090611,6.81567774800507e-05
26.24,-0.00575472872850504,0.005601951183778,-0.00325685698420952
26.245,-0.0114492162128819,0.0104646405536869,-0.00598088696107059
26.25,-0.0149330385637661,0.0132598808195155,-0.00759638489806143
26.255,-0.0155055814327533,0.0134391201085147,-0.00779011761975622
26.26,-0.0130364881201498,0.0109703792550828,-0.00649398962396723
26.265,-0.00801393989840008,0.00635587053194611,-0.0039580680383019
26.27,-0.0014035682632351,0.000506391342256403,-0.000671405253423801
26.275,0.00548137259004657,-0.00541200949970454,0.00275665754840618
26.28,0.0112823063101088,-0.0102277933337773,0.00567694172310758
26.285,0.0148811350685446,-0.0130066712738032,0.00750911786766002
26.29,0.0155695480858906,-0.0132114226778286,0.00793436453603634
26.295,0.0132141662092831,-0.0108344762124557,0.00686977483104802
26.3,0.00831432918244048,-0.00637492596013842,0.00450371536319611
26.305,0.00183340227308096,-0.000730048704711624,0.0013121200246353
26.31,-0.00495047962171951,0.00497774760530273,-0.00209556496959671
26.315,-0.0107030766821669,0.00962441825682191,-0.00509066642463799
26.32,-0.0143217219358638,0.0123237421174743,-0.00710357479765065
26.325,-0.0151251244341531,0.0125798727580646,-0.00775780296343078
26.33,-0.0130029707377883,0.010397721492952,-0.00696346181333916
26.335,-0.0084041586716182,0.00625282295787992,-0.00488390186663003
26.34,-0.00226781358231686,0.000988746387282186,-0.00192102981905196
26.345,0.00418397635974605,-0.00433110666449448,0.0013365729815532
26.35,0.00970261663075695,-0.00868054291110658,0.0042901213995891
26.355,0.0132381034126601,-0.0112493362714312,0.00638984201518105
26.36,0.0141505318118265,-0.0115790663565061,0.00725549696498532
26.365,0.0123417766005384,-0.00968127100840212,0.00676725946037079
26.37,0.00822265260043729,-0.00600407036043722,0.00504878469970291
26.375,0.00265150366788839,-0.00130117001723646,0.00244181722352687
26.38,-0.00324557396722057,0.00348302671464258,-0.000528954572888693
26.385,-0.00833285500219512,0.00742249456511185,-0.00330722663316808
26.39,-0.0116747222145148,0.00980203432445314,-0.00539600254224279
26.395,-0.0126806790054356,0.0102260575487146,-0.00642992406121758
26.4,-0.0112497907569562,0.00870668369144669,-0.00624485753535634
26.405,-0.00776023805790142,0.00561169166501247,-0.00494608667833856
26.41,-0.00295431627774178,0.00160619221015556,-0.00280397959027034
26.415,0.00219539764923641,-0.002502795006949,-0.000238321323405831
26.42,0.00668959958772875,-0.00594031887888148,0.00224906473874397
26.425,0.00972360936524196,-0.0080961525231633,0.00421442858950252
26.43,0.0107856416309113,-0.00862716638779865,0.00534026172925596
26.435,0.00978454399420931,-0.00753753999825151,0.00545517718609072
26.44,0.00702746157962401,-0.00512834031670355,0.00459097478327036
26.445,0.00312921143352098,-0.00191884594664826,0.00296526467293803
26.45,-0.00112044928536321,0.00143547651737497,0.000913468605532231
26.455,-0.00489201969299545,0.00431193277418384,-0.00118529156514951
26.46,-0.00752521071515185,0.00621795042565857,-0.002945031170426
26.465,-0.00861014745161261,0.0068714786077691,-0.00408165244461029
26.47,-0.00805826876184253,0.00624835239357868,-0.00444279589072163
26.475,-0.00608481686978122,0.00455917379999483,-0.00400960602009426
26.48,-0.00317323858201764,0.00219740211452945,-0.00292075161203156
26.485,7.45862154270984e-05,-0.000373817186906271,-0.00141727187814711
26.49,0.00305031843920709,-0.00267406672270494,0.000224858444326099
26.495,0.00522898107988209,-0.00432755691688966,0.00170498755716542
26.5,0.00630668021695538,-0.00510922995928729,0.00279104143212999
26.505,0.0061942071121174,-0.00496958131341772,0.00333382615137875
26.51,0.00502704503446371,-0.0040053940674241,0.00328681018426292
26.515,0.00311668498921294,-0.0024691193423038,0.00270873752258935
26.52,0.000879515010316841,-0.000662007111028363,0.00173973165818707
26.525,-0.00128484686569738,0.0011032496325493,0.000571067080309247
26.53,-0.00301216562854059,0.00253816429096856,-0.000598793643122249
26.535,-0.00407330249984085,0.00346413804826332,-0.00157877108854018
26.54,-0.00438068628251129,0.0037848898589497,-0.00223974391201399
26.545,-0.00398087648469953,0.00350663483384221,-0.00250368783481425
26.55,-0.00302934199889814,0.00272791930946865,-0.00236622055125127
26.555,-0.00172731201174897,0.00159583891693877,-0.00188667940846307
26.56,-0.000315107964038779,0.000295701821868633,-0.00115408295169992
26.565,0.00100099390770332,-0.000983898964313435,-0.000291692804844787
26.57,0.00206917919331848,-0.00207560989486242,0.000554776759524996
26.575,0.00277793215043858,-0.00283643495439944,0.00127978718979912
26.58,0.0030757820508263,-0.00317208458755085,0.00178368954453262
26.585,0.00297331901619118,-0.00304293507504679,0.00199836648574773
26.59,0.0024896194048201,-0.0024576791744348,0.00190230679618356
26.595,0.00169467793713237,-0.0014962721850614,0.00153597745244241
26.6,0.000688873804346932,-0.000284419502985825,0.000932453514492565
26.605,-0.000436831144456702,0.00100786321373884,0.000193073386718249
26.61,-0.00153274582920793,0.00217482179185163,-0.000557758572178728
26.615,-0.00245321412961206,0.00303453360116858,-0.00122093602777422
26.62,-0.00305706899536839,0.00342213012462754,-0.00168771668151787
26.625,-0.00321922239640994,0.0032309229915599,-0.0018670793693426
26.63,-0.00287171692280886,0.00246804564725231,-0.00173617754513047
26.635,-0.00201703368620914,0.00122448153846405,-0.0013038699936681
26.64,-0.000752496008580264,-0.000315623386515373,-0.000636336443247492
26.645,0.000736972908663582,-0.00187585130568404,0.000153716773617016
26.65,0.00219803488478681,-0.00317108918101849,0.000927892238173148
26.655,0.00335581078565086,-0.00394213719006122,0.00153693574960151
26.66,0.00396378084518386,-0.00399478494889916,0.0018675359878027
26.665,0.00385462407593626,-0.00327728424186162,0.0018421911963654
26.67,0.00298435821592252,-0.00188647239418213,0.00145990156472574
26.675,0.00147808195486537,-4.45997803991768e-05,0.00077413034846484
26.68,-0.000419325684947164,0.00189784295401579,-7.76316902804753e-05
26.685,-0.00235936410312071,0.00356963678519094,-0.000927536473781307
26.69,-0.00393306834838523,0.00460148792437844,-0.00161089629012748
26.695,-0.00479809592253933,0.00476299871542807,-0.00197095867343546
26.7,-0.00472962429976407,0.00396537122278931,-0.00192116145528994
26.705,-0.00368356628519833,0.00231733070054078,-0.00146056036836634
26.71,-0.00180438127901135,0.000110971699053742,-0.000674424394335821
26.715,0.000552417886199297,-0.00221553931652317,0.000288967160981788
26.72,0.00291799639297735,-0.00421120066239772,0.00123244420085483
26.725,0.00480160005327707,-0.00543628336730643,0.00192939230226778
26.73,0.00576793334898231,-0.00560275732434315,0.00224058655893391
26.735,0.00556793032922631,-0.00462121333388483,0.00208005360515356
26.74,0.00418018938261907,-0.00264950460215601,0.00143705909219321
26.745,0.00183088811771551,-3.97051329641539e-05,0.00044635835837239
26.75,-0.00102793453714317,0.00269979920313883,-0.000691727489682458
26.755,-0.00380647740748385,0.005011705856556,-0.00174795116632158
26.76,-0.00592243357617889,0.00639136318553753,-0.00248484636043667
26.765,-0.00689202989189687,0.00652537172593761,-0.00270750141071874
26.77,-0.00644546032014456,0.00532337851521289,-0.00235353898765773
26.775,-0.00461117576134556,0.00297428367850905,-0.00146860097045085
26.78,-0.00172096643283507,-8.28216042390964e-05,-0.00019263261467232
26.785,0.00167138294463186,-0.00325355538636447,0.00120246660055637
26.79,0.0048870565117474,-0.00589888578865489,0.00242139325240113
26.795,0.00720984064199448,-0.00745313031890441,0.00320712665380865
26.8,0.00813980636967716,-0.00755649002951837,0.00335885579469114
26.805,0.00740831802536735,-0.00613734656712725,0.00279966076055287
26.81,0.00509549338780529,-0.00342344294206855,0.00162147447361089
26.815,0.00162118128943688,9.27081588527266e-05,3.42992828411134e-05
26.82,-0.00234468060742088,0.00371748798399416,-0.00166462006409277
26.825,-0.00600161946235094,0.00673112716657403,-0.003112322392581
26.83,-0.00856294965686644,0.00851560528914262,-0.00399185996508114
26.835,-0.00946722991564057,0.00866659790372491,-0.00411277108410096
26.84,-0.00847515769209162,0.00708157128732589,-0.00339637664023563
26.845,-0.00570423424336688,0.00404559674715864,-0.00194426923677261
26.85,-0.00166193647294162,0.000105253412039012,-3.01368932174218e-05
26.855,0.0028699157965023,-0.00399616979052178,0.00198408255961707
26.86,0.00697483743461866,-0.00743905853047002,0.00370293211000967
26.865,0.00982353759006048,-0.00952260302005133,0.00476020791666066
26.87,0.0107900431187071,-0.00981394649737321,0.00491156049373985
26.875,0.00962300400778287,-0.00818518761748009,0.00410533983855876
26.88,0.00648744013553423,-0.00490577025872986,0.00245596654820672
26.885,0.00195536971100173,-0.000581925246104013,0.000250720911653612
26.89,-0.00310323450018399,0.00397792085592838,-0.00208089094613304
26.895,-0.0076955060831661,0.00789295652930263,-0.00408708610412245
26.9,-0.0109014989699953,0.0103796037279936,-0.00537548240333682
26.905,-0.0120368725463406,0.0109212429187033,-0.00565720734290349
26.91,-0.0108277005855311,0.00937361648934904,-0.0048541735402801
26.915,-0.00745992932517731,0.00597875245564307,-0.00309352108064108
26.92,-0.00254583375622297,0.00134687101935627,-0.000683671655360374
26.925,0.00298631598211203,-0.00364835667087292,0.00192269088305455
26.93,0.00806274603565509,-0.00806097709817311,0.0042337061297255
26.935,0.0116774215434565,-0.0110395455860825,0.0057901694193342
26.94,0.0131009238435353,-0.0119718092000712,0.00628607371954909
26.945,0.0120171423821899,-0.0106340426746686,0.00559423192645586
26.95,0.00857878473243729,-0.00724596548318821,0.00383025185170571
26.955,0.00342508809362234,-0.00240128006468487,0.00129596070478772
26.96,-0.00248591291378539,0.00299303266996873,-0.00153090936834334
26.965,-0.00802810411283857,0.00792744737780514,-0.00411743071548621
26.97,-0.0121169051235528,0.0114506714454207,-0.00597508370399868
26.975,-0.0139496115095203,0.0128674531314342,-0.00673803046751239
26.98,-0.0131505617928833,0.0118658626861116,-0.00623925071460439
26.985,-0.00981467295995998,0.00860214080551214,-0.00456956072132524
26.99,-0.00455357000982917,0.00365357492296286,-0.00200950251819509
26.995,0.00164376730329189,-0.00207351796811135,0.000958306158688098
27,0.00761945285601063,-0.007505487947822,0.00378425961533521
27.005,0.012229349714056,-0.0116105450759215,0.00593927104544383
27.01,0.0145634520650394,-0.0135912201757325,0.00700663631666341
27.015,0.0141620919726041,-0.0130407628045501,0.00677493133798074
27.02,0.0110723793700959,-0.0100166036950884,0.00527478099147702
27.025,0.0058396721360964,-0.00505786429005081,0.00277382997118693
27.03,-0.000555323591154561,0.000925772717925938,-0.000277806313574208
27.035,-0.00691678125839429,0.00682784132843582,-0.00330374716352731
27.04,-0.0120423235261838,0.0115223580958554,-0.00573207567490729
27.045,-0.0149417648530557,0.0141080935813105,-0.00711974506127518
27.05,-0.0150459438379097,0.0140645803989649,-0.00717991952722643
27.055,-0.0123151473650484,0.0113648539666215,-0.00588904263205649
27.06,-0.00722295151223059,0.00648191158194477,-0.00349201174322519
27.065,-0.000711470826727427,0.000313066030412269,-0.000419896166268539
27.07,0.00599901225658364,-0.00599274585998861,0.00276117692407429
27.075,0.0116394583981127,-0.0112443176451665,0.00543852624170412
27.08,0.0151370281412086,-0.0144322497603403,0.00710807102762094
27.085,0.015801709227659,-0.0149279733828175,0.00746587292768549
27.09,0.0134804288234196,-0.0125982569185737,0.0064101940798766
27.095,0.00858557887068593,-0.00786812749889229,0.00413740685428607
27.1,0.00201540711373291,-0.00159376886468087,0.00107652208923095
27.105,-0.00499574509945502,0.00505539346834635,-0.00220976521908206
27.11,-0.011118582266082,0.0108042737764732,-0.00510492344142433
27.115,-0.0151890805806603,0.0145570555458469,-0.00704141506155684
27.12,-0.0164167474337389,0.0155911093453048,-0.0076584395246535
27.125,-0.0145297837072428,0.0136604403912488,-0.00682602421067285
27.13,-0.00986308587747969,0.00910949525620317,-0.00468553076501359
27.135,-0.00328672952176418,0.00279324243665525,-0.00163620389992015
27.14,0.00397845366885892,-0.00411810603577396,0.00173459474931153
27.145,0.0105484818244055,-0.0103054189358511,0.00479747512797804
27.15,0.0151556824967523,-0.0145643028018105,0.00696078231942057
27.155,0.0169078895591122,-0.0160752152284476,0.00779665903683944
27.16,0.0154424194323637,-0.0145351419305327,0.00714322204217176
27.165,0.0110042785757147,-0.0101928124335944,0.00511687658718417
27.17,0.00441732319026918,-0.0038689490377056,0.00209211568099309
27.175,-0.00306134499559572,0.00322609143971256,-0.00134782482582478
27.18,-0.0100162156843592,0.00975549442203789,-0.00454156996732012
27.185,-0.0150967945211865,0.0144575726696899,-0.00687140607091256
27.19,-0.0173046245178028,0.01639768104036,-0.00788676936429218
27.195,-0.0161987765840088,0.0151935437885141,-0.00737678560436528
27.2,-0.0119566004360185,0.0110722511404117,-0.00542846563965422
27.205,-0.00537176349940278,0.00478133732110308,-0.00241829993052528
27.21,0.00228799465451869,-0.00246561146042508,0.00107167646611283
27.215,0.00955491827612635,-0.00926713995402565,0.00436488365130613
27.22,0.0150245834547011,-0.0143067975079481,0.00682267220632814
27.225,0.0176066896759199,-0.0166112977005873,0.00795092287480967
27.23,0.0167905078189761,-0.0157035516756746,0.00752838929721035
27.235,0.0127009305642274,-0.0117501082702846,0.00563849915643896
27.24,0.00612089507524415,-0.00551257339000736,0.00263342289690094
27.245,-0.00168642728151896,0.00182361250944751,-0.000897873228023628
27.25,-0.00921317472945313,0.00883373204985576,-0.00424402722692151
27.255,-0.0149736812736568,0.0141467924610549,-0.00677481763479782
27.26,-0.0178391482684221,0.016718950331072,-0.00798044779457749
27.265,-0.0172295318850575,0.0160573290580441,-0.00760810572094671
27.27,-0.0132463124263568,0.0122544087281552,-0.00573890021879207
27.275,-0.00664857497528608,0.0060527793003811,-0.00274317860252712
27.28,0.00127356345908971,-0.00134547165604062,0.000801789955505919
27.285,0.00897487297096588,-0.00849996161208401,0.00419236628128654
27.29,0.0149383601486606,-0.0140177361245586,0.00674785260994731
27.295,0.0179896674901052,-0.0168035019281739,0.00797834981506177
27.3,0.017513506859529,-0.0163084308408039,0.00763320013974318
27.305,0.0135899595126538,-0.0126248338603259,0.00577223579939101
27.31,0.00697859331803777,-0.00646278767858352,0.00277464709131615
27.315,-0.00101965556064957,0.000981680651739822,-0.000768006885365291
27.32,-0.00883047404131995,0.00824981954298116,-0.00415562547768766
27.325,-0.0149254524392329,0.0139068016102252,-0.00671249177861029
27.33,-0.018082783595847,0.0168442650605143,-0.00794021700080383
27.335,-0.0176740408033506,0.0164841432713401,-0.00758797762601498
27.34,-0.0137765768001087,0.0128814986404129,-0.00573442950980462
27.345,-0.00715334246673284,0.00674473710501398,-0.00274428416701254
27.35,0.00088564474826575,-0.000724168479128566,0.000778627242871462
27.355,0.00875426350937263,-0.00806353184805824,0.00414642316968679
27.36,0.0148993288814793,-0.0138256765555971,0.00668041534738198
27.365,0.0180951441236488,-0.0168761431788246,0.0078810400364667
27.37,0.0177162162258874,-0.0166138665414245,0.00752707181269933
27.375,0.0138372358159409,-0.0130828237954729,0.00567182081652555
27.38,0.00722293960425047,-0.00698151488457346,0.00269655100913683
27.385,-0.000817103015421812,0.000493186862121502,-0.000801665828825199
27.39,-0.0086838795652288,0.0078786807345931,-0.00413144450212275
27.395,-0.0148288744618144,0.0137156043100671,-0.00663730680093682
27.4,-0.0180381542563484,0.0168472289471121,-0.00781775106134851
27.405,-0.0176778573166696,0.0166763990148451,-0.00744741910242102
27.41,-0.0138248752233886,0.013228574105275,-0.00560681120610218
27.415,-0.00725687853733779,0.00718456343165187,-0.00265743263615468
27.42,0.000731853383523167,-0.000259291266296581,0.000809795248656872
27.425,0.00855036363381021,-0.00764485609775235,0.00410038390792513
27.43,0.0146637088057303,-0.0135259295549685,0.00658199289337328
27.435,0.0178744139503089,-0.0167390661339427,0.00776000235055794
27.44,0.017548141696372,-0.0166734897457455,0.00740548291586396
27.445,0.0137791722272148,-0.0133532529355999,0.00559774133865072
27.45,0.0073171964533766,-0.00742780569488483,0.00269536805735942
27.455,-0.000552633214303954,-6.66795635755905e-05,-0.0007302889997165
27.46,-0.00828119051386592,0.00727018698259097,-0.0040068347616402
27.465,-0.0143445657705006,0.0131635775241395,-0.0064861576664709
27.47,-0.0175740444236163,0.0164666101601256,-0.00769997200665163
27.475,-0.017344289825734,0.0165456716082575,-0.0074115191263089
27.48,-0.013738635992435,0.0134048691740035,-0.00567399990972666
27.485,-0.00747436534390617,0.00768949607117464,-0.00284283184492467
27.49,0.000201698026042073,0.000513153968983792,0.000532325058802059
27.495,0.00777779233328846,-0.00671499060856891,0.00379998197210647
27.5,0.0137827855774463,-0.0125855369170989,0.00632658426401207
27.505,0.0170699011043829,-0.0159786714099674,0.00762612679057471
27.51,0.017029510854818,-0.0162644769476476,0.00746251995884664
27.515,0.0136912064545147,-0.013413535183243,0.00586337516946517
27.52,0.00775285007245243,-0.00800705954667493,0.00314816112667678
27.525,0.000384132661655083,-0.00112277316528127,-0.000161923730354151
27.53,-0.00697431288797032,0.00589910294693323,-0.00343079803241593
27.535,-0.0129116843824842,0.0117108871321041,-0.00603483424430324
27.54,-0.0163079574809344,0.0152085770615926,-0.00748203707087513
27.545,-0.0165502864733573,0.0157547784038711,-0.0075175915948737
27.55,-0.013632939626452,0.0132946094344078,-0.00612981285970828
27.555,-0.00817115297537372,0.00835071893867601,-0.00358798991000063
27.56,-0.00124172128675902,0.00188482234481654,-0.000396580837201098
27.565,0.00581595841553341,-0.00483018516402564,0.00285570189292314
27.57,0.0116637334707644,-0.0105148419922908,0.00556531086203448
27.575,0.0152213791246632,-0.0141314506204316,0.00721233286786513
27.58,0.0158525020598585,-0.015023812173564,0.00751308190202305
27.585,0.013504976873479,-0.0130710446270964,0.0064328874654004
27.59,0.00868000698540082,-0.00871749736912844,0.00416019550119707
27.595,0.00233274840366559,-0.0028292571888643,0.00113639554893106
27.6,-0.00431935293758991,0.00347723313770986,-0.00205785036209222
27.605,-0.0100288507491259,0.00899745235382793,-0.00485365051095769
27.61,-0.0137663491284605,0.0127212078299674,-0.00675024518550816
27.615,-0.0148870735207739,0.0140144118780628,-0.0073855899524382
27.62,-0.0132477335552312,0.0126973835488041,-0.00667616344634971
27.625,-0.0092292445940129,0.00906828825580833,-0.00476876867694841
27.63,-0.00362216349019441,0.00386442131476059,-0.00201248829865917
27.635,0.00250021414232302,-0.00191396054984178,0.00107234841610618
27.64,0.00802227249943061,-0.0072045146016158,0.0039287659993979
27.645,0.0119528905005962,-0.0110539246154309,0.00604449962411368
27.65,0.0136306680693237,-0.0127924503360599,0.0070561413683736
27.655,0.0128111668211951,-0.0121774722295847,0.00678963563853157
27.66,0.00973189034725904,-0.0093895206018146,0.0053195848448772
27.665,0.00500134359815761,-0.00498199069778503,0.00292849702999737
27.67,-0.000497409805382041,0.000200858893493975,4.97245950017476e-05
27.675,-0.0057483602004689,0.0052038329014584,-0.00278549777403755
27.68,-0.00984277891984426,0.00915613654195046,-0.00509376224866964
27.685,-0.0120938643893712,0.0113788378007031,-0.00646192305415655
27.69,-0.0121625072938549,0.0115308749549932,-0.00667152116240906
27.695,-0.0101048923286568,0.00963283216252694,-0.00571331132932085
27.7,-0.00634889324996443,0.00608995524097511,-0.00376728102184262
27.705,-0.00158137188153348,0.00155601358129617,-0.00119763678085133
27.71,0.00333087229610292,-0.00314358068436437,0.00153550659956521
27.715,0.00753497466234854,-0.00719641329347294,0.00394404257025083
27.72,0.0103396458849346,-0.00989185531465174,0.00562410842774485
27.725,0.011295413323665,-0.0108056795972212,0.00629882673992194
27.73,0.0102859888995474,-0.00981794402836928,0.00586040484810563
27.735,0.00753393938576191,-0.00713666180606287,0.00442248568175816
27.74,0.00355627842816975,-0.00325771046865473,0.00225039277648485
27.745,-0.000952874303287953,0.00112302341560595,-0.000264664602417995
27.75,-0.00521039708689702,0.00524305742334177,-0.00267663495005427
27.755,-0.00849359101174382,0.00839479609790604,-0.00457356978727095
27.76,-0.0102631373734205,0.0100429856770854,-0.00564201892360535
27.765,-0.0102421121891741,0.0099116375750695,-0.00571735920053528
27.77,-0.00846672740273104,0.00805307034586023,-0.00479445175149916
27.775,-0.00526170527557142,0.00479670243178624,-0.00307875319532548
27.78,-0.00119187942393469,0.000709829801262048,-0.000874485856676816
27.785,0.00303312759651573,-0.00347010345564587,0.00143343506370337
27.79,0.00667417915872324,-0.0070131184256657,0.00342848193474499
27.795,0.00912737179088157,-0.0093156994361301,0.00478512973792799
27.8,0.00997091077369555,-0.0099450332334233,0.00528126328668757
27.805,0.00906547431407174,-0.00879616482009997,0.00485455767877811
27.81,0.00657805180997177,-0.00608753567094102,0.00359811308248927
27.815,0.00295224349224339,-0.00228608419364501,0.00176231418434018
27.82,-0.00116720913726321,0.00194490238351613,-0.000321097681835325
27.825,-0.00505268935526077,0.00580953515411804,-0.00229252062982429
27.83,-0.00801685896286982,0.00862354307265441,-0.00380192824512087
27.835,-0.00952491554964731,0.0098755165472592,-0.00460477177288668
27.84,-0.0093129970423735,0.00932437681945878,-0.00458405565104388
27.845,-0.00742468709199762,0.0070473393220938,-0.00376474185970514
27.85,-0.00420430904699546,0.00347921596780953,-0.0023225350136159
27.855,-0.000245645599883753,-0.000734148548150577,-0.00052095061160814
27.86,0.00372743481093037,-0.00483082976394109,0.00130033723608084
27.865,0.00698458809661855,-0.00802599412629533,0.00283181418960396
27.87,0.00892711072726863,-0.00971856609482175,0.00380946945862436
27.875,0.00920758254815359,-0.00959873757837211,0.00407734804965269
27.88,0.00777654181540453,-0.00768094211122675,0.00361273910591004
27.885,0.00491177102920287,-0.00430584973689292,0.00253396543585075
27.89,0.00115989926778778,-0.000129073987254708,0.00106149226927283
27.895,-0.00275566640102081,0.00405541794795088,-0.000544017491285361
27.9,-0.00610243752854367,0.00745834654462868,-0.00197232859761807
27.905,-0.00825768350532513,0.00942474402837381,-0.00297656998599092
27.91,-0.00880506621174366,0.00957649129389876,-0.00340602875872075
27.915,-0.00766784109820805,0.00790676208855995,-0.00320159088052097
27.92,-0.00509663767533764,0.00473969569044724,-0.00243583425414742
27.925,-0.00159593933263809,0.000684756521349957,-0.00127740697341722
27.93,0.00213598309142135,-0.00346119383070129,4.43126210335913e-05
27.935,0.00537189555369722,-0.0068854155168179,0.00128821102584572
27.94,0.00750207905274164,-0.00894958976028546,0.00222649404156717
27.945,0.0081247418296007,-0.00926731565806869,0.00269816049246886
27.95,0.00715716709084658,-0.00779025098965759,0.00265526278720296
27.955,0.00483472918212842,-0.00483278465761301,0.00213584544628977
27.96,0.00163816400945055,-0.00100756770688286,0.00126136631033459
27.965,-0.00177309202550366,0.00293453028977615,0.000211624596932847
27.97,-0.00472737948277662,0.00622357005545522,-0.000797193011670779
27.975,-0.00665676839714938,0.00823323667031862,-0.00158444029438005
27.98,-0.00721992387722542,0.00858729999288336,-0.00203326339940931
27.985,-0.00634971990660408,0.00729034212417071,-0.00206981420087866
27.99,-0.00427289599179939,0.00463125875659224,-0.00172272357596991
27.995,-0.0014479111923736,0.00115439889602997,-0.00109787733845774
28,0.00153202756478433,-0.00241659492509699,-0.000321208404043308
28.005,0.00406628015252028,-0.00538084054493463,0.000457651194557027
28.01,0.00568590066216251,-0.00721541579284103,0.00108248341708842
28.015,0.00610261923834593,-0.00758164910609185,0.0014571568427941
28.02,0.00529917442285237,-0.00648209682133336,0.00154963600325424
28.025,0.00351425282924302,-0.00421531584864802,0.00134902152398636
28.03,0.00115867248185343,-0.001264577166484,0.000923473262015536
28.035,-0.0012676247891876,0.001773987406278,0.00038646665457853
28.04,-0.0032689456952124,0.0042859456145163,-0.000178994582324846
28.045,-0.00449794767558053,0.00583791681012635,-0.000670906989543883
28.05,-0.00475979222245748,0.00619951456189781,-0.00099335143149346
28.055,-0.00409192077401707,0.00538633526030132,-0.001124717156462
28.06,-0.00271078490490243,0.00363177560807131,-0.00107083568541592
28.065,-0.000943914979918947,0.00136070534212384,-0.000841353955157326
28.07,0.000811383852832782,-0.00096267841198105,-0.000501806559142678
28.075,0.0022182741843907,-0.00290401216038865,-0.000119196038728233
28.08,0.00305201380992835,-0.00413326180246576,0.000266501231496142
28.085,0.00321844943180272,-0.00450133093430215,0.000593187208499699
28.09,0.00278286888093318,-0.00405790878025382,0.000815803710370418
28.095,0.00192617016194164,-0.00297770016597069,0.00092869737337489
28.1,0.000884217799043031,-0.00154122016021567,0.000922301368749448
28.105,-0.000107381048064679,-5.97876672968384e-05,0.000783885879322494
28.11,-0.000869780479401898,0.00120561325543833,0.000532283593701163
28.115,-0.00132148155985487,0.00209510095753075,0.000199965088242085
28.12,-0.00147743584523943,0.00253151536034153,-0.000189379295308254
28.125,-0.00141279949143046,0.00255944185520906,-0.000583787361205146
28.13,-0.00122979322164983,0.00227587288267708,-0.000921661890108369
28.135,-0.00105300792729755,0.0018075588921325,-0.00115582892842797
28.14,-0.00091092823095303,0.00125770307114036,-0.00122559180273419
28.145,-0.000801373429352817,0.000696882650090948,-0.00109295887932623
28.15,-0.000663343665417657,0.00014317343977186,-0.000757028981917905
28.155,-0.000405605250458799,-0.00041923304790306,-0.000252040963157884
28.16,3.4396749632579e-05,-0.00100706363165656,0.000369698955200451
28.165,0.000666329837274935,-0.0016117985351817,0.000994501563085009
28.17,0.00143227265157239,-0.00218071714927342,0.001511402170245
28.175,0.00217359567111377,-0.00260041725626995,0.00181004975011481
28.18,0.00268975870565138,-0.00273736546297343,0.00179913095642462
28.185,0.00279288148006372,-0.00246800572637356,0.00143759658629819
28.19,0.00233022250749096,-0.00170980568710653,0.000768467112575746
28.195,0.00127925751577691,-0.000495071946250106,-0.00011860095968658
28.2,-0.0002466288430743,0.0010342118561763,-0.00107573321741504
28.205,-0.00198560327557426,0.00263375346186803,-0.00191050866173123
28.21,-0.00358951761481644,0.00397656276267892,-0.00244567796764284
28.215,-0.0046726572813081,0.00473556195251679,-0.00255713688683004
28.22,-0.00492155516733475,0.00466254590368856,-0.00217375550677071
28.225,-0.00416067950422077,0.00365562239173276,-0.00133215601188245
28.23,-0.00243893555414464,0.00179444378070494,-0.000170584198241805
28.235,-1.32356145143205e-05,-0.000631100018101152,0.0011058447441151
28.24,0.00266021860389581,-0.00317701803066503,0.00225909914689569
28.245,0.00502902334816866,-0.00531466070783541,0.00304833071585684
28.25,0.00655377044539072,-0.00656872457017321,0.0032788438327604
28.255,0.00683975108985845,-0.00658775636795092,0.00288883535963929
28.26,0.00570953310378553,-0.00525864486562827,0.00191280013437079
28.265,0.00331423255904088,-0.00277484759426042,0.0005075057407862
28.27,7.15417425404796e-05,0.000449529743094724,-0.00106109331802893
28.275,-0.00339925904659758,0.0037744139810642,-0.0024893169467982
28.28,-0.00636437315300215,0.0065162779119186,-0.00349315452173154
28.285,-0.00816081526103317,0.00806280891387232,-0.00385478298191218
28.29,-0.00835996210980063,0.00804170134217255,-0.00346017405459446
28.295,-0.00683379856590617,0.00635294244704396,-0.00238542124718188
28.3,-0.00381339287074212,0.0032902036077165,-0.000816350289072489
28.305,0.000111809296745332,-0.000569336154371484,0.000965732465798475
28.31,0.00416453565474795,-0.00444916363977725,0.00259287283641179
28.315,0.00748821330725817,-0.00753881236537358,0.00374222741689326
28.32,0.00935491469719679,-0.00916187129516797,0.00418615999436844
28.325,0.00933135786044988,-0.00892987938046948,0.00381172505348054
28.33,0.00737115661070404,-0.00684101268990068,0.00268236135294332
28.335,0.00382923224273733,-0.00329240089516152,0.00102433693257139
28.34,-0.000580479413222482,0.00101850514383167,-0.000844823859547747
28.345,-0.00494282885823645,0.00518440959683775,-0.00256179876768347
28.35,-0.00834226511622572,0.0083297804641692,-0.00376623875864925
28.355,-0.0100490432145555,0.00977782822135666,-0.00422965616700046
28.36,-0.0096755372877074,0.00919247011929759,-0.00385744904714196
28.365,-0.00726738078616713,0.0066656795521728,-0.00271753603985806
28.37,-0.00333102851561904,0.00272147815102569,-0.00105903074414741
28.375,0.00133144155138281,-0.00182055205745694,0.000795975219507017
28.38,0.00572995577161335,-0.00600171784572631,0.00246239798669426
28.385,0.00892341341369421,-0.00891739593244099,0.00361177246940441
28.39,0.010234268237283,-0.00994583000693243,0.0040149531661952
28.395,0.0093779818277746,-0.00886316259831342,0.00360337549190183
28.4,0.00653289719520207,-0.00588863783935174,0.00247594811869868
28.405,0.00231334618096585,-0.00165749119094448,0.000880450315266685
28.41,-0.0023753887257834,0.00291513589552733,-0.00084680525511799
28.415,-0.00652656282256194,0.0068415166951559,-0.00235671075839409
28.42,-0.00925074196437963,0.00928520742541068,-0.00333308387811138
28.425,-0.0099631151351889,0.00970899348525476,-0.00358924644905749
28.43,-0.00852467214425107,0.00802239845114225,-0.00309859137308856
28.435,-0.00526678794939944,0.00460109002615014,-0.00197230155162299
28.44,-0.000892040990023389,0.000194055496817321,-0.000473444497176104
28.445,0.00362441747831844,-0.00424187552996575,0.00106652983794837
28.45,0.00730165785518478,-0.00772324543086902,0.00232443965049397
28.455,0.00935479325171381,-0.0094909868447179,0.00303938826712721
28.46,0.00933757472251427,-0.00916758442218593,0.00306811184685322
28.465,0.007266337435456,-0.00682741106537669,0.00242217531859123
28.47,0.00362753920826789,-0.00298685722448802,0.00127673297648016
28.475,-0.000782857611774845,0.00150034712554076,-0.000116150407137515
28.48,-0.00498089490821709,0.00563997023147933,-0.00143518348833489
28.485,-0.00804105048392735,0.00852147207875158,-0.00238991119644718
28.49,-0.0092967773604017,0.00951380262055963,-0.00277751739503034
28.495,-0.00848318212916311,0.00839445604351918,-0.00252560935957669
28.5,-0.00578244061205595,0.00541264561570016,-0.00169738348148055
28.505,-0.00181050692793318,0.00123448275212632,-0.000493493533167423
28.51,0.00253306428522438,-0.00323072663871026,0.000808736515078143
28.515,0.00630548437606069,-0.00698834862823913,0.00191178894667037
28.52,0.00865884562182606,-0.00920226110497003,0.00256712792707209
28.525,0.0090717549231627,-0.00939015630336553,0.00262424532157233
28.53,0.00747543322492845,-0.00751353835826785,0.00207304860108182
28.535,0.00422272412147543,-0.00396807140591778,0.0010308558704925
28.54,2.90835282771323e-05,0.000459286852548324,-0.000260450636090597
28.545,-0.00415837000984711,0.0047956195957018,-0.00150621973133122
28.55,-0.00743088892855398,0.00809784194825362,-0.00242938317219061
28.555,-0.00907145356389262,0.00964302364678871,-0.00281318923352278
28.56,-0.00871619794641498,0.0090768454026803,-0.0025591739380797
28.565,-0.00644469739963161,0.00653969169922114,-0.00172391970257266
28.57,-0.0027575602739656,0.00257816912802961,-0.000484991588937111
28.575,0.00153423239267737,-0.00195494118352598,0.000901756520861086
28.58,0.00549815513099981,-0.00606859664423465,0.00211493645915238
28.585,0.0082609617077295,-0.00887396711002295,0.00288461375803531
28.59,0.0092311656197232,-0.00977545256933174,0.0030543901300773
28.595,0.0082018676043794,-0.00857711166681629,0.00255899252100929
28.6,0.00539602370801865,-0.0055474241960551,0.00149773801824696
28.605,0.00143333572509696,-0.00135089795086585,0.000103608472208403
28.61,-0.00281818284738043,0.00312254536606142,-0.00134733159537292
28.615,-0.00645395956144297,0.00690912534071072,-0.00254459226431886
28.62,-0.00869138957379849,0.00920730945959067,-0.00321369830545489
28.625,-0.00905900974363447,0.00954409703314148,-0.00322581708837903
28.63,-0.00749822917031377,0.00785862616501048,-0.00257004817038358
28.635,-0.00435789471173441,0.00452926212751836,-0.00135607320191576
28.64,-0.000322348835588193,0.000280638771209559,0.000144418305738493
28.645,0.00374666970788522,-0.00397941148397619,0.0016230421810029
28.65,0.00697556294312862,-0.00734971726964504,0.00279024972943202
28.655,0.00869909592698911,-0.00912674216405586,0.0033786998697688
28.66,0.008568523745366,-0.00896465289001394,0.00327279054035769
28.665,0.00663167033177023,-0.00692657302277533,0.0025097616441916
28.67,0.00333474498440958,-0.00347904390052405,0.0012348458268136
28.675,-0.000615963394463696,0.000630590481486412,-0.000296937460720397
28.68,-0.00438102958317064,0.00452009325943865,-0.00174296265425055
28.685,-0.00715122087886171,0.00738518291875429,-0.00282744831317249
28.69,-0.00837185638204968,0.00864302254895784,-0.00334362508459817
28.695,-0.00781747132954855,0.00806279737082454,-0.00316026031116136
28.7,-0.00562736609718685,0.00580632116111252,-0.00234585050383758
28.705,-0.00229639611004089,0.00239480220343631,-0.00107321544946706
28.71,0.00143904789744971,-0.00143485257888506,0.000409781411290005
28.715,0.00479344703199376,-0.00486902023756874,0.00178557208153599
28.72,0.00706369582265149,-0.00718393898800411,0.00276701020835568
28.725,0.00779633911021816,-0.00792912989839337,0.00317367142786826
28.73,0.00687155885459782,-0.00698319067595213,0.00292874225653631
28.735,0.00453079503267025,-0.00458968919812133,0.00207531604323462
28.74,0.00128210593313597,-0.00129111597758527,0.00082595968334658
28.745,-0.00216169264713733,0.0021903350290248,-0.000563359051143071
28.75,-0.00507267392977921,0.00511316700901147,-0.00181830238594648
28.755,-0.00686020020898196,0.00687426329602338,-0.00265482007509095
28.76,-0.00715877943175888,0.00712617787115529,-0.00292020841760439
28.765,-0.00593738759066963,0.00585387156508864,-0.00258122373549694
28.77,-0.00348397056429135,0.00335720128812012,-0.00170190586258819
28.775,-0.000336624590081969,0.000196989729779528,-0.000483002154424041
28.78,0.00283726808261915,-0.00293982026401421,0.000805163855680742
28.785,0.00535918450510694,-0.00538966346781489,0.00189956093270621
28.79,0.00670999197856489,-0.00664232185838189,0.00258392608536606
28.795,0.0066203653717645,-0.00645372730857192,0.00269715508451335
28.8,0.00513583133995057,-0.00488398878084767,0.00223753683954187
28.805,0.00257803494341939,-0.00228544821998453,0.00131347238543644
28.81,-0.000506580002987091,0.000786912550628788,0.000103917185241386
28.815,-0.0034635682865109,0.00366566746841699,-0.00111430049069473
28.82,-0.00568336048674821,0.00575525140847227,-0.00209227818566331
28.825,-0.00671179085349569,0.00661907870981536,-0.0026181735409303
28.83,-0.00633843075621738,0.0060706786815625,-0.00258420895451787
28.835,-0.00464687031379472,0.00423255875896812,-0.00198663202915714
28.84,-0.00198753316784793,0.00149524368200167,-0.000961548983446162
28.845,0.00110163675964608,-0.00159088797553354,0.000286870737095578
28.85,0.00398713589429733,-0.00436909304334583,0.00149360815535971
28.855,0.00607982538591882,-0.00626894429574997,0.00239736598375791
28.86,0.00696306099098865,-0.00689683118944647,0.00281838831255639
28.865,0.00643908574307701,-0.0061161669741108,0.00265265143446744
28.87,0.00460384103123573,-0.00406364759131415,0.00191552525490575
28.875,0.00181594257171337,-0.00114800358915915,0.000773599520714845
28.88,-0.00138251135885239,0.00206287200150446,-0.000571651851076492
28.885,-0.00436474383302741,0.00492781698057102,-0.00184442458438078
28.89,-0.00653897139412924,0.00687367914927162,-0.00277742928032137
28.895,-0.00746891304225591,0.00749458214600765,-0.0031732824511549
28.9,-0.00695410845430588,0.00664345550172413,-0.00294890615915039
28.905,-0.00506711328856391,0.00445970230690704,-0.00211065505774135
28.91,-0.00215719308548015,0.00133467625721893,-0.000812813853008498
28.915,0.00123865327765507,-0.00214637564757722,0.000687605810465667
28.92,0.00448606999865698,-0.00530317332623526,0.0021195125499315
28.925,0.00695816508305951,-0.0075338373711596,0.00319373799910641
28.93,0.00816962387658501,-0.00838474174232386,0.0036713293161675
28.935,0.00786574677916131,-0.0076488138237832,0.00346177025411801
28.94,0.00605937167780917,-0.00543340179894129,0.00257624640800115
28.945,0.00305282504354256,-0.00211649090596371,0.0011484204797915
28.95,-0.000620457587480219,0.00171509188256357,-0.000552348962008279
28.955,-0.00429364853214458,0.00534980833978515,-0.00220993861337433
28.96,-0.00728315400520546,0.00809657884624375,-0.00352987390597919
28.965,-0.00900107514549871,0.00941913684527279,-0.00423002989478751
28.97,-0.00909572358963969,0.00902406784968954,-0.00415490315704116
28.975,-0.00749749389614747,0.00692328582178203,-0.00330411930395598
28.98,-0.00445059545517546,0.00345759423178273,-0.00179885611237699
28.985,-0.000476217197450062,-0.000775738553388382,0.000118834182256717
28.99,0.00371788836745697,-0.0050181257805652,0.00208201995245472
28.995,0.00737650553796593,-0.00848280169047211,0.00373980869154032
29,0.00979523094238655,-0.0104917074892173,0.00478193849918429
29.005,0.0104828480431112,-0.0106291849013462,0.00497144603212743
29.01,0.0092615284121098,-0.00880960209521997,0.0042449909773793
29.015,0.0062811111962604,-0.00528623907371085,0.00271531217776207
29.02,0.00203288694319941,-0.000662032533674772,0.000617186185594675
29.025,-0.00275230718905401,0.00424550025635498,-0.0016800398147348
29.03,-0.00719461231132558,0.00853204342447763,-0.00375385672841395
29.035,-0.0104607292049402,0.0113979124486376,-0.00522256520106564
29.04,-0.0119065315682147,0.0122479257983041,-0.00578791007599181
29.045,-0.0111923121893059,0.0108611049123751,-0.00531339915265759
29.05,-0.00837561425278464,0.00742465650193842,-0.00384259372440299
29.055,-0.00391893932394193,0.00250305201148625,-0.00161448910609578
29.06,0.00142740986607995,-0.00305291117606648,0.00100346085788524
29.065,0.00667421419944891,-0.00821090780397381,0.00353283988996632
29.07,0.0108495642612662,-0.0120164591293117,0.0055098243376763
29.075,0.0131526007609099,-0.013722292494793,0.00654329216105851
29.08,0.0130783820846042,-0.0129325756937588,0.00640805156080117
29.085,0.0105648248643211,-0.00971586280189354,0.00509345829211209
29.09,0.00601617374244407,-0.00462020313150107,0.0027854557540365
29.095,0.000208625519225293,0.00148669008610689,-0.000109391608090584
29.1,-0.00581129932154618,0.00748303270037442,-0.00307603972945432
29.105,-0.0109184487209247,0.0122350638166291,-0.00557790314938157
29.11,-0.0141245538287991,0.014840668230095,-0.00712146902239445
29.115,-0.0147817867429775,0.0147645925208556,-0.0073925303293297
29.12,-0.0126899783291347,0.011929610084016,-0.00631435913725649
29.125,-0.00816759344970511,0.00681515462004929,-0.00403692977858732
29.13,-0.00201277913521247,0.000327976241806018,-0.000939430920736481
29.135,0.00467065625042034,-0.00636284788951088,0.00241047232242712
29.14,0.0106271901603517,-0.0120191843895452,0.00539508924143809
29.145,0.0147109044661045,-0.0155409920508523,0.00747393876053775
29.15,0.0161278383994485,-0.0162381542502758,0.00820632873942507
29.155,0.0145462187019991,-0.0139351537554007,0.00742704616316541
29.16,0.0101988227371154,-0.00898617538395946,0.00526068043317733
29.165,0.00386142499340884,-0.00227696302687702,0.00206285518350549
29.17,-0.0033059691424597,0.00494791336351611,-0.00159048913893899
29.175,-0.00997336713974706,0.0113594631638911,-0.00501731755370786
29.18,-0.0148755010944042,0.0157479409764961,-0.00755862604168801
29.185,-0.0170501628264804,0.0172413809237554,-0.00874992538353
29.19,-0.0160474245807921,0.0155364125747366,-0.00832287371880382
29.195,-0.0120180853754407,0.0109266975984673,-0.0063222828466954
29.2,-0.00566773607209038,0.0042177027733863,-0.00312688102488896
29.205,0.00182270079507154,-0.00334543252570863,0.000698759506111589
29.21,0.00905136390858977,-0.0103357072310832,0.00445277039887023
29.215,0.0146454947949663,-0.0154613241549566,0.0074091335088084
29.22,0.0175265264026422,-0.0177481074684111,0.00900768887044083
29.225,0.0171210158094358,-0.016721131107183,0.0089445351373856
29.23,0.013481641879397,-0.0125664849727812,0.0072069112184823
29.235,0.00728108150853508,-0.00606140622651749,0.00408625112582916
29.24,-0.000334830387715178,0.00161708615819288,0.000192477599613817
29.245,-0.00792146500847777,0.00902139013745164,-0.00376413511277193
29.25,-0.0140403626582738,0.0147550457127643,-0.00704641787348378
29.255,-0.0175365285040192,0.0177448094968179,-0.0090035078943767
29.26,-0.0177473124134572,0.0174317008541119,-0.00927929258956768
29.265,-0.014597635566105,0.0138516472112864,-0.00781136273334582
29.27,-0.0086957214116515,0.00768397300105332,-0.00486849110564317
29.275,-0.00114579830225657,8.80848087778169e-05,-0.00100090667732601
29.28,0.00662948171365857,-0.0075185804041445,0.00305006563298793
29.285,0.0131573226112122,-0.0137181934917011,0.00651819788175912
29.29,0.0171964584199975,-0.0173278813677274,0.00876583809682719
29.295,0.0179829671108566,-0.0176951984616503,0.0093489697761842
29.3,0.0153768592833513,-0.0147706047776416,0.00817264039265785
29.305,0.00987055439481606,-0.00909723780991989,0.00546329601619103
29.31,0.00251756850919419,-0.00174445624779739,0.00174066096149431
29.315,-0.0052841555446102,0.00588622024181458,-0.00229966126421176
29.32,-0.012060453282259,0.0123840762677739,-0.00588661723579998
29.325,-0.0165326453634347,0.0165503203286161,-0.00833515572674781
29.33,-0.0178697937946115,0.0175925273755871,-0.00920769659301673
29.335,-0.0158372942892361,0.0153521754267888,-0.00833847655559876
29.34,-0.0108358682341649,0.0102720269371248,-0.00589233394512148
29.345,-0.00382383642844606,0.00330956715809364,-0.00235671983974954
29.35,0.00385962941639317,-0.00422194760368207,0.00158904359683084
29.355,0.0107674472299408,-0.0109036559901693,0.00521008859891529
29.36,0.0156043977813455,-0.0154945805560817,0.00781355409181487
29.365,0.0174901269447303,-0.0171795323855368,0.00891650242855182
29.37,0.0160745193546874,-0.0156489482928343,0.00833497979696874
29.375,0.0116515613486455,-0.0112340588013885,0.00619789100660322
29.38,0.00508700235950674,-0.00478416815459425,0.00290550220856938
29.385,-0.00238129116372317,0.0024888229008808,-0.00088982377362084
29.39,-0.00934672373023241,0.00923739267838318,-0.00447705215391466
29.395,-0.0145006214994112,0.0141919673363448,-0.00719024598650892
29.4,-0.016901225057682,0.0164776777443325,-0.00852994455014146
29.405,-0.0161283593001609,0.0156994174512041,-0.00825260505067765
29.41,-0.0123476870039729,0.012020476848299,-0.00643974509881559
29.415,-0.00631489752057069,0.00617123398784434,-0.0034368059414591
29.42,0.000836420488830782,-0.000744568840865002,0.000179613951018916
29.425,0.00775709351250885,-0.00744916171673063,0.00371874046418773
29.43,0.0131698533906836,-0.0127050553814976,0.006530732744253
29.435,0.0160891693517343,-0.0155566071502268,0.00809901148979306
29.44,0.0160095792126388,-0.0155252875650617,0.00814594570608658
29.445,0.0129697590215665,-0.0126576240072491,0.00667113586259102
29.45,0.00757101592617924,-0.00750309513617709,0.00398182003808279
29.455,0.000836145927208897,-0.0010444650572382,0.000581498350067318
29.46,-0.00598691871671361,0.0055111608835977,-0.00290053023163618
29.465,-0.0116340110683273,0.0109828419100919,-0.00579920455422584
29.47,-0.0150959611864593,0.0143848181857288,-0.00761203098423108
29.475,-0.0157496916976347,0.0151130293703728,-0.00800381653023148
29.48,-0.0135152031341728,0.0131080357577729,-0.006921114422211
29.485,-0.00884281886292885,0.00875543930496861,-0.00457759315394207
29.49,-0.00261705224875829,0.00286742423391991,-0.00142040924117824
29.495,0.00401895172528793,-0.00345198539094244,0.00196961446693102
29.5,0.00984801412785121,-0.00905159774275484,0.00498458284669445
29.505,0.013827274277402,-0.0129660084657023,0.0070591619080293
29.51,0.0152663960928204,-0.0144973632412244,0.00783907770600802
29.515,0.0139292700157967,-0.0133977269207692,0.00719438589919786
29.52,0.0101045930243379,-0.00993313491556112,0.0052443847043016
29.525,0.004508566993087,-0.00473341031934636,0.00236344322437197
29.53,-0.0018380558332837,0.00123871704922219,-0.000931615260876944
29.535,-0.00778186573666981,0.00690775553275611,-0.00403299759482585
29.54,-0.0122693395344236,0.011268042310729,-0.00639694084772373
29.545,-0.0145277885724307,0.0135793316935953,-0.00759671449976168
29.55,-0.0141711119376044,0.0134623902639212,-0.00742497923170657
29.555,-0.0113015958271392,0.0109679164979201,-0.00593939541240264
29.56,-0.00646673204213619,0.00657414915808905,-0.0033869744672266
29.565,-0.000534763051048005,0.00108476013490691,-0.000243112552805446
29.57,0.00543253038293525,-0.0045377064867953,0.00293053868055366
29.575,0.0103833952492425,-0.00931080768322873,0.00557872827426545
29.58,0.0134588773098005,-0.0123914000143399,0.00722910961275102
29.585,0.0141401191491061,-0.0132904749044592,0.0076001167360257
29.59,0.012344466945652,-0.0118691219327239,0.00661320779606935
29.595,0.00840237208168628,-0.00838689036048349,0.00447012962520976
29.6,0.0030336731237267,-0.00347718267266487,0.00153181975974505
29.605,-0.00282686877747622,0.00198196171131739,-0.00167822029428995
29.61,-0.00815125070755447,0.00707156350281129,-0.00458046580114991
29.615,-0.0120244154931933,0.0109059612264356,-0.00668328075520982
29.62,-0.0137903372064038,0.0128258226896743,-0.00760999085560014
29.625,-0.0131630881380749,0.0125278587709557,-0.00719870949389372
29.63,-0.0102608043229277,0.0100776497812112,-0.00551771411536538
29.635,-0.00559662574697852,0.00588443718288072,-0.00287388566576302
29.64,1.81209121396979e-05,0.000680846563583022,0.000280622893206918
29.645,0.00561154638225801,-0.00462561334392946,0.00340473654092091
29.65,0.0102292048440091,-0.00915144997764258,0.00592578638779782
29.655,0.0130806792397572,-0.012108036498233,0.00742641604460988
29.66,0.0136706273417389,-0.0129781380614327,0.00763539017791715
29.665,0.0119201153909708,-0.0116149726564633,0.00649985513276431
29.67,0.00811146416312173,-0.008240795320156,0.0042283633095814
29.675,0.00290059506482187,-0.00341806572912705,0.00120245161494435
29.68,-0.00282499414286188,0.00203394238650294,-0.00204392517553846
29.685,-0.00809329211158179,0.00717438331504174,-0.00495537539187242
29.69,-0.0119980023776657,0.0111187777058213,-0.0070090137493292
29.695,-0.0138567789622431,0.0131703014266406,-0.00784881859452252
29.7,-0.0133443729903272,0.0129496230756966,-0.00732179941716164
29.705,-0.0105151301606362,0.0104583183829184,-0.00549955654196338
29.71,-0.00584046876356248,0.00611059360309357,-0.00271108834383427
29.715,-0.000107153310584752,0.000627146331579007,0.000576954154411583
29.72,0.00571153307946625,-0.00505636376940374,0.00378930345138943
29.725,0.010599672933927,-0.00993387128635491,0.00635672926455432
29.73,0.0137074086743877,-0.013137188398376,0.00783715681366204
29.735,0.0144619659990754,-0.0140780293607476,0.00795129449926221
29.74,0.0126943051213048,-0.0125336078031404,0.00666210921119632
29.745,0.00868287626131186,-0.00873006409591474,0.00419119726935487
29.75,0.00307905203387571,-0.00329180452044083,0.000960870314282977
29.755,-0.00315780344112811,0.00284056191215475,-0.00247653076616604
29.76,-0.00894460590454925,0.0085831153833497,-0.00551221784636133
29.765,-0.0132494647959193,0.0129031954167431,-0.00759258356622725
29.77,-0.015285401806563,0.0149812869553373,-0.00835596667837833
29.775,-0.0146383256507532,0.0143868591517308,-0.00763993484955922
29.78,-0.0113696188930336,0.0111839806573396,-0.00555352346122124
29.785,-0.0060036785453304,0.00587445406187973,-0.00245972553488944
29.79,0.000547673822432772,-0.000621430310220793,0.00110391377180509
29.795,0.00712821833286632,-0.00713285262605507,0.00451604895120756
29.8,0.0125546770035717,-0.0124818335642318,0.00715730505369705
29.805,0.0158230555280361,-0.0156693567888028,0.00854556791594661
29.81,0.0162947276632211,-0.016037913508566,0.00842142354244294
29.815,0.0138088540575418,-0.0134684743090596,0.00678460754864161
29.82,0.00876562121576193,-0.00836512226405898,0.00390302712176434
29.825,0.00202135026656783,-0.00160601049445571,0.000286167885726399
29.83,-0.00522583876637788,0.00559231404306572,-0.00342226166646543
29.835,-0.0116624409898248,0.0118997517828305,-0.00656862280380129
29.84,-0.0160893846974861,0.016121499557882,-0.00855160613770761
29.845,-0.0176455118693272,0.017441105393709,-0.00900867203226708
29.85,-0.0159843510401313,0.0155317856001314,-0.00783757394982704
29.855,-0.0113367789221594,0.0106948648434605,-0.00521806336972295
29.86,-0.0045115220229968,0.00376682801717119,-0.00162008296594443
29.865,0.00328445862251476,-0.00399032522127698,0.00231442123433104
29.87,0.0106232296333512,-0.011145297536355,0.00587616054268247
29.875,0.0161162892649854,-0.0163478225152779,0.00840420577718641
29.88,0.0187085225604108,-0.0185790745445028,0.00941744472652781
29.885,0.017861921055526,-0.0173687242184706,0.00871553615478335
29.89,0.0136600418800233,-0.0128848935797395,0.00640732589144077
29.895,0.00683484570432791,-0.00590786712237923,0.00288745550363807
29.9,-0.00137662122590536,0.00229243055565644,-0.00119713536471608
29.905,-0.00946623752803577,0.0101814148645743,-0.00511077130582325
29.91,-0.0158993701504621,0.0162794236759675,-0.00812736015500592
29.915,-0.0194505173676071,0.0194125543428233,-0.00965934111036425
29.92,-0.019398801912015,0.0189297294536521,-0.00942565282632883
29.925,-0.0157047991070914,0.0148822826551026,-0.00743676134214425
29.93,-0.0090065149305443,0.0079845062836965,-0.00404769598028753
29.935,-0.000531955472500904,-0.000508120301464747,0.000125664284467524
29.94,0.00815682275629687,-0.00900869310278142,0.00431533030183735
29.945,0.0154183124293788,-0.0159069499061426,0.00773547314577325
29.95,0.0198548079906747,-0.0198930137245334,0.00974784451932349
29.955,0.0205951974990499,-0.0201825290974051,0.00994891491929367
29.96,0.0174616219998297,-0.0166828223153472,0.00830430440027453
29.965,0.0110055408964855,-0.0100073107637276,0.00510030726819831
29.97,0.0024016551714369,-0.00140231532533538,0.000917146915106571
29.975,-0.00672716541182979,0.00753182357575167,-0.00345901795887643
29.98,-0.014661735104041,0.0151299732280753,-0.0072236541797744
29.985,-0.0198900496812042,0.0199459243269864,-0.00965436480103567
29.99,-0.0214020882865192,0.0210406743998809,-0.0102978625443936
29.995,-0.0188870594813368,0.018211219510432,-0.00902399602493543
30,-0.0127978460834292,0.0119523540654216,-0.00604698937884984
30.005,-0.00426144722266402,0.00341211576831738,-0.00193185531327819
30.01,0.00511988171941405,-0.00579695503125624,0.00256406696574595
30.015,0.0135691202574652,-0.0139531185395927,0.00660146326955417
30.02,0.0194973452420437,-0.0195394938289362,0.00941568399125872
30.025,0.0217737778951994,-0.0214888587119805,0.0104695187933893
30.03,0.0199576986653155,-0.0194277783807561,0.009570573898915
30.035,0.0143823625609903,-0.0137481173601284,0.00688829491194635
30.04,0.0061004026645106,-0.00550775834816314,0.00290235990417183
30.045,-0.00333426816429396,0.003768430796896,-0.00162212732844588
30.05,-0.0121526610771902,0.0123353015335678,-0.00583987151734815
30.055,-0.0186776502586542,0.0185991985146549,-0.00897713063295248
30.06,-0.0216991443078788,0.0214144908258222,-0.010432868108841
30.065,-0.020647523680089,0.0202500771335286,-0.00993784714788608
30.07,-0.0157324006847575,0.0153304908131177,-0.00759350543452207
30.075,-0.00789219786236497,0.00758936342561204,-0.00384374265377186
30.08,0.00140120424167228,-0.00152158440846042,0.000624773842519258
30.085,0.0103920721294294,-0.0103245836701242,0.00496299181617061
30.09,0.01740381663458,-0.0171813042731512,0.00835413506014889
30.095,0.0211354771120387,-0.0208334629647627,0.010192717402291
30.1,0.0209145159294561,-0.0206334937293035,0.0101251889766672
30.105,0.0168063027360642,-0.0166418102100245,0.00817290620549224
30.11,0.00960315411274578,-0.00961256238112992,0.00472448158779978
30.115,0.00066236310160086,-0.000870667017909384,0.000413392707364901
30.12,-0.00832744047572763,0.00796331486018472,-0.00395111245188807
30.125,-0.0157102116148028,0.0152739807480124,-0.00755285238937702
30.13,-0.0201230518663543,0.0197331182026787,-0.00973222084775818
30.135,-0.0207765929108735,0.020539210257237,-0.0101056468400128
30.14,-0.0175924426487659,0.0175897485066148,-0.00860299508091173
30.145,-0.011188354378851,0.0114595416116831,-0.00552474442977349
30.15,-0.00279414834392875,0.00329459098069609,-0.00146165508059741
30.155,0.00603218804938321,-0.00538651421043402,0.00285374201161291
30.16,0.0136510337683122,-0.013000544356886,0.00659950712572221
30.165,0.0186803135277691,-0.0181793799218335,0.0090959204693221
30.17,0.0202319963060663,-0.0200038908116442,0.00990622081899738
30.175,0.0180614772141174,-0.0181765533766841,0.00888973637042374
30.18,0.0126103667716915,-0.0130737706445671,0.00624599213231497
30.185,0.0049244149987778,-0.00566373190951614,0.00248570567316483
30.19,-0.00357566317584555,0.00269011883009028,-0.00169376564776639
30.195,-0.0113196388316316,0.0104640779465289,-0.00552794891617057
30.2,-0.0169060146663725,0.0162582446206485,-0.00830451889212533
30.205,-0.0193557384855369,0.0190448317952354,-0.00953265026470403
30.21,-0.0182527133345185,0.0183663937572192,-0.00901248931389771
30.215,-0.0138483430007271,0.0143755388885587,-0.00684723873377447
30.22,-0.00698498939311437,0.00784331166165903,-0.00345236307837641
30.225,0.00105988810159832,-2.56573826746021e-05,0.000536174521072632
30.23,0.00882296569662834,-0.00780591500984572,0.00439128674381058
30.235,0.0148967501342828,-0.0140980634962249,0.00740853926365356
30.24,0.0182022071137106,-0.0177808522467848,0.0090447136728093
30.245,0.0181844670775772,-0.0182267414762703,0.0090203480750176
30.25,0.0148804019806372,-0.01538711218849,0.00735755379300343
30.255,0.0089239583786102,-0.00980491102281894,0.0043579563245616
30.26,0.00142233505219664,-0.00251218120214969,0.000598665810010498
30.265,-0.00626876156310655,0.00515888160440771,-0.00324204691589691
30.27,-0.0127537044585549,0.0118329018474674,-0.0064605207516586
30.275,-0.0168747602846538,0.016311899576247,-0.00847229612231859
30.28,-0.0179258884715907,0.0178076226591424,-0.00892450005385999
30.285,-0.0157370898758509,0.0160797153804492,-0.00774859414185031
30.29,-0.0107230991359609,0.0114644382153479,-0.005166683926537
30.295,-0.00380689629914858,0.00481386265330761,-0.00165783121466213
30.3,0.00375136671053022,-0.00265777035318895,0.00212797084356924
30.305,0.010584791567866,-0.00960077529909395,0.00550599373488888
30.31,0.0154757014701655,-0.0147631836366206,0.0078610667269964
30.315,0.0175413307038462,-0.0172180307008896,0.0087662872792976
30.32,0.0164220550187992,-0.0165360368109991,0.00807435857266763
30.325,0.0123388711823283,-0.0128592738253704,0.00590626144486639
30.33,0.00602238604829573,-0.00685752569785325,0.00265809698423817
30.335,-0.00136504511136311,0.000363548912186553,-0.00105680289638151
30.34,-0.00848553730760411,0.00749098968397572,-0.00457222492135018
30.345,-0.0140576662488575,0.013226322274626,-0.00724706578680635
30.35,-0.0170701114282243,0.0165236320503754,-0.00857885866762039
30.355,-0.0169702120888778,0.0167876416929867,-0.00833199875758786
30.36,-0.0137817793642,0.0139730576959024,-0.00656241774041104
30.365,-0.0080705857295884,0.00859714527794165,-0.00357658723091462
30.37,-0.000876446530767592,0.00165234345981926,7.1526980197502e-05
30.375,0.0064910124428085,-0.00558785885562383,0.00369159945978818
30.38,0.012683932195111,-0.0117954917533582,0.00664302566988725
30.385,0.0165679020744399,-0.0158128981102828,0.00837178691719389
30.39,0.0174142302930186,-0.0169040671553516,0.00854794476203543
30.395,0.0150479282646648,-0.0148705574661407,0.00714961090245939
30.4,0.00990248296472487,-0.0100783340912376,0.0044292675218236
30.405,0.00290682417944674,-0.00341941296465186,0.000874850288561885
30.41,-0.00465016938254978,0.00387891970769896,-0.00284475256506289
30.415,-0.0113750877984568,0.0104540367009366,-0.00604463598897082
30.42,-0.0160253879766658,0.0150857468697832,-0.00814108762141161
30.425,-0.0177172823946476,0.016905255889652,-0.00872474837279555
30.43,-0.0161243992031478,0.0155690120751515,-0.00768629656991626
30.435,-0.0115330006601773,0.0113131759467773,-0.00522280660926486
30.44,-0.00477603479406858,0.00493978428685825,-0.00176639610799907
30.445,0.00291266276321329,-0.00236689393346192,0.00202840022094047
30.45,0.0100878477340658,-0.00923704092491529,0.00545133593410272
30.455,0.0154110757667288,-0.0143738227658709,0.00787844229547795
30.46,0.0178821888061034,-0.0168164727725063,0.00884709198926021
30.465,0.0170190876210363,-0.0160996032503938,0.00815897609039104
30.47,0.0129612913567518,-0.0123593908938606,0.00595533813171764
30.475,0.00646346720662765,-0.00629220855031067,0.00264284919614661
30.48,-0.00127082485422746,0.000955461033182735,-0.00118839648577984
30.485,-0.00880033994913764,0.00802311027907034,-0.0048051388840428
30.49,-0.0146993127089303,0.0135836036561449,-0.00753312299890316
30.495,-0.0178592404254415,0.0165857450176713,-0.00887674957382359
30.5,-0.0176748884562764,0.0164656417486717,-0.00856953058935573
30.505,-0.0141757309198726,0.0132465145001442,-0.00665349656537589
30.51,-0.00800994636323568,0.00753681867721768,-0.00349818482751981
30.515,-0.000334670487458633,0.000407613542679079,0.000315097960524345
30.52,0.007413682482375,-0.00678438483382818,0.00408924323972282
30.525,0.013779022126086,-0.0126868345706583,0.00710785016195245
30.53,0.0175654753027846,-0.0162030586650616,0.00880207322126546
30.535,0.0180614006453622,-0.0166739168189233,0.00887029439610906
30.54,0.0151796822028007,-0.0140118625632537,0.00728666610683702
30.545,0.00945755027730143,-0.00873741401303832,0.00434639548562749
30.55,0.00197062025928542,-0.00184966439860441,0.000602591654701212
30.555,-0.00587619508121594,0.00536986618978153,-0.00325599374155353
30.56,-0.0126122397055706,0.0115617923346265,-0.00651605500539929
30.565,-0.0169783463730244,0.0155686105473846,-0.00856597950331467
30.57,-0.0181674989952749,0.0166728750865747,-0.0090308246358056
30.575,-0.0159682199321937,0.0146724238954139,-0.00783338536776619
30.58,-0.0108047764715843,0.00994492311848856,-0.0051837459862103
30.585,-0.00365748071193343,0.00340666724496041,-0.0015835148995015
30.59,0.0041301441644843,-0.00373115369819239,0.00230398888208913
30.595,0.0111152721625227,-0.0101547252630964,0.00576671270584269
30.6,0.0160116095896244,-0.0146715236587049,0.00815939475570922
30.605,0.0179172068894014,-0.0164636568578339,0.00905340979670821
30.61,0.016512362793031,-0.0152358778458097,0.00828123889251838
30.615,0.0120845548927568,-0.0112158151758084,0.00599444706876898
30.62,0.00546145399582743,-0.0051658376491357,0.00261797158020681
30.625,-0.00212169406161192,0.00179042527870482,-0.00123079759950673
30.63,-0.00926175344419887,0.00838577920568571,-0.00484262799590548
30.635,-0.014663083608408,0.0134282782740531,-0.00755451496334499
30.64,-0.0173488218648121,0.0160095047896936,-0.00888345232416901
30.645,-0.0168551044912302,0.0156790893773783,-0.00859449153386341
30.65,-0.0133083724291659,0.0125232437040497,-0.0067405422730154
30.655,-0.00737427240698768,0.00712478772211887,-0.00366794603963602
30.66,-0.000141611950501418,0.00046224469032371,4.85196707427103e-05
30.665,0.0070582553332906,-0.00626110395178363,0.00375757090798895
30.67,0.0129322444646118,-0.0118495199859599,0.00677000727907875
30.675,0.0164427760815613,-0.0153178345571015,0.0085460266988305
30.68,0.0169804306611814,-0.0160412334737403,0.00878036796721674
30.685,0.014467368916953,-0.0139033371270392,0.00742750769362238
30.69,0.00938248794169907,-0.00929466614110703,0.00473430620909134
30.695,0.0026441885427685,-0.00302607184069641,0.00119632233619644
30.7,-0.00452638490715191,0.00379714931821566,-0.00254484676602055
30.705,-0.0108701672023142,0.00995652423665585,-0.00582561768788556
30.71,-0.015254703628119,0.0143775665572445,-0.00804491627281446
30.715,-0.0169208521859025,0.0162746100059446,-0.00880803498166622
30.72,-0.0155839925826291,0.0152883134918463,-0.00800073669735243
30.725,-0.0114801647724015,0.0115916755492751,-0.00574621824274659
30.73,-0.00534298945322375,0.00581745251108683,-0.00245969866819345
30.735,0.00174874919485264,-0.00105293491148075,0.00126049200594578
30.74,0.00855111651271487,-0.00780523442993187,0.00475967857110438
30.745,0.0138530493244668,-0.0132422045107537,0.0074121700535494
30.75,0.0167166302824787,-0.0164025600998134,0.00872836459953657
30.755,0.0166375308591403,-0.0166841111970299,0.00847483094779193
30.76,0.0136010434863956,-0.0139840342533132,0.00670828283659351
30.765,0.00812820970750397,-0.00875474743698972,0.00372098830932392
30.77,0.00116495932613028,-0.00188321948057698,4.43959562589012e-05
30.775,-0.00606619252803508,0.0054559039158918,-0.00363697928424767
30.78,-0.0122955328637115,0.0119438996504284,-0.00668162690501652
30.785,-0.0164023379042604,0.0163936519347445,-0.00853976346559551
30.79,-0.0176271837022407,0.0179760557165148,-0.00885555383416397
30.795,-0.0157167343003842,0.0163498462613281,-0.00756318905335458
30.8,-0.0109496487505904,0.0117148422635279,-0.0049039791359056
30.805,-0.00413699587461946,0.00485620678677844,-0.00133313283220945
30.81,0.0035253856967051,-0.00302241004749019,0.00251615883422003
30.815,0.0106834621166721,-0.0105272417032208,0.00592131059439484
30.82,0.0160279257410383,-0.0162766561594061,0.00827618865798021
30.825,0.0185479488188319,-0.0191582638891296,0.00915066394994099
30.83,0.0177371315822862,-0.0185808882097353,0.00835374493835527
30.835,0.0136759841087989,-0.0145866478712404,0.00601459103343171
30.84,0.00703158415360085,-0.0077952695726282,0.00256020724687156
30.845,-0.00104043831434026,0.000590612247616442,-0.00140191271148083
30.85,-0.0090682291114074,0.00903782271114405,-0.0051517079175876
30.855,-0.0155857692753941,0.0159972314990371,-0.00798668069290367
30.86,-0.0193660955898786,0.0201360526201247,-0.00937157856608035
30.865,-0.0196272802520304,0.0205870914142747,-0.0090460960185836
30.87,-0.0162475725092996,0.0171949222289393,-0.00704198346611773
30.875,-0.009780352288278,0.0105258743093542,-0.00370027302352078
30.88,-0.001350039435296,0.00173675256057146,0.000359666217012622
30.885,0.00749715123182726,-0.00756248511301705,0.00439110643057515
30.89,0.0151152035251487,-0.0155956140124728,0.00766533544232475
30.895,0.0200503797523822,-0.0208437033248662,0.0095424876773461
30.9,0.0213107386374075,-0.0222645846125449,0.00965738526948354
30.905,0.018575130757854,-0.0194857489753519,0.00797960738173369
30.91,0.0122785235618913,-0.0129674011509125,0.00478890254513249
30.915,0.0035582451840726,-0.00389888332805207,0.000656409137902035
30.92,-0.00600060322824386,0.00605956518819045,-0.00364655977063411
30.925,-0.0145942271164482,0.0150287652460734,-0.00730842701248482
30.93,-0.0205548888292513,0.021252560331363,-0.0096552790752505
30.935,-0.0227121310894125,0.0235105185197757,-0.0102085065083668
30.94,-0.0205867898450702,0.0213304357371648,-0.00884185542104647
30.945,-0.0145039701889049,0.0150379939820447,-0.00579919388800678
30.95,-0.00556949777742691,0.00579607457810895,-0.0016264329283941
30.955,0.00455754200930642,-0.004636722486181,0.00290372406158093
30.96,0.0139583690006483,-0.0142972302766356,0.00693842888420306
30.965,0.020817635512398,-0.0213246337523717,0.00969874480011216
30.97,0.0237835384816913,-0.0243100230960861,0.0106678733303063
30.975,0.0222308728479397,-0.0226683077314887,0.00963448368875079
30.98,0.0164092052944741,-0.0166881855532424,0.0067557661303411
30.985,0.00737044844209375,-0.0074552060148951,0.00258205657689549
30.99,-0.00317131048782641,0.00325831471427647,-0.00212193488135696
30.995,-0.0132054035675302,0.0133809625617427,-0.00647817915344835
31,-0.0208007605670799,0.0209925800430428,-0.00965050851886534
31.005,-0.0244671492269608,0.0245964345933362,-0.0110253122967653
31.01,-0.0234579166055248,0.0234789253699679,-0.0103270008571416
31.015,-0.0179482658798466,0.0178590858024876,-0.00767798912738365
31.02,-0.00896182149853372,0.00881042718820837,-0.00353647033556403
31.025,0.00180089471381013,-0.00194684102758496,0.00129755710140546
31.03,0.0122673754170575,-0.0123134871674884,0.00592529192063584
31.035,0.0204208804946996,-0.0203016580480381,0.00947745579818292
31.04,0.0246870787567977,-0.0243823150662301,0.01125449586709
31.045,0.0242322892027805,-0.0237687054917738,0.0109243068220741
31.05,0.0191251841192118,-0.0185907073048197,0.00852140889372313
31.055,0.0103434355271619,-0.0098740499470515,0.00450050370307962
31.06,-0.000433776258233522,0.000688431136659411,-0.000395707503079687
31.065,-0.0111302678517698,0.0110585379862971,-0.00524000377125916
31.07,-0.0196840500359938,0.0192382581396173,-0.00911755863699837
31.075,-0.024456070411629,0.0236635103597176,-0.0112969873054947
31.08,-0.024531213516549,0.0235215140541001,-0.0113499167505375
31.085,-0.0199075421081882,0.0188752122040391,-0.00927023784010333
31.09,-0.0114898574286765,0.0106550129897073,-0.00543539699882782
31.095,-0.000911069660747408,0.000478838935542562,-0.000568914951868416
31.1,0.0097837826016339,-0.00967592281643105,0.00441345745790213
31.105,0.0185522749330647,-0.0178646689638717,0.00857363548937115
31.11,0.0237179533636793,-0.0225362927389883,0.0111187172770246
31.115,0.0243209197824259,-0.0228341025900717,0.0115830235880213
31.12,0.0202786133823261,-0.0187663389883587,0.00986459276108578
31.125,0.0124048517833982,-0.0111723010676087,0.00629293577885582
31.13,0.0022363281473991,-0.00155382419073095,0.00155530190661334
31.135,-0.0082548314446038,0.00820790573164295,-0.00346399885819683
31.14,-0.0170650476314405,0.0162442945030319,-0.00781553145901546
31.145,-0.0225276122579499,0.0210463052729863,-0.0106779697920681
31.15,-0.0236394457748376,0.0217584187919373,-0.0115274253698024
31.155,-0.0202424531475971,0.0183053198154338,-0.0102191383159444
31.16,-0.013042113283975,0.0114388441708982,-0.00700088946360862
31.165,-0.0034703142843697,0.00253035467612372,-0.00249333294334738
31.17,0.00661897716657001,-0.0066940453460842,0.00243363844845328
31.175,0.0152923511545885,-0.0144625565713352,0.0068690739699127
31.18,0.020925767728056,-0.0193150116641245,0.009980047538136
31.185,0.0224971259116583,-0.0204082168716446,0.0111887915012609
31.19,0.0197798577953665,-0.0176050373740769,0.0102951383607345
31.195,0.0133695773922953,-0.0115166607020644,0.00748879967269123
31.2,0.00455672560453443,-0.00338639319089083,0.0033164946097179
31.205,-0.00494253439048034,0.00519666872826922,-0.0014121561287778
31.21,-0.0133162462426245,0.0126050328839011,-0.00580325666619856
31.215,-0.0189959482465713,0.0174479909055019,-0.00904063142408996
31.22,-0.0209716059812944,0.0188736038477039,-0.0105354059886506
31.225,-0.0189472708812344,0.0167011663996023,-0.0100347762132491
31.23,-0.0133962444446967,0.0114355924059683,-0.0076684188885773
31.235,-0.0054514235818084,0.00413264010983008,-0.0039230408407809
31.24,0.003329959007274,-0.00376490100352185,0.000474645116100181
31.245,0.0112657362107523,-0.0107488662952201,0.00468750373471593
31.25,0.0168777818792298,-0.0155408981782615,0.00792434524182262
31.255,0.0191709293460593,-0.0172849687344494,0.00960807619624481
31.26,0.0177931654689062,-0.0157250434382261,0.00945306926214238
31.265,0.0131049595044335,-0.0112623568279336,0.00753827328074254
31.27,0.00608939062145703,-0.00479782991182516,0.00426737416191244
31.275,-0.0018745674398371,0.00241153080035565,0.000297164152416586
31.28,-0.00925985049608961,0.00897158970786337,-0.00361238129673273
31.285,-0.0146884764008678,0.0136767602342506,-0.00672979713658198
31.29,-0.0172059305936789,0.0157103716070058,-0.00848147597538512
31.295,-0.016420545345605,0.014742341464824,-0.00859553812834799
31.3,-0.0125751334872983,0.0110363562940553,-0.00709438906576966
31.305,-0.00648820588177858,0.00537408123162364,-0.00431597654358611
31.31,0.000625667584090408,-0.0011575149828817,-0.000834471120085577
31.315,0.00740811658785189,-0.00730838869639435,0.00267583131111509
31.32,0.012585132853387,-0.0119367879966625,0.00554594589998565
31.325,0.0152385106190982,-0.0142291865643795,0.00726788643046006
31.33,0.0149541831677903,-0.0138156986461336,0.00755092801232629
31.335,0.0118653252299851,-0.0108409132291049,0.00640386028893803
31.34,0.00665395975300693,-0.00592322480202976,0.00410476510096583
31.345,0.000364518377173768,-2.08004903889732e-05,0.00112490822682657
31.35,-0.00579569061086251,0.00575270677655824,-0.00193353453136731
31.355,-0.0106751298734673,0.0103227341033395,-0.0044922603535173
31.36,-0.0133948682355798,0.012878070784109,-0.00608583732992193
31.365,-0.0135187726474927,0.0129879482097126,-0.0064551591195772
31.37,-0.0110999657420078,0.010687636949087,-0.00558514441814485
31.375,-0.00667832620031389,0.00645573437420211,-0.00368631578809613
31.38,-0.00113498804219706,0.00111718801891588,-0.00118672263732324
31.385,0.00445570215448994,-0.00432271630466418,0.00142573365657731
31.39,0.00904403409168855,-0.00885292727846913,0.00363952366014643
31.395,0.0117986132807308,-0.0116609106171736,0.00504834431630564
31.4,0.0122556373534893,-0.0122658729793832,0.00542993290851225
31.405,0.0103960927922503,-0.0105959007223703,0.00474861934996227
31.41,0.00663150682478958,-0.00700624407193096,0.00319096356803343
31.415,0.00171577912475917,-0.00218749143391641,0.00109035916217244
31.42,-0.0033987792486591,0.00295466893059176,-0.00111916786322885
31.425,-0.00774193407968346,0.00747037856292673,-0.00301792925149787
31.43,-0.0105199623605331,0.0105389728921028,-0.00425127478056713
31.435,-0.0112563365014106,0.0116276229106843,-0.00460172528603918
31.44,-0.0098496155663139,0.0105538673005674,-0.00405636840936775
31.445,-0.00661391207537766,0.00755891196559977,-0.00273601403922324
31.45,-0.00220182963343979,0.00321777782688288,-0.000929831987392283
31.455,0.00254776819020517,-0.00166309856663254,0.000981388957772438
31.46,0.00673185997455962,-0.00617068740185717,0.00264444791565149
31.465,0.0095713897774024,-0.00948460941466757,0.00373668552745647
31.47,0.0105654094275608,-0.0110242902428674,0.00406523074259336
31.475,0.00954879783583053,-0.0105196816128768,0.00358827523185171
31.48,0.00673329921911832,-0.00808733261078407,0.0024292077473467
31.485,0.00268176866227532,-0.00420976835228307,0.000817959993607732
31.49,-0.00183993242219577,0.000400842028573848,-0.000926957674051315
31.495,-0.00597192781745267,0.004888425368845,-0.00245006719022444
31.5,-0.00893471236048742,0.00843314886427474,-0.00348488216062953
31.505,-0.0101852111314605,0.0103943392558174,-0.0038315487925401
31.51,-0.00949605566292117,0.0104324078971672,-0.00342594421250156
31.515,-0.00701659231632381,0.00855875522126807,-0.00236018011781577
31.52,-0.00321627138886981,0.00513328721733158,-0.000837281255218969
31.525,0.001177128429023,0.00079591618562154,0.000851707968584412
31.53,0.00533306188283941,-0.00364075777725984,0.00238343796993466
31.535,0.0084738246596011,-0.00737605976742489,0.0034649205362498
31.54,0.0100135292688783,-0.00972366077341215,0.00388728812082076
31.545,0.00965773209264397,-0.0102593930652221,0.00356822158840715
31.55,0.00747941929725238,-0.00891086154255981,0.0025553027696284
31.555,0.00388487307016954,-0.00594281473514994,0.00103987949280721
31.56,-0.000451567218846487,-0.00190520633599792,-0.000701957176361887
31.565,-0.00471296147354525,0.00243978854732333,-0.00233788455825981
31.57,-0.00809581752020135,0.00629426565008226,-0.00355848435186901
31.575,-0.00995948069717961,0.00895913228467265,-0.00412748169279073
31.58,-0.00995312224208723,0.00994994719674427,-0.0039206159412037
31.585,-0.00806443393328561,0.00909769620707496,-0.00296449974961552
31.59,-0.00465529495503919,0.00658704574848257,-0.00142484157383479
31.595,-0.000364154151605072,0.00288415920063733,0.000427009731835709
31.6,0.00401114348302916,-0.00131547431835372,0.00223962471577276
31.605,0.00764063540707797,-0.00523230831004309,0.00367411974404938
31.61,0.00983886236674021,-0.00814110874035581,0.00445007249603641
31.615,0.0102041704397889,-0.00951945730603513,0.0044004055123758
31.62,0.0086605867425428,-0.00912003772597139,0.00351815788173087
31.625,0.00549781132919805,-0.00703383847051994,0.00194486180249623
31.63,0.00130981554069463,-0.00367176938514864,-2.81279835290039e-05
31.635,-0.00312432884955681,0.000336877178743752,-0.00204313948902992
31.64,-0.00697495115614808,0.00423445215957941,-0.00371254349097333
31.645,-0.00951820586567401,0.0073014558658923,-0.00470984883584155
31.65,-0.0102936040563728,0.00896882536739258,-0.00484207583401065
31.655,-0.00916318973512341,0.00894319568038748,-0.00405956139154052
31.66,-0.00632994955610056,0.00725710914542141,-0.00249570369185162
31.665,-0.00234116385660015,0.00423325412778499,-0.000439667030680685
31.67,0.00205449477047606,0.000453932870116846,0.00172843309753552
31.675,0.00604357174649481,-0.00335908266273304,0.00359873075564892
31.68,0.00888684163039046,-0.00649154904315491,0.00481672750133562
31.685,0.010067731650605,-0.00837202963875728,0.00512916450298784
31.69,0.00939516433820516,-0.00864098482313215,0.00448500490044102
31.695,0.0070073273832757,-0.00728199081644291,0.00299008914191527
31.7,0.00337211028620426,-0.00456958545084743,0.00091480128645572
31.705,-0.000824116191682221,-0.00102282653357999,-0.00132714602330074
31.71,-0.00480778652034164,0.00266480931176241,-0.00332592040761569
31.715,-0.00785388770379066,0.00579025764385366,-0.00468958996868243
31.72,-0.00942537249569563,0.00777390938461877,-0.0051610494640131
31.725,-0.00927006134410779,0.00824174515897231,-0.0046541656580366
31.73,-0.00744836374114177,0.00712548389432206,-0.00327286641064609
31.735,-0.00432346636051469,0.004665230714772,-0.001291751032947
31.74,-0.000494473541202251,0.0013464468919631,0.000911020858797668
31.745,0.003332267252713,-0.0021812653648681,0.00289696021699612
31.75,0.00646310378491798,-0.00523864656517324,0.0043024152078487
31.755,0.0083658253961524,-0.00723788451337231,0.00486631004037721
31.76,0.00872629842311362,-0.00780628819666178,0.00449404882642005
31.765,0.00752931697212931,-0.00685894707524275,0.00329375871213665
31.77,0.00504312123653503,-0.00459726675698546,0.00150012735855478
31.775,0.00175256263106078,-0.00146962043116323,-0.000515041018533367
31.78,-0.00173543198231995,0.00189065722861081,-0.00235839832585577
31.785,-0.00479267461032882,0.00483461438740372,-0.00368987900819374
31.79,-0.00690562714799524,0.00679491410099363,-0.00426781058816048
31.795,-0.00774513914184758,0.00738869712757237,-0.00401370453381246
31.8,-0.00720906063927806,0.00652441300348758,-0.00301130317058944
31.805,-0.00545660550032658,0.00439290693151467,-0.0014926419836731
31.81,-0.00284417922962558,0.00142658009040494,0.000229239501448528
31.815,0.000145712922293739,-0.00178121888946783,0.00180270418895332
31.82,0.00298354782503703,-0.00458594398247349,0.00293360406148261
31.825,0.00518200420941291,-0.00644508718925439,0.00343550368705933
31.83,0.00640897534467053,-0.00700753721140319,0.00324255451569422
31.835,0.00650407216610551,-0.00617030212334331,0.00244583293402538
31.84,0.0054951466517979,-0.00412770933006405,0.00124844029600522
31.845,0.00362647037396986,-0.00130102895135596,-9.10517253157229e-05
31.85,0.00124415413921166,0.00174587565695718,-0.00129031984188061
31.855,-0.00122942683670143,0.00440201412727921,-0.00212731076597389
31.86,-0.00336748013728157,0.0061418246623384,-0.00246906395954887
31.865,-0.004849554725453,0.00663774118915321,-0.00229363245891188
31.87,-0.00546344968440558,0.00580992123212943,-0.00168217333225068
31.875,-0.00515304036161911,0.00383849404893956,-0.000810166776357609
31.88,-0.0040268615864857,0.00113544132144823,0.000110062563049748
31.885,-0.00231059153010352,-0.00174600765648331,0.000892015226765658
31.89,-0.000309504189656805,-0.00423297786658992,0.00137834601163257
31.895,0.00163690577705424,-0.00584112087332659,0.00149776260847423
31.9,0.00322370300823041,-0.00626170102883657,0.00128341770791949
31.905,0.00421360329878139,-0.00543031757737814,0.000821268554376818
31.91,0.00448587491002652,-0.00354950272781318,0.000250319472102112
31.915,0.00402861748114169,-0.00100238102308136,-0.000269953537245121
31.92,0.00295333900842166,0.00169434954911669,-0.000622739190332902
31.925,0.00146922672642561,0.00399027275757631,-0.000746550196215366
31.93,-0.000179263145404879,0.0054497300192335,-0.000633559209088579
31.935,-0.0017177018965402,0.00580678953231314,-0.000343032897029442
31.94,-0.00290711555535749,0.00500456771896387,9.30761730404752e-06
31.945,-0.00357941067583612,0.0032415429211913,0.000323358134652676
